dataset,count_dx,tool,cell_count,tool_cell_count
https://api.cellxgene.cziscience.com/dp/v1/collections/625f6bf4-2f33-4942-962e-35243d284837#D122$lung,,azimuth,3935,3935
https://api.cellxgene.cziscience.com/dp/v1/collections/625f6bf4-2f33-4942-962e-35243d284837#D122$lung,,celltypist,3935,3935
https://api.cellxgene.cziscience.com/dp/v1/collections/625f6bf4-2f33-4942-962e-35243d284837#D122$lung,,pan-human-azimuth,3935,3609
https://api.cellxgene.cziscience.com/dp/v1/collections/625f6bf4-2f33-4942-962e-35243d284837#D122$lung,,popv,3935,3935
https://api.cellxgene.cziscience.com/dp/v1/collections/625f6bf4-2f33-4942-962e-35243d284837#D175$lung,,azimuth,1778,1778
https://api.cellxgene.cziscience.com/dp/v1/collections/625f6bf4-2f33-4942-962e-35243d284837#D175$lung,,celltypist,1778,1778
https://api.cellxgene.cziscience.com/dp/v1/collections/625f6bf4-2f33-4942-962e-35243d284837#D175$lung,,frmatch,1778,1775
https://api.cellxgene.cziscience.com/dp/v1/collections/625f6bf4-2f33-4942-962e-35243d284837#D175$lung,,pan-human-azimuth,1778,1560
https://api.cellxgene.cziscience.com/dp/v1/collections/625f6bf4-2f33-4942-962e-35243d284837#D175$lung,,popv,1778,1778
https://api.cellxgene.cziscience.com/dp/v1/collections/625f6bf4-2f33-4942-962e-35243d284837#D231$lung,,azimuth,4680,4680
https://api.cellxgene.cziscience.com/dp/v1/collections/625f6bf4-2f33-4942-962e-35243d284837#D231$lung,,celltypist,4680,4680
https://api.cellxgene.cziscience.com/dp/v1/collections/625f6bf4-2f33-4942-962e-35243d284837#D231$lung,,frmatch,4680,4587
https://api.cellxgene.cziscience.com/dp/v1/collections/625f6bf4-2f33-4942-962e-35243d284837#D231$lung,,pan-human-azimuth,4680,4299
https://api.cellxgene.cziscience.com/dp/v1/collections/625f6bf4-2f33-4942-962e-35243d284837#D231$lung,,popv,4680,4680
https://api.cellxgene.cziscience.com/dp/v1/collections/b52eb423-5d0d-4645-b217-e1c6d38b2e72#D1$apex%20of%20heart,,azimuth,3220,3220
https://api.cellxgene.cziscience.com/dp/v1/collections/b52eb423-5d0d-4645-b217-e1c6d38b2e72#D1$apex%20of%20heart,,celltypist,3220,3220
https://api.cellxgene.cziscience.com/dp/v1/collections/b52eb423-5d0d-4645-b217-e1c6d38b2e72#D1$apex%20of%20heart,,pan-human-azimuth,3220,3104
https://api.cellxgene.cziscience.com/dp/v1/collections/b52eb423-5d0d-4645-b217-e1c6d38b2e72#D1$heart%20left%20ventricle,,azimuth,7690,7690
https://api.cellxgene.cziscience.com/dp/v1/collections/b52eb423-5d0d-4645-b217-e1c6d38b2e72#D1$heart%20left%20ventricle,,celltypist,7690,7690
https://api.cellxgene.cziscience.com/dp/v1/collections/b52eb423-5d0d-4645-b217-e1c6d38b2e72#D1$heart%20left%20ventricle,,pan-human-azimuth,7690,7603
https://api.cellxgene.cziscience.com/dp/v1/collections/b52eb423-5d0d-4645-b217-e1c6d38b2e72#D1$heart%20right%20ventricle,,azimuth,3420,3420
https://api.cellxgene.cziscience.com/dp/v1/collections/b52eb423-5d0d-4645-b217-e1c6d38b2e72#D1$heart%20right%20ventricle,,celltypist,3420,3420
https://api.cellxgene.cziscience.com/dp/v1/collections/b52eb423-5d0d-4645-b217-e1c6d38b2e72#D1$heart%20right%20ventricle,,pan-human-azimuth,3420,3325
https://api.cellxgene.cziscience.com/dp/v1/collections/b52eb423-5d0d-4645-b217-e1c6d38b2e72#D1$left%20cardiac%20atrium,,azimuth,1067,1067
https://api.cellxgene.cziscience.com/dp/v1/collections/b52eb423-5d0d-4645-b217-e1c6d38b2e72#D1$left%20cardiac%20atrium,,celltypist,1067,1067
https://api.cellxgene.cziscience.com/dp/v1/collections/b52eb423-5d0d-4645-b217-e1c6d38b2e72#D1$left%20cardiac%20atrium,,pan-human-azimuth,1067,999
https://api.cellxgene.cziscience.com/dp/v1/collections/b52eb423-5d0d-4645-b217-e1c6d38b2e72#D11$apex%20of%20heart,,azimuth,18529,18529
https://api.cellxgene.cziscience.com/dp/v1/collections/b52eb423-5d0d-4645-b217-e1c6d38b2e72#D11$apex%20of%20heart,,celltypist,18529,18529
https://api.cellxgene.cziscience.com/dp/v1/collections/b52eb423-5d0d-4645-b217-e1c6d38b2e72#D11$apex%20of%20heart,,pan-human-azimuth,18529,17680
https://api.cellxgene.cziscience.com/dp/v1/collections/b52eb423-5d0d-4645-b217-e1c6d38b2e72#D11$heart%20left%20ventricle,,azimuth,3444,3444
https://api.cellxgene.cziscience.com/dp/v1/collections/b52eb423-5d0d-4645-b217-e1c6d38b2e72#D11$heart%20left%20ventricle,,celltypist,3444,3444
https://api.cellxgene.cziscience.com/dp/v1/collections/b52eb423-5d0d-4645-b217-e1c6d38b2e72#D11$heart%20left%20ventricle,,pan-human-azimuth,3444,3310
https://api.cellxgene.cziscience.com/dp/v1/collections/b52eb423-5d0d-4645-b217-e1c6d38b2e72#D11$heart%20right%20ventricle,,azimuth,7437,7437
https://api.cellxgene.cziscience.com/dp/v1/collections/b52eb423-5d0d-4645-b217-e1c6d38b2e72#D11$heart%20right%20ventricle,,celltypist,7437,7437
https://api.cellxgene.cziscience.com/dp/v1/collections/b52eb423-5d0d-4645-b217-e1c6d38b2e72#D11$heart%20right%20ventricle,,pan-human-azimuth,7437,7142
https://api.cellxgene.cziscience.com/dp/v1/collections/b52eb423-5d0d-4645-b217-e1c6d38b2e72#D11$interventricular%20septum,,azimuth,15458,15458
https://api.cellxgene.cziscience.com/dp/v1/collections/b52eb423-5d0d-4645-b217-e1c6d38b2e72#D11$interventricular%20septum,,celltypist,15458,15458
https://api.cellxgene.cziscience.com/dp/v1/collections/b52eb423-5d0d-4645-b217-e1c6d38b2e72#D11$interventricular%20septum,,pan-human-azimuth,15458,14606
https://api.cellxgene.cziscience.com/dp/v1/collections/b52eb423-5d0d-4645-b217-e1c6d38b2e72#D11$left%20cardiac%20atrium,,azimuth,3569,3569
https://api.cellxgene.cziscience.com/dp/v1/collections/b52eb423-5d0d-4645-b217-e1c6d38b2e72#D11$left%20cardiac%20atrium,,celltypist,3569,3569
https://api.cellxgene.cziscience.com/dp/v1/collections/b52eb423-5d0d-4645-b217-e1c6d38b2e72#D11$left%20cardiac%20atrium,,pan-human-azimuth,3569,3355
https://api.cellxgene.cziscience.com/dp/v1/collections/b52eb423-5d0d-4645-b217-e1c6d38b2e72#D11$right%20cardiac%20atrium,,azimuth,493,493
https://api.cellxgene.cziscience.com/dp/v1/collections/b52eb423-5d0d-4645-b217-e1c6d38b2e72#D11$right%20cardiac%20atrium,,celltypist,493,493
https://api.cellxgene.cziscience.com/dp/v1/collections/b52eb423-5d0d-4645-b217-e1c6d38b2e72#D11$right%20cardiac%20atrium,,pan-human-azimuth,493,457
https://api.cellxgene.cziscience.com/dp/v1/collections/b52eb423-5d0d-4645-b217-e1c6d38b2e72#D2$apex%20of%20heart,,azimuth,8909,8909
https://api.cellxgene.cziscience.com/dp/v1/collections/b52eb423-5d0d-4645-b217-e1c6d38b2e72#D2$apex%20of%20heart,,celltypist,8909,8909
https://api.cellxgene.cziscience.com/dp/v1/collections/b52eb423-5d0d-4645-b217-e1c6d38b2e72#D2$apex%20of%20heart,,pan-human-azimuth,8909,8694
https://api.cellxgene.cziscience.com/dp/v1/collections/b52eb423-5d0d-4645-b217-e1c6d38b2e72#D2$heart%20left%20ventricle,,azimuth,7490,7490
https://api.cellxgene.cziscience.com/dp/v1/collections/b52eb423-5d0d-4645-b217-e1c6d38b2e72#D2$heart%20left%20ventricle,,celltypist,7490,7490
https://api.cellxgene.cziscience.com/dp/v1/collections/b52eb423-5d0d-4645-b217-e1c6d38b2e72#D2$heart%20left%20ventricle,,pan-human-azimuth,7490,7308
https://api.cellxgene.cziscience.com/dp/v1/collections/b52eb423-5d0d-4645-b217-e1c6d38b2e72#D2$heart%20right%20ventricle,,azimuth,6450,6450
https://api.cellxgene.cziscience.com/dp/v1/collections/b52eb423-5d0d-4645-b217-e1c6d38b2e72#D2$heart%20right%20ventricle,,celltypist,6450,6450
https://api.cellxgene.cziscience.com/dp/v1/collections/b52eb423-5d0d-4645-b217-e1c6d38b2e72#D2$heart%20right%20ventricle,,pan-human-azimuth,6450,6359
https://api.cellxgene.cziscience.com/dp/v1/collections/b52eb423-5d0d-4645-b217-e1c6d38b2e72#D2$interventricular%20septum,,azimuth,7081,7081
https://api.cellxgene.cziscience.com/dp/v1/collections/b52eb423-5d0d-4645-b217-e1c6d38b2e72#D2$interventricular%20septum,,celltypist,7081,7081
https://api.cellxgene.cziscience.com/dp/v1/collections/b52eb423-5d0d-4645-b217-e1c6d38b2e72#D2$interventricular%20septum,,pan-human-azimuth,7081,6996
https://api.cellxgene.cziscience.com/dp/v1/collections/b52eb423-5d0d-4645-b217-e1c6d38b2e72#D2$left%20cardiac%20atrium,,azimuth,8501,8501
https://api.cellxgene.cziscience.com/dp/v1/collections/b52eb423-5d0d-4645-b217-e1c6d38b2e72#D2$left%20cardiac%20atrium,,celltypist,8501,8501
https://api.cellxgene.cziscience.com/dp/v1/collections/b52eb423-5d0d-4645-b217-e1c6d38b2e72#D2$left%20cardiac%20atrium,,pan-human-azimuth,8501,8251
https://api.cellxgene.cziscience.com/dp/v1/collections/b52eb423-5d0d-4645-b217-e1c6d38b2e72#D2$right%20cardiac%20atrium,,azimuth,4712,4712
https://api.cellxgene.cziscience.com/dp/v1/collections/b52eb423-5d0d-4645-b217-e1c6d38b2e72#D2$right%20cardiac%20atrium,,celltypist,4712,4712
https://api.cellxgene.cziscience.com/dp/v1/collections/b52eb423-5d0d-4645-b217-e1c6d38b2e72#D2$right%20cardiac%20atrium,,pan-human-azimuth,4712,4538
https://api.cellxgene.cziscience.com/dp/v1/collections/b52eb423-5d0d-4645-b217-e1c6d38b2e72#D3$apex%20of%20heart,,azimuth,5031,5031
https://api.cellxgene.cziscience.com/dp/v1/collections/b52eb423-5d0d-4645-b217-e1c6d38b2e72#D3$apex%20of%20heart,,celltypist,5031,5031
https://api.cellxgene.cziscience.com/dp/v1/collections/b52eb423-5d0d-4645-b217-e1c6d38b2e72#D3$apex%20of%20heart,,pan-human-azimuth,5031,4795
https://api.cellxgene.cziscience.com/dp/v1/collections/b52eb423-5d0d-4645-b217-e1c6d38b2e72#D3$heart%20left%20ventricle,,azimuth,7605,7605
https://api.cellxgene.cziscience.com/dp/v1/collections/b52eb423-5d0d-4645-b217-e1c6d38b2e72#D3$heart%20left%20ventricle,,celltypist,7605,7605
https://api.cellxgene.cziscience.com/dp/v1/collections/b52eb423-5d0d-4645-b217-e1c6d38b2e72#D3$heart%20left%20ventricle,,pan-human-azimuth,7605,6806
https://api.cellxgene.cziscience.com/dp/v1/collections/b52eb423-5d0d-4645-b217-e1c6d38b2e72#D3$heart%20right%20ventricle,,azimuth,1970,1970
https://api.cellxgene.cziscience.com/dp/v1/collections/b52eb423-5d0d-4645-b217-e1c6d38b2e72#D3$heart%20right%20ventricle,,celltypist,1970,1970
https://api.cellxgene.cziscience.com/dp/v1/collections/b52eb423-5d0d-4645-b217-e1c6d38b2e72#D3$heart%20right%20ventricle,,pan-human-azimuth,1970,1862
https://api.cellxgene.cziscience.com/dp/v1/collections/b52eb423-5d0d-4645-b217-e1c6d38b2e72#D3$interventricular%20septum,,azimuth,2475,2475
https://api.cellxgene.cziscience.com/dp/v1/collections/b52eb423-5d0d-4645-b217-e1c6d38b2e72#D3$interventricular%20septum,,celltypist,2475,2475
https://api.cellxgene.cziscience.com/dp/v1/collections/b52eb423-5d0d-4645-b217-e1c6d38b2e72#D3$interventricular%20septum,,pan-human-azimuth,2475,2294
https://api.cellxgene.cziscience.com/dp/v1/collections/b52eb423-5d0d-4645-b217-e1c6d38b2e72#D3$left%20cardiac%20atrium,,azimuth,3503,3503
https://api.cellxgene.cziscience.com/dp/v1/collections/b52eb423-5d0d-4645-b217-e1c6d38b2e72#D3$left%20cardiac%20atrium,,celltypist,3503,3503
https://api.cellxgene.cziscience.com/dp/v1/collections/b52eb423-5d0d-4645-b217-e1c6d38b2e72#D3$left%20cardiac%20atrium,,pan-human-azimuth,3503,3262
https://api.cellxgene.cziscience.com/dp/v1/collections/b52eb423-5d0d-4645-b217-e1c6d38b2e72#D3$right%20cardiac%20atrium,,azimuth,6438,6438
https://api.cellxgene.cziscience.com/dp/v1/collections/b52eb423-5d0d-4645-b217-e1c6d38b2e72#D3$right%20cardiac%20atrium,,celltypist,6438,6438
https://api.cellxgene.cziscience.com/dp/v1/collections/b52eb423-5d0d-4645-b217-e1c6d38b2e72#D3$right%20cardiac%20atrium,,pan-human-azimuth,6438,6020
https://api.cellxgene.cziscience.com/dp/v1/collections/b52eb423-5d0d-4645-b217-e1c6d38b2e72#D4$apex%20of%20heart,,azimuth,5354,5354
https://api.cellxgene.cziscience.com/dp/v1/collections/b52eb423-5d0d-4645-b217-e1c6d38b2e72#D4$apex%20of%20heart,,celltypist,5354,5354
https://api.cellxgene.cziscience.com/dp/v1/collections/b52eb423-5d0d-4645-b217-e1c6d38b2e72#D4$apex%20of%20heart,,pan-human-azimuth,5354,5142
https://api.cellxgene.cziscience.com/dp/v1/collections/b52eb423-5d0d-4645-b217-e1c6d38b2e72#D4$heart%20left%20ventricle,,azimuth,4331,4331
https://api.cellxgene.cziscience.com/dp/v1/collections/b52eb423-5d0d-4645-b217-e1c6d38b2e72#D4$heart%20left%20ventricle,,celltypist,4331,4331
https://api.cellxgene.cziscience.com/dp/v1/collections/b52eb423-5d0d-4645-b217-e1c6d38b2e72#D4$heart%20left%20ventricle,,pan-human-azimuth,4331,4206
https://api.cellxgene.cziscience.com/dp/v1/collections/b52eb423-5d0d-4645-b217-e1c6d38b2e72#D4$heart%20right%20ventricle,,azimuth,5493,5493
https://api.cellxgene.cziscience.com/dp/v1/collections/b52eb423-5d0d-4645-b217-e1c6d38b2e72#D4$heart%20right%20ventricle,,celltypist,5493,5493
https://api.cellxgene.cziscience.com/dp/v1/collections/b52eb423-5d0d-4645-b217-e1c6d38b2e72#D4$heart%20right%20ventricle,,pan-human-azimuth,5493,5170
https://api.cellxgene.cziscience.com/dp/v1/collections/b52eb423-5d0d-4645-b217-e1c6d38b2e72#D4$interventricular%20septum,,azimuth,4841,4841
https://api.cellxgene.cziscience.com/dp/v1/collections/b52eb423-5d0d-4645-b217-e1c6d38b2e72#D4$interventricular%20septum,,celltypist,4841,4841
https://api.cellxgene.cziscience.com/dp/v1/collections/b52eb423-5d0d-4645-b217-e1c6d38b2e72#D4$interventricular%20septum,,pan-human-azimuth,4841,4653
https://api.cellxgene.cziscience.com/dp/v1/collections/b52eb423-5d0d-4645-b217-e1c6d38b2e72#D4$left%20cardiac%20atrium,,azimuth,5116,5116
https://api.cellxgene.cziscience.com/dp/v1/collections/b52eb423-5d0d-4645-b217-e1c6d38b2e72#D4$left%20cardiac%20atrium,,celltypist,5116,5116
https://api.cellxgene.cziscience.com/dp/v1/collections/b52eb423-5d0d-4645-b217-e1c6d38b2e72#D4$left%20cardiac%20atrium,,pan-human-azimuth,5116,4853
https://api.cellxgene.cziscience.com/dp/v1/collections/b52eb423-5d0d-4645-b217-e1c6d38b2e72#D4$right%20cardiac%20atrium,,azimuth,3763,3763
https://api.cellxgene.cziscience.com/dp/v1/collections/b52eb423-5d0d-4645-b217-e1c6d38b2e72#D4$right%20cardiac%20atrium,,celltypist,3763,3763
https://api.cellxgene.cziscience.com/dp/v1/collections/b52eb423-5d0d-4645-b217-e1c6d38b2e72#D4$right%20cardiac%20atrium,,pan-human-azimuth,3763,3469
https://api.cellxgene.cziscience.com/dp/v1/collections/b52eb423-5d0d-4645-b217-e1c6d38b2e72#D5$apex%20of%20heart,,azimuth,4371,4371
https://api.cellxgene.cziscience.com/dp/v1/collections/b52eb423-5d0d-4645-b217-e1c6d38b2e72#D5$apex%20of%20heart,,celltypist,4371,4371
https://api.cellxgene.cziscience.com/dp/v1/collections/b52eb423-5d0d-4645-b217-e1c6d38b2e72#D5$apex%20of%20heart,,pan-human-azimuth,4371,4188
https://api.cellxgene.cziscience.com/dp/v1/collections/b52eb423-5d0d-4645-b217-e1c6d38b2e72#D5$heart%20left%20ventricle,,azimuth,6415,6415
https://api.cellxgene.cziscience.com/dp/v1/collections/b52eb423-5d0d-4645-b217-e1c6d38b2e72#D5$heart%20left%20ventricle,,celltypist,6415,6415
https://api.cellxgene.cziscience.com/dp/v1/collections/b52eb423-5d0d-4645-b217-e1c6d38b2e72#D5$heart%20left%20ventricle,,pan-human-azimuth,6415,6218
https://api.cellxgene.cziscience.com/dp/v1/collections/b52eb423-5d0d-4645-b217-e1c6d38b2e72#D5$heart%20right%20ventricle,,azimuth,4259,4259
https://api.cellxgene.cziscience.com/dp/v1/collections/b52eb423-5d0d-4645-b217-e1c6d38b2e72#D5$heart%20right%20ventricle,,celltypist,4259,4259
https://api.cellxgene.cziscience.com/dp/v1/collections/b52eb423-5d0d-4645-b217-e1c6d38b2e72#D5$heart%20right%20ventricle,,pan-human-azimuth,4259,4210
https://api.cellxgene.cziscience.com/dp/v1/collections/b52eb423-5d0d-4645-b217-e1c6d38b2e72#D5$interventricular%20septum,,azimuth,3548,3548
https://api.cellxgene.cziscience.com/dp/v1/collections/b52eb423-5d0d-4645-b217-e1c6d38b2e72#D5$interventricular%20septum,,celltypist,3548,3548
https://api.cellxgene.cziscience.com/dp/v1/collections/b52eb423-5d0d-4645-b217-e1c6d38b2e72#D5$interventricular%20septum,,pan-human-azimuth,3548,3313
https://api.cellxgene.cziscience.com/dp/v1/collections/b52eb423-5d0d-4645-b217-e1c6d38b2e72#D5$left%20cardiac%20atrium,,azimuth,5052,5052
https://api.cellxgene.cziscience.com/dp/v1/collections/b52eb423-5d0d-4645-b217-e1c6d38b2e72#D5$left%20cardiac%20atrium,,celltypist,5052,5052
https://api.cellxgene.cziscience.com/dp/v1/collections/b52eb423-5d0d-4645-b217-e1c6d38b2e72#D5$left%20cardiac%20atrium,,pan-human-azimuth,5052,4756
https://api.cellxgene.cziscience.com/dp/v1/collections/b52eb423-5d0d-4645-b217-e1c6d38b2e72#D5$right%20cardiac%20atrium,,azimuth,5154,5154
https://api.cellxgene.cziscience.com/dp/v1/collections/b52eb423-5d0d-4645-b217-e1c6d38b2e72#D5$right%20cardiac%20atrium,,celltypist,5154,5154
https://api.cellxgene.cziscience.com/dp/v1/collections/b52eb423-5d0d-4645-b217-e1c6d38b2e72#D5$right%20cardiac%20atrium,,pan-human-azimuth,5154,4671
https://api.cellxgene.cziscience.com/dp/v1/collections/b52eb423-5d0d-4645-b217-e1c6d38b2e72#D6$apex%20of%20heart,,azimuth,19610,19610
https://api.cellxgene.cziscience.com/dp/v1/collections/b52eb423-5d0d-4645-b217-e1c6d38b2e72#D6$apex%20of%20heart,,celltypist,19610,19610
https://api.cellxgene.cziscience.com/dp/v1/collections/b52eb423-5d0d-4645-b217-e1c6d38b2e72#D6$apex%20of%20heart,,pan-human-azimuth,19610,18910
https://api.cellxgene.cziscience.com/dp/v1/collections/b52eb423-5d0d-4645-b217-e1c6d38b2e72#D6$heart%20left%20ventricle,,azimuth,12491,12491
https://api.cellxgene.cziscience.com/dp/v1/collections/b52eb423-5d0d-4645-b217-e1c6d38b2e72#D6$heart%20left%20ventricle,,celltypist,12491,12491
https://api.cellxgene.cziscience.com/dp/v1/collections/b52eb423-5d0d-4645-b217-e1c6d38b2e72#D6$heart%20left%20ventricle,,pan-human-azimuth,12491,12021
https://api.cellxgene.cziscience.com/dp/v1/collections/b52eb423-5d0d-4645-b217-e1c6d38b2e72#D6$heart%20right%20ventricle,,azimuth,13192,13192
https://api.cellxgene.cziscience.com/dp/v1/collections/b52eb423-5d0d-4645-b217-e1c6d38b2e72#D6$heart%20right%20ventricle,,celltypist,13192,13192
https://api.cellxgene.cziscience.com/dp/v1/collections/b52eb423-5d0d-4645-b217-e1c6d38b2e72#D6$heart%20right%20ventricle,,pan-human-azimuth,13192,12659
https://api.cellxgene.cziscience.com/dp/v1/collections/b52eb423-5d0d-4645-b217-e1c6d38b2e72#D6$interventricular%20septum,,azimuth,12147,12147
https://api.cellxgene.cziscience.com/dp/v1/collections/b52eb423-5d0d-4645-b217-e1c6d38b2e72#D6$interventricular%20septum,,celltypist,12147,12147
https://api.cellxgene.cziscience.com/dp/v1/collections/b52eb423-5d0d-4645-b217-e1c6d38b2e72#D6$interventricular%20septum,,pan-human-azimuth,12147,11515
https://api.cellxgene.cziscience.com/dp/v1/collections/b52eb423-5d0d-4645-b217-e1c6d38b2e72#D6$left%20cardiac%20atrium,,azimuth,17611,17611
https://api.cellxgene.cziscience.com/dp/v1/collections/b52eb423-5d0d-4645-b217-e1c6d38b2e72#D6$left%20cardiac%20atrium,,celltypist,17611,17611
https://api.cellxgene.cziscience.com/dp/v1/collections/b52eb423-5d0d-4645-b217-e1c6d38b2e72#D6$left%20cardiac%20atrium,,pan-human-azimuth,17611,16453
https://api.cellxgene.cziscience.com/dp/v1/collections/b52eb423-5d0d-4645-b217-e1c6d38b2e72#D6$right%20cardiac%20atrium,,azimuth,4599,4599
https://api.cellxgene.cziscience.com/dp/v1/collections/b52eb423-5d0d-4645-b217-e1c6d38b2e72#D6$right%20cardiac%20atrium,,celltypist,4599,4599
https://api.cellxgene.cziscience.com/dp/v1/collections/b52eb423-5d0d-4645-b217-e1c6d38b2e72#D6$right%20cardiac%20atrium,,pan-human-azimuth,4599,4302
https://api.cellxgene.cziscience.com/dp/v1/collections/b52eb423-5d0d-4645-b217-e1c6d38b2e72#D7$apex%20of%20heart,,azimuth,7074,7074
https://api.cellxgene.cziscience.com/dp/v1/collections/b52eb423-5d0d-4645-b217-e1c6d38b2e72#D7$apex%20of%20heart,,celltypist,7074,7074
https://api.cellxgene.cziscience.com/dp/v1/collections/b52eb423-5d0d-4645-b217-e1c6d38b2e72#D7$apex%20of%20heart,,pan-human-azimuth,7074,6458
https://api.cellxgene.cziscience.com/dp/v1/collections/b52eb423-5d0d-4645-b217-e1c6d38b2e72#D7$heart%20left%20ventricle,,azimuth,4542,4542
https://api.cellxgene.cziscience.com/dp/v1/collections/b52eb423-5d0d-4645-b217-e1c6d38b2e72#D7$heart%20left%20ventricle,,celltypist,4542,4542
https://api.cellxgene.cziscience.com/dp/v1/collections/b52eb423-5d0d-4645-b217-e1c6d38b2e72#D7$heart%20left%20ventricle,,pan-human-azimuth,4542,4300
https://api.cellxgene.cziscience.com/dp/v1/collections/b52eb423-5d0d-4645-b217-e1c6d38b2e72#D7$heart%20right%20ventricle,,azimuth,8427,8427
https://api.cellxgene.cziscience.com/dp/v1/collections/b52eb423-5d0d-4645-b217-e1c6d38b2e72#D7$heart%20right%20ventricle,,celltypist,8427,8427
https://api.cellxgene.cziscience.com/dp/v1/collections/b52eb423-5d0d-4645-b217-e1c6d38b2e72#D7$heart%20right%20ventricle,,pan-human-azimuth,8427,7887
https://api.cellxgene.cziscience.com/dp/v1/collections/b52eb423-5d0d-4645-b217-e1c6d38b2e72#D7$interventricular%20septum,,azimuth,5582,5582
https://api.cellxgene.cziscience.com/dp/v1/collections/b52eb423-5d0d-4645-b217-e1c6d38b2e72#D7$interventricular%20septum,,celltypist,5582,5582
https://api.cellxgene.cziscience.com/dp/v1/collections/b52eb423-5d0d-4645-b217-e1c6d38b2e72#D7$interventricular%20septum,,pan-human-azimuth,5582,5173
https://api.cellxgene.cziscience.com/dp/v1/collections/b52eb423-5d0d-4645-b217-e1c6d38b2e72#D7$left%20cardiac%20atrium,,azimuth,5399,5399
https://api.cellxgene.cziscience.com/dp/v1/collections/b52eb423-5d0d-4645-b217-e1c6d38b2e72#D7$left%20cardiac%20atrium,,celltypist,5399,5399
https://api.cellxgene.cziscience.com/dp/v1/collections/b52eb423-5d0d-4645-b217-e1c6d38b2e72#D7$left%20cardiac%20atrium,,pan-human-azimuth,5399,5044
https://api.cellxgene.cziscience.com/dp/v1/collections/b52eb423-5d0d-4645-b217-e1c6d38b2e72#D7$right%20cardiac%20atrium,,azimuth,5110,5110
https://api.cellxgene.cziscience.com/dp/v1/collections/b52eb423-5d0d-4645-b217-e1c6d38b2e72#D7$right%20cardiac%20atrium,,celltypist,5110,5110
https://api.cellxgene.cziscience.com/dp/v1/collections/b52eb423-5d0d-4645-b217-e1c6d38b2e72#D7$right%20cardiac%20atrium,,pan-human-azimuth,5110,4652
https://api.cellxgene.cziscience.com/dp/v1/collections/b52eb423-5d0d-4645-b217-e1c6d38b2e72#H2$apex%20of%20heart,,azimuth,3261,3261
https://api.cellxgene.cziscience.com/dp/v1/collections/b52eb423-5d0d-4645-b217-e1c6d38b2e72#H2$apex%20of%20heart,,celltypist,3261,3261
https://api.cellxgene.cziscience.com/dp/v1/collections/b52eb423-5d0d-4645-b217-e1c6d38b2e72#H2$apex%20of%20heart,,pan-human-azimuth,3261,3180
https://api.cellxgene.cziscience.com/dp/v1/collections/b52eb423-5d0d-4645-b217-e1c6d38b2e72#H2$heart%20left%20ventricle,,azimuth,6636,6636
https://api.cellxgene.cziscience.com/dp/v1/collections/b52eb423-5d0d-4645-b217-e1c6d38b2e72#H2$heart%20left%20ventricle,,celltypist,6636,6636
https://api.cellxgene.cziscience.com/dp/v1/collections/b52eb423-5d0d-4645-b217-e1c6d38b2e72#H2$heart%20left%20ventricle,,pan-human-azimuth,6636,6409
https://api.cellxgene.cziscience.com/dp/v1/collections/b52eb423-5d0d-4645-b217-e1c6d38b2e72#H2$heart%20right%20ventricle,,azimuth,5578,5578
https://api.cellxgene.cziscience.com/dp/v1/collections/b52eb423-5d0d-4645-b217-e1c6d38b2e72#H2$heart%20right%20ventricle,,celltypist,5578,5578
https://api.cellxgene.cziscience.com/dp/v1/collections/b52eb423-5d0d-4645-b217-e1c6d38b2e72#H2$heart%20right%20ventricle,,pan-human-azimuth,5578,5455
https://api.cellxgene.cziscience.com/dp/v1/collections/b52eb423-5d0d-4645-b217-e1c6d38b2e72#H2$interventricular%20septum,,azimuth,2487,2487
https://api.cellxgene.cziscience.com/dp/v1/collections/b52eb423-5d0d-4645-b217-e1c6d38b2e72#H2$interventricular%20septum,,celltypist,2487,2487
https://api.cellxgene.cziscience.com/dp/v1/collections/b52eb423-5d0d-4645-b217-e1c6d38b2e72#H2$interventricular%20septum,,pan-human-azimuth,2487,2396
https://api.cellxgene.cziscience.com/dp/v1/collections/b52eb423-5d0d-4645-b217-e1c6d38b2e72#H2$left%20cardiac%20atrium,,azimuth,3143,3143
https://api.cellxgene.cziscience.com/dp/v1/collections/b52eb423-5d0d-4645-b217-e1c6d38b2e72#H2$left%20cardiac%20atrium,,celltypist,3143,3143
https://api.cellxgene.cziscience.com/dp/v1/collections/b52eb423-5d0d-4645-b217-e1c6d38b2e72#H2$left%20cardiac%20atrium,,pan-human-azimuth,3143,2944
https://api.cellxgene.cziscience.com/dp/v1/collections/b52eb423-5d0d-4645-b217-e1c6d38b2e72#H2$right%20cardiac%20atrium,,azimuth,1111,1111
https://api.cellxgene.cziscience.com/dp/v1/collections/b52eb423-5d0d-4645-b217-e1c6d38b2e72#H2$right%20cardiac%20atrium,,celltypist,1111,1111
https://api.cellxgene.cziscience.com/dp/v1/collections/b52eb423-5d0d-4645-b217-e1c6d38b2e72#H2$right%20cardiac%20atrium,,pan-human-azimuth,1111,1032
https://api.cellxgene.cziscience.com/dp/v1/collections/b52eb423-5d0d-4645-b217-e1c6d38b2e72#H3$apex%20of%20heart,,azimuth,2744,2744
https://api.cellxgene.cziscience.com/dp/v1/collections/b52eb423-5d0d-4645-b217-e1c6d38b2e72#H3$apex%20of%20heart,,celltypist,2744,2744
https://api.cellxgene.cziscience.com/dp/v1/collections/b52eb423-5d0d-4645-b217-e1c6d38b2e72#H3$apex%20of%20heart,,pan-human-azimuth,2744,2705
https://api.cellxgene.cziscience.com/dp/v1/collections/b52eb423-5d0d-4645-b217-e1c6d38b2e72#H3$heart%20left%20ventricle,,azimuth,10522,10522
https://api.cellxgene.cziscience.com/dp/v1/collections/b52eb423-5d0d-4645-b217-e1c6d38b2e72#H3$heart%20left%20ventricle,,celltypist,10522,10522
https://api.cellxgene.cziscience.com/dp/v1/collections/b52eb423-5d0d-4645-b217-e1c6d38b2e72#H3$heart%20left%20ventricle,,pan-human-azimuth,10522,10219
https://api.cellxgene.cziscience.com/dp/v1/collections/b52eb423-5d0d-4645-b217-e1c6d38b2e72#H3$heart%20right%20ventricle,,azimuth,5666,5666
https://api.cellxgene.cziscience.com/dp/v1/collections/b52eb423-5d0d-4645-b217-e1c6d38b2e72#H3$heart%20right%20ventricle,,celltypist,5666,5666
https://api.cellxgene.cziscience.com/dp/v1/collections/b52eb423-5d0d-4645-b217-e1c6d38b2e72#H3$heart%20right%20ventricle,,pan-human-azimuth,5666,5499
https://api.cellxgene.cziscience.com/dp/v1/collections/b52eb423-5d0d-4645-b217-e1c6d38b2e72#H3$interventricular%20septum,,azimuth,5526,5526
https://api.cellxgene.cziscience.com/dp/v1/collections/b52eb423-5d0d-4645-b217-e1c6d38b2e72#H3$interventricular%20septum,,celltypist,5526,5526
https://api.cellxgene.cziscience.com/dp/v1/collections/b52eb423-5d0d-4645-b217-e1c6d38b2e72#H3$interventricular%20septum,,pan-human-azimuth,5526,5483
https://api.cellxgene.cziscience.com/dp/v1/collections/b52eb423-5d0d-4645-b217-e1c6d38b2e72#H3$left%20cardiac%20atrium,,azimuth,5754,5754
https://api.cellxgene.cziscience.com/dp/v1/collections/b52eb423-5d0d-4645-b217-e1c6d38b2e72#H3$left%20cardiac%20atrium,,celltypist,5754,5754
https://api.cellxgene.cziscience.com/dp/v1/collections/b52eb423-5d0d-4645-b217-e1c6d38b2e72#H3$left%20cardiac%20atrium,,pan-human-azimuth,5754,5526
https://api.cellxgene.cziscience.com/dp/v1/collections/b52eb423-5d0d-4645-b217-e1c6d38b2e72#H3$right%20cardiac%20atrium,,azimuth,2246,2246
https://api.cellxgene.cziscience.com/dp/v1/collections/b52eb423-5d0d-4645-b217-e1c6d38b2e72#H3$right%20cardiac%20atrium,,celltypist,2246,2246
https://api.cellxgene.cziscience.com/dp/v1/collections/b52eb423-5d0d-4645-b217-e1c6d38b2e72#H3$right%20cardiac%20atrium,,pan-human-azimuth,2246,2146
https://api.cellxgene.cziscience.com/dp/v1/collections/b52eb423-5d0d-4645-b217-e1c6d38b2e72#H4$apex%20of%20heart,,azimuth,4185,4185
https://api.cellxgene.cziscience.com/dp/v1/collections/b52eb423-5d0d-4645-b217-e1c6d38b2e72#H4$apex%20of%20heart,,celltypist,4185,4185
https://api.cellxgene.cziscience.com/dp/v1/collections/b52eb423-5d0d-4645-b217-e1c6d38b2e72#H4$apex%20of%20heart,,pan-human-azimuth,4185,4141
https://api.cellxgene.cziscience.com/dp/v1/collections/b52eb423-5d0d-4645-b217-e1c6d38b2e72#H4$heart%20left%20ventricle,,azimuth,7638,7638
https://api.cellxgene.cziscience.com/dp/v1/collections/b52eb423-5d0d-4645-b217-e1c6d38b2e72#H4$heart%20left%20ventricle,,celltypist,7638,7638
https://api.cellxgene.cziscience.com/dp/v1/collections/b52eb423-5d0d-4645-b217-e1c6d38b2e72#H4$heart%20left%20ventricle,,pan-human-azimuth,7638,7516
https://api.cellxgene.cziscience.com/dp/v1/collections/b52eb423-5d0d-4645-b217-e1c6d38b2e72#H4$heart%20right%20ventricle,,azimuth,3629,3629
https://api.cellxgene.cziscience.com/dp/v1/collections/b52eb423-5d0d-4645-b217-e1c6d38b2e72#H4$heart%20right%20ventricle,,celltypist,3629,3629
https://api.cellxgene.cziscience.com/dp/v1/collections/b52eb423-5d0d-4645-b217-e1c6d38b2e72#H4$heart%20right%20ventricle,,pan-human-azimuth,3629,3572
https://api.cellxgene.cziscience.com/dp/v1/collections/b52eb423-5d0d-4645-b217-e1c6d38b2e72#H4$interventricular%20septum,,azimuth,5813,5813
https://api.cellxgene.cziscience.com/dp/v1/collections/b52eb423-5d0d-4645-b217-e1c6d38b2e72#H4$interventricular%20septum,,celltypist,5813,5813
https://api.cellxgene.cziscience.com/dp/v1/collections/b52eb423-5d0d-4645-b217-e1c6d38b2e72#H4$interventricular%20septum,,pan-human-azimuth,5813,5657
https://api.cellxgene.cziscience.com/dp/v1/collections/b52eb423-5d0d-4645-b217-e1c6d38b2e72#H4$left%20cardiac%20atrium,,azimuth,2413,2413
https://api.cellxgene.cziscience.com/dp/v1/collections/b52eb423-5d0d-4645-b217-e1c6d38b2e72#H4$left%20cardiac%20atrium,,celltypist,2413,2413
https://api.cellxgene.cziscience.com/dp/v1/collections/b52eb423-5d0d-4645-b217-e1c6d38b2e72#H4$left%20cardiac%20atrium,,pan-human-azimuth,2413,2323
https://api.cellxgene.cziscience.com/dp/v1/collections/b52eb423-5d0d-4645-b217-e1c6d38b2e72#H4$right%20cardiac%20atrium,,azimuth,2138,2138
https://api.cellxgene.cziscience.com/dp/v1/collections/b52eb423-5d0d-4645-b217-e1c6d38b2e72#H4$right%20cardiac%20atrium,,celltypist,2138,2138
https://api.cellxgene.cziscience.com/dp/v1/collections/b52eb423-5d0d-4645-b217-e1c6d38b2e72#H4$right%20cardiac%20atrium,,pan-human-azimuth,2138,2041
https://api.cellxgene.cziscience.com/dp/v1/collections/b52eb423-5d0d-4645-b217-e1c6d38b2e72#H5$apex%20of%20heart,,azimuth,9035,9035
https://api.cellxgene.cziscience.com/dp/v1/collections/b52eb423-5d0d-4645-b217-e1c6d38b2e72#H5$apex%20of%20heart,,celltypist,9035,9035
https://api.cellxgene.cziscience.com/dp/v1/collections/b52eb423-5d0d-4645-b217-e1c6d38b2e72#H5$apex%20of%20heart,,pan-human-azimuth,9035,8891
https://api.cellxgene.cziscience.com/dp/v1/collections/b52eb423-5d0d-4645-b217-e1c6d38b2e72#H5$heart%20left%20ventricle,,azimuth,9319,9319
https://api.cellxgene.cziscience.com/dp/v1/collections/b52eb423-5d0d-4645-b217-e1c6d38b2e72#H5$heart%20left%20ventricle,,celltypist,9319,9319
https://api.cellxgene.cziscience.com/dp/v1/collections/b52eb423-5d0d-4645-b217-e1c6d38b2e72#H5$heart%20left%20ventricle,,pan-human-azimuth,9319,9149
https://api.cellxgene.cziscience.com/dp/v1/collections/b52eb423-5d0d-4645-b217-e1c6d38b2e72#H5$heart%20right%20ventricle,,azimuth,6967,6967
https://api.cellxgene.cziscience.com/dp/v1/collections/b52eb423-5d0d-4645-b217-e1c6d38b2e72#H5$heart%20right%20ventricle,,celltypist,6967,6967
https://api.cellxgene.cziscience.com/dp/v1/collections/b52eb423-5d0d-4645-b217-e1c6d38b2e72#H5$heart%20right%20ventricle,,pan-human-azimuth,6967,6897
https://api.cellxgene.cziscience.com/dp/v1/collections/b52eb423-5d0d-4645-b217-e1c6d38b2e72#H5$interventricular%20septum,,azimuth,8944,8944
https://api.cellxgene.cziscience.com/dp/v1/collections/b52eb423-5d0d-4645-b217-e1c6d38b2e72#H5$interventricular%20septum,,celltypist,8944,8944
https://api.cellxgene.cziscience.com/dp/v1/collections/b52eb423-5d0d-4645-b217-e1c6d38b2e72#H5$interventricular%20septum,,pan-human-azimuth,8944,8803
https://api.cellxgene.cziscience.com/dp/v1/collections/b52eb423-5d0d-4645-b217-e1c6d38b2e72#H5$left%20cardiac%20atrium,,azimuth,2188,2188
https://api.cellxgene.cziscience.com/dp/v1/collections/b52eb423-5d0d-4645-b217-e1c6d38b2e72#H5$left%20cardiac%20atrium,,celltypist,2188,2188
https://api.cellxgene.cziscience.com/dp/v1/collections/b52eb423-5d0d-4645-b217-e1c6d38b2e72#H5$left%20cardiac%20atrium,,pan-human-azimuth,2188,2109
https://api.cellxgene.cziscience.com/dp/v1/collections/b52eb423-5d0d-4645-b217-e1c6d38b2e72#H5$right%20cardiac%20atrium,,azimuth,1948,1948
https://api.cellxgene.cziscience.com/dp/v1/collections/b52eb423-5d0d-4645-b217-e1c6d38b2e72#H5$right%20cardiac%20atrium,,celltypist,1948,1948
https://api.cellxgene.cziscience.com/dp/v1/collections/b52eb423-5d0d-4645-b217-e1c6d38b2e72#H5$right%20cardiac%20atrium,,pan-human-azimuth,1948,1841
https://api.cellxgene.cziscience.com/dp/v1/collections/b52eb423-5d0d-4645-b217-e1c6d38b2e72#H6$apex%20of%20heart,,azimuth,3441,3441
https://api.cellxgene.cziscience.com/dp/v1/collections/b52eb423-5d0d-4645-b217-e1c6d38b2e72#H6$apex%20of%20heart,,celltypist,3441,3441
https://api.cellxgene.cziscience.com/dp/v1/collections/b52eb423-5d0d-4645-b217-e1c6d38b2e72#H6$apex%20of%20heart,,pan-human-azimuth,3441,3404
https://api.cellxgene.cziscience.com/dp/v1/collections/b52eb423-5d0d-4645-b217-e1c6d38b2e72#H6$heart%20left%20ventricle,,azimuth,11874,11874
https://api.cellxgene.cziscience.com/dp/v1/collections/b52eb423-5d0d-4645-b217-e1c6d38b2e72#H6$heart%20left%20ventricle,,celltypist,11874,11874
https://api.cellxgene.cziscience.com/dp/v1/collections/b52eb423-5d0d-4645-b217-e1c6d38b2e72#H6$heart%20left%20ventricle,,pan-human-azimuth,11874,11711
https://api.cellxgene.cziscience.com/dp/v1/collections/b52eb423-5d0d-4645-b217-e1c6d38b2e72#H6$heart%20right%20ventricle,,azimuth,2682,2682
https://api.cellxgene.cziscience.com/dp/v1/collections/b52eb423-5d0d-4645-b217-e1c6d38b2e72#H6$heart%20right%20ventricle,,celltypist,2682,2682
https://api.cellxgene.cziscience.com/dp/v1/collections/b52eb423-5d0d-4645-b217-e1c6d38b2e72#H6$heart%20right%20ventricle,,pan-human-azimuth,2682,2625
https://api.cellxgene.cziscience.com/dp/v1/collections/b52eb423-5d0d-4645-b217-e1c6d38b2e72#H6$interventricular%20septum,,azimuth,4102,4102
https://api.cellxgene.cziscience.com/dp/v1/collections/b52eb423-5d0d-4645-b217-e1c6d38b2e72#H6$interventricular%20septum,,celltypist,4102,4102
https://api.cellxgene.cziscience.com/dp/v1/collections/b52eb423-5d0d-4645-b217-e1c6d38b2e72#H6$interventricular%20septum,,pan-human-azimuth,4102,3996
https://api.cellxgene.cziscience.com/dp/v1/collections/b52eb423-5d0d-4645-b217-e1c6d38b2e72#H6$left%20cardiac%20atrium,,azimuth,2535,2535
https://api.cellxgene.cziscience.com/dp/v1/collections/b52eb423-5d0d-4645-b217-e1c6d38b2e72#H6$left%20cardiac%20atrium,,celltypist,2535,2535
https://api.cellxgene.cziscience.com/dp/v1/collections/b52eb423-5d0d-4645-b217-e1c6d38b2e72#H6$left%20cardiac%20atrium,,pan-human-azimuth,2535,2398
https://api.cellxgene.cziscience.com/dp/v1/collections/b52eb423-5d0d-4645-b217-e1c6d38b2e72#H6$right%20cardiac%20atrium,,azimuth,2300,2300
https://api.cellxgene.cziscience.com/dp/v1/collections/b52eb423-5d0d-4645-b217-e1c6d38b2e72#H6$right%20cardiac%20atrium,,celltypist,2300,2300
https://api.cellxgene.cziscience.com/dp/v1/collections/b52eb423-5d0d-4645-b217-e1c6d38b2e72#H6$right%20cardiac%20atrium,,pan-human-azimuth,2300,2213
https://api.cellxgene.cziscience.com/dp/v1/collections/b52eb423-5d0d-4645-b217-e1c6d38b2e72#H7$apex%20of%20heart,,azimuth,3487,3487
https://api.cellxgene.cziscience.com/dp/v1/collections/b52eb423-5d0d-4645-b217-e1c6d38b2e72#H7$apex%20of%20heart,,celltypist,3487,3487
https://api.cellxgene.cziscience.com/dp/v1/collections/b52eb423-5d0d-4645-b217-e1c6d38b2e72#H7$apex%20of%20heart,,pan-human-azimuth,3487,3411
https://api.cellxgene.cziscience.com/dp/v1/collections/b52eb423-5d0d-4645-b217-e1c6d38b2e72#H7$heart%20left%20ventricle,,azimuth,7264,7264
https://api.cellxgene.cziscience.com/dp/v1/collections/b52eb423-5d0d-4645-b217-e1c6d38b2e72#H7$heart%20left%20ventricle,,celltypist,7264,7264
https://api.cellxgene.cziscience.com/dp/v1/collections/b52eb423-5d0d-4645-b217-e1c6d38b2e72#H7$heart%20left%20ventricle,,pan-human-azimuth,7264,7162
https://api.cellxgene.cziscience.com/dp/v1/collections/b52eb423-5d0d-4645-b217-e1c6d38b2e72#H7$heart%20right%20ventricle,,azimuth,9349,9349
https://api.cellxgene.cziscience.com/dp/v1/collections/b52eb423-5d0d-4645-b217-e1c6d38b2e72#H7$heart%20right%20ventricle,,celltypist,9349,9349
https://api.cellxgene.cziscience.com/dp/v1/collections/b52eb423-5d0d-4645-b217-e1c6d38b2e72#H7$heart%20right%20ventricle,,pan-human-azimuth,9349,9184
https://api.cellxgene.cziscience.com/dp/v1/collections/b52eb423-5d0d-4645-b217-e1c6d38b2e72#H7$interventricular%20septum,,azimuth,3862,3862
https://api.cellxgene.cziscience.com/dp/v1/collections/b52eb423-5d0d-4645-b217-e1c6d38b2e72#H7$interventricular%20septum,,celltypist,3862,3862
https://api.cellxgene.cziscience.com/dp/v1/collections/b52eb423-5d0d-4645-b217-e1c6d38b2e72#H7$interventricular%20septum,,pan-human-azimuth,3862,3798
https://api.cellxgene.cziscience.com/dp/v1/collections/b52eb423-5d0d-4645-b217-e1c6d38b2e72#H7$left%20cardiac%20atrium,,azimuth,6883,6883
https://api.cellxgene.cziscience.com/dp/v1/collections/b52eb423-5d0d-4645-b217-e1c6d38b2e72#H7$left%20cardiac%20atrium,,celltypist,6883,6883
https://api.cellxgene.cziscience.com/dp/v1/collections/b52eb423-5d0d-4645-b217-e1c6d38b2e72#H7$left%20cardiac%20atrium,,pan-human-azimuth,6883,6683
https://api.cellxgene.cziscience.com/dp/v1/collections/b52eb423-5d0d-4645-b217-e1c6d38b2e72#H7$right%20cardiac%20atrium,,azimuth,1491,1491
https://api.cellxgene.cziscience.com/dp/v1/collections/b52eb423-5d0d-4645-b217-e1c6d38b2e72#H7$right%20cardiac%20atrium,,celltypist,1491,1491
https://api.cellxgene.cziscience.com/dp/v1/collections/b52eb423-5d0d-4645-b217-e1c6d38b2e72#H7$right%20cardiac%20atrium,,pan-human-azimuth,1491,1396
https://api.cellxgene.cziscience.com/dp/v1/collections/e5f58829-1a66-40b5-a624-9046778e74f5#TSP1$bladder%20organ,,pan-human-azimuth,14498,13520
https://api.cellxgene.cziscience.com/dp/v1/collections/e5f58829-1a66-40b5-a624-9046778e74f5#TSP1$endocrine%20pancreas,,azimuth,1221,1221
https://api.cellxgene.cziscience.com/dp/v1/collections/e5f58829-1a66-40b5-a624-9046778e74f5#TSP1$endocrine%20pancreas,,celltypist,1221,1221
https://api.cellxgene.cziscience.com/dp/v1/collections/e5f58829-1a66-40b5-a624-9046778e74f5#TSP1$endocrine%20pancreas,,pan-human-azimuth,1221,1181
https://api.cellxgene.cziscience.com/dp/v1/collections/e5f58829-1a66-40b5-a624-9046778e74f5#TSP1$endocrine%20pancreas,,popv,1221,1221
https://api.cellxgene.cziscience.com/dp/v1/collections/e5f58829-1a66-40b5-a624-9046778e74f5#TSP10$skin%20of%20abdomen,,celltypist,386,386
https://api.cellxgene.cziscience.com/dp/v1/collections/e5f58829-1a66-40b5-a624-9046778e74f5#TSP10$skin%20of%20abdomen,,pan-human-azimuth,386,341
https://api.cellxgene.cziscience.com/dp/v1/collections/e5f58829-1a66-40b5-a624-9046778e74f5#TSP10$skin%20of%20abdomen,,popv,386,386
https://api.cellxgene.cziscience.com/dp/v1/collections/e5f58829-1a66-40b5-a624-9046778e74f5#TSP10$skin%20of%20body,,celltypist,5545,5545
https://api.cellxgene.cziscience.com/dp/v1/collections/e5f58829-1a66-40b5-a624-9046778e74f5#TSP10$skin%20of%20body,,pan-human-azimuth,5545,5236
https://api.cellxgene.cziscience.com/dp/v1/collections/e5f58829-1a66-40b5-a624-9046778e74f5#TSP10$skin%20of%20body,,popv,5545,5545
https://api.cellxgene.cziscience.com/dp/v1/collections/e5f58829-1a66-40b5-a624-9046778e74f5#TSP10$skin%20of%20chest,,celltypist,394,394
https://api.cellxgene.cziscience.com/dp/v1/collections/e5f58829-1a66-40b5-a624-9046778e74f5#TSP10$skin%20of%20chest,,pan-human-azimuth,394,374
https://api.cellxgene.cziscience.com/dp/v1/collections/e5f58829-1a66-40b5-a624-9046778e74f5#TSP10$skin%20of%20chest,,popv,394,394
https://api.cellxgene.cziscience.com/dp/v1/collections/e5f58829-1a66-40b5-a624-9046778e74f5#TSP14$bladder%20organ,,pan-human-azimuth,3686,3368
https://api.cellxgene.cziscience.com/dp/v1/collections/e5f58829-1a66-40b5-a624-9046778e74f5#TSP14$prostate%20gland,,pan-human-azimuth,3994,2618
https://api.cellxgene.cziscience.com/dp/v1/collections/e5f58829-1a66-40b5-a624-9046778e74f5#TSP14$prostate%20gland,,popv,3994,3994
https://api.cellxgene.cziscience.com/dp/v1/collections/e5f58829-1a66-40b5-a624-9046778e74f5#TSP14$skin%20of%20abdomen,,celltypist,1960,1960
https://api.cellxgene.cziscience.com/dp/v1/collections/e5f58829-1a66-40b5-a624-9046778e74f5#TSP14$skin%20of%20abdomen,,pan-human-azimuth,1960,1836
https://api.cellxgene.cziscience.com/dp/v1/collections/e5f58829-1a66-40b5-a624-9046778e74f5#TSP14$skin%20of%20abdomen,,popv,1960,1960
https://api.cellxgene.cziscience.com/dp/v1/collections/e5f58829-1a66-40b5-a624-9046778e74f5#TSP14$skin%20of%20chest,,celltypist,2229,2229
https://api.cellxgene.cziscience.com/dp/v1/collections/e5f58829-1a66-40b5-a624-9046778e74f5#TSP14$skin%20of%20chest,,pan-human-azimuth,2229,2090
https://api.cellxgene.cziscience.com/dp/v1/collections/e5f58829-1a66-40b5-a624-9046778e74f5#TSP14$skin%20of%20chest,,popv,2229,2229
https://api.cellxgene.cziscience.com/dp/v1/collections/e5f58829-1a66-40b5-a624-9046778e74f5#TSP14$spleen,,pan-human-azimuth,21463,20318
https://api.cellxgene.cziscience.com/dp/v1/collections/e5f58829-1a66-40b5-a624-9046778e74f5#TSP14$spleen,,popv,21463,21463
https://api.cellxgene.cziscience.com/dp/v1/collections/e5f58829-1a66-40b5-a624-9046778e74f5#TSP14$thymus,,pan-human-azimuth,19889,18173
https://api.cellxgene.cziscience.com/dp/v1/collections/e5f58829-1a66-40b5-a624-9046778e74f5#TSP14$thymus,,popv,19889,19889
https://api.cellxgene.cziscience.com/dp/v1/collections/e5f58829-1a66-40b5-a624-9046778e74f5#TSP2$ascending%20colon,,celltypist,1949,1949
https://api.cellxgene.cziscience.com/dp/v1/collections/e5f58829-1a66-40b5-a624-9046778e74f5#TSP2$ascending%20colon,,pan-human-azimuth,1949,1860
https://api.cellxgene.cziscience.com/dp/v1/collections/e5f58829-1a66-40b5-a624-9046778e74f5#TSP2$ascending%20colon,,popv,1949,1949
https://api.cellxgene.cziscience.com/dp/v1/collections/e5f58829-1a66-40b5-a624-9046778e74f5#TSP2$duodenum,,celltypist,4028,4028
https://api.cellxgene.cziscience.com/dp/v1/collections/e5f58829-1a66-40b5-a624-9046778e74f5#TSP2$duodenum,,pan-human-azimuth,4028,3503
https://api.cellxgene.cziscience.com/dp/v1/collections/e5f58829-1a66-40b5-a624-9046778e74f5#TSP2$duodenum,,popv,4028,4028
https://api.cellxgene.cziscience.com/dp/v1/collections/e5f58829-1a66-40b5-a624-9046778e74f5#TSP2$jejunum,,celltypist,620,620
https://api.cellxgene.cziscience.com/dp/v1/collections/e5f58829-1a66-40b5-a624-9046778e74f5#TSP2$jejunum,,pan-human-azimuth,620,533
https://api.cellxgene.cziscience.com/dp/v1/collections/e5f58829-1a66-40b5-a624-9046778e74f5#TSP2$jejunum,,popv,620,620
https://api.cellxgene.cziscience.com/dp/v1/collections/e5f58829-1a66-40b5-a624-9046778e74f5#TSP2$sigmoid%20colon,,celltypist,2517,2517
https://api.cellxgene.cziscience.com/dp/v1/collections/e5f58829-1a66-40b5-a624-9046778e74f5#TSP2$sigmoid%20colon,,pan-human-azimuth,2517,2398
https://api.cellxgene.cziscience.com/dp/v1/collections/e5f58829-1a66-40b5-a624-9046778e74f5#TSP2$sigmoid%20colon,,popv,2517,2517
https://api.cellxgene.cziscience.com/dp/v1/collections/e5f58829-1a66-40b5-a624-9046778e74f5#TSP2$spleen,,pan-human-azimuth,8948,8541
https://api.cellxgene.cziscience.com/dp/v1/collections/e5f58829-1a66-40b5-a624-9046778e74f5#TSP2$spleen,,popv,8948,8948
https://api.cellxgene.cziscience.com/dp/v1/collections/e5f58829-1a66-40b5-a624-9046778e74f5#TSP2$thymus,,pan-human-azimuth,12907,11669
https://api.cellxgene.cziscience.com/dp/v1/collections/e5f58829-1a66-40b5-a624-9046778e74f5#TSP2$thymus,,popv,12907,12907
https://api.cellxgene.cziscience.com/dp/v1/collections/e5f58829-1a66-40b5-a624-9046778e74f5#TSP21$spleen,,pan-human-azimuth,13479,12855
https://api.cellxgene.cziscience.com/dp/v1/collections/e5f58829-1a66-40b5-a624-9046778e74f5#TSP21$spleen,,popv,13479,13479
https://api.cellxgene.cziscience.com/dp/v1/collections/e5f58829-1a66-40b5-a624-9046778e74f5#TSP25$ascending%20colon,,celltypist,622,622
https://api.cellxgene.cziscience.com/dp/v1/collections/e5f58829-1a66-40b5-a624-9046778e74f5#TSP25$ascending%20colon,,pan-human-azimuth,622,572
https://api.cellxgene.cziscience.com/dp/v1/collections/e5f58829-1a66-40b5-a624-9046778e74f5#TSP25$ascending%20colon,,popv,622,622
https://api.cellxgene.cziscience.com/dp/v1/collections/e5f58829-1a66-40b5-a624-9046778e74f5#TSP25$duodenum,,celltypist,3165,3165
https://api.cellxgene.cziscience.com/dp/v1/collections/e5f58829-1a66-40b5-a624-9046778e74f5#TSP25$duodenum,,pan-human-azimuth,3165,3075
https://api.cellxgene.cziscience.com/dp/v1/collections/e5f58829-1a66-40b5-a624-9046778e74f5#TSP25$duodenum,,popv,3165,3165
https://api.cellxgene.cziscience.com/dp/v1/collections/e5f58829-1a66-40b5-a624-9046778e74f5#TSP25$ileum,,celltypist,3188,3188
https://api.cellxgene.cziscience.com/dp/v1/collections/e5f58829-1a66-40b5-a624-9046778e74f5#TSP25$ileum,,pan-human-azimuth,3188,3074
https://api.cellxgene.cziscience.com/dp/v1/collections/e5f58829-1a66-40b5-a624-9046778e74f5#TSP25$ileum,,popv,3188,3188
https://api.cellxgene.cziscience.com/dp/v1/collections/e5f58829-1a66-40b5-a624-9046778e74f5#TSP25$sigmoid%20colon,,celltypist,872,872
https://api.cellxgene.cziscience.com/dp/v1/collections/e5f58829-1a66-40b5-a624-9046778e74f5#TSP25$sigmoid%20colon,,pan-human-azimuth,872,822
https://api.cellxgene.cziscience.com/dp/v1/collections/e5f58829-1a66-40b5-a624-9046778e74f5#TSP25$sigmoid%20colon,,popv,872,872
https://api.cellxgene.cziscience.com/dp/v1/collections/e5f58829-1a66-40b5-a624-9046778e74f5#TSP25$spleen,,pan-human-azimuth,4105,3974
https://api.cellxgene.cziscience.com/dp/v1/collections/e5f58829-1a66-40b5-a624-9046778e74f5#TSP25$spleen,,popv,4105,4105
https://api.cellxgene.cziscience.com/dp/v1/collections/e5f58829-1a66-40b5-a624-9046778e74f5#TSP25$thymus,,pan-human-azimuth,2973,2237
https://api.cellxgene.cziscience.com/dp/v1/collections/e5f58829-1a66-40b5-a624-9046778e74f5#TSP25$thymus,,popv,2973,2973
https://api.cellxgene.cziscience.com/dp/v1/collections/e5f58829-1a66-40b5-a624-9046778e74f5#TSP26$ascending%20colon,,celltypist,1526,1526
https://api.cellxgene.cziscience.com/dp/v1/collections/e5f58829-1a66-40b5-a624-9046778e74f5#TSP26$ascending%20colon,,pan-human-azimuth,1526,1462
https://api.cellxgene.cziscience.com/dp/v1/collections/e5f58829-1a66-40b5-a624-9046778e74f5#TSP26$ascending%20colon,,popv,1526,1526
https://api.cellxgene.cziscience.com/dp/v1/collections/e5f58829-1a66-40b5-a624-9046778e74f5#TSP26$duodenum,,celltypist,6136,6136
https://api.cellxgene.cziscience.com/dp/v1/collections/e5f58829-1a66-40b5-a624-9046778e74f5#TSP26$duodenum,,pan-human-azimuth,6136,6041
https://api.cellxgene.cziscience.com/dp/v1/collections/e5f58829-1a66-40b5-a624-9046778e74f5#TSP26$duodenum,,popv,6136,6136
https://api.cellxgene.cziscience.com/dp/v1/collections/e5f58829-1a66-40b5-a624-9046778e74f5#TSP26$ileum,,celltypist,3579,3579
https://api.cellxgene.cziscience.com/dp/v1/collections/e5f58829-1a66-40b5-a624-9046778e74f5#TSP26$ileum,,pan-human-azimuth,3579,3542
https://api.cellxgene.cziscience.com/dp/v1/collections/e5f58829-1a66-40b5-a624-9046778e74f5#TSP26$ileum,,popv,3579,3579
https://api.cellxgene.cziscience.com/dp/v1/collections/e5f58829-1a66-40b5-a624-9046778e74f5#TSP26$sigmoid%20colon,,celltypist,2296,2296
https://api.cellxgene.cziscience.com/dp/v1/collections/e5f58829-1a66-40b5-a624-9046778e74f5#TSP26$sigmoid%20colon,,pan-human-azimuth,2296,2198
https://api.cellxgene.cziscience.com/dp/v1/collections/e5f58829-1a66-40b5-a624-9046778e74f5#TSP26$sigmoid%20colon,,popv,2296,2296
https://api.cellxgene.cziscience.com/dp/v1/collections/e5f58829-1a66-40b5-a624-9046778e74f5#TSP27$ascending%20colon,,celltypist,6567,6567
https://api.cellxgene.cziscience.com/dp/v1/collections/e5f58829-1a66-40b5-a624-9046778e74f5#TSP27$ascending%20colon,,pan-human-azimuth,6567,5936
https://api.cellxgene.cziscience.com/dp/v1/collections/e5f58829-1a66-40b5-a624-9046778e74f5#TSP27$ascending%20colon,,popv,6567,6567
https://api.cellxgene.cziscience.com/dp/v1/collections/e5f58829-1a66-40b5-a624-9046778e74f5#TSP27$heart%20right%20ventricle,,azimuth,2255,2255
https://api.cellxgene.cziscience.com/dp/v1/collections/e5f58829-1a66-40b5-a624-9046778e74f5#TSP27$heart%20right%20ventricle,,celltypist,2255,2255
https://api.cellxgene.cziscience.com/dp/v1/collections/e5f58829-1a66-40b5-a624-9046778e74f5#TSP27$heart%20right%20ventricle,,pan-human-azimuth,2255,2153
https://api.cellxgene.cziscience.com/dp/v1/collections/e5f58829-1a66-40b5-a624-9046778e74f5#TSP27$ileum,,celltypist,3718,3718
https://api.cellxgene.cziscience.com/dp/v1/collections/e5f58829-1a66-40b5-a624-9046778e74f5#TSP27$ileum,,pan-human-azimuth,3718,3345
https://api.cellxgene.cziscience.com/dp/v1/collections/e5f58829-1a66-40b5-a624-9046778e74f5#TSP27$ileum,,popv,3718,3718
https://api.cellxgene.cziscience.com/dp/v1/collections/e5f58829-1a66-40b5-a624-9046778e74f5#TSP27$left%20ovary,,pan-human-azimuth,6128,5921
https://api.cellxgene.cziscience.com/dp/v1/collections/e5f58829-1a66-40b5-a624-9046778e74f5#TSP27$mammary%20gland,,pan-human-azimuth,18539,17287
https://api.cellxgene.cziscience.com/dp/v1/collections/e5f58829-1a66-40b5-a624-9046778e74f5#TSP27$mammary%20gland,,popv,18539,18539
https://api.cellxgene.cziscience.com/dp/v1/collections/e5f58829-1a66-40b5-a624-9046778e74f5#TSP27$right%20cardiac%20atrium,,azimuth,3178,3178
https://api.cellxgene.cziscience.com/dp/v1/collections/e5f58829-1a66-40b5-a624-9046778e74f5#TSP27$right%20cardiac%20atrium,,celltypist,3178,3178
https://api.cellxgene.cziscience.com/dp/v1/collections/e5f58829-1a66-40b5-a624-9046778e74f5#TSP27$right%20cardiac%20atrium,,pan-human-azimuth,3178,3042
https://api.cellxgene.cziscience.com/dp/v1/collections/e5f58829-1a66-40b5-a624-9046778e74f5#TSP27$right%20ovary,,pan-human-azimuth,966,876
https://api.cellxgene.cziscience.com/dp/v1/collections/e5f58829-1a66-40b5-a624-9046778e74f5#TSP27$sigmoid%20colon,,celltypist,3348,3348
https://api.cellxgene.cziscience.com/dp/v1/collections/e5f58829-1a66-40b5-a624-9046778e74f5#TSP27$sigmoid%20colon,,pan-human-azimuth,3348,2990
https://api.cellxgene.cziscience.com/dp/v1/collections/e5f58829-1a66-40b5-a624-9046778e74f5#TSP27$sigmoid%20colon,,popv,3348,3348
https://api.cellxgene.cziscience.com/dp/v1/collections/e5f58829-1a66-40b5-a624-9046778e74f5#TSP27$spleen,,pan-human-azimuth,13106,12310
https://api.cellxgene.cziscience.com/dp/v1/collections/e5f58829-1a66-40b5-a624-9046778e74f5#TSP27$spleen,,popv,13106,13106
https://api.cellxgene.cziscience.com/dp/v1/collections/e5f58829-1a66-40b5-a624-9046778e74f5#TSP27$thymus,,pan-human-azimuth,2413,1887
https://api.cellxgene.cziscience.com/dp/v1/collections/e5f58829-1a66-40b5-a624-9046778e74f5#TSP27$thymus,,popv,2413,2413
https://api.cellxgene.cziscience.com/dp/v1/collections/e5f58829-1a66-40b5-a624-9046778e74f5#TSP28$left%20ovary,,pan-human-azimuth,13041,12695
https://api.cellxgene.cziscience.com/dp/v1/collections/e5f58829-1a66-40b5-a624-9046778e74f5#TSP28$right%20ovary,,pan-human-azimuth,6510,6320
https://api.cellxgene.cziscience.com/dp/v1/collections/e5f58829-1a66-40b5-a624-9046778e74f5#TSP30$left%20ovary,,pan-human-azimuth,7613,7310
https://api.cellxgene.cziscience.com/dp/v1/collections/e5f58829-1a66-40b5-a624-9046778e74f5#TSP30$right%20ovary,,pan-human-azimuth,11126,10716
https://api.cellxgene.cziscience.com/dp/v1/collections/e5f58829-1a66-40b5-a624-9046778e74f5#TSP4$mammary%20gland,,pan-human-azimuth,12397,10802
https://api.cellxgene.cziscience.com/dp/v1/collections/e5f58829-1a66-40b5-a624-9046778e74f5#TSP4$mammary%20gland,,popv,12397,12397
https://api.cellxgene.cziscience.com/dp/v1/collections/e5f58829-1a66-40b5-a624-9046778e74f5#TSP7$spleen,,pan-human-azimuth,9347,8708
https://api.cellxgene.cziscience.com/dp/v1/collections/e5f58829-1a66-40b5-a624-9046778e74f5#TSP7$spleen,,popv,9347,9347
https://api.cellxgene.cziscience.com/dp/v1/collections/e5f58829-1a66-40b5-a624-9046778e74f5#TSP8$prostate%20gland,,pan-human-azimuth,14992,7935
https://api.cellxgene.cziscience.com/dp/v1/collections/e5f58829-1a66-40b5-a624-9046778e74f5#TSP8$prostate%20gland,,popv,14992,14992
https://api.cellxgene.cziscience.com/dp/v1/collections/e5f58829-1a66-40b5-a624-9046778e74f5#TSP9$exocrine%20pancreas,,azimuth,7057,7057
https://api.cellxgene.cziscience.com/dp/v1/collections/e5f58829-1a66-40b5-a624-9046778e74f5#TSP9$exocrine%20pancreas,,celltypist,7057,7057
https://api.cellxgene.cziscience.com/dp/v1/collections/e5f58829-1a66-40b5-a624-9046778e74f5#TSP9$exocrine%20pancreas,,pan-human-azimuth,7057,6826
https://api.cellxgene.cziscience.com/dp/v1/collections/e5f58829-1a66-40b5-a624-9046778e74f5#TSP9$exocrine%20pancreas,,popv,7057,7057
https://doi.org/10.1126/science.abl4290#GTEX-12BJ1-5007-SM-H8L6U,,pan-human-azimuth,6285,3774
https://doi.org/10.1126/science.abl4290#GTEX-12BJ1-5007-SM-H8L6U,,popv,6285,6285
https://doi.org/10.1126/science.abl4290#GTEX-13N11-5002-SM-H5JDV,,azimuth,12834,12834
https://doi.org/10.1126/science.abl4290#GTEX-13N11-5002-SM-H5JDV,,celltypist,12834,12834
https://doi.org/10.1126/science.abl4290#GTEX-13N11-5002-SM-H5JDV,,pan-human-azimuth,12834,12273
https://doi.org/10.1126/science.abl4290#GTEX-13N11-5030-SM-H5JDW,,azimuth,13260,13260
https://doi.org/10.1126/science.abl4290#GTEX-13N11-5030-SM-H5JDW,,celltypist,13260,13260
https://doi.org/10.1126/science.abl4290#GTEX-13N11-5030-SM-H5JDW,,pan-human-azimuth,13260,12021
https://doi.org/10.1126/science.abl4290#GTEX-13N11-5030-SM-H5JDW,,popv,13260,13260
https://doi.org/10.1126/science.abl4290#GTEX-15CHR-5005-SM-H5JDT,,azimuth,7620,7620
https://doi.org/10.1126/science.abl4290#GTEX-15CHR-5005-SM-H5JDT,,celltypist,7620,7620
https://doi.org/10.1126/science.abl4290#GTEX-15CHR-5005-SM-H5JDT,,pan-human-azimuth,7620,7279
https://doi.org/10.1126/science.abl4290#GTEX-15CHR-5005-SM-H5JDT,,popv,7620,7620
https://doi.org/10.1126/science.abl4290#GTEX-15CHR-5014-SM-H5JDU,,pan-human-azimuth,1502,741
https://doi.org/10.1126/science.abl4290#GTEX-15CHR-5014-SM-H5JDU,,popv,1502,1502
https://doi.org/10.1126/science.abl4290#GTEX-15EOM-5003-SM-G64IH,,celltypist,326,326
https://doi.org/10.1126/science.abl4290#GTEX-15EOM-5003-SM-G64IH,,pan-human-azimuth,326,271
https://doi.org/10.1126/science.abl4290#GTEX-15EOM-5003-SM-G64IH,,popv,326,326
https://doi.org/10.1126/science.abl4290#GTEX-15RIE-5015-SM-H8L6X,,azimuth,12067,12067
https://doi.org/10.1126/science.abl4290#GTEX-15RIE-5015-SM-H8L6X,,celltypist,12067,12067
https://doi.org/10.1126/science.abl4290#GTEX-15RIE-5015-SM-H8L6X,,pan-human-azimuth,12067,11280
https://doi.org/10.1126/science.abl4290#GTEX-1CAMS-5015-SM-HPJ3C,,pan-human-azimuth,2324,1868
https://doi.org/10.1126/science.abl4290#GTEX-1CAMS-5015-SM-HPJ3C,,popv,2324,2324
https://doi.org/10.1126/science.abl4290#GTEX-1HSMQ-5005-SM-GKSJF,,azimuth,14404,14404
https://doi.org/10.1126/science.abl4290#GTEX-1HSMQ-5005-SM-GKSJF,,celltypist,14404,14404
https://doi.org/10.1126/science.abl4290#GTEX-1HSMQ-5005-SM-GKSJF,,pan-human-azimuth,14404,11163
https://doi.org/10.1126/science.abl4290#GTEX-1HSMQ-5005-SM-GKSJF,,popv,14404,14404
https://doi.org/10.1126/science.abl4290#GTEX-1HSMQ-5007-SM-GKSJG,,celltypist,4961,4961
https://doi.org/10.1126/science.abl4290#GTEX-1HSMQ-5007-SM-GKSJG,,pan-human-azimuth,4961,4180
https://doi.org/10.1126/science.abl4290#GTEX-1HSMQ-5007-SM-GKSJG,,popv,4961,4961
https://doi.org/10.1126/science.abl4290#GTEX-1HSMQ-5014-SM-GKSJI,,pan-human-azimuth,10347,6483
https://doi.org/10.1126/science.abl4290#GTEX-1HSMQ-5014-SM-GKSJI,,popv,10347,10347
https://doi.org/10.1126/science.abl4290#GTEX-1I1GU-5006-SM-G8XQC,,pan-human-azimuth,12927,7393
https://doi.org/10.1126/science.abl4290#GTEX-1I1GU-5006-SM-G8XQC,,popv,12927,12927
https://doi.org/10.1126/science.abl4290#GTEX-1ICG6-5003-SM-GHS9A,,azimuth,11673,11673
https://doi.org/10.1126/science.abl4290#GTEX-1ICG6-5003-SM-GHS9A,,celltypist,11673,11673
https://doi.org/10.1126/science.abl4290#GTEX-1ICG6-5003-SM-GHS9A,,pan-human-azimuth,11673,11190
https://doi.org/10.1126/science.abl4290#GTEX-1MCC2-5013-SM-HPJ3D,,pan-human-azimuth,1456,1300
https://doi.org/10.1126/science.abl4290#GTEX-1MCC2-5013-SM-HPJ3D,,popv,1456,1456
https://doi.org/10.1126/science.abl4290#GTEX-1R9PN-5002-SM-HD2MC,,pan-human-azimuth,5990,5250
https://doi.org/10.1126/science.abl4290#GTEX-1R9PN-5002-SM-HD2MC,,popv,5990,5990
https://entity.api.hubmapconsortium.org/entities/0027cb59bcb4a34d5db83acaf934a9d9,,azimuth,23280,23280
https://entity.api.hubmapconsortium.org/entities/0027cb59bcb4a34d5db83acaf934a9d9,,pan-human-azimuth,23280,648
https://entity.api.hubmapconsortium.org/entities/00318be0b7cfa3c6ed7fbeab08fe700b,,azimuth,32493,32493
https://entity.api.hubmapconsortium.org/entities/00318be0b7cfa3c6ed7fbeab08fe700b,,pan-human-azimuth,32493,3489
https://entity.api.hubmapconsortium.org/entities/0079f009c4e1c5a1920250937ea8ac94,,azimuth,11000,11000
https://entity.api.hubmapconsortium.org/entities/0079f009c4e1c5a1920250937ea8ac94,,celltypist,11000,11000
https://entity.api.hubmapconsortium.org/entities/0079f009c4e1c5a1920250937ea8ac94,,frmatch,11000,6566
https://entity.api.hubmapconsortium.org/entities/0079f009c4e1c5a1920250937ea8ac94,,pan-human-azimuth,11000,5691
https://entity.api.hubmapconsortium.org/entities/0079f009c4e1c5a1920250937ea8ac94,,popv,11000,10933
https://entity.api.hubmapconsortium.org/entities/007f3dfaaa287d5c7c227651f61a9c5b,,azimuth,50859,50859
https://entity.api.hubmapconsortium.org/entities/007f3dfaaa287d5c7c227651f61a9c5b,,celltypist,50859,50859
https://entity.api.hubmapconsortium.org/entities/007f3dfaaa287d5c7c227651f61a9c5b,,pan-human-azimuth,50859,3633
https://entity.api.hubmapconsortium.org/entities/0110be17631ab95c722d476145feb00c,,azimuth,34879,34879
https://entity.api.hubmapconsortium.org/entities/0110be17631ab95c722d476145feb00c,,pan-human-azimuth,34879,3785
https://entity.api.hubmapconsortium.org/entities/018a905cdbdff684760859f594d3fd77,,azimuth,7999,7999
https://entity.api.hubmapconsortium.org/entities/018a905cdbdff684760859f594d3fd77,,pan-human-azimuth,7999,2996
https://entity.api.hubmapconsortium.org/entities/032d7b6b0b4c3c66772c7dbee2fe9606,,celltypist,464,464
https://entity.api.hubmapconsortium.org/entities/032d7b6b0b4c3c66772c7dbee2fe9606,,pan-human-azimuth,464,178
https://entity.api.hubmapconsortium.org/entities/032d7b6b0b4c3c66772c7dbee2fe9606,,popv,464,457
https://entity.api.hubmapconsortium.org/entities/0430a44e418219aafce608f4286b2a9b,,azimuth,29295,29295
https://entity.api.hubmapconsortium.org/entities/0430a44e418219aafce608f4286b2a9b,,pan-human-azimuth,29295,3772
https://entity.api.hubmapconsortium.org/entities/044b28971204366347e7ed0b7ef0c279,,azimuth,95427,95427
https://entity.api.hubmapconsortium.org/entities/044b28971204366347e7ed0b7ef0c279,,pan-human-azimuth,95427,1145
https://entity.api.hubmapconsortium.org/entities/046251c94ea0e79ee935dd3de57e093c,,pan-human-azimuth,13616,4557
https://entity.api.hubmapconsortium.org/entities/046251c94ea0e79ee935dd3de57e093c,,popv,13616,11703
https://entity.api.hubmapconsortium.org/entities/04968c1fe0149ee367b0e53af55763e4,,celltypist,3023,3023
https://entity.api.hubmapconsortium.org/entities/04968c1fe0149ee367b0e53af55763e4,,pan-human-azimuth,3023,1513
https://entity.api.hubmapconsortium.org/entities/04968c1fe0149ee367b0e53af55763e4,,popv,3023,3022
https://entity.api.hubmapconsortium.org/entities/061b6c8f8e76f9be125f0f93e7734642,,celltypist,6000,6000
https://entity.api.hubmapconsortium.org/entities/061b6c8f8e76f9be125f0f93e7734642,,pan-human-azimuth,6000,2194
https://entity.api.hubmapconsortium.org/entities/061b6c8f8e76f9be125f0f93e7734642,,popv,6000,5985
https://entity.api.hubmapconsortium.org/entities/069a6930776ca28f8e10c3781aa13b56,,azimuth,34879,34879
https://entity.api.hubmapconsortium.org/entities/069a6930776ca28f8e10c3781aa13b56,,pan-human-azimuth,34879,3785
https://entity.api.hubmapconsortium.org/entities/07b9f36478e22bf820ac6a084e01bf94,,celltypist,206,206
https://entity.api.hubmapconsortium.org/entities/07b9f36478e22bf820ac6a084e01bf94,,pan-human-azimuth,206,166
https://entity.api.hubmapconsortium.org/entities/07b9f36478e22bf820ac6a084e01bf94,,popv,206,206
https://entity.api.hubmapconsortium.org/entities/0804a7a9e430e6adfbc56f339d787211,,azimuth,100927,100927
https://entity.api.hubmapconsortium.org/entities/0804a7a9e430e6adfbc56f339d787211,,pan-human-azimuth,100927,8080
https://entity.api.hubmapconsortium.org/entities/0910bfd40695181a73e5059909e46cda,,celltypist,3560,3560
https://entity.api.hubmapconsortium.org/entities/0910bfd40695181a73e5059909e46cda,,pan-human-azimuth,3560,1484
https://entity.api.hubmapconsortium.org/entities/0910bfd40695181a73e5059909e46cda,,popv,3560,3531
https://entity.api.hubmapconsortium.org/entities/0a0eb095c8e7f7c890da20184d7527cb,,celltypist,5998,5998
https://entity.api.hubmapconsortium.org/entities/0a0eb095c8e7f7c890da20184d7527cb,,pan-human-azimuth,5998,2159
https://entity.api.hubmapconsortium.org/entities/0a0eb095c8e7f7c890da20184d7527cb,,popv,5998,5995
https://entity.api.hubmapconsortium.org/entities/0a21f3fa27109790483f2a0729be53de,,azimuth,15811,15811
https://entity.api.hubmapconsortium.org/entities/0a21f3fa27109790483f2a0729be53de,,pan-human-azimuth,15811,430
https://entity.api.hubmapconsortium.org/entities/0b0ef5c2b8786644f0b6bdef1c1d7a4f,,celltypist,5097,5097
https://entity.api.hubmapconsortium.org/entities/0b0ef5c2b8786644f0b6bdef1c1d7a4f,,pan-human-azimuth,5097,1147
https://entity.api.hubmapconsortium.org/entities/0b0ef5c2b8786644f0b6bdef1c1d7a4f,,popv,5097,5085
https://entity.api.hubmapconsortium.org/entities/0b528e5d674fadada32215c364f6fcaa,,celltypist,759,759
https://entity.api.hubmapconsortium.org/entities/0b528e5d674fadada32215c364f6fcaa,,pan-human-azimuth,759,1
https://entity.api.hubmapconsortium.org/entities/0b528e5d674fadada32215c364f6fcaa,,popv,759,759
https://entity.api.hubmapconsortium.org/entities/0b590c9e3a62178da592e85572e2f1bf,,azimuth,7980,7980
https://entity.api.hubmapconsortium.org/entities/0b590c9e3a62178da592e85572e2f1bf,,celltypist,7980,7980
https://entity.api.hubmapconsortium.org/entities/0b590c9e3a62178da592e85572e2f1bf,,frmatch,7980,6278
https://entity.api.hubmapconsortium.org/entities/0b590c9e3a62178da592e85572e2f1bf,,pan-human-azimuth,7980,2500
https://entity.api.hubmapconsortium.org/entities/0b590c9e3a62178da592e85572e2f1bf,,popv,7980,7942
https://entity.api.hubmapconsortium.org/entities/0b6f63f2bd61a8c091fc7afc0f318ad1,,azimuth,20997,20997
https://entity.api.hubmapconsortium.org/entities/0b6f63f2bd61a8c091fc7afc0f318ad1,,pan-human-azimuth,20997,9177
https://entity.api.hubmapconsortium.org/entities/0b7015a55e38bd43b6cd6f58ddeb9059,,azimuth,31810,31810
https://entity.api.hubmapconsortium.org/entities/0b7015a55e38bd43b6cd6f58ddeb9059,,pan-human-azimuth,31810,2396
https://entity.api.hubmapconsortium.org/entities/0bcea0ab24e8bc5b0529b6f4d899ddad,,azimuth,25052,25052
https://entity.api.hubmapconsortium.org/entities/0bcea0ab24e8bc5b0529b6f4d899ddad,,pan-human-azimuth,25052,5961
https://entity.api.hubmapconsortium.org/entities/0cecd7cf1da6f81d3654c1712a5d61a2,,azimuth,31810,31810
https://entity.api.hubmapconsortium.org/entities/0cecd7cf1da6f81d3654c1712a5d61a2,,pan-human-azimuth,31810,2396
https://entity.api.hubmapconsortium.org/entities/0d1eb3d774a694b79e844987f771b183,,azimuth,6493,6493
https://entity.api.hubmapconsortium.org/entities/0d1eb3d774a694b79e844987f771b183,,pan-human-azimuth,6493,900
https://entity.api.hubmapconsortium.org/entities/0db9481caed92aec4cddc606108692d5,,azimuth,25949,25949
https://entity.api.hubmapconsortium.org/entities/0db9481caed92aec4cddc606108692d5,,pan-human-azimuth,25949,6962
https://entity.api.hubmapconsortium.org/entities/0f35f3bd23a8f773c7213d558338e74d,,pan-human-azimuth,6997,3337
https://entity.api.hubmapconsortium.org/entities/0f35f3bd23a8f773c7213d558338e74d,,popv,6997,6991
https://entity.api.hubmapconsortium.org/entities/10b22d398b548c141167d4d9c4cbd79e,,azimuth,23280,23280
https://entity.api.hubmapconsortium.org/entities/10b22d398b548c141167d4d9c4cbd79e,,pan-human-azimuth,23280,648
https://entity.api.hubmapconsortium.org/entities/11678046b4e78f95762acc47d3074dc5,,celltypist,6000,6000
https://entity.api.hubmapconsortium.org/entities/11678046b4e78f95762acc47d3074dc5,,pan-human-azimuth,6000,1670
https://entity.api.hubmapconsortium.org/entities/11678046b4e78f95762acc47d3074dc5,,popv,6000,5992
https://entity.api.hubmapconsortium.org/entities/12de9dcdb62640f1687b832f69648a55,,azimuth,7520,7520
https://entity.api.hubmapconsortium.org/entities/12de9dcdb62640f1687b832f69648a55,,pan-human-azimuth,7520,1732
https://entity.api.hubmapconsortium.org/entities/13bc02307be3a4660bee86299c91e095,,azimuth,10000,10000
https://entity.api.hubmapconsortium.org/entities/13bc02307be3a4660bee86299c91e095,,celltypist,10000,10000
https://entity.api.hubmapconsortium.org/entities/13bc02307be3a4660bee86299c91e095,,frmatch,10000,8488
https://entity.api.hubmapconsortium.org/entities/13bc02307be3a4660bee86299c91e095,,pan-human-azimuth,10000,3595
https://entity.api.hubmapconsortium.org/entities/13bc02307be3a4660bee86299c91e095,,popv,10000,9996
https://entity.api.hubmapconsortium.org/entities/13d882fbeae970f8fb08a6f0b76bf127,,azimuth,23104,23104
https://entity.api.hubmapconsortium.org/entities/13d882fbeae970f8fb08a6f0b76bf127,,pan-human-azimuth,23104,4075
https://entity.api.hubmapconsortium.org/entities/146b7acebdca53ce2ba64c4234215195,,azimuth,9998,9998
https://entity.api.hubmapconsortium.org/entities/146b7acebdca53ce2ba64c4234215195,,celltypist,9998,9998
https://entity.api.hubmapconsortium.org/entities/146b7acebdca53ce2ba64c4234215195,,frmatch,9998,9998
https://entity.api.hubmapconsortium.org/entities/146b7acebdca53ce2ba64c4234215195,,pan-human-azimuth,9998,3722
https://entity.api.hubmapconsortium.org/entities/146b7acebdca53ce2ba64c4234215195,,popv,9998,9166
https://entity.api.hubmapconsortium.org/entities/148d6445ed0cda5cabae377829013b4c,,celltypist,339,339
https://entity.api.hubmapconsortium.org/entities/148d6445ed0cda5cabae377829013b4c,,pan-human-azimuth,339,60
https://entity.api.hubmapconsortium.org/entities/148d6445ed0cda5cabae377829013b4c,,popv,339,339
https://entity.api.hubmapconsortium.org/entities/149e1be22a4961f9c6240480710836a3,,azimuth,100988,100988
https://entity.api.hubmapconsortium.org/entities/149e1be22a4961f9c6240480710836a3,,pan-human-azimuth,100988,8585
https://entity.api.hubmapconsortium.org/entities/15882fef75843d5cef518853a0e8246d,,azimuth,32493,32493
https://entity.api.hubmapconsortium.org/entities/15882fef75843d5cef518853a0e8246d,,pan-human-azimuth,32493,3489
https://entity.api.hubmapconsortium.org/entities/171bd6114652ce2a1ff0e4757b5eaef9,,azimuth,4899,4899
https://entity.api.hubmapconsortium.org/entities/171bd6114652ce2a1ff0e4757b5eaef9,,celltypist,4899,4899
https://entity.api.hubmapconsortium.org/entities/171bd6114652ce2a1ff0e4757b5eaef9,,frmatch,4899,4595
https://entity.api.hubmapconsortium.org/entities/171bd6114652ce2a1ff0e4757b5eaef9,,pan-human-azimuth,4899,1855
https://entity.api.hubmapconsortium.org/entities/171bd6114652ce2a1ff0e4757b5eaef9,,popv,4899,4774
https://entity.api.hubmapconsortium.org/entities/173de2e80adf6a73ac8cff5ccce20dfc,,azimuth,6997,6997
https://entity.api.hubmapconsortium.org/entities/173de2e80adf6a73ac8cff5ccce20dfc,,pan-human-azimuth,6997,3206
https://entity.api.hubmapconsortium.org/entities/174c43df28ab2ab737471d00a65d7730,,celltypist,1999,1999
https://entity.api.hubmapconsortium.org/entities/174c43df28ab2ab737471d00a65d7730,,pan-human-azimuth,1999,187
https://entity.api.hubmapconsortium.org/entities/174c43df28ab2ab737471d00a65d7730,,popv,1999,1996
https://entity.api.hubmapconsortium.org/entities/176edb4b0e16059522f6f087576fbeec,,azimuth,100921,100921
https://entity.api.hubmapconsortium.org/entities/176edb4b0e16059522f6f087576fbeec,,celltypist,100921,100921
https://entity.api.hubmapconsortium.org/entities/176edb4b0e16059522f6f087576fbeec,,pan-human-azimuth,100921,16161
https://entity.api.hubmapconsortium.org/entities/176edb4b0e16059522f6f087576fbeec,,popv,100921,60570
https://entity.api.hubmapconsortium.org/entities/17f67cb15e59f65e640d85d2f3866cde,,azimuth,55605,55605
https://entity.api.hubmapconsortium.org/entities/17f67cb15e59f65e640d85d2f3866cde,,celltypist,55605,55605
https://entity.api.hubmapconsortium.org/entities/17f67cb15e59f65e640d85d2f3866cde,,pan-human-azimuth,55605,4979
https://entity.api.hubmapconsortium.org/entities/17fb6d5db17936acc8fb613ce98ab808,,azimuth,20182,20182
https://entity.api.hubmapconsortium.org/entities/17fb6d5db17936acc8fb613ce98ab808,,pan-human-azimuth,20182,318
https://entity.api.hubmapconsortium.org/entities/19304b10d9e1f17af19cccb2feb014a5,,azimuth,53121,53121
https://entity.api.hubmapconsortium.org/entities/19304b10d9e1f17af19cccb2feb014a5,,celltypist,53121,53121
https://entity.api.hubmapconsortium.org/entities/19304b10d9e1f17af19cccb2feb014a5,,pan-human-azimuth,53121,5575
https://entity.api.hubmapconsortium.org/entities/1b5c7d45cb0e475b73f9280d092d34a5,,azimuth,18490,18490
https://entity.api.hubmapconsortium.org/entities/1b5c7d45cb0e475b73f9280d092d34a5,,pan-human-azimuth,18490,4165
https://entity.api.hubmapconsortium.org/entities/1c7aed43c995b32eb9b7233dce635529,,celltypist,240,240
https://entity.api.hubmapconsortium.org/entities/1c7aed43c995b32eb9b7233dce635529,,pan-human-azimuth,240,33
https://entity.api.hubmapconsortium.org/entities/1c7aed43c995b32eb9b7233dce635529,,popv,240,240
https://entity.api.hubmapconsortium.org/entities/1c8bfe669dcdf2c4564f3a4a1403cd92,,pan-human-azimuth,12958,5106
https://entity.api.hubmapconsortium.org/entities/1dc16eb0270ff73291dd45b6a96aa3c0,,azimuth,2997,2997
https://entity.api.hubmapconsortium.org/entities/1dc16eb0270ff73291dd45b6a96aa3c0,,pan-human-azimuth,2997,716
https://entity.api.hubmapconsortium.org/entities/1ea6c0ac5ba60fe35bf63af8699b6fbe,,azimuth,6999,6999
https://entity.api.hubmapconsortium.org/entities/1ea6c0ac5ba60fe35bf63af8699b6fbe,,pan-human-azimuth,6999,2567
https://entity.api.hubmapconsortium.org/entities/206d669d243f6dab04cc126a52cdab8d,,azimuth,18490,18490
https://entity.api.hubmapconsortium.org/entities/206d669d243f6dab04cc126a52cdab8d,,pan-human-azimuth,18490,4165
https://entity.api.hubmapconsortium.org/entities/21043afd6be7ec258f8a9fa1577c41b5,,azimuth,53637,53637
https://entity.api.hubmapconsortium.org/entities/21043afd6be7ec258f8a9fa1577c41b5,,celltypist,53637,53637
https://entity.api.hubmapconsortium.org/entities/21043afd6be7ec258f8a9fa1577c41b5,,pan-human-azimuth,53637,4506
https://entity.api.hubmapconsortium.org/entities/2107df00633f703d39e1ec74c271a9e5,,azimuth,21268,21268
https://entity.api.hubmapconsortium.org/entities/2107df00633f703d39e1ec74c271a9e5,,pan-human-azimuth,21268,4519
https://entity.api.hubmapconsortium.org/entities/224e01ccfc20977ee5a6a6a5b96aa7d7,,azimuth,14298,14298
https://entity.api.hubmapconsortium.org/entities/224e01ccfc20977ee5a6a6a5b96aa7d7,,celltypist,14298,14298
https://entity.api.hubmapconsortium.org/entities/224e01ccfc20977ee5a6a6a5b96aa7d7,,pan-human-azimuth,14298,2293
https://entity.api.hubmapconsortium.org/entities/22684b9011fc5aea5cb3f89670a461e8,,azimuth,50704,50704
https://entity.api.hubmapconsortium.org/entities/22684b9011fc5aea5cb3f89670a461e8,,celltypist,50704,50704
https://entity.api.hubmapconsortium.org/entities/22684b9011fc5aea5cb3f89670a461e8,,pan-human-azimuth,50704,4066
https://entity.api.hubmapconsortium.org/entities/237b8f24c23821690519af862cf25a9f,,azimuth,8688,8688
https://entity.api.hubmapconsortium.org/entities/237b8f24c23821690519af862cf25a9f,,celltypist,8688,8688
https://entity.api.hubmapconsortium.org/entities/237b8f24c23821690519af862cf25a9f,,frmatch,8688,6546
https://entity.api.hubmapconsortium.org/entities/237b8f24c23821690519af862cf25a9f,,pan-human-azimuth,8688,3252
https://entity.api.hubmapconsortium.org/entities/237b8f24c23821690519af862cf25a9f,,popv,8688,8686
https://entity.api.hubmapconsortium.org/entities/24f6fc63d7f0444d459de7f419701e86,,celltypist,1689,1689
https://entity.api.hubmapconsortium.org/entities/24f6fc63d7f0444d459de7f419701e86,,pan-human-azimuth,1689,335
https://entity.api.hubmapconsortium.org/entities/24f6fc63d7f0444d459de7f419701e86,,popv,1689,1687
https://entity.api.hubmapconsortium.org/entities/254801a318687281ba3e473569d89a45,,azimuth,100891,100891
https://entity.api.hubmapconsortium.org/entities/254801a318687281ba3e473569d89a45,,pan-human-azimuth,100891,7590
https://entity.api.hubmapconsortium.org/entities/2553283ad2c4dfe0033ba752fe204551,,azimuth,34608,34608
https://entity.api.hubmapconsortium.org/entities/2553283ad2c4dfe0033ba752fe204551,,pan-human-azimuth,34608,4447
https://entity.api.hubmapconsortium.org/entities/2638ed2b83e619710497ca2410dc1da1,,celltypist,841,841
https://entity.api.hubmapconsortium.org/entities/2638ed2b83e619710497ca2410dc1da1,,pan-human-azimuth,841,267
https://entity.api.hubmapconsortium.org/entities/2638ed2b83e619710497ca2410dc1da1,,popv,841,841
https://entity.api.hubmapconsortium.org/entities/2639e9e8488edddde275491cdbaae662,,azimuth,80881,80881
https://entity.api.hubmapconsortium.org/entities/2639e9e8488edddde275491cdbaae662,,pan-human-azimuth,80881,895
https://entity.api.hubmapconsortium.org/entities/266d58d22549461cd454c32084b9f7fe,,celltypist,3478,3478
https://entity.api.hubmapconsortium.org/entities/266d58d22549461cd454c32084b9f7fe,,pan-human-azimuth,3478,527
https://entity.api.hubmapconsortium.org/entities/266d58d22549461cd454c32084b9f7fe,,popv,3478,3474
https://entity.api.hubmapconsortium.org/entities/26e1f2991c6f67fa10e9670f1bc0da6a,,azimuth,49719,49719
https://entity.api.hubmapconsortium.org/entities/26e1f2991c6f67fa10e9670f1bc0da6a,,celltypist,49719,49719
https://entity.api.hubmapconsortium.org/entities/26e1f2991c6f67fa10e9670f1bc0da6a,,pan-human-azimuth,49719,2655
https://entity.api.hubmapconsortium.org/entities/277152f17b5a2f308820ab4d85c5a426,,celltypist,2119,2119
https://entity.api.hubmapconsortium.org/entities/277152f17b5a2f308820ab4d85c5a426,,pan-human-azimuth,2119,1551
https://entity.api.hubmapconsortium.org/entities/277152f17b5a2f308820ab4d85c5a426,,popv,2119,2108
https://entity.api.hubmapconsortium.org/entities/27db7c3986c56c8ce03e71779e7ce698,,celltypist,5988,5988
https://entity.api.hubmapconsortium.org/entities/27db7c3986c56c8ce03e71779e7ce698,,pan-human-azimuth,5988,603
https://entity.api.hubmapconsortium.org/entities/27db7c3986c56c8ce03e71779e7ce698,,popv,5988,5702
https://entity.api.hubmapconsortium.org/entities/28d7789ef980031fb7278646fe43ffe1,,azimuth,19439,19439
https://entity.api.hubmapconsortium.org/entities/28d7789ef980031fb7278646fe43ffe1,,pan-human-azimuth,19439,604
https://entity.api.hubmapconsortium.org/entities/293d9f9a1a076c616ed91d7251ec831c,,azimuth,100955,100955
https://entity.api.hubmapconsortium.org/entities/293d9f9a1a076c616ed91d7251ec831c,,celltypist,100955,100955
https://entity.api.hubmapconsortium.org/entities/293d9f9a1a076c616ed91d7251ec831c,,pan-human-azimuth,100955,20238
https://entity.api.hubmapconsortium.org/entities/293d9f9a1a076c616ed91d7251ec831c,,popv,100955,70898
https://entity.api.hubmapconsortium.org/entities/29596bee3f70b2bfc89d184fe38a3daa,,azimuth,25732,25732
https://entity.api.hubmapconsortium.org/entities/29596bee3f70b2bfc89d184fe38a3daa,,pan-human-azimuth,25732,4892
https://entity.api.hubmapconsortium.org/entities/2a4bc7e02193ed50cc8d692db06f042d,,celltypist,6000,6000
https://entity.api.hubmapconsortium.org/entities/2a4bc7e02193ed50cc8d692db06f042d,,pan-human-azimuth,6000,74
https://entity.api.hubmapconsortium.org/entities/2a4bc7e02193ed50cc8d692db06f042d,,popv,6000,4308
https://entity.api.hubmapconsortium.org/entities/2a590db3d7ab1e1512816b165d95cdcf,,azimuth,19439,19439
https://entity.api.hubmapconsortium.org/entities/2a590db3d7ab1e1512816b165d95cdcf,,pan-human-azimuth,19439,604
https://entity.api.hubmapconsortium.org/entities/2ae126ab16c264352b2d3d2607236b97,,celltypist,6000,6000
https://entity.api.hubmapconsortium.org/entities/2ae126ab16c264352b2d3d2607236b97,,pan-human-azimuth,6000,1364
https://entity.api.hubmapconsortium.org/entities/2ae126ab16c264352b2d3d2607236b97,,popv,6000,5823
https://entity.api.hubmapconsortium.org/entities/2bd350c08997ecfec9c22f453cf4e6af,,azimuth,19338,19338
https://entity.api.hubmapconsortium.org/entities/2bd350c08997ecfec9c22f453cf4e6af,,pan-human-azimuth,19338,2806
https://entity.api.hubmapconsortium.org/entities/2c718a10905c5941d4cc134a7027f808,,celltypist,6000,6000
https://entity.api.hubmapconsortium.org/entities/2c718a10905c5941d4cc134a7027f808,,pan-human-azimuth,6000,24
https://entity.api.hubmapconsortium.org/entities/2c718a10905c5941d4cc134a7027f808,,popv,6000,3688
https://entity.api.hubmapconsortium.org/entities/2c84a86ab51ec3a1168d8ba573d32c0a,,azimuth,25362,25362
https://entity.api.hubmapconsortium.org/entities/2c84a86ab51ec3a1168d8ba573d32c0a,,pan-human-azimuth,25362,2880
https://entity.api.hubmapconsortium.org/entities/2cd4eabca0b653af7f3b79534b2d641f,,azimuth,11185,11185
https://entity.api.hubmapconsortium.org/entities/2cd4eabca0b653af7f3b79534b2d641f,,pan-human-azimuth,11185,625
https://entity.api.hubmapconsortium.org/entities/2d0deacd8be70eefbdc33ac107d97e58,,azimuth,52534,52534
https://entity.api.hubmapconsortium.org/entities/2d0deacd8be70eefbdc33ac107d97e58,,celltypist,52534,52534
https://entity.api.hubmapconsortium.org/entities/2d0deacd8be70eefbdc33ac107d97e58,,pan-human-azimuth,52534,2432
https://entity.api.hubmapconsortium.org/entities/2d2356cf5b4eb114d958c31346c3dd2f,,azimuth,20182,20182
https://entity.api.hubmapconsortium.org/entities/2d2356cf5b4eb114d958c31346c3dd2f,,pan-human-azimuth,20182,318
https://entity.api.hubmapconsortium.org/entities/2d3dbd5e5a3d9d5cfc7a46f06815a4eb,,azimuth,53149,53149
https://entity.api.hubmapconsortium.org/entities/2d3dbd5e5a3d9d5cfc7a46f06815a4eb,,celltypist,53149,53149
https://entity.api.hubmapconsortium.org/entities/2d3dbd5e5a3d9d5cfc7a46f06815a4eb,,pan-human-azimuth,53149,4894
https://entity.api.hubmapconsortium.org/entities/2d8b8b5f4cf8b1f955b1b823ae9a9441,,azimuth,26087,26087
https://entity.api.hubmapconsortium.org/entities/2d8b8b5f4cf8b1f955b1b823ae9a9441,,pan-human-azimuth,26087,2003
https://entity.api.hubmapconsortium.org/entities/2dac500177620d78ca174c2c1d36a6c8,,azimuth,100955,100955
https://entity.api.hubmapconsortium.org/entities/2dac500177620d78ca174c2c1d36a6c8,,celltypist,100955,100955
https://entity.api.hubmapconsortium.org/entities/2dac500177620d78ca174c2c1d36a6c8,,pan-human-azimuth,100955,20242
https://entity.api.hubmapconsortium.org/entities/2dac500177620d78ca174c2c1d36a6c8,,popv,100955,70900
https://entity.api.hubmapconsortium.org/entities/2de7b69ad82967808cfb149374940f28,,azimuth,20000,20000
https://entity.api.hubmapconsortium.org/entities/2de7b69ad82967808cfb149374940f28,,celltypist,20000,20000
https://entity.api.hubmapconsortium.org/entities/2de7b69ad82967808cfb149374940f28,,frmatch,20000,13769
https://entity.api.hubmapconsortium.org/entities/2de7b69ad82967808cfb149374940f28,,pan-human-azimuth,20000,5720
https://entity.api.hubmapconsortium.org/entities/2de7b69ad82967808cfb149374940f28,,popv,20000,19998
https://entity.api.hubmapconsortium.org/entities/2e4ae8b2f845f62e77cea46ef074981c,,azimuth,36076,36076
https://entity.api.hubmapconsortium.org/entities/2e4ae8b2f845f62e77cea46ef074981c,,pan-human-azimuth,36076,4753
https://entity.api.hubmapconsortium.org/entities/2e5d99a013d0478aa07e33090bd86946,,azimuth,8999,8999
https://entity.api.hubmapconsortium.org/entities/2e5d99a013d0478aa07e33090bd86946,,celltypist,8999,8999
https://entity.api.hubmapconsortium.org/entities/2e5d99a013d0478aa07e33090bd86946,,frmatch,8999,4494
https://entity.api.hubmapconsortium.org/entities/2e5d99a013d0478aa07e33090bd86946,,pan-human-azimuth,8999,3153
https://entity.api.hubmapconsortium.org/entities/2e5d99a013d0478aa07e33090bd86946,,popv,8999,8981
https://entity.api.hubmapconsortium.org/entities/2eca1430db3b9a4129bff717925fe932,,celltypist,5996,5996
https://entity.api.hubmapconsortium.org/entities/2eca1430db3b9a4129bff717925fe932,,pan-human-azimuth,5996,1428
https://entity.api.hubmapconsortium.org/entities/2eca1430db3b9a4129bff717925fe932,,popv,5996,4844
https://entity.api.hubmapconsortium.org/entities/2ee93cd3a39b317d58d3f308281a943e,,azimuth,21812,21812
https://entity.api.hubmapconsortium.org/entities/2ee93cd3a39b317d58d3f308281a943e,,pan-human-azimuth,21812,524
https://entity.api.hubmapconsortium.org/entities/30a94db595b402bd813b020b0c51e233,,azimuth,37195,37195
https://entity.api.hubmapconsortium.org/entities/30a94db595b402bd813b020b0c51e233,,pan-human-azimuth,37195,5387
https://entity.api.hubmapconsortium.org/entities/3152ddcb811d362113ebb119602f2cd4,,azimuth,4856,4856
https://entity.api.hubmapconsortium.org/entities/3152ddcb811d362113ebb119602f2cd4,,celltypist,4856,4856
https://entity.api.hubmapconsortium.org/entities/3152ddcb811d362113ebb119602f2cd4,,frmatch,4856,4320
https://entity.api.hubmapconsortium.org/entities/3152ddcb811d362113ebb119602f2cd4,,pan-human-azimuth,4856,1597
https://entity.api.hubmapconsortium.org/entities/3152ddcb811d362113ebb119602f2cd4,,popv,4856,4828
https://entity.api.hubmapconsortium.org/entities/319aafd9420a0c1c6f175d6a2ef060a9,,pan-human-azimuth,8270,956
https://entity.api.hubmapconsortium.org/entities/319aafd9420a0c1c6f175d6a2ef060a9,,popv,8270,8107
https://entity.api.hubmapconsortium.org/entities/32b783576b6c88fec03f5e5988e3effa,,azimuth,27982,27982
https://entity.api.hubmapconsortium.org/entities/32b783576b6c88fec03f5e5988e3effa,,pan-human-azimuth,27982,5511
https://entity.api.hubmapconsortium.org/entities/33b9c54d7c295897826e1e5271d4fc24,,azimuth,736,736
https://entity.api.hubmapconsortium.org/entities/33b9c54d7c295897826e1e5271d4fc24,,celltypist,736,736
https://entity.api.hubmapconsortium.org/entities/33b9c54d7c295897826e1e5271d4fc24,,pan-human-azimuth,736,178
https://entity.api.hubmapconsortium.org/entities/33c0ce043ae331ea23fc80023428e534,,azimuth,80881,80881
https://entity.api.hubmapconsortium.org/entities/33c0ce043ae331ea23fc80023428e534,,pan-human-azimuth,80881,897
https://entity.api.hubmapconsortium.org/entities/35234b5e3eda236bb80ef3722da366f7,,azimuth,22734,22734
https://entity.api.hubmapconsortium.org/entities/35234b5e3eda236bb80ef3722da366f7,,pan-human-azimuth,22734,3800
https://entity.api.hubmapconsortium.org/entities/35e9bf0f58152ceb6f4d01052ac8867d,,azimuth,49719,49719
https://entity.api.hubmapconsortium.org/entities/35e9bf0f58152ceb6f4d01052ac8867d,,celltypist,49719,49719
https://entity.api.hubmapconsortium.org/entities/35e9bf0f58152ceb6f4d01052ac8867d,,pan-human-azimuth,49719,2655
https://entity.api.hubmapconsortium.org/entities/35f5b75a7e3d0711f16b0a10219586fb,,azimuth,3183,3183
https://entity.api.hubmapconsortium.org/entities/35f5b75a7e3d0711f16b0a10219586fb,,pan-human-azimuth,3183,610
https://entity.api.hubmapconsortium.org/entities/365d954aadc27b928c1e92a838b952f8,,pan-human-azimuth,10999,4283
https://entity.api.hubmapconsortium.org/entities/367fee3b40cba682063289505b922be1,,azimuth,12000,12000
https://entity.api.hubmapconsortium.org/entities/367fee3b40cba682063289505b922be1,,pan-human-azimuth,12000,3042
https://entity.api.hubmapconsortium.org/entities/377df3da484d29fdde20ec020a76ba1b,,azimuth,2820,2820
https://entity.api.hubmapconsortium.org/entities/377df3da484d29fdde20ec020a76ba1b,,pan-human-azimuth,2820,788
https://entity.api.hubmapconsortium.org/entities/37988db44acc8d0780e4e31cd057e789,,azimuth,3183,3183
https://entity.api.hubmapconsortium.org/entities/37988db44acc8d0780e4e31cd057e789,,pan-human-azimuth,3183,610
https://entity.api.hubmapconsortium.org/entities/37ccf28cb5c06e8ba076f587ee4e50be,,azimuth,8201,8201
https://entity.api.hubmapconsortium.org/entities/37ccf28cb5c06e8ba076f587ee4e50be,,celltypist,8201,8201
https://entity.api.hubmapconsortium.org/entities/37ccf28cb5c06e8ba076f587ee4e50be,,frmatch,8201,1337
https://entity.api.hubmapconsortium.org/entities/37ccf28cb5c06e8ba076f587ee4e50be,,pan-human-azimuth,8201,2302
https://entity.api.hubmapconsortium.org/entities/37ccf28cb5c06e8ba076f587ee4e50be,,popv,8201,8126
https://entity.api.hubmapconsortium.org/entities/391061b538480d6d630bdfec283c0293,,pan-human-azimuth,6187,857
https://entity.api.hubmapconsortium.org/entities/391061b538480d6d630bdfec283c0293,,popv,6187,5866
https://entity.api.hubmapconsortium.org/entities/39d51c436734e5750bf84553ef7eaf85,,celltypist,4434,4434
https://entity.api.hubmapconsortium.org/entities/39d51c436734e5750bf84553ef7eaf85,,pan-human-azimuth,4434,1943
https://entity.api.hubmapconsortium.org/entities/39d51c436734e5750bf84553ef7eaf85,,popv,4434,4429
https://entity.api.hubmapconsortium.org/entities/39e55aa4b6953651230feff506c00fec,,azimuth,22734,22734
https://entity.api.hubmapconsortium.org/entities/39e55aa4b6953651230feff506c00fec,,pan-human-azimuth,22734,3800
https://entity.api.hubmapconsortium.org/entities/3bb5f743b039cb620d7ef234e0876f7a,,azimuth,6410,6410
https://entity.api.hubmapconsortium.org/entities/3bb5f743b039cb620d7ef234e0876f7a,,pan-human-azimuth,6410,1299
https://entity.api.hubmapconsortium.org/entities/3c1b10bc912c60c9afc36b7423695236,,azimuth,1500,1500
https://entity.api.hubmapconsortium.org/entities/3c1b10bc912c60c9afc36b7423695236,,pan-human-azimuth,1500,354
https://entity.api.hubmapconsortium.org/entities/3d0bf870aaa607cd0bd0146a461ea0ac,,azimuth,736,736
https://entity.api.hubmapconsortium.org/entities/3d0bf870aaa607cd0bd0146a461ea0ac,,celltypist,736,736
https://entity.api.hubmapconsortium.org/entities/3d0bf870aaa607cd0bd0146a461ea0ac,,pan-human-azimuth,736,178
https://entity.api.hubmapconsortium.org/entities/3de525fe3e5718f297e8d62e037a042d,,celltypist,6000,6000
https://entity.api.hubmapconsortium.org/entities/3de525fe3e5718f297e8d62e037a042d,,pan-human-azimuth,6000,1711
https://entity.api.hubmapconsortium.org/entities/3de525fe3e5718f297e8d62e037a042d,,popv,6000,5998
https://entity.api.hubmapconsortium.org/entities/3e1d2641c370e6d6c47ff51d34fe5a58,,celltypist,5981,5981
https://entity.api.hubmapconsortium.org/entities/3e1d2641c370e6d6c47ff51d34fe5a58,,pan-human-azimuth,5981,453
https://entity.api.hubmapconsortium.org/entities/3e1d2641c370e6d6c47ff51d34fe5a58,,popv,5981,2312
https://entity.api.hubmapconsortium.org/entities/3e6bdf82a2c9fb71ee98dff673b505af,,celltypist,6000,6000
https://entity.api.hubmapconsortium.org/entities/3e6bdf82a2c9fb71ee98dff673b505af,,pan-human-azimuth,6000,39
https://entity.api.hubmapconsortium.org/entities/3e6bdf82a2c9fb71ee98dff673b505af,,popv,6000,530
https://entity.api.hubmapconsortium.org/entities/3f3d9117172a7ebda1a57b2d871ce1be,,celltypist,4921,4921
https://entity.api.hubmapconsortium.org/entities/3f3d9117172a7ebda1a57b2d871ce1be,,pan-human-azimuth,4921,1177
https://entity.api.hubmapconsortium.org/entities/3f3d9117172a7ebda1a57b2d871ce1be,,popv,4921,4884
https://entity.api.hubmapconsortium.org/entities/3febd011f193673c6f87a60718dd8f96,,azimuth,7499,7499
https://entity.api.hubmapconsortium.org/entities/3febd011f193673c6f87a60718dd8f96,,celltypist,7499,7499
https://entity.api.hubmapconsortium.org/entities/3febd011f193673c6f87a60718dd8f96,,frmatch,7499,5685
https://entity.api.hubmapconsortium.org/entities/3febd011f193673c6f87a60718dd8f96,,pan-human-azimuth,7499,2554
https://entity.api.hubmapconsortium.org/entities/3febd011f193673c6f87a60718dd8f96,,popv,7499,7491
https://entity.api.hubmapconsortium.org/entities/3ff97368165004ae9e3b799cef261a2a,,pan-human-azimuth,18988,3673
https://entity.api.hubmapconsortium.org/entities/3ff97368165004ae9e3b799cef261a2a,,popv,18988,18986
https://entity.api.hubmapconsortium.org/entities/41dab04d801d21bfc99328c9e249cc68,,azimuth,25712,25712
https://entity.api.hubmapconsortium.org/entities/41dab04d801d21bfc99328c9e249cc68,,pan-human-azimuth,25712,5161
https://entity.api.hubmapconsortium.org/entities/42ab155ddff1d33fe1c505c067828614,,azimuth,8307,8307
https://entity.api.hubmapconsortium.org/entities/42ab155ddff1d33fe1c505c067828614,,pan-human-azimuth,8307,990
https://entity.api.hubmapconsortium.org/entities/4348d5cf6485b949381a1c3358ab3f23,,azimuth,29295,29295
https://entity.api.hubmapconsortium.org/entities/4348d5cf6485b949381a1c3358ab3f23,,pan-human-azimuth,29295,3772
https://entity.api.hubmapconsortium.org/entities/434fbc55d458dc4e06da9ba4961f3840,,azimuth,5845,5845
https://entity.api.hubmapconsortium.org/entities/434fbc55d458dc4e06da9ba4961f3840,,pan-human-azimuth,5845,1079
https://entity.api.hubmapconsortium.org/entities/4369a119a9c06ea304003a5c3cb3a2e0,,azimuth,100986,100986
https://entity.api.hubmapconsortium.org/entities/4369a119a9c06ea304003a5c3cb3a2e0,,celltypist,100986,100986
https://entity.api.hubmapconsortium.org/entities/4369a119a9c06ea304003a5c3cb3a2e0,,pan-human-azimuth,100986,20348
https://entity.api.hubmapconsortium.org/entities/4369a119a9c06ea304003a5c3cb3a2e0,,popv,100986,75781
https://entity.api.hubmapconsortium.org/entities/43b15fb53db3518a5b1b0dcd4a63ddda,,pan-human-azimuth,10992,3117
https://entity.api.hubmapconsortium.org/entities/43b15fb53db3518a5b1b0dcd4a63ddda,,popv,10992,10990
https://entity.api.hubmapconsortium.org/entities/44830922b634a9ecd4812b4f27ad4923,,azimuth,22799,22799
https://entity.api.hubmapconsortium.org/entities/44830922b634a9ecd4812b4f27ad4923,,pan-human-azimuth,22799,472
https://entity.api.hubmapconsortium.org/entities/450581eb06aeeb66419b4007d5e86baa,,azimuth,30187,30187
https://entity.api.hubmapconsortium.org/entities/450581eb06aeeb66419b4007d5e86baa,,pan-human-azimuth,30187,3054
https://entity.api.hubmapconsortium.org/entities/453b06e1f62ec3e54d8380e4e974a5a5,,celltypist,10725,10725
https://entity.api.hubmapconsortium.org/entities/453b06e1f62ec3e54d8380e4e974a5a5,,pan-human-azimuth,10725,1123
https://entity.api.hubmapconsortium.org/entities/453b06e1f62ec3e54d8380e4e974a5a5,,popv,10725,10700
https://entity.api.hubmapconsortium.org/entities/47015df8ab7615a9ce26098d88196dde,,azimuth,19243,19243
https://entity.api.hubmapconsortium.org/entities/47015df8ab7615a9ce26098d88196dde,,pan-human-azimuth,19243,3777
https://entity.api.hubmapconsortium.org/entities/4734034ae3026f586bab5269085ba0e6,,azimuth,22799,22799
https://entity.api.hubmapconsortium.org/entities/4734034ae3026f586bab5269085ba0e6,,pan-human-azimuth,22799,472
https://entity.api.hubmapconsortium.org/entities/494be3179855c071121a9307e0e84683,,pan-human-azimuth,8999,2545
https://entity.api.hubmapconsortium.org/entities/494be3179855c071121a9307e0e84683,,popv,8999,8986
https://entity.api.hubmapconsortium.org/entities/4a535055190943788c69d672ba1c8a71,,celltypist,6000,6000
https://entity.api.hubmapconsortium.org/entities/4a535055190943788c69d672ba1c8a71,,pan-human-azimuth,6000,1405
https://entity.api.hubmapconsortium.org/entities/4a535055190943788c69d672ba1c8a71,,popv,6000,5899
https://entity.api.hubmapconsortium.org/entities/4b16c24a3997ea8754921b0f1d60bc4d,,azimuth,6601,6601
https://entity.api.hubmapconsortium.org/entities/4b16c24a3997ea8754921b0f1d60bc4d,,celltypist,6601,6601
https://entity.api.hubmapconsortium.org/entities/4b16c24a3997ea8754921b0f1d60bc4d,,frmatch,6601,6121
https://entity.api.hubmapconsortium.org/entities/4b16c24a3997ea8754921b0f1d60bc4d,,pan-human-azimuth,6601,2769
https://entity.api.hubmapconsortium.org/entities/4b16c24a3997ea8754921b0f1d60bc4d,,popv,6601,6594
https://entity.api.hubmapconsortium.org/entities/4b3d4efca2e64a650e943c7bf63f9830,,pan-human-azimuth,8993,1990
https://entity.api.hubmapconsortium.org/entities/4b3d4efca2e64a650e943c7bf63f9830,,popv,8993,8983
https://entity.api.hubmapconsortium.org/entities/4b5dc6d04aa30a6eb0b224a7ab7d03b3,,azimuth,99907,99907
https://entity.api.hubmapconsortium.org/entities/4b5dc6d04aa30a6eb0b224a7ab7d03b3,,pan-human-azimuth,99907,2454
https://entity.api.hubmapconsortium.org/entities/4b62d9d2c248323ce029859f953fdc57,,azimuth,4000,4000
https://entity.api.hubmapconsortium.org/entities/4b62d9d2c248323ce029859f953fdc57,,pan-human-azimuth,4000,1553
https://entity.api.hubmapconsortium.org/entities/4c031c4aba3b656a07a5ab14a305cbba,,azimuth,10996,10996
https://entity.api.hubmapconsortium.org/entities/4c031c4aba3b656a07a5ab14a305cbba,,celltypist,10996,10996
https://entity.api.hubmapconsortium.org/entities/4c031c4aba3b656a07a5ab14a305cbba,,frmatch,10996,9451
https://entity.api.hubmapconsortium.org/entities/4c031c4aba3b656a07a5ab14a305cbba,,pan-human-azimuth,10996,4613
https://entity.api.hubmapconsortium.org/entities/4c031c4aba3b656a07a5ab14a305cbba,,popv,10996,10989
https://entity.api.hubmapconsortium.org/entities/4c435d2297941eafda7fe30f327f88ec,,azimuth,14298,14298
https://entity.api.hubmapconsortium.org/entities/4c435d2297941eafda7fe30f327f88ec,,celltypist,14298,14298
https://entity.api.hubmapconsortium.org/entities/4c435d2297941eafda7fe30f327f88ec,,pan-human-azimuth,14298,2293
https://entity.api.hubmapconsortium.org/entities/4c4a3047474bf43ea46ca99157c460e1,,celltypist,3188,3188
https://entity.api.hubmapconsortium.org/entities/4c4a3047474bf43ea46ca99157c460e1,,pan-human-azimuth,3188,841
https://entity.api.hubmapconsortium.org/entities/4c4a3047474bf43ea46ca99157c460e1,,popv,3188,3182
https://entity.api.hubmapconsortium.org/entities/4de0f783e9ba5fc7a93b061718e9b975,,azimuth,10999,10999
https://entity.api.hubmapconsortium.org/entities/4de0f783e9ba5fc7a93b061718e9b975,,celltypist,10999,10999
https://entity.api.hubmapconsortium.org/entities/4de0f783e9ba5fc7a93b061718e9b975,,frmatch,10999,291
https://entity.api.hubmapconsortium.org/entities/4de0f783e9ba5fc7a93b061718e9b975,,pan-human-azimuth,10999,3643
https://entity.api.hubmapconsortium.org/entities/4de0f783e9ba5fc7a93b061718e9b975,,popv,10999,10937
https://entity.api.hubmapconsortium.org/entities/4e372aa4f8cfce62f2663c5ef810409a,,azimuth,19439,19439
https://entity.api.hubmapconsortium.org/entities/4e372aa4f8cfce62f2663c5ef810409a,,pan-human-azimuth,19439,604
https://entity.api.hubmapconsortium.org/entities/4e9a64e657cca28ad36bd2c62693b6e0,,celltypist,4300,4300
https://entity.api.hubmapconsortium.org/entities/4e9a64e657cca28ad36bd2c62693b6e0,,pan-human-azimuth,4300,1656
https://entity.api.hubmapconsortium.org/entities/4e9a64e657cca28ad36bd2c62693b6e0,,popv,4300,4297
https://entity.api.hubmapconsortium.org/entities/4fd71a24a7a81141700b26e9a9890172,,celltypist,5999,5999
https://entity.api.hubmapconsortium.org/entities/4fd71a24a7a81141700b26e9a9890172,,pan-human-azimuth,5999,2073
https://entity.api.hubmapconsortium.org/entities/4fd71a24a7a81141700b26e9a9890172,,popv,5999,5994
https://entity.api.hubmapconsortium.org/entities/5039cf8619f6f8b5b4a14af1037e1d1f,,azimuth,4824,4824
https://entity.api.hubmapconsortium.org/entities/5039cf8619f6f8b5b4a14af1037e1d1f,,pan-human-azimuth,4824,807
https://entity.api.hubmapconsortium.org/entities/5137facf6f24b87d325b886ec8e5fb1f,,azimuth,30187,30187
https://entity.api.hubmapconsortium.org/entities/5137facf6f24b87d325b886ec8e5fb1f,,pan-human-azimuth,30187,3054
https://entity.api.hubmapconsortium.org/entities/51bc718e411810044e4258dae80ff044,,azimuth,20043,20043
https://entity.api.hubmapconsortium.org/entities/51bc718e411810044e4258dae80ff044,,pan-human-azimuth,20043,4652
https://entity.api.hubmapconsortium.org/entities/51bfd85763954248725ebf69f0dde5eb,,azimuth,27278,27278
https://entity.api.hubmapconsortium.org/entities/51bfd85763954248725ebf69f0dde5eb,,pan-human-azimuth,27278,6128
https://entity.api.hubmapconsortium.org/entities/524dc341a03c155b6f4140e9d72f9b1d,,azimuth,6228,6228
https://entity.api.hubmapconsortium.org/entities/524dc341a03c155b6f4140e9d72f9b1d,,pan-human-azimuth,6228,1488
https://entity.api.hubmapconsortium.org/entities/52ec5e111357f8fdd4ab2a3c5790cf4e,,azimuth,6410,6410
https://entity.api.hubmapconsortium.org/entities/52ec5e111357f8fdd4ab2a3c5790cf4e,,pan-human-azimuth,6410,1299
https://entity.api.hubmapconsortium.org/entities/5318d00bccc1b48f96185e36546ea0b1,,pan-human-azimuth,12916,2550
https://entity.api.hubmapconsortium.org/entities/53fe8a84564b313d4e8ee90f337129dc,,azimuth,8201,8201
https://entity.api.hubmapconsortium.org/entities/53fe8a84564b313d4e8ee90f337129dc,,celltypist,8201,8201
https://entity.api.hubmapconsortium.org/entities/53fe8a84564b313d4e8ee90f337129dc,,frmatch,8201,1779
https://entity.api.hubmapconsortium.org/entities/53fe8a84564b313d4e8ee90f337129dc,,pan-human-azimuth,8201,2302
https://entity.api.hubmapconsortium.org/entities/53fe8a84564b313d4e8ee90f337129dc,,popv,8201,8126
https://entity.api.hubmapconsortium.org/entities/55452bd302046918eaeeffa62c5b5f03,,azimuth,25732,25732
https://entity.api.hubmapconsortium.org/entities/55452bd302046918eaeeffa62c5b5f03,,pan-human-azimuth,25732,4892
https://entity.api.hubmapconsortium.org/entities/56060793c38c82d8c312e5e05d5d189b,,pan-human-azimuth,18993,7018
https://entity.api.hubmapconsortium.org/entities/56060793c38c82d8c312e5e05d5d189b,,popv,18993,18990
https://entity.api.hubmapconsortium.org/entities/56742ee7dcbe8b03d964f519009db12d,,azimuth,100928,100928
https://entity.api.hubmapconsortium.org/entities/56742ee7dcbe8b03d964f519009db12d,,pan-human-azimuth,100928,4328
https://entity.api.hubmapconsortium.org/entities/56cbda4789f04d79c0c3dffe21816d48,,azimuth,8999,8999
https://entity.api.hubmapconsortium.org/entities/56cbda4789f04d79c0c3dffe21816d48,,pan-human-azimuth,8999,3876
https://entity.api.hubmapconsortium.org/entities/57054da2dbe87b93f1adb78444086963,,azimuth,10398,10398
https://entity.api.hubmapconsortium.org/entities/57054da2dbe87b93f1adb78444086963,,pan-human-azimuth,10398,1340
https://entity.api.hubmapconsortium.org/entities/578f1282276ddc1cc4c4817e4950f13c,,pan-human-azimuth,10998,1879
https://entity.api.hubmapconsortium.org/entities/578f1282276ddc1cc4c4817e4950f13c,,popv,10998,10995
https://entity.api.hubmapconsortium.org/entities/58167d0f778284d5b95af782bd8132da,,azimuth,100527,100527
https://entity.api.hubmapconsortium.org/entities/58167d0f778284d5b95af782bd8132da,,celltypist,100527,100527
https://entity.api.hubmapconsortium.org/entities/58167d0f778284d5b95af782bd8132da,,frmatch,100527,11085
https://entity.api.hubmapconsortium.org/entities/58167d0f778284d5b95af782bd8132da,,pan-human-azimuth,100527,2240
https://entity.api.hubmapconsortium.org/entities/58167d0f778284d5b95af782bd8132da,,popv,100527,8201
https://entity.api.hubmapconsortium.org/entities/5908774e08f8a32737cdfe70e868a944,,azimuth,23104,23104
https://entity.api.hubmapconsortium.org/entities/5908774e08f8a32737cdfe70e868a944,,pan-human-azimuth,23104,4075
https://entity.api.hubmapconsortium.org/entities/59249f23ecdcc975c90de9a1956a5285,,azimuth,9801,9801
https://entity.api.hubmapconsortium.org/entities/59249f23ecdcc975c90de9a1956a5285,,pan-human-azimuth,9801,1215
https://entity.api.hubmapconsortium.org/entities/5a5ca03fa623602d9a859224aa40ace4,,azimuth,3996,3996
https://entity.api.hubmapconsortium.org/entities/5a5ca03fa623602d9a859224aa40ace4,,pan-human-azimuth,3996,663
https://entity.api.hubmapconsortium.org/entities/5a6470730104461ebb4358a11f70bd56,,azimuth,36076,36076
https://entity.api.hubmapconsortium.org/entities/5a6470730104461ebb4358a11f70bd56,,pan-human-azimuth,36076,4753
https://entity.api.hubmapconsortium.org/entities/5c57b3574a103e4990c8ed54cd82c6e6,,azimuth,23280,23280
https://entity.api.hubmapconsortium.org/entities/5c57b3574a103e4990c8ed54cd82c6e6,,pan-human-azimuth,23280,648
https://entity.api.hubmapconsortium.org/entities/5d111a1db2f18d507d23e79b993e1e4a,,azimuth,8430,8430
https://entity.api.hubmapconsortium.org/entities/5d111a1db2f18d507d23e79b993e1e4a,,celltypist,8430,8430
https://entity.api.hubmapconsortium.org/entities/5d111a1db2f18d507d23e79b993e1e4a,,frmatch,8430,2749
https://entity.api.hubmapconsortium.org/entities/5d111a1db2f18d507d23e79b993e1e4a,,pan-human-azimuth,8430,2973
https://entity.api.hubmapconsortium.org/entities/5d111a1db2f18d507d23e79b993e1e4a,,popv,8430,8419
https://entity.api.hubmapconsortium.org/entities/5d333ab22f05d83c6a5ba4848a50b058,,celltypist,6000,6000
https://entity.api.hubmapconsortium.org/entities/5d333ab22f05d83c6a5ba4848a50b058,,pan-human-azimuth,6000,47
https://entity.api.hubmapconsortium.org/entities/5d333ab22f05d83c6a5ba4848a50b058,,popv,6000,1287
https://entity.api.hubmapconsortium.org/entities/5e2aaccdea5c209e217888f2c20ea64b,,celltypist,5998,5998
https://entity.api.hubmapconsortium.org/entities/5e2aaccdea5c209e217888f2c20ea64b,,pan-human-azimuth,5998,73
https://entity.api.hubmapconsortium.org/entities/5e2aaccdea5c209e217888f2c20ea64b,,popv,5998,1981
https://entity.api.hubmapconsortium.org/entities/5e919343564577bb99b140142061fd5f,,celltypist,6000,6000
https://entity.api.hubmapconsortium.org/entities/5e919343564577bb99b140142061fd5f,,pan-human-azimuth,6000,647
https://entity.api.hubmapconsortium.org/entities/5e919343564577bb99b140142061fd5f,,popv,6000,5705
https://entity.api.hubmapconsortium.org/entities/5ee240959c96b49d960702755478b9fc,,azimuth,3999,3999
https://entity.api.hubmapconsortium.org/entities/5ee240959c96b49d960702755478b9fc,,pan-human-azimuth,3999,1052
https://entity.api.hubmapconsortium.org/entities/5f4e84e77fd0e4dec0c4d1cab468de15,,azimuth,31580,31580
https://entity.api.hubmapconsortium.org/entities/5f4e84e77fd0e4dec0c4d1cab468de15,,pan-human-azimuth,31580,4833
https://entity.api.hubmapconsortium.org/entities/5fc97f5cb77f786b629692f9f9281075,,pan-human-azimuth,10996,3212
https://entity.api.hubmapconsortium.org/entities/615462a0e4aa133d8b19644c404e3eeb,,azimuth,100485,100485
https://entity.api.hubmapconsortium.org/entities/615462a0e4aa133d8b19644c404e3eeb,,pan-human-azimuth,100485,3587
https://entity.api.hubmapconsortium.org/entities/62efbe0a6abd0bcf53ab9ab29e7cd73f,,azimuth,7000,7000
https://entity.api.hubmapconsortium.org/entities/62efbe0a6abd0bcf53ab9ab29e7cd73f,,pan-human-azimuth,7000,2342
https://entity.api.hubmapconsortium.org/entities/63349325056ccff582f1d095055c7e12,,azimuth,8342,8342
https://entity.api.hubmapconsortium.org/entities/63349325056ccff582f1d095055c7e12,,pan-human-azimuth,8342,930
https://entity.api.hubmapconsortium.org/entities/634511b7c63c16cfb51dc867c65cfc91,,azimuth,21563,21563
https://entity.api.hubmapconsortium.org/entities/634511b7c63c16cfb51dc867c65cfc91,,pan-human-azimuth,21563,3337
https://entity.api.hubmapconsortium.org/entities/665240df9b955c015cc89823fae976b5,,azimuth,12997,12997
https://entity.api.hubmapconsortium.org/entities/665240df9b955c015cc89823fae976b5,,celltypist,12997,12997
https://entity.api.hubmapconsortium.org/entities/665240df9b955c015cc89823fae976b5,,frmatch,12997,12997
https://entity.api.hubmapconsortium.org/entities/665240df9b955c015cc89823fae976b5,,pan-human-azimuth,12997,6530
https://entity.api.hubmapconsortium.org/entities/665240df9b955c015cc89823fae976b5,,popv,12997,12992
https://entity.api.hubmapconsortium.org/entities/674116f3bb6c85dc933ea4ce6ffab05f,,azimuth,32493,32493
https://entity.api.hubmapconsortium.org/entities/674116f3bb6c85dc933ea4ce6ffab05f,,pan-human-azimuth,32493,3489
https://entity.api.hubmapconsortium.org/entities/6751b407aa567865e4aa0bff3bd80a78,,celltypist,1872,1872
https://entity.api.hubmapconsortium.org/entities/6751b407aa567865e4aa0bff3bd80a78,,pan-human-azimuth,1872,729
https://entity.api.hubmapconsortium.org/entities/6751b407aa567865e4aa0bff3bd80a78,,popv,1872,1871
https://entity.api.hubmapconsortium.org/entities/67c6b239cf0986423273c874dd8c5e66,,azimuth,34304,34304
https://entity.api.hubmapconsortium.org/entities/67c6b239cf0986423273c874dd8c5e66,,pan-human-azimuth,34304,4154
https://entity.api.hubmapconsortium.org/entities/67d7b5a3fb4f64a1f714d4369fdedc16,,celltypist,4294,4294
https://entity.api.hubmapconsortium.org/entities/67d7b5a3fb4f64a1f714d4369fdedc16,,pan-human-azimuth,4294,1632
https://entity.api.hubmapconsortium.org/entities/67d7b5a3fb4f64a1f714d4369fdedc16,,popv,4294,4285
https://entity.api.hubmapconsortium.org/entities/69d175d24b6b3997cc99fa6531a5fbce,,celltypist,6000,6000
https://entity.api.hubmapconsortium.org/entities/69d175d24b6b3997cc99fa6531a5fbce,,pan-human-azimuth,6000,2505
https://entity.api.hubmapconsortium.org/entities/69d175d24b6b3997cc99fa6531a5fbce,,popv,6000,5992
https://entity.api.hubmapconsortium.org/entities/69e35548d14ef026c46ddbab31f761da,,azimuth,35052,35052
https://entity.api.hubmapconsortium.org/entities/69e35548d14ef026c46ddbab31f761da,,pan-human-azimuth,35052,876
https://entity.api.hubmapconsortium.org/entities/69ede86e15f4c129ca8eff2bb9940b36,,celltypist,445,445
https://entity.api.hubmapconsortium.org/entities/69ede86e15f4c129ca8eff2bb9940b36,,pan-human-azimuth,445,134
https://entity.api.hubmapconsortium.org/entities/69ede86e15f4c129ca8eff2bb9940b36,,popv,445,445
https://entity.api.hubmapconsortium.org/entities/6b5d4d3a6af69a3bb82c4768cd24396c,,azimuth,25949,25949
https://entity.api.hubmapconsortium.org/entities/6b5d4d3a6af69a3bb82c4768cd24396c,,pan-human-azimuth,25949,6962
https://entity.api.hubmapconsortium.org/entities/6c4582697caa32064baebc97cade18ef,,azimuth,10760,10760
https://entity.api.hubmapconsortium.org/entities/6c4582697caa32064baebc97cade18ef,,pan-human-azimuth,10760,3218
https://entity.api.hubmapconsortium.org/entities/6c57274e7a40413dc042ec32442a228b,,pan-human-azimuth,12999,3261
https://entity.api.hubmapconsortium.org/entities/6c57274e7a40413dc042ec32442a228b,,popv,12999,12992
https://entity.api.hubmapconsortium.org/entities/6cd63d0ee2c67c3be41e4be1522d9c07,,azimuth,7742,7742
https://entity.api.hubmapconsortium.org/entities/6cd63d0ee2c67c3be41e4be1522d9c07,,pan-human-azimuth,7742,1586
https://entity.api.hubmapconsortium.org/entities/6cd657565c709c832300336899a1e1ec,,azimuth,25712,25712
https://entity.api.hubmapconsortium.org/entities/6cd657565c709c832300336899a1e1ec,,pan-human-azimuth,25712,5161
https://entity.api.hubmapconsortium.org/entities/6e1db473492095ccc2f1393d7259b9c0,,azimuth,5998,5998
https://entity.api.hubmapconsortium.org/entities/6e1db473492095ccc2f1393d7259b9c0,,pan-human-azimuth,5998,2801
https://entity.api.hubmapconsortium.org/entities/6efd19dc32f820a0e6be6a34973359b6,,azimuth,6493,6493
https://entity.api.hubmapconsortium.org/entities/6efd19dc32f820a0e6be6a34973359b6,,pan-human-azimuth,6493,900
https://entity.api.hubmapconsortium.org/entities/6f289cf6ba3614682e8d5f6c8e93ebb1,,celltypist,4227,4227
https://entity.api.hubmapconsortium.org/entities/6f289cf6ba3614682e8d5f6c8e93ebb1,,pan-human-azimuth,4227,1197
https://entity.api.hubmapconsortium.org/entities/6f289cf6ba3614682e8d5f6c8e93ebb1,,popv,4227,4223
https://entity.api.hubmapconsortium.org/entities/6fdfde6f88e34294b3cd58e070ebcba2,,azimuth,26409,26409
https://entity.api.hubmapconsortium.org/entities/6fdfde6f88e34294b3cd58e070ebcba2,,pan-human-azimuth,26409,5106
https://entity.api.hubmapconsortium.org/entities/7017034c816444f6acb469834e53344f,,azimuth,2716,2716
https://entity.api.hubmapconsortium.org/entities/7017034c816444f6acb469834e53344f,,pan-human-azimuth,2716,485
https://entity.api.hubmapconsortium.org/entities/704d16116f29994ab0e714f4afdb5516,,azimuth,100291,100291
https://entity.api.hubmapconsortium.org/entities/704d16116f29994ab0e714f4afdb5516,,pan-human-azimuth,100291,3470
https://entity.api.hubmapconsortium.org/entities/707d72d89097af2ff75d127137e5547e,,azimuth,27424,27424
https://entity.api.hubmapconsortium.org/entities/707d72d89097af2ff75d127137e5547e,,pan-human-azimuth,27424,616
https://entity.api.hubmapconsortium.org/entities/71477f504b0069828a368009fa3ab1ad,,celltypist,1672,1672
https://entity.api.hubmapconsortium.org/entities/71477f504b0069828a368009fa3ab1ad,,pan-human-azimuth,1672,406
https://entity.api.hubmapconsortium.org/entities/71477f504b0069828a368009fa3ab1ad,,popv,1672,1627
https://entity.api.hubmapconsortium.org/entities/71719ade6924098f772d4063541a50f3,,celltypist,5995,5995
https://entity.api.hubmapconsortium.org/entities/71719ade6924098f772d4063541a50f3,,pan-human-azimuth,5995,33
https://entity.api.hubmapconsortium.org/entities/71719ade6924098f772d4063541a50f3,,popv,5995,353
https://entity.api.hubmapconsortium.org/entities/72fd0d8256cd9d9e9d0c75ed7b4431cc,,azimuth,19439,19439
https://entity.api.hubmapconsortium.org/entities/72fd0d8256cd9d9e9d0c75ed7b4431cc,,pan-human-azimuth,19439,604
https://entity.api.hubmapconsortium.org/entities/739184f7ec84d93a35360cde81cc026c,,azimuth,2387,2387
https://entity.api.hubmapconsortium.org/entities/739184f7ec84d93a35360cde81cc026c,,pan-human-azimuth,2387,488
https://entity.api.hubmapconsortium.org/entities/74e09cbb91aba06b48429651cb388940,,azimuth,21268,21268
https://entity.api.hubmapconsortium.org/entities/74e09cbb91aba06b48429651cb388940,,pan-human-azimuth,21268,4519
https://entity.api.hubmapconsortium.org/entities/7646a8a89555a123a56446b66c183d58,,azimuth,4824,4824
https://entity.api.hubmapconsortium.org/entities/7646a8a89555a123a56446b66c183d58,,pan-human-azimuth,4824,807
https://entity.api.hubmapconsortium.org/entities/7754aa5ebde628b5e92705e33e74a4ef,,pan-human-azimuth,10999,2700
https://entity.api.hubmapconsortium.org/entities/781a16848177ef6567d4963a0eb9fb0a,,azimuth,30187,30187
https://entity.api.hubmapconsortium.org/entities/781a16848177ef6567d4963a0eb9fb0a,,pan-human-azimuth,30187,3054
https://entity.api.hubmapconsortium.org/entities/78e90185d511ee0f6293e266a7354348,,azimuth,31580,31580
https://entity.api.hubmapconsortium.org/entities/78e90185d511ee0f6293e266a7354348,,pan-human-azimuth,31580,4833
https://entity.api.hubmapconsortium.org/entities/79bf632f74be9a08676131877d919127,,celltypist,5999,5999
https://entity.api.hubmapconsortium.org/entities/79bf632f74be9a08676131877d919127,,pan-human-azimuth,5999,1278
https://entity.api.hubmapconsortium.org/entities/79bf632f74be9a08676131877d919127,,popv,5999,5996
https://entity.api.hubmapconsortium.org/entities/79f087ae551dd72997f174646bb0d5e0,,azimuth,4899,4899
https://entity.api.hubmapconsortium.org/entities/79f087ae551dd72997f174646bb0d5e0,,celltypist,4899,4899
https://entity.api.hubmapconsortium.org/entities/79f087ae551dd72997f174646bb0d5e0,,frmatch,4899,4527
https://entity.api.hubmapconsortium.org/entities/79f087ae551dd72997f174646bb0d5e0,,pan-human-azimuth,4899,1855
https://entity.api.hubmapconsortium.org/entities/79f087ae551dd72997f174646bb0d5e0,,popv,4899,4774
https://entity.api.hubmapconsortium.org/entities/79f8c7ec1b200dfe5b46d0bcfec02bd7,,azimuth,28664,28664
https://entity.api.hubmapconsortium.org/entities/79f8c7ec1b200dfe5b46d0bcfec02bd7,,pan-human-azimuth,28664,5952
https://entity.api.hubmapconsortium.org/entities/7b99b447ffc977a3f6f890d32c7238b3,,pan-human-azimuth,15462,8487
https://entity.api.hubmapconsortium.org/entities/7b99b447ffc977a3f6f890d32c7238b3,,popv,15462,13997
https://entity.api.hubmapconsortium.org/entities/7c8c57d0d7f39d680f30587cc2c91c64,,azimuth,34879,34879
https://entity.api.hubmapconsortium.org/entities/7c8c57d0d7f39d680f30587cc2c91c64,,pan-human-azimuth,34879,3785
https://entity.api.hubmapconsortium.org/entities/7c9e07c96d144536525b1f889acee14d,,azimuth,5000,5000
https://entity.api.hubmapconsortium.org/entities/7c9e07c96d144536525b1f889acee14d,,pan-human-azimuth,5000,1347
https://entity.api.hubmapconsortium.org/entities/7d70a4deb9e2f0592f0c56e20ca91169,,azimuth,53121,53121
https://entity.api.hubmapconsortium.org/entities/7d70a4deb9e2f0592f0c56e20ca91169,,celltypist,53121,53121
https://entity.api.hubmapconsortium.org/entities/7d70a4deb9e2f0592f0c56e20ca91169,,pan-human-azimuth,53121,5575
https://entity.api.hubmapconsortium.org/entities/7ed80889944d7b0276e84f179090d622,,azimuth,27982,27982
https://entity.api.hubmapconsortium.org/entities/7ed80889944d7b0276e84f179090d622,,pan-human-azimuth,27982,5511
https://entity.api.hubmapconsortium.org/entities/7edbff53248f2a2c8e74f5f955681734,,celltypist,5995,5995
https://entity.api.hubmapconsortium.org/entities/7edbff53248f2a2c8e74f5f955681734,,pan-human-azimuth,5995,1197
https://entity.api.hubmapconsortium.org/entities/7edbff53248f2a2c8e74f5f955681734,,popv,5995,4061
https://entity.api.hubmapconsortium.org/entities/7f1e932a91a86ef58ed61ee19c175c18,,azimuth,100921,100921
https://entity.api.hubmapconsortium.org/entities/7f1e932a91a86ef58ed61ee19c175c18,,pan-human-azimuth,100921,3618
https://entity.api.hubmapconsortium.org/entities/811e4fd5a09896edcb70814a582e85e4,,celltypist,2449,2449
https://entity.api.hubmapconsortium.org/entities/811e4fd5a09896edcb70814a582e85e4,,pan-human-azimuth,2449,295
https://entity.api.hubmapconsortium.org/entities/811e4fd5a09896edcb70814a582e85e4,,popv,2449,2445
https://entity.api.hubmapconsortium.org/entities/81c50251d7f1aa85eeb6c03be44443a6,,azimuth,27278,27278
https://entity.api.hubmapconsortium.org/entities/81c50251d7f1aa85eeb6c03be44443a6,,pan-human-azimuth,27278,6128
https://entity.api.hubmapconsortium.org/entities/81d8286998779f11d424210f19276941,,celltypist,2749,2749
https://entity.api.hubmapconsortium.org/entities/81d8286998779f11d424210f19276941,,pan-human-azimuth,2749,908
https://entity.api.hubmapconsortium.org/entities/81d8286998779f11d424210f19276941,,popv,2749,2746
https://entity.api.hubmapconsortium.org/entities/8306f9bdef96312bd36c18b45bd8e141,,azimuth,21812,21812
https://entity.api.hubmapconsortium.org/entities/8306f9bdef96312bd36c18b45bd8e141,,pan-human-azimuth,21812,524
https://entity.api.hubmapconsortium.org/entities/8464b75a88e33b69027c39b0c3f43b2f,,azimuth,34304,34304
https://entity.api.hubmapconsortium.org/entities/8464b75a88e33b69027c39b0c3f43b2f,,pan-human-azimuth,34304,4154
https://entity.api.hubmapconsortium.org/entities/846e56ed969922f1cb7a81619b175620,,celltypist,346,346
https://entity.api.hubmapconsortium.org/entities/846e56ed969922f1cb7a81619b175620,,pan-human-azimuth,346,249
https://entity.api.hubmapconsortium.org/entities/846e56ed969922f1cb7a81619b175620,,popv,346,345
https://entity.api.hubmapconsortium.org/entities/84db9a72aba9ae0ef740192ad8747ee3,,azimuth,100959,100959
https://entity.api.hubmapconsortium.org/entities/84db9a72aba9ae0ef740192ad8747ee3,,celltypist,100959,100959
https://entity.api.hubmapconsortium.org/entities/84db9a72aba9ae0ef740192ad8747ee3,,pan-human-azimuth,100959,13079
https://entity.api.hubmapconsortium.org/entities/84db9a72aba9ae0ef740192ad8747ee3,,popv,100959,56974
https://entity.api.hubmapconsortium.org/entities/853ab5348f619043ab2f997ac8ae14f0,,azimuth,10398,10398
https://entity.api.hubmapconsortium.org/entities/853ab5348f619043ab2f997ac8ae14f0,,pan-human-azimuth,10398,1340
https://entity.api.hubmapconsortium.org/entities/85fa094cbdb29173e0a3463dce0790fc,,azimuth,100749,100749
https://entity.api.hubmapconsortium.org/entities/85fa094cbdb29173e0a3463dce0790fc,,celltypist,100749,100749
https://entity.api.hubmapconsortium.org/entities/85fa094cbdb29173e0a3463dce0790fc,,pan-human-azimuth,100749,12634
https://entity.api.hubmapconsortium.org/entities/85fa094cbdb29173e0a3463dce0790fc,,popv,100749,42999
https://entity.api.hubmapconsortium.org/entities/87e85403e3f7a946fc40bdcf5cba8360,,celltypist,6017,6017
https://entity.api.hubmapconsortium.org/entities/87e85403e3f7a946fc40bdcf5cba8360,,pan-human-azimuth,6017,2268
https://entity.api.hubmapconsortium.org/entities/87e85403e3f7a946fc40bdcf5cba8360,,popv,6017,5993
https://entity.api.hubmapconsortium.org/entities/892b7cae1138be0b8181cca95b901628,,azimuth,22799,22799
https://entity.api.hubmapconsortium.org/entities/892b7cae1138be0b8181cca95b901628,,pan-human-azimuth,22799,472
https://entity.api.hubmapconsortium.org/entities/898138b7f45a67c574e9955fb400e9be,,azimuth,4974,4974
https://entity.api.hubmapconsortium.org/entities/898138b7f45a67c574e9955fb400e9be,,pan-human-azimuth,4974,535
https://entity.api.hubmapconsortium.org/entities/8a5592389339a77ce7697f516aa721fe,,celltypist,6000,6000
https://entity.api.hubmapconsortium.org/entities/8a5592389339a77ce7697f516aa721fe,,pan-human-azimuth,6000,456
https://entity.api.hubmapconsortium.org/entities/8a5592389339a77ce7697f516aa721fe,,popv,6000,6000
https://entity.api.hubmapconsortium.org/entities/8adfc58a225049fb0884a8289d560534,,azimuth,20182,20182
https://entity.api.hubmapconsortium.org/entities/8adfc58a225049fb0884a8289d560534,,pan-human-azimuth,20182,318
https://entity.api.hubmapconsortium.org/entities/8ae1c6747fb4f469edd91f1f23f65d24,,celltypist,5999,5999
https://entity.api.hubmapconsortium.org/entities/8ae1c6747fb4f469edd91f1f23f65d24,,pan-human-azimuth,5999,3083
https://entity.api.hubmapconsortium.org/entities/8ae1c6747fb4f469edd91f1f23f65d24,,popv,5999,5996
https://entity.api.hubmapconsortium.org/entities/8b65acdfecc504e9a96c84643c3ab02c,,azimuth,50704,50704
https://entity.api.hubmapconsortium.org/entities/8b65acdfecc504e9a96c84643c3ab02c,,celltypist,50704,50704
https://entity.api.hubmapconsortium.org/entities/8b65acdfecc504e9a96c84643c3ab02c,,pan-human-azimuth,50704,4066
https://entity.api.hubmapconsortium.org/entities/8c1ad4c380ae5477d0b7875fa47e867e,,celltypist,5999,5999
https://entity.api.hubmapconsortium.org/entities/8c1ad4c380ae5477d0b7875fa47e867e,,pan-human-azimuth,5999,934
https://entity.api.hubmapconsortium.org/entities/8c1ad4c380ae5477d0b7875fa47e867e,,popv,5999,5822
https://entity.api.hubmapconsortium.org/entities/8c5e705001d5cc1c40dbd963ad848486,,azimuth,95817,95817
https://entity.api.hubmapconsortium.org/entities/8c5e705001d5cc1c40dbd963ad848486,,pan-human-azimuth,95817,2034
https://entity.api.hubmapconsortium.org/entities/8ccdee5587a477c482be2e6e19dddf7a,,celltypist,3993,3993
https://entity.api.hubmapconsortium.org/entities/8ccdee5587a477c482be2e6e19dddf7a,,pan-human-azimuth,3993,1437
https://entity.api.hubmapconsortium.org/entities/8ccdee5587a477c482be2e6e19dddf7a,,popv,3993,3990
https://entity.api.hubmapconsortium.org/entities/8cdb42ed1194255c74c8462b99bbd7ef,,azimuth,2994,2994
https://entity.api.hubmapconsortium.org/entities/8cdb42ed1194255c74c8462b99bbd7ef,,pan-human-azimuth,2994,655
https://entity.api.hubmapconsortium.org/entities/8d631eee88855ac59155edca2a3bc1ca,,azimuth,3000,3000
https://entity.api.hubmapconsortium.org/entities/8d631eee88855ac59155edca2a3bc1ca,,pan-human-azimuth,3000,821
https://entity.api.hubmapconsortium.org/entities/8df15cb20f5e127d102a73d0ec5682a0,,azimuth,100959,100959
https://entity.api.hubmapconsortium.org/entities/8df15cb20f5e127d102a73d0ec5682a0,,celltypist,100959,100959
https://entity.api.hubmapconsortium.org/entities/8df15cb20f5e127d102a73d0ec5682a0,,pan-human-azimuth,100959,13083
https://entity.api.hubmapconsortium.org/entities/8df15cb20f5e127d102a73d0ec5682a0,,popv,100959,56974
https://entity.api.hubmapconsortium.org/entities/8e2806ca447695e674889dba28506d38,,pan-human-azimuth,277,64
https://entity.api.hubmapconsortium.org/entities/8e2806ca447695e674889dba28506d38,,popv,277,266
https://entity.api.hubmapconsortium.org/entities/911380980cd33eac5add7f72d86de146,,azimuth,31580,31580
https://entity.api.hubmapconsortium.org/entities/911380980cd33eac5add7f72d86de146,,pan-human-azimuth,31580,4833
https://entity.api.hubmapconsortium.org/entities/91822c7d75c54ce838bcd4d77f076b25,,celltypist,959,959
https://entity.api.hubmapconsortium.org/entities/91822c7d75c54ce838bcd4d77f076b25,,pan-human-azimuth,959,91
https://entity.api.hubmapconsortium.org/entities/91822c7d75c54ce838bcd4d77f076b25,,popv,959,959
https://entity.api.hubmapconsortium.org/entities/91cfb45f5d398e950ed65786c87f4372,,azimuth,2820,2820
https://entity.api.hubmapconsortium.org/entities/91cfb45f5d398e950ed65786c87f4372,,pan-human-azimuth,2820,788
https://entity.api.hubmapconsortium.org/entities/92248f72d47b916a2027085ec1b8e996,,azimuth,19243,19243
https://entity.api.hubmapconsortium.org/entities/92248f72d47b916a2027085ec1b8e996,,pan-human-azimuth,19243,3777
https://entity.api.hubmapconsortium.org/entities/9305d53ae8c0dd565a088cd45f20e0c8,,azimuth,6601,6601
https://entity.api.hubmapconsortium.org/entities/9305d53ae8c0dd565a088cd45f20e0c8,,celltypist,6601,6601
https://entity.api.hubmapconsortium.org/entities/9305d53ae8c0dd565a088cd45f20e0c8,,frmatch,6601,6069
https://entity.api.hubmapconsortium.org/entities/9305d53ae8c0dd565a088cd45f20e0c8,,pan-human-azimuth,6601,2769
https://entity.api.hubmapconsortium.org/entities/9305d53ae8c0dd565a088cd45f20e0c8,,popv,6601,6594
https://entity.api.hubmapconsortium.org/entities/9308dab31ff0b18325f79a671cd6d833,,celltypist,9045,9045
https://entity.api.hubmapconsortium.org/entities/9308dab31ff0b18325f79a671cd6d833,,pan-human-azimuth,9045,3574
https://entity.api.hubmapconsortium.org/entities/9308dab31ff0b18325f79a671cd6d833,,popv,9045,9041
https://entity.api.hubmapconsortium.org/entities/9457860c1b69f7ec3e51a6b648eabf13,,azimuth,100651,100651
https://entity.api.hubmapconsortium.org/entities/9457860c1b69f7ec3e51a6b648eabf13,,pan-human-azimuth,100651,2644
https://entity.api.hubmapconsortium.org/entities/9458b342e7a9bad77887b60ca42b6a26,,celltypist,6000,6000
https://entity.api.hubmapconsortium.org/entities/9458b342e7a9bad77887b60ca42b6a26,,pan-human-azimuth,6000,74
https://entity.api.hubmapconsortium.org/entities/9458b342e7a9bad77887b60ca42b6a26,,popv,6000,5055
https://entity.api.hubmapconsortium.org/entities/949827f25f423d54663f09596351795d,,azimuth,100651,100651
https://entity.api.hubmapconsortium.org/entities/949827f25f423d54663f09596351795d,,pan-human-azimuth,100651,2642
https://entity.api.hubmapconsortium.org/entities/95099136c78367d5d55a215fc220d7a8,,azimuth,11996,11996
https://entity.api.hubmapconsortium.org/entities/95099136c78367d5d55a215fc220d7a8,,celltypist,11996,11996
https://entity.api.hubmapconsortium.org/entities/95099136c78367d5d55a215fc220d7a8,,frmatch,11996,9003
https://entity.api.hubmapconsortium.org/entities/95099136c78367d5d55a215fc220d7a8,,pan-human-azimuth,11996,5388
https://entity.api.hubmapconsortium.org/entities/95099136c78367d5d55a215fc220d7a8,,popv,11996,11901
https://entity.api.hubmapconsortium.org/entities/9543f0b5e921d865e57a9fe3e4e62f4e,,azimuth,20043,20043
https://entity.api.hubmapconsortium.org/entities/9543f0b5e921d865e57a9fe3e4e62f4e,,pan-human-azimuth,20043,4652
https://entity.api.hubmapconsortium.org/entities/962958f8dab23bd26c93ceb062abb4ef,,pan-human-azimuth,10943,4093
https://entity.api.hubmapconsortium.org/entities/962958f8dab23bd26c93ceb062abb4ef,,popv,10943,7776
https://entity.api.hubmapconsortium.org/entities/973253708151ec15c683964b569be734,,azimuth,8999,8999
https://entity.api.hubmapconsortium.org/entities/973253708151ec15c683964b569be734,,celltypist,8999,8999
https://entity.api.hubmapconsortium.org/entities/973253708151ec15c683964b569be734,,frmatch,8999,7946
https://entity.api.hubmapconsortium.org/entities/973253708151ec15c683964b569be734,,pan-human-azimuth,8999,5993
https://entity.api.hubmapconsortium.org/entities/973253708151ec15c683964b569be734,,popv,8999,8949
https://entity.api.hubmapconsortium.org/entities/97c65df1d8fdc8d67c34a55e386fd430,,azimuth,20596,20596
https://entity.api.hubmapconsortium.org/entities/97c65df1d8fdc8d67c34a55e386fd430,,pan-human-azimuth,20596,4987
https://entity.api.hubmapconsortium.org/entities/985b97a1645baa3d7dffd4c0e13adbb6,,azimuth,17602,17602
https://entity.api.hubmapconsortium.org/entities/985b97a1645baa3d7dffd4c0e13adbb6,,pan-human-azimuth,17602,2258
https://entity.api.hubmapconsortium.org/entities/9a7e6be288b27ddbd3366c4ae41bbcd2,,azimuth,20999,20999
https://entity.api.hubmapconsortium.org/entities/9a7e6be288b27ddbd3366c4ae41bbcd2,,pan-human-azimuth,20999,8715
https://entity.api.hubmapconsortium.org/entities/9aed52d22e30b893045fd1f79b3663fb,,azimuth,7980,7980
https://entity.api.hubmapconsortium.org/entities/9aed52d22e30b893045fd1f79b3663fb,,celltypist,7980,7980
https://entity.api.hubmapconsortium.org/entities/9aed52d22e30b893045fd1f79b3663fb,,frmatch,7980,6376
https://entity.api.hubmapconsortium.org/entities/9aed52d22e30b893045fd1f79b3663fb,,pan-human-azimuth,7980,2481
https://entity.api.hubmapconsortium.org/entities/9aed52d22e30b893045fd1f79b3663fb,,popv,7980,7952
https://entity.api.hubmapconsortium.org/entities/9b03c4c79ef7bcd1e8992cd50ed3f482,,celltypist,4337,4337
https://entity.api.hubmapconsortium.org/entities/9b03c4c79ef7bcd1e8992cd50ed3f482,,pan-human-azimuth,4337,1845
https://entity.api.hubmapconsortium.org/entities/9b03c4c79ef7bcd1e8992cd50ed3f482,,popv,4337,4329
https://entity.api.hubmapconsortium.org/entities/9b99c75de2347b9567e33065108488e8,,azimuth,100703,100703
https://entity.api.hubmapconsortium.org/entities/9b99c75de2347b9567e33065108488e8,,pan-human-azimuth,100703,5089
https://entity.api.hubmapconsortium.org/entities/9bc5d8fc743fd4dd610586ca720976f1,,azimuth,17602,17602
https://entity.api.hubmapconsortium.org/entities/9bc5d8fc743fd4dd610586ca720976f1,,pan-human-azimuth,17602,2258
https://entity.api.hubmapconsortium.org/entities/9e91d1be412466551533cce5594450cb,,azimuth,50859,50859
https://entity.api.hubmapconsortium.org/entities/9e91d1be412466551533cce5594450cb,,celltypist,50859,50859
https://entity.api.hubmapconsortium.org/entities/9e91d1be412466551533cce5594450cb,,pan-human-azimuth,50859,3633
https://entity.api.hubmapconsortium.org/entities/9fe24e50c8b8b77d86900ee4beecef69,,azimuth,8342,8342
https://entity.api.hubmapconsortium.org/entities/9fe24e50c8b8b77d86900ee4beecef69,,pan-human-azimuth,8342,930
https://entity.api.hubmapconsortium.org/entities/a19973065eec1489f4d6a308e73da275,,azimuth,26409,26409
https://entity.api.hubmapconsortium.org/entities/a19973065eec1489f4d6a308e73da275,,pan-human-azimuth,26409,5106
https://entity.api.hubmapconsortium.org/entities/a1d17fdd270a69c813b872a927dfa5f3,,azimuth,26251,26251
https://entity.api.hubmapconsortium.org/entities/a1d17fdd270a69c813b872a927dfa5f3,,pan-human-azimuth,26251,822
https://entity.api.hubmapconsortium.org/entities/a24771788dc2d572e267badeb701161d,,celltypist,276,276
https://entity.api.hubmapconsortium.org/entities/a24771788dc2d572e267badeb701161d,,pan-human-azimuth,276,68
https://entity.api.hubmapconsortium.org/entities/a24771788dc2d572e267badeb701161d,,popv,276,274
https://entity.api.hubmapconsortium.org/entities/a39f501df340b605a58dc492f51c05db,,azimuth,25362,25362
https://entity.api.hubmapconsortium.org/entities/a39f501df340b605a58dc492f51c05db,,pan-human-azimuth,25362,2880
https://entity.api.hubmapconsortium.org/entities/a39fed027b51d97f83cec90c63c44744,,azimuth,100957,100957
https://entity.api.hubmapconsortium.org/entities/a39fed027b51d97f83cec90c63c44744,,celltypist,100957,100957
https://entity.api.hubmapconsortium.org/entities/a39fed027b51d97f83cec90c63c44744,,pan-human-azimuth,100957,9567
https://entity.api.hubmapconsortium.org/entities/a39fed027b51d97f83cec90c63c44744,,popv,100957,25979
https://entity.api.hubmapconsortium.org/entities/a44f5dbe2472dac447b0f91a24da8b30,,pan-human-azimuth,17996,5373
https://entity.api.hubmapconsortium.org/entities/a44f5dbe2472dac447b0f91a24da8b30,,popv,17996,17995
https://entity.api.hubmapconsortium.org/entities/a48ab0bf5d8084da24859c4e64336e9c,,azimuth,3228,3228
https://entity.api.hubmapconsortium.org/entities/a48ab0bf5d8084da24859c4e64336e9c,,celltypist,3228,3228
https://entity.api.hubmapconsortium.org/entities/a48ab0bf5d8084da24859c4e64336e9c,,pan-human-azimuth,3228,1647
https://entity.api.hubmapconsortium.org/entities/a56498f8e577a6caed934c83cbbb0bb3,,celltypist,1464,1464
https://entity.api.hubmapconsortium.org/entities/a56498f8e577a6caed934c83cbbb0bb3,,pan-human-azimuth,1464,262
https://entity.api.hubmapconsortium.org/entities/a56498f8e577a6caed934c83cbbb0bb3,,popv,1464,1461
https://entity.api.hubmapconsortium.org/entities/a5729f859fc944c76f77fc74a1710e3b,,celltypist,6000,6000
https://entity.api.hubmapconsortium.org/entities/a5729f859fc944c76f77fc74a1710e3b,,pan-human-azimuth,6000,3146
https://entity.api.hubmapconsortium.org/entities/a5729f859fc944c76f77fc74a1710e3b,,popv,6000,5851
https://entity.api.hubmapconsortium.org/entities/a69367866979f878635b2b665a6a7e0c,,azimuth,100932,100932
https://entity.api.hubmapconsortium.org/entities/a69367866979f878635b2b665a6a7e0c,,pan-human-azimuth,100932,10067
https://entity.api.hubmapconsortium.org/entities/a6bfa5ab516fcc24137cdd3ce3971e2c,,azimuth,20596,20596
https://entity.api.hubmapconsortium.org/entities/a6bfa5ab516fcc24137cdd3ce3971e2c,,pan-human-azimuth,20596,4987
https://entity.api.hubmapconsortium.org/entities/a95f2c79bb637141f7e6874eddc8e274,,azimuth,100927,100927
https://entity.api.hubmapconsortium.org/entities/a95f2c79bb637141f7e6874eddc8e274,,pan-human-azimuth,100927,8078
https://entity.api.hubmapconsortium.org/entities/aa93e53df10842c13348a334c8fe423f,,azimuth,100703,100703
https://entity.api.hubmapconsortium.org/entities/aa93e53df10842c13348a334c8fe423f,,pan-human-azimuth,100703,5089
https://entity.api.hubmapconsortium.org/entities/aa97a7c3e11e210bfa1629ee467bdcf6,,azimuth,37195,37195
https://entity.api.hubmapconsortium.org/entities/aa97a7c3e11e210bfa1629ee467bdcf6,,pan-human-azimuth,37195,5387
https://entity.api.hubmapconsortium.org/entities/aaedb5272190e61bf557d3b0a1bc591f,,azimuth,501,501
https://entity.api.hubmapconsortium.org/entities/aaedb5272190e61bf557d3b0a1bc591f,,pan-human-azimuth,501,56
https://entity.api.hubmapconsortium.org/entities/ab3942cee59a994d73f6f89f8f5eb84a,,azimuth,11996,11996
https://entity.api.hubmapconsortium.org/entities/ab3942cee59a994d73f6f89f8f5eb84a,,celltypist,11996,11996
https://entity.api.hubmapconsortium.org/entities/ab3942cee59a994d73f6f89f8f5eb84a,,frmatch,11996,8985
https://entity.api.hubmapconsortium.org/entities/ab3942cee59a994d73f6f89f8f5eb84a,,pan-human-azimuth,11996,5422
https://entity.api.hubmapconsortium.org/entities/ab3942cee59a994d73f6f89f8f5eb84a,,popv,11996,11980
https://entity.api.hubmapconsortium.org/entities/abcc3410656bc854cf5e0abdee3de738,,celltypist,5099,5099
https://entity.api.hubmapconsortium.org/entities/abcc3410656bc854cf5e0abdee3de738,,pan-human-azimuth,5099,1635
https://entity.api.hubmapconsortium.org/entities/abcc3410656bc854cf5e0abdee3de738,,popv,5099,5048
https://entity.api.hubmapconsortium.org/entities/abd5391036708fffe60e904d3ada3251,,azimuth,9000,9000
https://entity.api.hubmapconsortium.org/entities/abd5391036708fffe60e904d3ada3251,,celltypist,9000,9000
https://entity.api.hubmapconsortium.org/entities/abd5391036708fffe60e904d3ada3251,,frmatch,9000,8746
https://entity.api.hubmapconsortium.org/entities/abd5391036708fffe60e904d3ada3251,,pan-human-azimuth,9000,4625
https://entity.api.hubmapconsortium.org/entities/abd5391036708fffe60e904d3ada3251,,popv,9000,8957
https://entity.api.hubmapconsortium.org/entities/ac1d4544ab4886b851f74b2c21952378,,azimuth,89168,89168
https://entity.api.hubmapconsortium.org/entities/ac1d4544ab4886b851f74b2c21952378,,pan-human-azimuth,89168,2764
https://entity.api.hubmapconsortium.org/entities/ad312fba7d484a57f4a9b0d05977b521,,azimuth,21563,21563
https://entity.api.hubmapconsortium.org/entities/ad312fba7d484a57f4a9b0d05977b521,,pan-human-azimuth,21563,3337
https://entity.api.hubmapconsortium.org/entities/ad693f99fb9006e68a53e97598da1509,,azimuth,6994,6994
https://entity.api.hubmapconsortium.org/entities/ad693f99fb9006e68a53e97598da1509,,pan-human-azimuth,6994,2947
https://entity.api.hubmapconsortium.org/entities/ade8d4ca1fd95afbafdc78a2461bab9c,,pan-human-azimuth,10999,3302
https://entity.api.hubmapconsortium.org/entities/ae24a29456fe677fcb97a4468eba922a,,celltypist,975,975
https://entity.api.hubmapconsortium.org/entities/ae24a29456fe677fcb97a4468eba922a,,pan-human-azimuth,975,313
https://entity.api.hubmapconsortium.org/entities/ae24a29456fe677fcb97a4468eba922a,,popv,975,972
https://entity.api.hubmapconsortium.org/entities/ae69348842e9e11be18cb3af99db834e,,azimuth,22676,22676
https://entity.api.hubmapconsortium.org/entities/ae69348842e9e11be18cb3af99db834e,,pan-human-azimuth,22676,523
https://entity.api.hubmapconsortium.org/entities/aeaaa0536b87935ad50cf69f1a0c3b1a,,azimuth,31810,31810
https://entity.api.hubmapconsortium.org/entities/aeaaa0536b87935ad50cf69f1a0c3b1a,,pan-human-azimuth,31810,2396
https://entity.api.hubmapconsortium.org/entities/aece0d5303d9ce959cdab34a9e9f3003,,azimuth,26087,26087
https://entity.api.hubmapconsortium.org/entities/aece0d5303d9ce959cdab34a9e9f3003,,pan-human-azimuth,26087,2003
https://entity.api.hubmapconsortium.org/entities/af5741dad7aecf7960a129c3d2ae642a,,azimuth,4000,4000
https://entity.api.hubmapconsortium.org/entities/af5741dad7aecf7960a129c3d2ae642a,,pan-human-azimuth,4000,1292
https://entity.api.hubmapconsortium.org/entities/b05c21f9c94ce1a22a9694cd0fe0291e,,azimuth,1499,1499
https://entity.api.hubmapconsortium.org/entities/b05c21f9c94ce1a22a9694cd0fe0291e,,pan-human-azimuth,1499,213
https://entity.api.hubmapconsortium.org/entities/b07a1fb96ddc2d4119e1f9a73d9c0a6a,,azimuth,29295,29295
https://entity.api.hubmapconsortium.org/entities/b07a1fb96ddc2d4119e1f9a73d9c0a6a,,pan-human-azimuth,29295,3772
https://entity.api.hubmapconsortium.org/entities/b0c09583b2a1b3c82eddce71706dba4b,,azimuth,34304,34304
https://entity.api.hubmapconsortium.org/entities/b0c09583b2a1b3c82eddce71706dba4b,,pan-human-azimuth,34304,4154
https://entity.api.hubmapconsortium.org/entities/b0f51c557f05bcff69c9eed090c93b79,,azimuth,100749,100749
https://entity.api.hubmapconsortium.org/entities/b0f51c557f05bcff69c9eed090c93b79,,celltypist,100749,100749
https://entity.api.hubmapconsortium.org/entities/b0f51c557f05bcff69c9eed090c93b79,,pan-human-azimuth,100749,12632
https://entity.api.hubmapconsortium.org/entities/b0f51c557f05bcff69c9eed090c93b79,,popv,100749,42998
https://entity.api.hubmapconsortium.org/entities/b1a0bb5adb99161eb40f977358187c6d,,celltypist,2709,2709
https://entity.api.hubmapconsortium.org/entities/b1a0bb5adb99161eb40f977358187c6d,,pan-human-azimuth,2709,1612
https://entity.api.hubmapconsortium.org/entities/b1a0bb5adb99161eb40f977358187c6d,,popv,2709,2708
https://entity.api.hubmapconsortium.org/entities/b1ac71625c1aba9d819fae1725c27a42,,azimuth,49449,49449
https://entity.api.hubmapconsortium.org/entities/b1ac71625c1aba9d819fae1725c27a42,,celltypist,49449,49449
https://entity.api.hubmapconsortium.org/entities/b1ac71625c1aba9d819fae1725c27a42,,pan-human-azimuth,49449,3536
https://entity.api.hubmapconsortium.org/entities/b23c6f176280ad4c9fe8f74509cb6cf6,,celltypist,203,203
https://entity.api.hubmapconsortium.org/entities/b23c6f176280ad4c9fe8f74509cb6cf6,,pan-human-azimuth,203,158
https://entity.api.hubmapconsortium.org/entities/b23c6f176280ad4c9fe8f74509cb6cf6,,popv,203,202
https://entity.api.hubmapconsortium.org/entities/b2ab05f290c0740c3198f020cd70e78d,,azimuth,2716,2716
https://entity.api.hubmapconsortium.org/entities/b2ab05f290c0740c3198f020cd70e78d,,pan-human-azimuth,2716,485
https://entity.api.hubmapconsortium.org/entities/b340bb5715f967aa74d1b8eaeec0d475,,azimuth,7499,7499
https://entity.api.hubmapconsortium.org/entities/b340bb5715f967aa74d1b8eaeec0d475,,celltypist,7499,7499
https://entity.api.hubmapconsortium.org/entities/b340bb5715f967aa74d1b8eaeec0d475,,frmatch,7499,6996
https://entity.api.hubmapconsortium.org/entities/b340bb5715f967aa74d1b8eaeec0d475,,pan-human-azimuth,7499,2575
https://entity.api.hubmapconsortium.org/entities/b340bb5715f967aa74d1b8eaeec0d475,,popv,7499,7487
https://entity.api.hubmapconsortium.org/entities/b3d66a3ef05dcca3984087b155c6e915,,azimuth,26251,26251
https://entity.api.hubmapconsortium.org/entities/b3d66a3ef05dcca3984087b155c6e915,,pan-human-azimuth,26251,822
https://entity.api.hubmapconsortium.org/entities/b5ff6c347488c45deafeb6316dc7925b,,azimuth,34608,34608
https://entity.api.hubmapconsortium.org/entities/b5ff6c347488c45deafeb6316dc7925b,,pan-human-azimuth,34608,4447
https://entity.api.hubmapconsortium.org/entities/b6b6cb64d837a70aacd0275175d1c4e0,,celltypist,616,616
https://entity.api.hubmapconsortium.org/entities/b6b6cb64d837a70aacd0275175d1c4e0,,pan-human-azimuth,616,124
https://entity.api.hubmapconsortium.org/entities/b6b6cb64d837a70aacd0275175d1c4e0,,popv,616,616
https://entity.api.hubmapconsortium.org/entities/b921c30d5077581c016d87d4f4c9ff19,,azimuth,12166,12166
https://entity.api.hubmapconsortium.org/entities/b921c30d5077581c016d87d4f4c9ff19,,pan-human-azimuth,12166,3852
https://entity.api.hubmapconsortium.org/entities/b95f34761c252ebbd1e482cd9afae73f,,azimuth,12000,12000
https://entity.api.hubmapconsortium.org/entities/b95f34761c252ebbd1e482cd9afae73f,,pan-human-azimuth,12000,4744
https://entity.api.hubmapconsortium.org/entities/b99fc30c4195958fbef217fa9ed9ec8f,,azimuth,3982,3982
https://entity.api.hubmapconsortium.org/entities/b99fc30c4195958fbef217fa9ed9ec8f,,pan-human-azimuth,3982,759
https://entity.api.hubmapconsortium.org/entities/ba3081716f3fa98a1670b0864c5115ff,,celltypist,3846,3846
https://entity.api.hubmapconsortium.org/entities/ba3081716f3fa98a1670b0864c5115ff,,pan-human-azimuth,3846,1649
https://entity.api.hubmapconsortium.org/entities/ba3081716f3fa98a1670b0864c5115ff,,popv,3846,3846
https://entity.api.hubmapconsortium.org/entities/baf7cfd920bea2bbc0b6cd7d00ec1789,,celltypist,5996,5996
https://entity.api.hubmapconsortium.org/entities/baf7cfd920bea2bbc0b6cd7d00ec1789,,pan-human-azimuth,5996,865
https://entity.api.hubmapconsortium.org/entities/baf7cfd920bea2bbc0b6cd7d00ec1789,,popv,5996,3184
https://entity.api.hubmapconsortium.org/entities/bba1f664447f3bf1bccb0b6ebf2f61ad,,azimuth,21812,21812
https://entity.api.hubmapconsortium.org/entities/bba1f664447f3bf1bccb0b6ebf2f61ad,,pan-human-azimuth,21812,524
https://entity.api.hubmapconsortium.org/entities/bbcad31a55b1710dd5f889be8f63b62b,,azimuth,100737,100737
https://entity.api.hubmapconsortium.org/entities/bbcad31a55b1710dd5f889be8f63b62b,,pan-human-azimuth,100737,3331
https://entity.api.hubmapconsortium.org/entities/bc26df5c01b624841a51e60cd8229c51,,azimuth,20182,20182
https://entity.api.hubmapconsortium.org/entities/bc26df5c01b624841a51e60cd8229c51,,pan-human-azimuth,20182,318
https://entity.api.hubmapconsortium.org/entities/bca0d1d7fcb2bdcde16a31d1484e83e5,,azimuth,31810,31810
https://entity.api.hubmapconsortium.org/entities/bca0d1d7fcb2bdcde16a31d1484e83e5,,pan-human-azimuth,31810,2396
https://entity.api.hubmapconsortium.org/entities/be103f95cc6c1a3e48f099d1bd149a49,,azimuth,10760,10760
https://entity.api.hubmapconsortium.org/entities/be103f95cc6c1a3e48f099d1bd149a49,,pan-human-azimuth,10760,3218
https://entity.api.hubmapconsortium.org/entities/be9a0e3119ea00dc156eff7ca346f46e,,celltypist,5987,5987
https://entity.api.hubmapconsortium.org/entities/be9a0e3119ea00dc156eff7ca346f46e,,pan-human-azimuth,5987,247
https://entity.api.hubmapconsortium.org/entities/be9a0e3119ea00dc156eff7ca346f46e,,popv,5987,491
https://entity.api.hubmapconsortium.org/entities/bf1896efe41bb1b17eee3bd77072454d,,azimuth,35052,35052
https://entity.api.hubmapconsortium.org/entities/bf1896efe41bb1b17eee3bd77072454d,,pan-human-azimuth,35052,876
https://entity.api.hubmapconsortium.org/entities/c05a38c5210b870281b5aea01e290339,,azimuth,7520,7520
https://entity.api.hubmapconsortium.org/entities/c05a38c5210b870281b5aea01e290339,,pan-human-azimuth,7520,1732
https://entity.api.hubmapconsortium.org/entities/c09c90ea0b366f91537e91c7ee196d22,,azimuth,10996,10996
https://entity.api.hubmapconsortium.org/entities/c09c90ea0b366f91537e91c7ee196d22,,celltypist,10996,10996
https://entity.api.hubmapconsortium.org/entities/c09c90ea0b366f91537e91c7ee196d22,,frmatch,10996,8625
https://entity.api.hubmapconsortium.org/entities/c09c90ea0b366f91537e91c7ee196d22,,pan-human-azimuth,10996,5021
https://entity.api.hubmapconsortium.org/entities/c09c90ea0b366f91537e91c7ee196d22,,popv,10996,10980
https://entity.api.hubmapconsortium.org/entities/c0b5fe827b4aac2941d9d84f9a952051,,pan-human-azimuth,10997,2405
https://entity.api.hubmapconsortium.org/entities/c14b104f9e44511ddf82697bce0d1901,,azimuth,100291,100291
https://entity.api.hubmapconsortium.org/entities/c14b104f9e44511ddf82697bce0d1901,,pan-human-azimuth,100291,3467
https://entity.api.hubmapconsortium.org/entities/c1a0c043d0a986d71552091cc1b09742,,azimuth,15811,15811
https://entity.api.hubmapconsortium.org/entities/c1a0c043d0a986d71552091cc1b09742,,pan-human-azimuth,15811,430
https://entity.api.hubmapconsortium.org/entities/c3e09a5698adbd3308d75c91eb7ff802,,celltypist,223,223
https://entity.api.hubmapconsortium.org/entities/c3e09a5698adbd3308d75c91eb7ff802,,pan-human-azimuth,223,52
https://entity.api.hubmapconsortium.org/entities/c3e09a5698adbd3308d75c91eb7ff802,,popv,223,223
https://entity.api.hubmapconsortium.org/entities/c3fc521953367daa816487df05a58ec8,,celltypist,577,577
https://entity.api.hubmapconsortium.org/entities/c3fc521953367daa816487df05a58ec8,,pan-human-azimuth,577,145
https://entity.api.hubmapconsortium.org/entities/c3fc521953367daa816487df05a58ec8,,popv,577,577
https://entity.api.hubmapconsortium.org/entities/c539c3b74724edb20bdd72c137c92f12,,azimuth,6997,6997
https://entity.api.hubmapconsortium.org/entities/c539c3b74724edb20bdd72c137c92f12,,celltypist,6997,6997
https://entity.api.hubmapconsortium.org/entities/c539c3b74724edb20bdd72c137c92f12,,frmatch,6997,6844
https://entity.api.hubmapconsortium.org/entities/c539c3b74724edb20bdd72c137c92f12,,pan-human-azimuth,6997,2857
https://entity.api.hubmapconsortium.org/entities/c539c3b74724edb20bdd72c137c92f12,,popv,6997,6408
https://entity.api.hubmapconsortium.org/entities/c616de3ce57804ede2dd519a1c8addf2,,azimuth,53637,53637
https://entity.api.hubmapconsortium.org/entities/c616de3ce57804ede2dd519a1c8addf2,,celltypist,53637,53637
https://entity.api.hubmapconsortium.org/entities/c616de3ce57804ede2dd519a1c8addf2,,pan-human-azimuth,53637,4506
https://entity.api.hubmapconsortium.org/entities/c643ed5d97472b6e6f5d55f475e0d5a7,,azimuth,9997,9997
https://entity.api.hubmapconsortium.org/entities/c643ed5d97472b6e6f5d55f475e0d5a7,,celltypist,9997,9997
https://entity.api.hubmapconsortium.org/entities/c643ed5d97472b6e6f5d55f475e0d5a7,,frmatch,9997,9997
https://entity.api.hubmapconsortium.org/entities/c643ed5d97472b6e6f5d55f475e0d5a7,,pan-human-azimuth,9997,4422
https://entity.api.hubmapconsortium.org/entities/c643ed5d97472b6e6f5d55f475e0d5a7,,popv,9997,9945
https://entity.api.hubmapconsortium.org/entities/c6bb00096b0cf40751f9d6003fb730c7,,azimuth,65248,65248
https://entity.api.hubmapconsortium.org/entities/c6bb00096b0cf40751f9d6003fb730c7,,celltypist,65248,65248
https://entity.api.hubmapconsortium.org/entities/c6bb00096b0cf40751f9d6003fb730c7,,pan-human-azimuth,65248,5489
https://entity.api.hubmapconsortium.org/entities/c6c0cca1d093fcdb8d72bd18053a7940,,azimuth,12166,12166
https://entity.api.hubmapconsortium.org/entities/c6c0cca1d093fcdb8d72bd18053a7940,,pan-human-azimuth,12166,3852
https://entity.api.hubmapconsortium.org/entities/c7beda8afe491243d634e3fd0531489b,,azimuth,30187,30187
https://entity.api.hubmapconsortium.org/entities/c7beda8afe491243d634e3fd0531489b,,pan-human-azimuth,30187,3054
https://entity.api.hubmapconsortium.org/entities/c81b0dc9d16eb825a7d6bce6e1b3678f,,azimuth,14998,14998
https://entity.api.hubmapconsortium.org/entities/c81b0dc9d16eb825a7d6bce6e1b3678f,,pan-human-azimuth,14998,3090
https://entity.api.hubmapconsortium.org/entities/ca35382d67c90d4d9bca1ee16526b1d3,,azimuth,100608,100608
https://entity.api.hubmapconsortium.org/entities/ca35382d67c90d4d9bca1ee16526b1d3,,celltypist,100608,100608
https://entity.api.hubmapconsortium.org/entities/ca35382d67c90d4d9bca1ee16526b1d3,,pan-human-azimuth,100608,14333
https://entity.api.hubmapconsortium.org/entities/ca35382d67c90d4d9bca1ee16526b1d3,,popv,100608,41065
https://entity.api.hubmapconsortium.org/entities/ccbad4ffd323265937b842ea36ada4ad,,azimuth,95817,95817
https://entity.api.hubmapconsortium.org/entities/ccbad4ffd323265937b842ea36ada4ad,,pan-human-azimuth,95817,2035
https://entity.api.hubmapconsortium.org/entities/ccf899abde825d51b03ad91028483ac1,,azimuth,26950,26950
https://entity.api.hubmapconsortium.org/entities/ccf899abde825d51b03ad91028483ac1,,pan-human-azimuth,26950,6171
https://entity.api.hubmapconsortium.org/entities/cd0ad2f9ed2f896e682ecacfbdac01ab,,celltypist,6767,6767
https://entity.api.hubmapconsortium.org/entities/cd0ad2f9ed2f896e682ecacfbdac01ab,,pan-human-azimuth,6767,1000
https://entity.api.hubmapconsortium.org/entities/cd0ad2f9ed2f896e682ecacfbdac01ab,,popv,6767,6348
https://entity.api.hubmapconsortium.org/entities/cdf702e00387d29e571cd7fb53d0dc2c,,azimuth,9998,9998
https://entity.api.hubmapconsortium.org/entities/cdf702e00387d29e571cd7fb53d0dc2c,,celltypist,9998,9998
https://entity.api.hubmapconsortium.org/entities/cdf702e00387d29e571cd7fb53d0dc2c,,frmatch,9998,9998
https://entity.api.hubmapconsortium.org/entities/cdf702e00387d29e571cd7fb53d0dc2c,,pan-human-azimuth,9998,5740
https://entity.api.hubmapconsortium.org/entities/cdf702e00387d29e571cd7fb53d0dc2c,,popv,9998,9940
https://entity.api.hubmapconsortium.org/entities/cdf9127efdfc96189845c35244d4d8ab,,azimuth,35052,35052
https://entity.api.hubmapconsortium.org/entities/cdf9127efdfc96189845c35244d4d8ab,,pan-human-azimuth,35052,876
https://entity.api.hubmapconsortium.org/entities/ced1599b71875ead46a41286ce67ba53,,celltypist,203,203
https://entity.api.hubmapconsortium.org/entities/ced1599b71875ead46a41286ce67ba53,,pan-human-azimuth,203,137
https://entity.api.hubmapconsortium.org/entities/ced1599b71875ead46a41286ce67ba53,,popv,203,203
https://entity.api.hubmapconsortium.org/entities/d0c1bd09443c301413f44f7108d20e08,,azimuth,8430,8430
https://entity.api.hubmapconsortium.org/entities/d0c1bd09443c301413f44f7108d20e08,,celltypist,8430,8430
https://entity.api.hubmapconsortium.org/entities/d0c1bd09443c301413f44f7108d20e08,,frmatch,8430,2455
https://entity.api.hubmapconsortium.org/entities/d0c1bd09443c301413f44f7108d20e08,,pan-human-azimuth,8430,2973
https://entity.api.hubmapconsortium.org/entities/d0c1bd09443c301413f44f7108d20e08,,popv,8430,8419
https://entity.api.hubmapconsortium.org/entities/d0f164331f53f745cfa3e67bf3feb22d,,azimuth,3228,3228
https://entity.api.hubmapconsortium.org/entities/d0f164331f53f745cfa3e67bf3feb22d,,celltypist,3228,3228
https://entity.api.hubmapconsortium.org/entities/d0f164331f53f745cfa3e67bf3feb22d,,pan-human-azimuth,3228,1647
https://entity.api.hubmapconsortium.org/entities/d1719464341c88c7d4b78867c32b6d92,,azimuth,9998,9998
https://entity.api.hubmapconsortium.org/entities/d1719464341c88c7d4b78867c32b6d92,,celltypist,9998,9998
https://entity.api.hubmapconsortium.org/entities/d1719464341c88c7d4b78867c32b6d92,,frmatch,9998,2689
https://entity.api.hubmapconsortium.org/entities/d1719464341c88c7d4b78867c32b6d92,,pan-human-azimuth,9998,5080
https://entity.api.hubmapconsortium.org/entities/d1719464341c88c7d4b78867c32b6d92,,popv,9998,9946
https://entity.api.hubmapconsortium.org/entities/d171ff8d83f707ecca64ff159c7160a7,,azimuth,100921,100921
https://entity.api.hubmapconsortium.org/entities/d171ff8d83f707ecca64ff159c7160a7,,celltypist,100921,100921
https://entity.api.hubmapconsortium.org/entities/d171ff8d83f707ecca64ff159c7160a7,,pan-human-azimuth,100921,16160
https://entity.api.hubmapconsortium.org/entities/d171ff8d83f707ecca64ff159c7160a7,,popv,100921,60569
https://entity.api.hubmapconsortium.org/entities/d180f9da167041f9b4da91ec6f72cdcf,,azimuth,5996,5996
https://entity.api.hubmapconsortium.org/entities/d180f9da167041f9b4da91ec6f72cdcf,,celltypist,5996,5996
https://entity.api.hubmapconsortium.org/entities/d180f9da167041f9b4da91ec6f72cdcf,,frmatch,5996,5996
https://entity.api.hubmapconsortium.org/entities/d180f9da167041f9b4da91ec6f72cdcf,,pan-human-azimuth,5996,2403
https://entity.api.hubmapconsortium.org/entities/d180f9da167041f9b4da91ec6f72cdcf,,popv,5996,5840
https://entity.api.hubmapconsortium.org/entities/d1af36911148fdd7001fd4eebe7222f1,,azimuth,11185,11185
https://entity.api.hubmapconsortium.org/entities/d1af36911148fdd7001fd4eebe7222f1,,pan-human-azimuth,11185,625
https://entity.api.hubmapconsortium.org/entities/d1d10cfa18d059a96365998fe6406ca9,,celltypist,6858,6858
https://entity.api.hubmapconsortium.org/entities/d1d10cfa18d059a96365998fe6406ca9,,pan-human-azimuth,6858,2826
https://entity.api.hubmapconsortium.org/entities/d1d10cfa18d059a96365998fe6406ca9,,popv,6858,6833
https://entity.api.hubmapconsortium.org/entities/d1e9f509063984326570cf603c5654f2,,azimuth,95427,95427
https://entity.api.hubmapconsortium.org/entities/d1e9f509063984326570cf603c5654f2,,pan-human-azimuth,95427,1144
https://entity.api.hubmapconsortium.org/entities/d363e6062d4962bc7ef44d1d94afec62,,azimuth,21812,21812
https://entity.api.hubmapconsortium.org/entities/d363e6062d4962bc7ef44d1d94afec62,,pan-human-azimuth,21812,524
https://entity.api.hubmapconsortium.org/entities/d36873ebd1b3c848746b64122808b6d5,,azimuth,9000,9000
https://entity.api.hubmapconsortium.org/entities/d36873ebd1b3c848746b64122808b6d5,,celltypist,9000,9000
https://entity.api.hubmapconsortium.org/entities/d36873ebd1b3c848746b64122808b6d5,,frmatch,9000,9000
https://entity.api.hubmapconsortium.org/entities/d36873ebd1b3c848746b64122808b6d5,,pan-human-azimuth,9000,5370
https://entity.api.hubmapconsortium.org/entities/d36873ebd1b3c848746b64122808b6d5,,popv,9000,8916
https://entity.api.hubmapconsortium.org/entities/d482512016a61ef479960e2cb58552f2,,azimuth,8307,8307
https://entity.api.hubmapconsortium.org/entities/d482512016a61ef479960e2cb58552f2,,pan-human-azimuth,8307,990
https://entity.api.hubmapconsortium.org/entities/d48b7990d638dbede870ae9c1976e475,,pan-human-azimuth,9872,1018
https://entity.api.hubmapconsortium.org/entities/d48b7990d638dbede870ae9c1976e475,,popv,9872,9808
https://entity.api.hubmapconsortium.org/entities/d54c01d63b41e05a316101a30465555e,,azimuth,12000,12000
https://entity.api.hubmapconsortium.org/entities/d54c01d63b41e05a316101a30465555e,,celltypist,12000,12000
https://entity.api.hubmapconsortium.org/entities/d54c01d63b41e05a316101a30465555e,,frmatch,12000,9737
https://entity.api.hubmapconsortium.org/entities/d54c01d63b41e05a316101a30465555e,,pan-human-azimuth,12000,6526
https://entity.api.hubmapconsortium.org/entities/d54c01d63b41e05a316101a30465555e,,popv,12000,11876
https://entity.api.hubmapconsortium.org/entities/d5fe1d775e2f5ea978a160f34e4cec96,,azimuth,11998,11998
https://entity.api.hubmapconsortium.org/entities/d5fe1d775e2f5ea978a160f34e4cec96,,celltypist,11998,11998
https://entity.api.hubmapconsortium.org/entities/d5fe1d775e2f5ea978a160f34e4cec96,,frmatch,11998,10389
https://entity.api.hubmapconsortium.org/entities/d5fe1d775e2f5ea978a160f34e4cec96,,pan-human-azimuth,11998,5667
https://entity.api.hubmapconsortium.org/entities/d5fe1d775e2f5ea978a160f34e4cec96,,popv,11998,11844
https://entity.api.hubmapconsortium.org/entities/d62f040dfe28ea7d40e1095ba086e2e5,,azimuth,7998,7998
https://entity.api.hubmapconsortium.org/entities/d62f040dfe28ea7d40e1095ba086e2e5,,celltypist,7998,7998
https://entity.api.hubmapconsortium.org/entities/d62f040dfe28ea7d40e1095ba086e2e5,,frmatch,7998,7998
https://entity.api.hubmapconsortium.org/entities/d62f040dfe28ea7d40e1095ba086e2e5,,pan-human-azimuth,7998,2580
https://entity.api.hubmapconsortium.org/entities/d62f040dfe28ea7d40e1095ba086e2e5,,popv,7998,7494
https://entity.api.hubmapconsortium.org/entities/d655e506e3e07f345c65c3cc90d045e2,,azimuth,26251,26251
https://entity.api.hubmapconsortium.org/entities/d655e506e3e07f345c65c3cc90d045e2,,pan-human-azimuth,26251,822
https://entity.api.hubmapconsortium.org/entities/d67c61063b82f6479e93133bdd8949fb,,pan-human-azimuth,16000,5813
https://entity.api.hubmapconsortium.org/entities/d67c61063b82f6479e93133bdd8949fb,,popv,16000,15993
https://entity.api.hubmapconsortium.org/entities/d68e7b99290b6b7cca686b54955a2c22,,azimuth,22676,22676
https://entity.api.hubmapconsortium.org/entities/d68e7b99290b6b7cca686b54955a2c22,,pan-human-azimuth,22676,523
https://entity.api.hubmapconsortium.org/entities/d6e6c8e452ed628425e9e928306a6db0,,azimuth,60348,60348
https://entity.api.hubmapconsortium.org/entities/d6e6c8e452ed628425e9e928306a6db0,,celltypist,60348,60348
https://entity.api.hubmapconsortium.org/entities/d6e6c8e452ed628425e9e928306a6db0,,pan-human-azimuth,60348,6737
https://entity.api.hubmapconsortium.org/entities/d87b2121ee1a5777c29a69307f806328,,azimuth,100932,100932
https://entity.api.hubmapconsortium.org/entities/d87b2121ee1a5777c29a69307f806328,,pan-human-azimuth,100932,10067
https://entity.api.hubmapconsortium.org/entities/d88c483eea56204fd3282c5f62f31f0d,,azimuth,36076,36076
https://entity.api.hubmapconsortium.org/entities/d88c483eea56204fd3282c5f62f31f0d,,pan-human-azimuth,36076,4753
https://entity.api.hubmapconsortium.org/entities/d8ec264c4660ef7053764f71ae1789d0,,azimuth,100608,100608
https://entity.api.hubmapconsortium.org/entities/d8ec264c4660ef7053764f71ae1789d0,,celltypist,100608,100608
https://entity.api.hubmapconsortium.org/entities/d8ec264c4660ef7053764f71ae1789d0,,pan-human-azimuth,100608,14331
https://entity.api.hubmapconsortium.org/entities/d8ec264c4660ef7053764f71ae1789d0,,popv,100608,41064
https://entity.api.hubmapconsortium.org/entities/d9780d3f4eb9edfe275abaa32ff8633b,,pan-human-azimuth,11633,4136
https://entity.api.hubmapconsortium.org/entities/d9780d3f4eb9edfe275abaa32ff8633b,,popv,11633,9622
https://entity.api.hubmapconsortium.org/entities/dab09765ac710804749b195462381b32,,azimuth,37195,37195
https://entity.api.hubmapconsortium.org/entities/dab09765ac710804749b195462381b32,,pan-human-azimuth,37195,5387
https://entity.api.hubmapconsortium.org/entities/dbe24793ebc30c47e241150cccf4b0d1,,azimuth,100793,100793
https://entity.api.hubmapconsortium.org/entities/dbe24793ebc30c47e241150cccf4b0d1,,pan-human-azimuth,100793,9765
https://entity.api.hubmapconsortium.org/entities/dc4f4778dd04263c0660addcc93b3807,,azimuth,8111,8111
https://entity.api.hubmapconsortium.org/entities/dc4f4778dd04263c0660addcc93b3807,,pan-human-azimuth,8111,1309
https://entity.api.hubmapconsortium.org/entities/dc535e26fd17b8286a57d6dcd734c648,,azimuth,25052,25052
https://entity.api.hubmapconsortium.org/entities/dc535e26fd17b8286a57d6dcd734c648,,pan-human-azimuth,25052,5961
https://entity.api.hubmapconsortium.org/entities/dd3e6da115fd13eee62d9a4fba2324ae,,azimuth,100485,100485
https://entity.api.hubmapconsortium.org/entities/dd3e6da115fd13eee62d9a4fba2324ae,,pan-human-azimuth,100485,3587
https://entity.api.hubmapconsortium.org/entities/dd648e4648238b25a7d1062669ea89af,,azimuth,100984,100984
https://entity.api.hubmapconsortium.org/entities/dd648e4648238b25a7d1062669ea89af,,celltypist,100984,100984
https://entity.api.hubmapconsortium.org/entities/dd648e4648238b25a7d1062669ea89af,,pan-human-azimuth,100984,10453
https://entity.api.hubmapconsortium.org/entities/dd648e4648238b25a7d1062669ea89af,,popv,100984,63946
https://entity.api.hubmapconsortium.org/entities/dd7ccbc306692fc5ff5e61c22845da21,,azimuth,10996,10996
https://entity.api.hubmapconsortium.org/entities/dd7ccbc306692fc5ff5e61c22845da21,,pan-human-azimuth,10996,1035
https://entity.api.hubmapconsortium.org/entities/de1f726e33c439d7683d37401beaea86,,pan-human-azimuth,10983,3046
https://entity.api.hubmapconsortium.org/entities/de1f726e33c439d7683d37401beaea86,,popv,10983,6407
https://entity.api.hubmapconsortium.org/entities/de78115cc476af9422f916ddfbccbfb6,,azimuth,55605,55605
https://entity.api.hubmapconsortium.org/entities/de78115cc476af9422f916ddfbccbfb6,,celltypist,55605,55605
https://entity.api.hubmapconsortium.org/entities/de78115cc476af9422f916ddfbccbfb6,,pan-human-azimuth,55605,4979
https://entity.api.hubmapconsortium.org/entities/e010f7505632d7b6eeda25b349383149,,azimuth,2387,2387
https://entity.api.hubmapconsortium.org/entities/e010f7505632d7b6eeda25b349383149,,pan-human-azimuth,2387,469
https://entity.api.hubmapconsortium.org/entities/e375a44f5cf5457c8f9b1132574c2436,,azimuth,6228,6228
https://entity.api.hubmapconsortium.org/entities/e375a44f5cf5457c8f9b1132574c2436,,pan-human-azimuth,6228,1488
https://entity.api.hubmapconsortium.org/entities/e3d2be85088ae5073758e6609167407a,,azimuth,27424,27424
https://entity.api.hubmapconsortium.org/entities/e3d2be85088ae5073758e6609167407a,,pan-human-azimuth,27424,616
https://entity.api.hubmapconsortium.org/entities/e488c9a612abf6fedef3cea5e7bb6141,,azimuth,7000,7000
https://entity.api.hubmapconsortium.org/entities/e488c9a612abf6fedef3cea5e7bb6141,,celltypist,7000,7000
https://entity.api.hubmapconsortium.org/entities/e488c9a612abf6fedef3cea5e7bb6141,,frmatch,7000,7000
https://entity.api.hubmapconsortium.org/entities/e488c9a612abf6fedef3cea5e7bb6141,,pan-human-azimuth,7000,2825
https://entity.api.hubmapconsortium.org/entities/e488c9a612abf6fedef3cea5e7bb6141,,popv,7000,6512
https://entity.api.hubmapconsortium.org/entities/e4d23bbb494d5e4928ad16649d5753b8,,pan-human-azimuth,12981,4021
https://entity.api.hubmapconsortium.org/entities/e5f7a14d93659bd0b8dc2819ffa9bc4b,,azimuth,15993,15993
https://entity.api.hubmapconsortium.org/entities/e5f7a14d93659bd0b8dc2819ffa9bc4b,,pan-human-azimuth,15993,6530
https://entity.api.hubmapconsortium.org/entities/e65175561b4b17da5352e3837aa0e497,,azimuth,8111,8111
https://entity.api.hubmapconsortium.org/entities/e65175561b4b17da5352e3837aa0e497,,pan-human-azimuth,8111,1309
https://entity.api.hubmapconsortium.org/entities/e7b70f4c1b3cb934e45fc4114a4fca28,,celltypist,1783,1783
https://entity.api.hubmapconsortium.org/entities/e7b70f4c1b3cb934e45fc4114a4fca28,,pan-human-azimuth,1783,378
https://entity.api.hubmapconsortium.org/entities/e7b70f4c1b3cb934e45fc4114a4fca28,,popv,1783,1783
https://entity.api.hubmapconsortium.org/entities/e7bdf34c4da9f1d880f2615226e9713d,,azimuth,89168,89168
https://entity.api.hubmapconsortium.org/entities/e7bdf34c4da9f1d880f2615226e9713d,,pan-human-azimuth,89168,2764
https://entity.api.hubmapconsortium.org/entities/e81c9c9753998b2ca69e8bceadf2409d,,azimuth,11236,11236
https://entity.api.hubmapconsortium.org/entities/e81c9c9753998b2ca69e8bceadf2409d,,celltypist,11236,11236
https://entity.api.hubmapconsortium.org/entities/e81c9c9753998b2ca69e8bceadf2409d,,frmatch,11236,6075
https://entity.api.hubmapconsortium.org/entities/e81c9c9753998b2ca69e8bceadf2409d,,pan-human-azimuth,11236,5525
https://entity.api.hubmapconsortium.org/entities/e81c9c9753998b2ca69e8bceadf2409d,,popv,11236,11208
https://entity.api.hubmapconsortium.org/entities/e901621d0400c18d3d69decd46a82c84,,azimuth,34608,34608
https://entity.api.hubmapconsortium.org/entities/e901621d0400c18d3d69decd46a82c84,,pan-human-azimuth,34608,4447
https://entity.api.hubmapconsortium.org/entities/ea4cfecb8495b36694d9a951510dc3c6,,azimuth,34304,34304
https://entity.api.hubmapconsortium.org/entities/ea4cfecb8495b36694d9a951510dc3c6,,pan-human-azimuth,34304,4154
https://entity.api.hubmapconsortium.org/entities/eb961e5dc50239d35f5398903c64e2b9,,azimuth,100891,100891
https://entity.api.hubmapconsortium.org/entities/eb961e5dc50239d35f5398903c64e2b9,,pan-human-azimuth,100891,7589
https://entity.api.hubmapconsortium.org/entities/ec7ebe15feec075a0299979b0350dd3a,,azimuth,9801,9801
https://entity.api.hubmapconsortium.org/entities/ec7ebe15feec075a0299979b0350dd3a,,pan-human-azimuth,9801,1206
https://entity.api.hubmapconsortium.org/entities/ec9405ca3fa9c22273927f0d57c8cc97,,celltypist,5999,5999
https://entity.api.hubmapconsortium.org/entities/ec9405ca3fa9c22273927f0d57c8cc97,,pan-human-azimuth,5999,395
https://entity.api.hubmapconsortium.org/entities/ec9405ca3fa9c22273927f0d57c8cc97,,popv,5999,5998
https://entity.api.hubmapconsortium.org/entities/ecbe9e6e1c8bfa8e4aa5e35cde64fb52,,azimuth,13999,13999
https://entity.api.hubmapconsortium.org/entities/ecbe9e6e1c8bfa8e4aa5e35cde64fb52,,celltypist,13999,13999
https://entity.api.hubmapconsortium.org/entities/ecbe9e6e1c8bfa8e4aa5e35cde64fb52,,frmatch,13999,5988
https://entity.api.hubmapconsortium.org/entities/ecbe9e6e1c8bfa8e4aa5e35cde64fb52,,pan-human-azimuth,13999,4222
https://entity.api.hubmapconsortium.org/entities/ecbe9e6e1c8bfa8e4aa5e35cde64fb52,,popv,13999,13996
https://entity.api.hubmapconsortium.org/entities/ed630484e46ea49b319c0e1f92140059,,azimuth,11236,11236
https://entity.api.hubmapconsortium.org/entities/ed630484e46ea49b319c0e1f92140059,,celltypist,11236,11236
https://entity.api.hubmapconsortium.org/entities/ed630484e46ea49b319c0e1f92140059,,frmatch,11236,6212
https://entity.api.hubmapconsortium.org/entities/ed630484e46ea49b319c0e1f92140059,,pan-human-azimuth,11236,5525
https://entity.api.hubmapconsortium.org/entities/ed630484e46ea49b319c0e1f92140059,,popv,11236,11208
https://entity.api.hubmapconsortium.org/entities/edfca1e982b712389bcc67d40d148a53,,pan-human-azimuth,3995,1392
https://entity.api.hubmapconsortium.org/entities/edfca1e982b712389bcc67d40d148a53,,popv,3995,3076
https://entity.api.hubmapconsortium.org/entities/ee6e44b3e6cb77ef1806e722390a01a8,,azimuth,100527,100527
https://entity.api.hubmapconsortium.org/entities/ee6e44b3e6cb77ef1806e722390a01a8,,celltypist,100527,100527
https://entity.api.hubmapconsortium.org/entities/ee6e44b3e6cb77ef1806e722390a01a8,,frmatch,100527,10872
https://entity.api.hubmapconsortium.org/entities/ee6e44b3e6cb77ef1806e722390a01a8,,pan-human-azimuth,100527,2242
https://entity.api.hubmapconsortium.org/entities/ee6e44b3e6cb77ef1806e722390a01a8,,popv,100527,8201
https://entity.api.hubmapconsortium.org/entities/f0d9d828d7d1e61289d72e52fafafafa,,azimuth,23280,23280
https://entity.api.hubmapconsortium.org/entities/f0d9d828d7d1e61289d72e52fafafafa,,pan-human-azimuth,23280,648
https://entity.api.hubmapconsortium.org/entities/f189d4257178cd8370a4d2f376420c49,,azimuth,6000,6000
https://entity.api.hubmapconsortium.org/entities/f189d4257178cd8370a4d2f376420c49,,celltypist,6000,6000
https://entity.api.hubmapconsortium.org/entities/f189d4257178cd8370a4d2f376420c49,,frmatch,6000,6000
https://entity.api.hubmapconsortium.org/entities/f189d4257178cd8370a4d2f376420c49,,pan-human-azimuth,6000,2830
https://entity.api.hubmapconsortium.org/entities/f189d4257178cd8370a4d2f376420c49,,popv,6000,4747
https://entity.api.hubmapconsortium.org/entities/f220c9e7bcaea3a87162cbe61287ea4d,,azimuth,15999,15999
https://entity.api.hubmapconsortium.org/entities/f220c9e7bcaea3a87162cbe61287ea4d,,pan-human-azimuth,15999,6831
https://entity.api.hubmapconsortium.org/entities/f2337adde76b4b57440116afdce5202a,,pan-human-azimuth,10986,2455
https://entity.api.hubmapconsortium.org/entities/f2647d9533956fdb12da6b1fc6254441,,celltypist,3282,3282
https://entity.api.hubmapconsortium.org/entities/f2647d9533956fdb12da6b1fc6254441,,pan-human-azimuth,3282,877
https://entity.api.hubmapconsortium.org/entities/f2647d9533956fdb12da6b1fc6254441,,popv,3282,2933
https://entity.api.hubmapconsortium.org/entities/f3256b912f001d1b58877100b96e38a2,,celltypist,6000,6000
https://entity.api.hubmapconsortium.org/entities/f3256b912f001d1b58877100b96e38a2,,pan-human-azimuth,6000,77
https://entity.api.hubmapconsortium.org/entities/f3256b912f001d1b58877100b96e38a2,,popv,6000,2796
https://entity.api.hubmapconsortium.org/entities/f3a05f31c6ea4e2315bc66ff468a5a0a,,azimuth,100737,100737
https://entity.api.hubmapconsortium.org/entities/f3a05f31c6ea4e2315bc66ff468a5a0a,,pan-human-azimuth,100737,3331
https://entity.api.hubmapconsortium.org/entities/f412e76986c1012ea9589d545ed8f043,,pan-human-azimuth,16047,8825
https://entity.api.hubmapconsortium.org/entities/f412e76986c1012ea9589d545ed8f043,,popv,16047,14712
https://entity.api.hubmapconsortium.org/entities/f47349f1e0fea69263a8d68c7dac65c5,,pan-human-azimuth,10987,2432
https://entity.api.hubmapconsortium.org/entities/f4b3c0e24e09e1e8c16f2e4e190a8cbb,,azimuth,22676,22676
https://entity.api.hubmapconsortium.org/entities/f4b3c0e24e09e1e8c16f2e4e190a8cbb,,pan-human-azimuth,22676,523
https://entity.api.hubmapconsortium.org/entities/f5ce0bfcef8d17a18e0a3911fb2b2726,,azimuth,7999,7999
https://entity.api.hubmapconsortium.org/entities/f5ce0bfcef8d17a18e0a3911fb2b2726,,celltypist,7999,7999
https://entity.api.hubmapconsortium.org/entities/f5ce0bfcef8d17a18e0a3911fb2b2726,,pan-human-azimuth,7999,4494
https://entity.api.hubmapconsortium.org/entities/f5ce0bfcef8d17a18e0a3911fb2b2726,,popv,7999,7524
https://entity.api.hubmapconsortium.org/entities/f6eb890063d13698feb11d39fa61e45a,,celltypist,6000,6000
https://entity.api.hubmapconsortium.org/entities/f6eb890063d13698feb11d39fa61e45a,,pan-human-azimuth,6000,943
https://entity.api.hubmapconsortium.org/entities/f6eb890063d13698feb11d39fa61e45a,,popv,6000,5956
https://entity.api.hubmapconsortium.org/entities/f71249f6e349fb9a99a3d4f08541cab4,,pan-human-azimuth,9183,2877
https://entity.api.hubmapconsortium.org/entities/f71249f6e349fb9a99a3d4f08541cab4,,popv,9183,7666
https://entity.api.hubmapconsortium.org/entities/f7a8e78dea9cf70735059e8b4a179701,,azimuth,100957,100957
https://entity.api.hubmapconsortium.org/entities/f7a8e78dea9cf70735059e8b4a179701,,celltypist,100957,100957
https://entity.api.hubmapconsortium.org/entities/f7a8e78dea9cf70735059e8b4a179701,,pan-human-azimuth,100957,9565
https://entity.api.hubmapconsortium.org/entities/f7a8e78dea9cf70735059e8b4a179701,,popv,100957,25982
https://entity.api.hubmapconsortium.org/entities/f85a3bfcde06f603102506c851dd76a0,,celltypist,5929,5929
https://entity.api.hubmapconsortium.org/entities/f85a3bfcde06f603102506c851dd76a0,,pan-human-azimuth,5929,1456
https://entity.api.hubmapconsortium.org/entities/f85a3bfcde06f603102506c851dd76a0,,popv,5929,5897
https://entity.api.hubmapconsortium.org/entities/f88e96675a3215474570083edad66e0c,,azimuth,19338,19338
https://entity.api.hubmapconsortium.org/entities/f88e96675a3215474570083edad66e0c,,pan-human-azimuth,19338,2806
https://entity.api.hubmapconsortium.org/entities/f9848244883f6c70972acef16680431a,,azimuth,8688,8688
https://entity.api.hubmapconsortium.org/entities/f9848244883f6c70972acef16680431a,,celltypist,8688,8688
https://entity.api.hubmapconsortium.org/entities/f9848244883f6c70972acef16680431a,,frmatch,8688,6644
https://entity.api.hubmapconsortium.org/entities/f9848244883f6c70972acef16680431a,,pan-human-azimuth,8688,3252
https://entity.api.hubmapconsortium.org/entities/f9848244883f6c70972acef16680431a,,popv,8688,8686
https://entity.api.hubmapconsortium.org/entities/faa1acc13943ee9d365b6cc6a3ea889f,,azimuth,4856,4856
https://entity.api.hubmapconsortium.org/entities/faa1acc13943ee9d365b6cc6a3ea889f,,celltypist,4856,4856
https://entity.api.hubmapconsortium.org/entities/faa1acc13943ee9d365b6cc6a3ea889f,,frmatch,4856,4296
https://entity.api.hubmapconsortium.org/entities/faa1acc13943ee9d365b6cc6a3ea889f,,pan-human-azimuth,4856,1554
https://entity.api.hubmapconsortium.org/entities/faa1acc13943ee9d365b6cc6a3ea889f,,popv,4856,4832
https://entity.api.hubmapconsortium.org/entities/fae9a1f2e7abefca2203765a3c7a5ba1,,azimuth,10999,10999
https://entity.api.hubmapconsortium.org/entities/fae9a1f2e7abefca2203765a3c7a5ba1,,pan-human-azimuth,10999,938
https://entity.api.hubmapconsortium.org/entities/fb94e862fe33f171de6e07d2d207d0de,,azimuth,501,501
https://entity.api.hubmapconsortium.org/entities/fb94e862fe33f171de6e07d2d207d0de,,pan-human-azimuth,501,56
https://entity.api.hubmapconsortium.org/entities/fbb43e7c05d88c8700af94a32cb4e21d,,azimuth,7742,7742
https://entity.api.hubmapconsortium.org/entities/fbb43e7c05d88c8700af94a32cb4e21d,,pan-human-azimuth,7742,1586
https://entity.api.hubmapconsortium.org/entities/fbfdd102ecd60d7cf9d3da8c3d83a5c4,,azimuth,5845,5845
https://entity.api.hubmapconsortium.org/entities/fbfdd102ecd60d7cf9d3da8c3d83a5c4,,pan-human-azimuth,5845,1086
https://entity.api.hubmapconsortium.org/entities/fcd7a8d45be34fdccb8fa400ea81a331,,azimuth,27424,27424
https://entity.api.hubmapconsortium.org/entities/fcd7a8d45be34fdccb8fa400ea81a331,,pan-human-azimuth,27424,616
https://entity.api.hubmapconsortium.org/entities/fd0b0c1d050010de3520492147aacef4,,azimuth,26950,26950
https://entity.api.hubmapconsortium.org/entities/fd0b0c1d050010de3520492147aacef4,,pan-human-azimuth,26950,6171
https://entity.api.hubmapconsortium.org/entities/fd57a928d9f3cee7e95d284f1d5b9935,,azimuth,63137,63137
https://entity.api.hubmapconsortium.org/entities/fd57a928d9f3cee7e95d284f1d5b9935,,celltypist,63137,63137
https://entity.api.hubmapconsortium.org/entities/fd57a928d9f3cee7e95d284f1d5b9935,,pan-human-azimuth,63137,4800
https://entity.api.hubmapconsortium.org/entities/fdfa344add5dcf9e8e0f6572efbf9312,,azimuth,22799,22799
https://entity.api.hubmapconsortium.org/entities/fdfa344add5dcf9e8e0f6572efbf9312,,pan-human-azimuth,22799,472
https://entity.api.hubmapconsortium.org/entities/fe0ded5fc0355c95239f9c040dd31e99,,azimuth,3000,3000
https://entity.api.hubmapconsortium.org/entities/fe0ded5fc0355c95239f9c040dd31e99,,pan-human-azimuth,3000,180
https://entity.api.hubmapconsortium.org/entities/fe3962d3126e7079cc6b22dbbd7129f3,,pan-human-azimuth,12949,3410
https://entity.api.hubmapconsortium.org/entities/fee4cf0e7da557d3ef5c535b5417ed7a,,azimuth,28664,28664
https://entity.api.hubmapconsortium.org/entities/fee4cf0e7da557d3ef5c535b5417ed7a,,pan-human-azimuth,28664,5952
https://entity.api.hubmapconsortium.org/entities/feea9accbe57b7a052563895ac543d91,,azimuth,22676,22676
https://entity.api.hubmapconsortium.org/entities/feea9accbe57b7a052563895ac543d91,,pan-human-azimuth,22676,523
https://entity.api.hubmapconsortium.org/entities/ff5d0d740fea8963e91f2e35c0a85596,,celltypist,5409,5409
https://entity.api.hubmapconsortium.org/entities/ff5d0d740fea8963e91f2e35c0a85596,,pan-human-azimuth,5409,1445
https://entity.api.hubmapconsortium.org/entities/ff5d0d740fea8963e91f2e35c0a85596,,popv,5409,5190
https://entity.api.hubmapconsortium.org/entities/ffade7fd19cebd25cd9a9fab2111cb09,,pan-human-azimuth,22998,3729
https://entity.api.hubmapconsortium.org/entities/ffade7fd19cebd25cd9a9fab2111cb09,,popv,22998,22996
https://entity.api.sennetconsortium.org/entities/01f058f3e3935b15f45342507ff4c1fb,,pan-human-azimuth,4991,1165
https://entity.api.sennetconsortium.org/entities/036421ef2bdfeb5a7aecf58f3c0d1791,,azimuth,12999,12999
https://entity.api.sennetconsortium.org/entities/036421ef2bdfeb5a7aecf58f3c0d1791,,celltypist,12999,12999
https://entity.api.sennetconsortium.org/entities/036421ef2bdfeb5a7aecf58f3c0d1791,,frmatch,12999,12896
https://entity.api.sennetconsortium.org/entities/036421ef2bdfeb5a7aecf58f3c0d1791,,pan-human-azimuth,12999,6759
https://entity.api.sennetconsortium.org/entities/036421ef2bdfeb5a7aecf58f3c0d1791,,popv,12999,9266
https://entity.api.sennetconsortium.org/entities/05a4c75b79d385832149d0e45254ebad,,azimuth,11000,11000
https://entity.api.sennetconsortium.org/entities/05a4c75b79d385832149d0e45254ebad,,celltypist,11000,11000
https://entity.api.sennetconsortium.org/entities/05a4c75b79d385832149d0e45254ebad,,frmatch,11000,3681
https://entity.api.sennetconsortium.org/entities/05a4c75b79d385832149d0e45254ebad,,pan-human-azimuth,11000,1503
https://entity.api.sennetconsortium.org/entities/05a4c75b79d385832149d0e45254ebad,,popv,11000,10996
https://entity.api.sennetconsortium.org/entities/076ab462d464d4e74e8caf5fbe3ae3e8,,pan-human-azimuth,5258,769
https://entity.api.sennetconsortium.org/entities/0b788343fafc312dfab52a1758f1b032,,azimuth,12997,12997
https://entity.api.sennetconsortium.org/entities/0b788343fafc312dfab52a1758f1b032,,celltypist,12997,12997
https://entity.api.sennetconsortium.org/entities/0b788343fafc312dfab52a1758f1b032,,frmatch,12997,12881
https://entity.api.sennetconsortium.org/entities/0b788343fafc312dfab52a1758f1b032,,pan-human-azimuth,12997,3426
https://entity.api.sennetconsortium.org/entities/0b788343fafc312dfab52a1758f1b032,,popv,12997,8198
https://entity.api.sennetconsortium.org/entities/0dc5a4895ebc44e97c701cd1d584c620,,azimuth,12994,12994
https://entity.api.sennetconsortium.org/entities/0dc5a4895ebc44e97c701cd1d584c620,,celltypist,12994,12994
https://entity.api.sennetconsortium.org/entities/0dc5a4895ebc44e97c701cd1d584c620,,frmatch,12994,11166
https://entity.api.sennetconsortium.org/entities/0dc5a4895ebc44e97c701cd1d584c620,,pan-human-azimuth,12994,1775
https://entity.api.sennetconsortium.org/entities/0dc5a4895ebc44e97c701cd1d584c620,,popv,12994,11635
https://entity.api.sennetconsortium.org/entities/11c82219c345f53dad16396defcf281f,,pan-human-azimuth,4992,649
https://entity.api.sennetconsortium.org/entities/1403e6ad0cc5be40e7a5bc812fbcf016,,pan-human-azimuth,705,144
https://entity.api.sennetconsortium.org/entities/1b7caa34d69039ba3ac6a0373f9d5fcb,,azimuth,12989,12989
https://entity.api.sennetconsortium.org/entities/1b7caa34d69039ba3ac6a0373f9d5fcb,,celltypist,12989,12989
https://entity.api.sennetconsortium.org/entities/1b7caa34d69039ba3ac6a0373f9d5fcb,,frmatch,12989,12989
https://entity.api.sennetconsortium.org/entities/1b7caa34d69039ba3ac6a0373f9d5fcb,,pan-human-azimuth,12989,3044
https://entity.api.sennetconsortium.org/entities/1b7caa34d69039ba3ac6a0373f9d5fcb,,popv,12989,12655
https://entity.api.sennetconsortium.org/entities/1ffd4842e6a1643f538f42eb7fff5bbc,,azimuth,3140,3139
https://entity.api.sennetconsortium.org/entities/1ffd4842e6a1643f538f42eb7fff5bbc,,celltypist,3140,3140
https://entity.api.sennetconsortium.org/entities/1ffd4842e6a1643f538f42eb7fff5bbc,,frmatch,3140,2982
https://entity.api.sennetconsortium.org/entities/1ffd4842e6a1643f538f42eb7fff5bbc,,pan-human-azimuth,3140,1974
https://entity.api.sennetconsortium.org/entities/1ffd4842e6a1643f538f42eb7fff5bbc,,popv,3140,3135
https://entity.api.sennetconsortium.org/entities/254ed189f343d922b97b95973fee2ea9,,pan-human-azimuth,2022,191
https://entity.api.sennetconsortium.org/entities/2783b3079bed04b8010192812e86d888,,pan-human-azimuth,4992,1435
https://entity.api.sennetconsortium.org/entities/27b00816f9e74372325b59a59e85479f,,azimuth,11000,11000
https://entity.api.sennetconsortium.org/entities/27b00816f9e74372325b59a59e85479f,,celltypist,11000,11000
https://entity.api.sennetconsortium.org/entities/27b00816f9e74372325b59a59e85479f,,frmatch,11000,492
https://entity.api.sennetconsortium.org/entities/27b00816f9e74372325b59a59e85479f,,pan-human-azimuth,11000,1310
https://entity.api.sennetconsortium.org/entities/27b00816f9e74372325b59a59e85479f,,popv,11000,10998
https://entity.api.sennetconsortium.org/entities/284105561bf438da453dd0a00e9fa22c,,pan-human-azimuth,4992,928
https://entity.api.sennetconsortium.org/entities/2cfb87471c9e827ee741dd5bbaa4f5d8,,azimuth,3319,3319
https://entity.api.sennetconsortium.org/entities/2cfb87471c9e827ee741dd5bbaa4f5d8,,celltypist,3319,3319
https://entity.api.sennetconsortium.org/entities/2cfb87471c9e827ee741dd5bbaa4f5d8,,frmatch,3319,2702
https://entity.api.sennetconsortium.org/entities/2cfb87471c9e827ee741dd5bbaa4f5d8,,pan-human-azimuth,3319,1612
https://entity.api.sennetconsortium.org/entities/2cfb87471c9e827ee741dd5bbaa4f5d8,,popv,3319,3261
https://entity.api.sennetconsortium.org/entities/2d5ed0ebb0d5301c1f8c2f1d1f8917d0,,pan-human-azimuth,4478,1047
https://entity.api.sennetconsortium.org/entities/2df0ebbfe965256cddad5a890a2c8c4b,,azimuth,12984,12984
https://entity.api.sennetconsortium.org/entities/2df0ebbfe965256cddad5a890a2c8c4b,,celltypist,12984,12984
https://entity.api.sennetconsortium.org/entities/2df0ebbfe965256cddad5a890a2c8c4b,,frmatch,12984,12981
https://entity.api.sennetconsortium.org/entities/2df0ebbfe965256cddad5a890a2c8c4b,,pan-human-azimuth,12984,2284
https://entity.api.sennetconsortium.org/entities/2df0ebbfe965256cddad5a890a2c8c4b,,popv,12984,11149
https://entity.api.sennetconsortium.org/entities/2e4236c854db1182332188b9a1c84726,,azimuth,10999,10999
https://entity.api.sennetconsortium.org/entities/2e4236c854db1182332188b9a1c84726,,celltypist,10999,10999
https://entity.api.sennetconsortium.org/entities/2e4236c854db1182332188b9a1c84726,,frmatch,10999,10596
https://entity.api.sennetconsortium.org/entities/2e4236c854db1182332188b9a1c84726,,pan-human-azimuth,10999,2443
https://entity.api.sennetconsortium.org/entities/2e4236c854db1182332188b9a1c84726,,popv,10999,4352
https://entity.api.sennetconsortium.org/entities/2ea06c61810a32b092a3f681f18a1a45,,azimuth,12999,12999
https://entity.api.sennetconsortium.org/entities/2ea06c61810a32b092a3f681f18a1a45,,celltypist,12999,12999
https://entity.api.sennetconsortium.org/entities/2ea06c61810a32b092a3f681f18a1a45,,frmatch,12999,9340
https://entity.api.sennetconsortium.org/entities/2ea06c61810a32b092a3f681f18a1a45,,pan-human-azimuth,12999,768
https://entity.api.sennetconsortium.org/entities/2ea06c61810a32b092a3f681f18a1a45,,popv,12999,3454
https://entity.api.sennetconsortium.org/entities/316aa8ebc397f14ef3e465645f10fe05,,azimuth,12999,12999
https://entity.api.sennetconsortium.org/entities/316aa8ebc397f14ef3e465645f10fe05,,celltypist,12999,12999
https://entity.api.sennetconsortium.org/entities/316aa8ebc397f14ef3e465645f10fe05,,frmatch,12999,12489
https://entity.api.sennetconsortium.org/entities/316aa8ebc397f14ef3e465645f10fe05,,pan-human-azimuth,12999,1443
https://entity.api.sennetconsortium.org/entities/316aa8ebc397f14ef3e465645f10fe05,,popv,12999,5299
https://entity.api.sennetconsortium.org/entities/32579bc1e05e78cb7981fccbaa33593e,,azimuth,12987,12987
https://entity.api.sennetconsortium.org/entities/32579bc1e05e78cb7981fccbaa33593e,,celltypist,12987,12987
https://entity.api.sennetconsortium.org/entities/32579bc1e05e78cb7981fccbaa33593e,,frmatch,12987,12986
https://entity.api.sennetconsortium.org/entities/32579bc1e05e78cb7981fccbaa33593e,,pan-human-azimuth,12987,2934
https://entity.api.sennetconsortium.org/entities/32579bc1e05e78cb7981fccbaa33593e,,popv,12987,12570
https://entity.api.sennetconsortium.org/entities/3313c1d208a2d47c93da7748ab735efb,,pan-human-azimuth,4259,471
https://entity.api.sennetconsortium.org/entities/345617c13fbad79b4f23c34bf1d1cefe,,azimuth,12989,12989
https://entity.api.sennetconsortium.org/entities/345617c13fbad79b4f23c34bf1d1cefe,,celltypist,12989,12989
https://entity.api.sennetconsortium.org/entities/345617c13fbad79b4f23c34bf1d1cefe,,frmatch,12989,12989
https://entity.api.sennetconsortium.org/entities/345617c13fbad79b4f23c34bf1d1cefe,,pan-human-azimuth,12989,3044
https://entity.api.sennetconsortium.org/entities/345617c13fbad79b4f23c34bf1d1cefe,,popv,12989,12655
https://entity.api.sennetconsortium.org/entities/34b6f529ec42eb614b7e574eff19b501,,pan-human-azimuth,6179,1123
https://entity.api.sennetconsortium.org/entities/372e3ebd4c8d0b2a6318398b740bfb6a,,azimuth,10999,10999
https://entity.api.sennetconsortium.org/entities/372e3ebd4c8d0b2a6318398b740bfb6a,,celltypist,10999,10999
https://entity.api.sennetconsortium.org/entities/372e3ebd4c8d0b2a6318398b740bfb6a,,frmatch,10999,10978
https://entity.api.sennetconsortium.org/entities/372e3ebd4c8d0b2a6318398b740bfb6a,,pan-human-azimuth,10999,1597
https://entity.api.sennetconsortium.org/entities/372e3ebd4c8d0b2a6318398b740bfb6a,,popv,10999,6237
https://entity.api.sennetconsortium.org/entities/376e36025a799f8c1dde5ab2fa423961,,pan-human-azimuth,7602,10
https://entity.api.sennetconsortium.org/entities/3aa5d37e292c7bc22c41ec51ed423189,,azimuth,13000,13000
https://entity.api.sennetconsortium.org/entities/3aa5d37e292c7bc22c41ec51ed423189,,celltypist,13000,13000
https://entity.api.sennetconsortium.org/entities/3aa5d37e292c7bc22c41ec51ed423189,,frmatch,13000,12876
https://entity.api.sennetconsortium.org/entities/3aa5d37e292c7bc22c41ec51ed423189,,pan-human-azimuth,13000,1220
https://entity.api.sennetconsortium.org/entities/3aa5d37e292c7bc22c41ec51ed423189,,popv,13000,12519
https://entity.api.sennetconsortium.org/entities/3f7ed649cc40eb432fbbd91b53d61e6a,,pan-human-azimuth,4912,420
https://entity.api.sennetconsortium.org/entities/41fc87ccef9839cd6fdd26a8914bb5ac,,azimuth,12996,12996
https://entity.api.sennetconsortium.org/entities/41fc87ccef9839cd6fdd26a8914bb5ac,,celltypist,12996,12996
https://entity.api.sennetconsortium.org/entities/41fc87ccef9839cd6fdd26a8914bb5ac,,frmatch,12996,12994
https://entity.api.sennetconsortium.org/entities/41fc87ccef9839cd6fdd26a8914bb5ac,,pan-human-azimuth,12996,2345
https://entity.api.sennetconsortium.org/entities/41fc87ccef9839cd6fdd26a8914bb5ac,,popv,12996,12860
https://entity.api.sennetconsortium.org/entities/483f0200f6a35cbd934d7d9b01fcfcde,,pan-human-azimuth,4991,1038
https://entity.api.sennetconsortium.org/entities/49a77ec5055a8878f95f3eedaac94136,,azimuth,6164,6163
https://entity.api.sennetconsortium.org/entities/49a77ec5055a8878f95f3eedaac94136,,celltypist,6164,6164
https://entity.api.sennetconsortium.org/entities/49a77ec5055a8878f95f3eedaac94136,,frmatch,6164,3065
https://entity.api.sennetconsortium.org/entities/49a77ec5055a8878f95f3eedaac94136,,pan-human-azimuth,6164,3775
https://entity.api.sennetconsortium.org/entities/49a77ec5055a8878f95f3eedaac94136,,popv,6164,6047
https://entity.api.sennetconsortium.org/entities/4ab16ac6a9b3780544dfebe4d8ba1e95,,azimuth,11000,11000
https://entity.api.sennetconsortium.org/entities/4ab16ac6a9b3780544dfebe4d8ba1e95,,celltypist,11000,11000
https://entity.api.sennetconsortium.org/entities/4ab16ac6a9b3780544dfebe4d8ba1e95,,frmatch,11000,10467
https://entity.api.sennetconsortium.org/entities/4ab16ac6a9b3780544dfebe4d8ba1e95,,pan-human-azimuth,11000,5595
https://entity.api.sennetconsortium.org/entities/4ab16ac6a9b3780544dfebe4d8ba1e95,,popv,11000,10936
https://entity.api.sennetconsortium.org/entities/4d02696dbd288735e8c4c69af70e1bd9,,pan-human-azimuth,4992,563
https://entity.api.sennetconsortium.org/entities/4d62a14ae5d7c0ac606ebd7a73d1030c,,pan-human-azimuth,4989,489
https://entity.api.sennetconsortium.org/entities/507474742a841245f12ab99f016a5024,,azimuth,12988,12988
https://entity.api.sennetconsortium.org/entities/507474742a841245f12ab99f016a5024,,celltypist,12988,12988
https://entity.api.sennetconsortium.org/entities/507474742a841245f12ab99f016a5024,,frmatch,12988,12782
https://entity.api.sennetconsortium.org/entities/507474742a841245f12ab99f016a5024,,pan-human-azimuth,12988,1179
https://entity.api.sennetconsortium.org/entities/507474742a841245f12ab99f016a5024,,popv,12988,12833
https://entity.api.sennetconsortium.org/entities/55b89760a86cf5097aeac1d22e72c406,,celltypist,11000,11000
https://entity.api.sennetconsortium.org/entities/55b89760a86cf5097aeac1d22e72c406,,pan-human-azimuth,11000,5205
https://entity.api.sennetconsortium.org/entities/55b89760a86cf5097aeac1d22e72c406,,popv,11000,10771
https://entity.api.sennetconsortium.org/entities/55ecc4cd355810d007a80767edd552fa,,azimuth,13000,13000
https://entity.api.sennetconsortium.org/entities/55ecc4cd355810d007a80767edd552fa,,celltypist,13000,13000
https://entity.api.sennetconsortium.org/entities/55ecc4cd355810d007a80767edd552fa,,frmatch,13000,9911
https://entity.api.sennetconsortium.org/entities/55ecc4cd355810d007a80767edd552fa,,pan-human-azimuth,13000,1248
https://entity.api.sennetconsortium.org/entities/55ecc4cd355810d007a80767edd552fa,,popv,13000,12941
https://entity.api.sennetconsortium.org/entities/589c1a48ae1e157f1767931c8e8e492f,,azimuth,10967,10967
https://entity.api.sennetconsortium.org/entities/589c1a48ae1e157f1767931c8e8e492f,,celltypist,10967,10967
https://entity.api.sennetconsortium.org/entities/589c1a48ae1e157f1767931c8e8e492f,,frmatch,10967,5476
https://entity.api.sennetconsortium.org/entities/589c1a48ae1e157f1767931c8e8e492f,,pan-human-azimuth,10967,224
https://entity.api.sennetconsortium.org/entities/589c1a48ae1e157f1767931c8e8e492f,,popv,10967,2249
https://entity.api.sennetconsortium.org/entities/5dac5e0cd0d08d0fd0ca99ddd0410173,,azimuth,12998,12998
https://entity.api.sennetconsortium.org/entities/5dac5e0cd0d08d0fd0ca99ddd0410173,,celltypist,12998,12998
https://entity.api.sennetconsortium.org/entities/5dac5e0cd0d08d0fd0ca99ddd0410173,,frmatch,12998,11998
https://entity.api.sennetconsortium.org/entities/5dac5e0cd0d08d0fd0ca99ddd0410173,,pan-human-azimuth,12998,612
https://entity.api.sennetconsortium.org/entities/5dac5e0cd0d08d0fd0ca99ddd0410173,,popv,12998,4641
https://entity.api.sennetconsortium.org/entities/637fea719e64c6ac29f9bbe06d9103ed,,pan-human-azimuth,4992,512
https://entity.api.sennetconsortium.org/entities/64875ae14a439a97e0634e1387766268,,azimuth,12996,12996
https://entity.api.sennetconsortium.org/entities/64875ae14a439a97e0634e1387766268,,celltypist,12996,12996
https://entity.api.sennetconsortium.org/entities/64875ae14a439a97e0634e1387766268,,frmatch,12996,12985
https://entity.api.sennetconsortium.org/entities/64875ae14a439a97e0634e1387766268,,pan-human-azimuth,12996,2345
https://entity.api.sennetconsortium.org/entities/64875ae14a439a97e0634e1387766268,,popv,12996,12860
https://entity.api.sennetconsortium.org/entities/6608b06a50749142997945dc4b77531a,,azimuth,12999,12999
https://entity.api.sennetconsortium.org/entities/6608b06a50749142997945dc4b77531a,,celltypist,12999,12999
https://entity.api.sennetconsortium.org/entities/6608b06a50749142997945dc4b77531a,,frmatch,12999,11613
https://entity.api.sennetconsortium.org/entities/6608b06a50749142997945dc4b77531a,,pan-human-azimuth,12999,1855
https://entity.api.sennetconsortium.org/entities/6608b06a50749142997945dc4b77531a,,popv,12999,4332
https://entity.api.sennetconsortium.org/entities/672e38b37684bcd6cd70fccb5734801d,,pan-human-azimuth,4967,1159
https://entity.api.sennetconsortium.org/entities/6ae82d8f87ea9bbc3a0f83b1a502e6b5,,pan-human-azimuth,3020,336
https://entity.api.sennetconsortium.org/entities/6b0cf75d48952a50c042fc36cb858ff7,,pan-human-azimuth,1461,178
https://entity.api.sennetconsortium.org/entities/6e64becb85593cb0da81556b2b4666f5,,azimuth,12989,12989
https://entity.api.sennetconsortium.org/entities/6e64becb85593cb0da81556b2b4666f5,,celltypist,12989,12989
https://entity.api.sennetconsortium.org/entities/6e64becb85593cb0da81556b2b4666f5,,frmatch,12989,12017
https://entity.api.sennetconsortium.org/entities/6e64becb85593cb0da81556b2b4666f5,,pan-human-azimuth,12989,1328
https://entity.api.sennetconsortium.org/entities/6e64becb85593cb0da81556b2b4666f5,,popv,12989,12733
https://entity.api.sennetconsortium.org/entities/6eef9fd67eae68dd644eecd77460358b,,azimuth,12975,12975
https://entity.api.sennetconsortium.org/entities/6eef9fd67eae68dd644eecd77460358b,,celltypist,12975,12975
https://entity.api.sennetconsortium.org/entities/6eef9fd67eae68dd644eecd77460358b,,frmatch,12975,12974
https://entity.api.sennetconsortium.org/entities/6eef9fd67eae68dd644eecd77460358b,,pan-human-azimuth,12975,2272
https://entity.api.sennetconsortium.org/entities/6eef9fd67eae68dd644eecd77460358b,,popv,12975,12561
https://entity.api.sennetconsortium.org/entities/778271a748773221631871e98e40759c,,azimuth,13000,13000
https://entity.api.sennetconsortium.org/entities/778271a748773221631871e98e40759c,,celltypist,13000,13000
https://entity.api.sennetconsortium.org/entities/778271a748773221631871e98e40759c,,frmatch,13000,12981
https://entity.api.sennetconsortium.org/entities/778271a748773221631871e98e40759c,,pan-human-azimuth,13000,1221
https://entity.api.sennetconsortium.org/entities/778271a748773221631871e98e40759c,,popv,13000,12519
https://entity.api.sennetconsortium.org/entities/7c0457b5cbb0c6b068dcd1b013a33716,,azimuth,7325,7323
https://entity.api.sennetconsortium.org/entities/7c0457b5cbb0c6b068dcd1b013a33716,,celltypist,7325,7325
https://entity.api.sennetconsortium.org/entities/7c0457b5cbb0c6b068dcd1b013a33716,,frmatch,7325,6688
https://entity.api.sennetconsortium.org/entities/7c0457b5cbb0c6b068dcd1b013a33716,,pan-human-azimuth,7325,2922
https://entity.api.sennetconsortium.org/entities/7c0457b5cbb0c6b068dcd1b013a33716,,popv,7325,6450
https://entity.api.sennetconsortium.org/entities/8461785411d543b6869845bda4e5c708,,pan-human-azimuth,1756,212
https://entity.api.sennetconsortium.org/entities/86c5d467f24c584617d799e434baa0bd,,pan-human-azimuth,4992,990
https://entity.api.sennetconsortium.org/entities/87aa835e3e3711b8b3b0bf7261b57b92,,azimuth,12975,12975
https://entity.api.sennetconsortium.org/entities/87aa835e3e3711b8b3b0bf7261b57b92,,celltypist,12975,12975
https://entity.api.sennetconsortium.org/entities/87aa835e3e3711b8b3b0bf7261b57b92,,frmatch,12975,12975
https://entity.api.sennetconsortium.org/entities/87aa835e3e3711b8b3b0bf7261b57b92,,pan-human-azimuth,12975,2272
https://entity.api.sennetconsortium.org/entities/87aa835e3e3711b8b3b0bf7261b57b92,,popv,12975,12561
https://entity.api.sennetconsortium.org/entities/8d7ce3b29971637eb72bd468c558d49b,,pan-human-azimuth,4992,914
https://entity.api.sennetconsortium.org/entities/8f3fd6a18e459ddf350cfd86c8a7f782,,azimuth,13000,13000
https://entity.api.sennetconsortium.org/entities/8f3fd6a18e459ddf350cfd86c8a7f782,,celltypist,13000,13000
https://entity.api.sennetconsortium.org/entities/8f3fd6a18e459ddf350cfd86c8a7f782,,frmatch,13000,13000
https://entity.api.sennetconsortium.org/entities/8f3fd6a18e459ddf350cfd86c8a7f782,,pan-human-azimuth,13000,3373
https://entity.api.sennetconsortium.org/entities/8f3fd6a18e459ddf350cfd86c8a7f782,,popv,13000,11459
https://entity.api.sennetconsortium.org/entities/939b748d576fe45f5b236f86a068d2e8,,azimuth,9594,9593
https://entity.api.sennetconsortium.org/entities/939b748d576fe45f5b236f86a068d2e8,,celltypist,9594,9594
https://entity.api.sennetconsortium.org/entities/939b748d576fe45f5b236f86a068d2e8,,frmatch,9594,3634
https://entity.api.sennetconsortium.org/entities/939b748d576fe45f5b236f86a068d2e8,,pan-human-azimuth,9594,6348
https://entity.api.sennetconsortium.org/entities/939b748d576fe45f5b236f86a068d2e8,,popv,9594,9561
https://entity.api.sennetconsortium.org/entities/95b6b7b0c6c2250aa284aa12d89c9174,,azimuth,12997,12997
https://entity.api.sennetconsortium.org/entities/95b6b7b0c6c2250aa284aa12d89c9174,,celltypist,12997,12997
https://entity.api.sennetconsortium.org/entities/95b6b7b0c6c2250aa284aa12d89c9174,,frmatch,12997,12788
https://entity.api.sennetconsortium.org/entities/95b6b7b0c6c2250aa284aa12d89c9174,,pan-human-azimuth,12997,2781
https://entity.api.sennetconsortium.org/entities/95b6b7b0c6c2250aa284aa12d89c9174,,popv,12997,7110
https://entity.api.sennetconsortium.org/entities/96ff76825036d98bb759589170612886,,azimuth,12998,12998
https://entity.api.sennetconsortium.org/entities/96ff76825036d98bb759589170612886,,celltypist,12998,12998
https://entity.api.sennetconsortium.org/entities/96ff76825036d98bb759589170612886,,frmatch,12998,12283
https://entity.api.sennetconsortium.org/entities/96ff76825036d98bb759589170612886,,pan-human-azimuth,12998,1377
https://entity.api.sennetconsortium.org/entities/96ff76825036d98bb759589170612886,,popv,12998,12939
https://entity.api.sennetconsortium.org/entities/9bcb5cac1001fa865053948e90d64d5e,,pan-human-azimuth,2896,656
https://entity.api.sennetconsortium.org/entities/a4e6abb5262ef186e0cd198d67b1c12f,,azimuth,12999,12999
https://entity.api.sennetconsortium.org/entities/a4e6abb5262ef186e0cd198d67b1c12f,,celltypist,12999,12999
https://entity.api.sennetconsortium.org/entities/a4e6abb5262ef186e0cd198d67b1c12f,,frmatch,12999,9328
https://entity.api.sennetconsortium.org/entities/a4e6abb5262ef186e0cd198d67b1c12f,,pan-human-azimuth,12999,798
https://entity.api.sennetconsortium.org/entities/a4e6abb5262ef186e0cd198d67b1c12f,,popv,12999,2740
https://entity.api.sennetconsortium.org/entities/a5fb48e3e04921d6490f5c3cfdcf3dc1,,pan-human-azimuth,4992,898
https://entity.api.sennetconsortium.org/entities/a6f2f5dd4d7ef4f4f2d47629fe04f573,,pan-human-azimuth,6044,596
https://entity.api.sennetconsortium.org/entities/a8aa2dfad72c3d41378ac3081d65667f,,azimuth,12975,12975
https://entity.api.sennetconsortium.org/entities/a8aa2dfad72c3d41378ac3081d65667f,,celltypist,12975,12975
https://entity.api.sennetconsortium.org/entities/a8aa2dfad72c3d41378ac3081d65667f,,frmatch,12975,12975
https://entity.api.sennetconsortium.org/entities/a8aa2dfad72c3d41378ac3081d65667f,,pan-human-azimuth,12975,2653
https://entity.api.sennetconsortium.org/entities/a8aa2dfad72c3d41378ac3081d65667f,,popv,12975,12452
https://entity.api.sennetconsortium.org/entities/abe2acbe27d02f0be58122a701fa6911,,pan-human-azimuth,4992,944
https://entity.api.sennetconsortium.org/entities/acc3ba55af046b0a4f3b5a6b3e206040,,pan-human-azimuth,4992,718
https://entity.api.sennetconsortium.org/entities/ae5d324e38aedcda9ab2aba5f1267e6f,,azimuth,3378,3378
https://entity.api.sennetconsortium.org/entities/ae5d324e38aedcda9ab2aba5f1267e6f,,celltypist,3378,3378
https://entity.api.sennetconsortium.org/entities/ae5d324e38aedcda9ab2aba5f1267e6f,,frmatch,3378,2243
https://entity.api.sennetconsortium.org/entities/ae5d324e38aedcda9ab2aba5f1267e6f,,pan-human-azimuth,3378,1782
https://entity.api.sennetconsortium.org/entities/ae5d324e38aedcda9ab2aba5f1267e6f,,popv,3378,3367
https://entity.api.sennetconsortium.org/entities/affb770ed7eda803c3324417a689140f,,azimuth,12998,12998
https://entity.api.sennetconsortium.org/entities/affb770ed7eda803c3324417a689140f,,celltypist,12998,12998
https://entity.api.sennetconsortium.org/entities/affb770ed7eda803c3324417a689140f,,frmatch,12998,9050
https://entity.api.sennetconsortium.org/entities/affb770ed7eda803c3324417a689140f,,pan-human-azimuth,12998,1725
https://entity.api.sennetconsortium.org/entities/affb770ed7eda803c3324417a689140f,,popv,12998,12941
https://entity.api.sennetconsortium.org/entities/b61e3a79f07a57e6a3cd573abdb91543,,azimuth,12994,12994
https://entity.api.sennetconsortium.org/entities/b61e3a79f07a57e6a3cd573abdb91543,,celltypist,12994,12994
https://entity.api.sennetconsortium.org/entities/b61e3a79f07a57e6a3cd573abdb91543,,frmatch,12994,12993
https://entity.api.sennetconsortium.org/entities/b61e3a79f07a57e6a3cd573abdb91543,,pan-human-azimuth,12994,1825
https://entity.api.sennetconsortium.org/entities/b61e3a79f07a57e6a3cd573abdb91543,,popv,12994,12941
https://entity.api.sennetconsortium.org/entities/b87d7052acddf2baff3d2cc28afdab05,,pan-human-azimuth,557,12
https://entity.api.sennetconsortium.org/entities/bfe54317f2e2ebd009d16f9de4f9dd39,,azimuth,12998,12998
https://entity.api.sennetconsortium.org/entities/bfe54317f2e2ebd009d16f9de4f9dd39,,celltypist,12998,12998
https://entity.api.sennetconsortium.org/entities/bfe54317f2e2ebd009d16f9de4f9dd39,,frmatch,12998,9059
https://entity.api.sennetconsortium.org/entities/bfe54317f2e2ebd009d16f9de4f9dd39,,pan-human-azimuth,12998,1725
https://entity.api.sennetconsortium.org/entities/bfe54317f2e2ebd009d16f9de4f9dd39,,popv,12998,12941
https://entity.api.sennetconsortium.org/entities/c2d36a6483308dc847b1367d433a5b9b,,azimuth,12989,12989
https://entity.api.sennetconsortium.org/entities/c2d36a6483308dc847b1367d433a5b9b,,celltypist,12989,12989
https://entity.api.sennetconsortium.org/entities/c2d36a6483308dc847b1367d433a5b9b,,frmatch,12989,12058
https://entity.api.sennetconsortium.org/entities/c2d36a6483308dc847b1367d433a5b9b,,pan-human-azimuth,12989,1328
https://entity.api.sennetconsortium.org/entities/c2d36a6483308dc847b1367d433a5b9b,,popv,12989,12733
https://entity.api.sennetconsortium.org/entities/c56bbfcd78aca3b171cb5d121c05925d,,pan-human-azimuth,1005,95
https://entity.api.sennetconsortium.org/entities/c6b12060b733915057998273eb9fcd72,,azimuth,10998,10998
https://entity.api.sennetconsortium.org/entities/c6b12060b733915057998273eb9fcd72,,celltypist,10998,10998
https://entity.api.sennetconsortium.org/entities/c6b12060b733915057998273eb9fcd72,,frmatch,10998,9992
https://entity.api.sennetconsortium.org/entities/c6b12060b733915057998273eb9fcd72,,pan-human-azimuth,10998,1454
https://entity.api.sennetconsortium.org/entities/c6b12060b733915057998273eb9fcd72,,popv,10998,3144
https://entity.api.sennetconsortium.org/entities/caa8580faa7bb2efb7c43aa75a9c81ba,,pan-human-azimuth,1227,71
https://entity.api.sennetconsortium.org/entities/cbe7d143064dd0c1bbf704d3f293cc60,,pan-human-azimuth,3815,437
https://entity.api.sennetconsortium.org/entities/d290c355cf9277134b621a5e10060de2,,azimuth,11000,11000
https://entity.api.sennetconsortium.org/entities/d290c355cf9277134b621a5e10060de2,,celltypist,11000,11000
https://entity.api.sennetconsortium.org/entities/d290c355cf9277134b621a5e10060de2,,frmatch,11000,9358
https://entity.api.sennetconsortium.org/entities/d290c355cf9277134b621a5e10060de2,,pan-human-azimuth,11000,5877
https://entity.api.sennetconsortium.org/entities/d290c355cf9277134b621a5e10060de2,,popv,11000,10760
https://entity.api.sennetconsortium.org/entities/d3fca6f5018741d5597f6e2623543749,,pan-human-azimuth,1909,325
https://entity.api.sennetconsortium.org/entities/d99c149d9f784a072f97905cacf6def1,,azimuth,10956,10956
https://entity.api.sennetconsortium.org/entities/d99c149d9f784a072f97905cacf6def1,,celltypist,10956,10956
https://entity.api.sennetconsortium.org/entities/d99c149d9f784a072f97905cacf6def1,,frmatch,10956,347
https://entity.api.sennetconsortium.org/entities/d99c149d9f784a072f97905cacf6def1,,pan-human-azimuth,10956,10
https://entity.api.sennetconsortium.org/entities/d99c149d9f784a072f97905cacf6def1,,popv,10956,122
https://entity.api.sennetconsortium.org/entities/dac0d0a0fc53cf03cd7c0e0321292fc1,,pan-human-azimuth,1168,384
https://entity.api.sennetconsortium.org/entities/dd177dc7f8f628c644d45cdef92267f2,,pan-human-azimuth,4992,1426
https://entity.api.sennetconsortium.org/entities/dfa901d22321d06a30c38fc13aee268e,,azimuth,10998,10998
https://entity.api.sennetconsortium.org/entities/dfa901d22321d06a30c38fc13aee268e,,celltypist,10998,10998
https://entity.api.sennetconsortium.org/entities/dfa901d22321d06a30c38fc13aee268e,,frmatch,10998,10384
https://entity.api.sennetconsortium.org/entities/dfa901d22321d06a30c38fc13aee268e,,pan-human-azimuth,10998,3265
https://entity.api.sennetconsortium.org/entities/dfa901d22321d06a30c38fc13aee268e,,popv,10998,4810
https://entity.api.sennetconsortium.org/entities/dfcaf1bf0bf4a73bfbd37aa1565a0b70,,celltypist,11000,11000
https://entity.api.sennetconsortium.org/entities/dfcaf1bf0bf4a73bfbd37aa1565a0b70,,pan-human-azimuth,11000,5118
https://entity.api.sennetconsortium.org/entities/dfcaf1bf0bf4a73bfbd37aa1565a0b70,,popv,11000,10963
https://entity.api.sennetconsortium.org/entities/e3030180cb775c8899f678f881e40adf,,azimuth,12975,12975
https://entity.api.sennetconsortium.org/entities/e3030180cb775c8899f678f881e40adf,,celltypist,12975,12975
https://entity.api.sennetconsortium.org/entities/e3030180cb775c8899f678f881e40adf,,frmatch,12975,12975
https://entity.api.sennetconsortium.org/entities/e3030180cb775c8899f678f881e40adf,,pan-human-azimuth,12975,2653
https://entity.api.sennetconsortium.org/entities/e3030180cb775c8899f678f881e40adf,,popv,12975,12452
https://entity.api.sennetconsortium.org/entities/e7a600225b568feba7418cd2c9c125fa,,azimuth,10920,10920
https://entity.api.sennetconsortium.org/entities/e7a600225b568feba7418cd2c9c125fa,,celltypist,10920,10920
https://entity.api.sennetconsortium.org/entities/e7a600225b568feba7418cd2c9c125fa,,frmatch,10920,9836
https://entity.api.sennetconsortium.org/entities/e7a600225b568feba7418cd2c9c125fa,,pan-human-azimuth,10920,1042
https://entity.api.sennetconsortium.org/entities/e7a600225b568feba7418cd2c9c125fa,,popv,10920,6619
https://entity.api.sennetconsortium.org/entities/e7f104d0289e616b2f713bd0e8754b51,,azimuth,12956,12956
https://entity.api.sennetconsortium.org/entities/e7f104d0289e616b2f713bd0e8754b51,,celltypist,12956,12956
https://entity.api.sennetconsortium.org/entities/e7f104d0289e616b2f713bd0e8754b51,,frmatch,12956,12956
https://entity.api.sennetconsortium.org/entities/e7f104d0289e616b2f713bd0e8754b51,,pan-human-azimuth,12956,2012
https://entity.api.sennetconsortium.org/entities/e7f104d0289e616b2f713bd0e8754b51,,popv,12956,12155
https://entity.api.sennetconsortium.org/entities/e7fe4859cede92f73e4e5577ecd78839,,pan-human-azimuth,2227,252
https://entity.api.sennetconsortium.org/entities/e8f097cd5380977624565d2a1f2469df,,pan-human-azimuth,3846,514
https://entity.api.sennetconsortium.org/entities/ec560b4d076d291b4880895386fc20c8,,pan-human-azimuth,4991,998
https://entity.api.sennetconsortium.org/entities/edaa8f155c39e32c1ea1230d1b2f3d28,,pan-human-azimuth,4990,1067
https://entity.api.sennetconsortium.org/entities/ee52bc5155ff88fca96e87f5802bec10,,azimuth,12998,12998
https://entity.api.sennetconsortium.org/entities/ee52bc5155ff88fca96e87f5802bec10,,celltypist,12998,12998
https://entity.api.sennetconsortium.org/entities/ee52bc5155ff88fca96e87f5802bec10,,frmatch,12998,12029
https://entity.api.sennetconsortium.org/entities/ee52bc5155ff88fca96e87f5802bec10,,pan-human-azimuth,12998,3215
https://entity.api.sennetconsortium.org/entities/ee52bc5155ff88fca96e87f5802bec10,,popv,12998,12894
https://entity.api.sennetconsortium.org/entities/ef3eed3efc9267ac6b3df3245f15c384,,azimuth,12994,12994
https://entity.api.sennetconsortium.org/entities/ef3eed3efc9267ac6b3df3245f15c384,,celltypist,12994,12994
https://entity.api.sennetconsortium.org/entities/ef3eed3efc9267ac6b3df3245f15c384,,frmatch,12994,12986
https://entity.api.sennetconsortium.org/entities/ef3eed3efc9267ac6b3df3245f15c384,,pan-human-azimuth,12994,1825
https://entity.api.sennetconsortium.org/entities/ef3eed3efc9267ac6b3df3245f15c384,,popv,12994,12941
https://entity.api.sennetconsortium.org/entities/f07a5094736db8ef46a7c1e10fe5246e,,pan-human-azimuth,603,86
https://entity.api.sennetconsortium.org/entities/f8415386013588f593848360bb4c6dfd,,azimuth,12999,12999
https://entity.api.sennetconsortium.org/entities/f8415386013588f593848360bb4c6dfd,,celltypist,12999,12999
https://entity.api.sennetconsortium.org/entities/f8415386013588f593848360bb4c6dfd,,frmatch,12999,10081
https://entity.api.sennetconsortium.org/entities/f8415386013588f593848360bb4c6dfd,,pan-human-azimuth,12999,1539
https://entity.api.sennetconsortium.org/entities/f8415386013588f593848360bb4c6dfd,,popv,12999,2616
https://entity.api.sennetconsortium.org/entities/f9c53cdc27a4c1afb22e82441f78dddf,,azimuth,13000,13000
https://entity.api.sennetconsortium.org/entities/f9c53cdc27a4c1afb22e82441f78dddf,,celltypist,13000,13000
https://entity.api.sennetconsortium.org/entities/f9c53cdc27a4c1afb22e82441f78dddf,,frmatch,13000,11005
https://entity.api.sennetconsortium.org/entities/f9c53cdc27a4c1afb22e82441f78dddf,,pan-human-azimuth,13000,3867
https://entity.api.sennetconsortium.org/entities/f9c53cdc27a4c1afb22e82441f78dddf,,popv,13000,12812
