sample,sample_type,label,description,link,extraction_site,x_dimension,y_dimension,z_dimension,creator,creator_first_name,creator_last_name,as_id,unique_cell_type_count
https://entity.api.hubmapconsortium.org/entities/638a483d2daac131b79c4d242ac7efc3,Tissue Block,"Registered 6/18/2022, GLORIA PRYHUBER, TMC-UCSD","10 x 10 x 10 millimeter, 3.3 millimeter, 3 Sections",https://portal.hubmapconsortium.org/browse/sample/638a483d2daac131b79c4d242ac7efc3,http://purl.org/ccf/1.5/527bfb3c-5cea-4131-a73a-72687feb8024,10,10,10,GLORIA PRYHUBER,GLORIA,PRYHUBER,,0
https://entity.api.hubmapconsortium.org/entities/678a20084899d8fae3733967a8c7bbb8,Tissue Block,"Registered 6/18/2022, GLORIA PRYHUBER, TMC-UCSD","10 x 10 x 10 millimeter, 3.3 millimeter, 3 Sections",https://portal.hubmapconsortium.org/browse/sample/678a20084899d8fae3733967a8c7bbb8,http://purl.org/ccf/1.5/f4a116d7-f844-4d4a-bc8f-632151125313,10,10,10,GLORIA PRYHUBER,GLORIA,PRYHUBER,,0
https://entity.api.hubmapconsortium.org/entities/97634b4887d1002ff050722ca96149a0,Tissue Block,"Registered 12/13/2022, Marda Jorgensen, TMC-Florida","20 x 14 x 14 millimeter, 14 millimeter, 1 Sections",https://portal.hubmapconsortium.org/browse/sample/97634b4887d1002ff050722ca96149a0,http://purl.org/ccf/1.5/db3e256b-1e77-4cc6-b926-21684c9f8ba4,20,14,14,Hunter Hakimian,Hunter,Hakimian,,0
https://entity.api.hubmapconsortium.org/entities/a5a884c221de042e3e2471c6d7dff529,Tissue Block,"Registered 12/13/2022, Marda Jorgensen, TMC-Florida","20 x 10 x 12 millimeter, 12 millimeter, 1 Sections",https://portal.hubmapconsortium.org/browse/sample/a5a884c221de042e3e2471c6d7dff529,http://purl.org/ccf/1.5/d2020599-6597-47d5-a46f-f31b9ac0abd6,20,10,12,Hunter Hakimian,Hunter,Hakimian,,0
https://entity.api.hubmapconsortium.org/entities/aa77a4be1ddf5034539e0923735d94a4,Tissue Block,"Registered 12/13/2022, Marda Jorgensen, TMC-Florida","20 x 10 x 12 millimeter, 12 millimeter, 1 Sections",https://portal.hubmapconsortium.org/browse/sample/aa77a4be1ddf5034539e0923735d94a4,http://purl.org/ccf/1.5/c279548e-24db-4cb5-90c9-379e032d604b,20,10,12,Hunter Hakimian,Hunter,Hakimian,,0
https://entity.api.hubmapconsortium.org/entities/be61fa54ccd93de658cffeec443c33c9,Tissue Block,"Registered 12/13/2022, Marda Jorgensen, TMC-Florida","10 x 10 x 10 millimeter, 5 millimeter, 2 Sections",https://portal.hubmapconsortium.org/browse/sample/be61fa54ccd93de658cffeec443c33c9,http://purl.org/ccf/1.5/56e68f3c-b720-444b-b892-0ae2698323b0,10,10,10,Hunter Hakimian,Hunter,Hakimian,,0
https://entity.api.hubmapconsortium.org/entities/fbb9843273bf419bfff9634878a42fef,Tissue Block,"Registered 6/18/2022, GLORIA PRYHUBER, TMC-UCSD","10 x 10 x 10 millimeter, 3.3 millimeter, 3 Sections",https://portal.hubmapconsortium.org/browse/sample/fbb9843273bf419bfff9634878a42fef,http://purl.org/ccf/1.5/5b4b476b-01e1-4d13-95e5-d17770f9ffa9,10,10,10,GLORIA PRYHUBER,GLORIA,PRYHUBER,,0
https://doi.org/10.1126/science.abl4896#TSP1_Pancreas,Tissue Block,"Registered 2/25/2025, Heidi Schlehlein, Tabula Sapiens","175 x 50 x 100 millimeter, 100 millimeter",https://doi.org/10.1126/science.abl4896,http://purl.org/ccf/1.5/69fc9f2f-4fd2-44ce-8e48-dbc5e19f1516,175,50,100,Heidi Schlehlein,Heidi,Schlehlein,,0
https://doi.org/10.1126/science.abl4896#TSP27_Pancreas,Tissue Block,"Registered 2/25/2025, Heidi Schlehlein, Tabula Sapiens","175 x 50 x 100 millimeter, 100 millimeter",https://doi.org/10.1126/science.abl4896,http://purl.org/ccf/1.5/69fc9f2f-4fd2-44ce-8e48-dbc5e19f1516,175,50,100,Heidi Schlehlein,Heidi,Schlehlein,,0
https://doi.org/10.1126/science.abl4896#TSP2_Skin,Tissue Block,"Registered 7/27/2023, Heidi Schlehlein, Tabula Sapiens","20 x 20 x 20 millimeter, 20 millimeter",https://doi.org/10.1126/science.abl4896,http://purl.org/ccf/1.5/d909ef30-ba7f-4a04-b6d5-bdf9f8f4164c,20,20,20,Heidi Schlehlein,Heidi,Schlehlein,,0
https://doi.org/10.1126/science.abl4896#TSP21_Skin,Tissue Block,"Registered 7/27/2023, Heidi Schlehlein, Tabula Sapiens","20 x 20 x 20 millimeter, 20 millimeter",https://doi.org/10.1126/science.abl4896,http://purl.org/ccf/1.5/d909ef30-ba7f-4a04-b6d5-bdf9f8f4164c,20,20,20,Heidi Schlehlein,Heidi,Schlehlein,,0
https://doi.org/10.1126/science.abl4896#TSP2_Small_Intestine%2FJejunum,Tissue Block,"Registered 7/27/2023, Heidi Schlehlein, Tabula Sapiens","304.8 x 30 x 30 millimeter, 30 millimeter",https://doi.org/10.1126/science.abl4896,http://purl.org/ccf/1.5/dac50a34-5b99-4f66-9623-7d800ed63be1,304.8,30,30,Heidi Schlehlein,Heidi,Schlehlein,,0
https://doi.org/10.1126/science.abl4896#TSP25_Large_Intestine%2Fasc_colon,Tissue Block,"Registered 7/28/2023, Heidi Schlehlein, Tabula Sapiens","304.8 x 40 x 50 millimeter, 50 millimeter",https://doi.org/10.1126/science.abl4896,http://purl.org/ccf/1.5/99ac7242-14d9-4efe-b6d9-b44cab80d84d,304.8,40,50,Heidi Schlehlein,Heidi,Schlehlein,,0
https://doi.org/10.1126/science.abl4896#TSP25_Large_Intestine%2Fsigmoid_colon,Tissue Block,"Registered 7/28/2023, Heidi Schlehlein, Tabula Sapiens","304.8 x 40 x 50 millimeter, 50 millimeter",https://doi.org/10.1126/science.abl4896,http://purl.org/ccf/1.5/72881a98-7301-412f-8223-dce4b9b5abcd,304.8,40,50,Heidi Schlehlein,Heidi,Schlehlein,,0
https://entity.api.hubmapconsortium.org/entities/4f6cc0da643e061d49c7baeb32a8e522,Tissue Block,"Registered 12/13/2022, Marda Jorgensen, TMC-Florida","10 x 10 x 12 millimeter, 12 millimeter, 1 Sections",https://portal.hubmapconsortium.org/browse/sample/4f6cc0da643e061d49c7baeb32a8e522,http://purl.org/ccf/1.5/06e12f74-7dd8-4a49-87dc-f54ac6edd4cc,10,10,12,Hunter Hakimian,Hunter,Hakimian,,0
https://entity.api.hubmapconsortium.org/entities/7027e24a3ef6e076ea45f4ad9d88b810,Tissue Block,"Registered 12/13/2022, Marda Jorgensen, TMC-Florida","10 x 10 x 10 millimeter, 10 millimeter, 1 Sections",https://portal.hubmapconsortium.org/browse/sample/7027e24a3ef6e076ea45f4ad9d88b810,http://purl.org/ccf/1.5/4ec452bd-a385-4f7e-9910-79955ea29037,10,10,10,Hunter Hakimian,Hunter,Hakimian,,0
https://entity.api.hubmapconsortium.org/entities/8914ee0fd2e790f56b722640397bfb4d,Tissue Block,"Registered 12/13/2022, Marda Jorgensen, TMC-Florida","10 x 10 x 10 millimeter, 10 millimeter, 1 Sections",https://portal.hubmapconsortium.org/browse/sample/8914ee0fd2e790f56b722640397bfb4d,http://purl.org/ccf/1.5/4a8c5ff8-62ab-477f-8a57-f2e2fc1ad805,10,10,10,Hunter Hakimian,Hunter,Hakimian,,0
https://entity.api.hubmapconsortium.org/entities/973cc3234b1ff9f00e808bb09a74b797,Tissue Block,"Registered 12/13/2022, Marda Jorgensen, TMC-Florida","10 x 10 x 10 millimeter, 10 millimeter, 1 Sections",https://portal.hubmapconsortium.org/browse/sample/973cc3234b1ff9f00e808bb09a74b797,http://purl.org/ccf/1.5/03290fc0-070f-4b46-830c-38eac27a64e9,10,10,10,Hunter Hakimian,Hunter,Hakimian,,0
https://entity.api.hubmapconsortium.org/entities/b803dc7a57b2c7900f94c85d6a2ab1c8,Tissue Block,"Registered 12/13/2022, Marda Jorgensen, TMC-Florida","10 x 10 x 5 millimeter, 5 millimeter, 1 Sections",https://portal.hubmapconsortium.org/browse/sample/b803dc7a57b2c7900f94c85d6a2ab1c8,http://purl.org/ccf/1.5/216564f1-8011-419b-a96c-2ea47a340ed1,10,10,5,Hunter Hakimian,Hunter,Hakimian,,0
https://entity.api.hubmapconsortium.org/entities/bdc11d99473448e1824d06f56b0f8195,Tissue Block,"Registered 12/13/2022, Marda Jorgensen, TMC-Florida","10 x 10 x 10 millimeter, 10 millimeter, 1 Sections",https://portal.hubmapconsortium.org/browse/sample/bdc11d99473448e1824d06f56b0f8195,http://purl.org/ccf/1.5/423a19ae-e696-4d07-a125-0abf94e77aec,10,10,10,Hunter Hakimian,Hunter,Hakimian,,0
https://entity.api.hubmapconsortium.org/entities/bf7db5748c79ce21ff2fbdea95643a0e,Tissue Block,"Registered 12/13/2022, Marda Jorgensen, TMC-Florida","10 x 10 x 12 millimeter, 12 millimeter, 1 Sections",https://portal.hubmapconsortium.org/browse/sample/bf7db5748c79ce21ff2fbdea95643a0e,http://purl.org/ccf/1.5/6ac1278c-a82d-4f1d-aa17-5c52d9f31dc2,10,10,12,Hunter Hakimian,Hunter,Hakimian,,0
https://entity.api.hubmapconsortium.org/entities/ca56e9953739a00c2e5b1979a7831d2d,Tissue Block,"Registered 12/13/2022, Marda Jorgensen, TMC-Florida","10 x 10 x 12 millimeter, 12 millimeter, 1 Sections",https://portal.hubmapconsortium.org/browse/sample/ca56e9953739a00c2e5b1979a7831d2d,http://purl.org/ccf/1.5/82e800f8-4771-43df-999e-85dfb7be684c,10,10,12,Hunter Hakimian,Hunter,Hakimian,,0
https://entity.api.hubmapconsortium.org/entities/dec30248dca3262a3e59460c882f7091,Tissue Block,"Registered 12/13/2022, Marda Jorgensen, TMC-Florida","10 x 10 x 12 millimeter, 12 millimeter, 1 Sections",https://portal.hubmapconsortium.org/browse/sample/dec30248dca3262a3e59460c882f7091,http://purl.org/ccf/1.5/073ed584-7a76-4fb1-a7aa-8df8188a0605,10,10,12,Hunter Hakimian,Hunter,Hakimian,,0
https://entity.api.hubmapconsortium.org/entities/e43867e45f2036c91a538b07f765ff7d,Tissue Block,"Registered 12/13/2022, Marda Jorgensen, TMC-Florida","20 x 10 x 12 millimeter, 12 millimeter, 1 Sections",https://portal.hubmapconsortium.org/browse/sample/e43867e45f2036c91a538b07f765ff7d,http://purl.org/ccf/1.5/61d8f7d6-9097-4de0-9d46-4e41de2f2f4f,20,10,12,Hunter Hakimian,Hunter,Hakimian,,0
https://entity.api.hubmapconsortium.org/entities/f1ac23ea89f1364febce7b6435e2f49c,Tissue Block,"Registered 12/13/2022, Marda Jorgensen, TMC-Florida","10 x 10 x 10 millimeter, 10 millimeter, 1 Sections",https://portal.hubmapconsortium.org/browse/sample/f1ac23ea89f1364febce7b6435e2f49c,http://purl.org/ccf/1.5/8d3c5c93-9ec3-42c6-8d21-47c694ac5f23,10,10,10,Hunter Hakimian,Hunter,Hakimian,,0
https://entity.api.hubmapconsortium.org/entities/fba9c5e0758d0edd70b2661df94cbaa9,Tissue Block,"Registered 12/13/2022, Marda Jorgensen, TMC-Florida","10 x 10 x 10 millimeter, 10 millimeter, 1 Sections",https://portal.hubmapconsortium.org/browse/sample/fba9c5e0758d0edd70b2661df94cbaa9,http://purl.org/ccf/1.5/6af30778-5444-4431-8617-2419778ad873,10,10,10,Hunter Hakimian,Hunter,Hakimian,,0
https://entity.api.hubmapconsortium.org/entities/ff70986a4cf46640b165e38a536aed4f,Tissue Block,"Registered 12/13/2022, Marda Jorgensen, TMC-Florida","10 x 10 x 12 millimeter, 12 millimeter, 1 Sections",https://portal.hubmapconsortium.org/browse/sample/ff70986a4cf46640b165e38a536aed4f,http://purl.org/ccf/1.5/69658d04-5cec-4b57-92d0-20f69927840c,10,10,12,Hunter Hakimian,Hunter,Hakimian,,0
https://api.cellxgene.cziscience.com/dp/v1/collections/b52eb423-5d0d-4645-b217-e1c6d38b2e72#D1$heart%20left%20ventricle_Block,Tissue Block,"Registered 10/15/2021, Michela Noseda, Broad Institute","15 x 14 x 14 millimeter, 14 millimeter",https://doi.org/10.1038/s41586-020-2797-4,http://purl.org/ccf/1.5/2156f837-2ab2-4305-8e7f-8084249e91cd,15,14,14,Michela Noseda,Michela,Noseda,,0
https://api.cellxgene.cziscience.com/dp/v1/collections/b52eb423-5d0d-4645-b217-e1c6d38b2e72#D11$heart%20left%20ventricle_Block,Tissue Block,"Registered 10/15/2021, Michela Noseda, Broad Institute","15 x 14 x 14 millimeter, 14 millimeter",https://doi.org/10.1038/s41586-020-2797-4,http://purl.org/ccf/1.5/2156f837-2ab2-4305-8e7f-8084249e91cd,15,14,14,Michela Noseda,Michela,Noseda,,0
https://api.cellxgene.cziscience.com/dp/v1/collections/b52eb423-5d0d-4645-b217-e1c6d38b2e72#D4$heart%20left%20ventricle_Block,Tissue Block,"Registered 10/15/2021, Michela Noseda, Broad Institute","15 x 14 x 14 millimeter, 14 millimeter",https://doi.org/10.1038/s41586-020-2797-4,http://purl.org/ccf/1.5/2156f837-2ab2-4305-8e7f-8084249e91cd,15,14,14,Michela Noseda,Michela,Noseda,,0
https://api.cellxgene.cziscience.com/dp/v1/collections/b52eb423-5d0d-4645-b217-e1c6d38b2e72#D5$heart%20left%20ventricle_Block,Tissue Block,"Registered 10/15/2021, Michela Noseda, Broad Institute","15 x 14 x 14 millimeter, 14 millimeter",https://doi.org/10.1038/s41586-020-2797-4,http://purl.org/ccf/1.5/2156f837-2ab2-4305-8e7f-8084249e91cd,15,14,14,Michela Noseda,Michela,Noseda,,0
https://api.cellxgene.cziscience.com/dp/v1/collections/b52eb423-5d0d-4645-b217-e1c6d38b2e72#H5$heart%20left%20ventricle_Block,Tissue Block,"Registered 10/15/2021, Michela Noseda, Broad Institute","15 x 14 x 14 millimeter, 14 millimeter",https://doi.org/10.1038/s41586-020-2797-4,http://purl.org/ccf/1.5/2156f837-2ab2-4305-8e7f-8084249e91cd,15,14,14,Michela Noseda,Michela,Noseda,,0
https://api.cellxgene.cziscience.com/dp/v1/collections/b52eb423-5d0d-4645-b217-e1c6d38b2e72#H6$heart%20left%20ventricle_Block,Tissue Block,"Registered 10/15/2021, Michela Noseda, Broad Institute","15 x 14 x 14 millimeter, 14 millimeter",https://doi.org/10.1038/s41586-020-2797-4,http://purl.org/ccf/1.5/2156f837-2ab2-4305-8e7f-8084249e91cd,15,14,14,Michela Noseda,Michela,Noseda,,0
https://api.cellxgene.cziscience.com/dp/v1/collections/b52eb423-5d0d-4645-b217-e1c6d38b2e72#H7$heart%20left%20ventricle_Block,Tissue Block,"Registered 10/15/2021, Michela Noseda, Broad Institute","15 x 14 x 14 millimeter, 14 millimeter",https://doi.org/10.1038/s41586-020-2797-4,http://purl.org/ccf/1.5/2156f837-2ab2-4305-8e7f-8084249e91cd,15,14,14,Michela Noseda,Michela,Noseda,,0
https://api.cellxgene.cziscience.com/dp/v1/collections/b52eb423-5d0d-4645-b217-e1c6d38b2e72#D1$heart%20right%20ventricle_Block,Tissue Block,"Registered 10/15/2021, Michela Noseda, Broad Institute","20 x 20 x 6 millimeter, 6 millimeter",https://doi.org/10.1038/s41586-020-2797-4,http://purl.org/ccf/1.5/1fe61622-ba53-47c9-967e-e764c21b8189,20,20,6,Michela Noseda,Michela,Noseda,,0
https://api.cellxgene.cziscience.com/dp/v1/collections/b52eb423-5d0d-4645-b217-e1c6d38b2e72#D11$heart%20right%20ventricle_Block,Tissue Block,"Registered 10/15/2021, Michela Noseda, Broad Institute","20 x 20 x 6 millimeter, 6 millimeter",https://doi.org/10.1038/s41586-020-2797-4,http://purl.org/ccf/1.5/1fe61622-ba53-47c9-967e-e764c21b8189,20,20,6,Michela Noseda,Michela,Noseda,,0
https://api.cellxgene.cziscience.com/dp/v1/collections/b52eb423-5d0d-4645-b217-e1c6d38b2e72#D4$heart%20right%20ventricle_Block,Tissue Block,"Registered 10/15/2021, Michela Noseda, Broad Institute","20 x 20 x 6 millimeter, 6 millimeter",https://doi.org/10.1038/s41586-020-2797-4,http://purl.org/ccf/1.5/1fe61622-ba53-47c9-967e-e764c21b8189,20,20,6,Michela Noseda,Michela,Noseda,,0
https://api.cellxgene.cziscience.com/dp/v1/collections/b52eb423-5d0d-4645-b217-e1c6d38b2e72#D5$heart%20right%20ventricle_Block,Tissue Block,"Registered 10/15/2021, Michela Noseda, Broad Institute","20 x 20 x 6 millimeter, 6 millimeter",https://doi.org/10.1038/s41586-020-2797-4,http://purl.org/ccf/1.5/1fe61622-ba53-47c9-967e-e764c21b8189,20,20,6,Michela Noseda,Michela,Noseda,,0
https://api.cellxgene.cziscience.com/dp/v1/collections/b52eb423-5d0d-4645-b217-e1c6d38b2e72#H5$heart%20right%20ventricle_Block,Tissue Block,"Registered 10/15/2021, Michela Noseda, Broad Institute","20 x 20 x 6 millimeter, 6 millimeter",https://doi.org/10.1038/s41586-020-2797-4,http://purl.org/ccf/1.5/1fe61622-ba53-47c9-967e-e764c21b8189,20,20,6,Michela Noseda,Michela,Noseda,,0
https://api.cellxgene.cziscience.com/dp/v1/collections/b52eb423-5d0d-4645-b217-e1c6d38b2e72#H6$heart%20right%20ventricle_Block,Tissue Block,"Registered 10/15/2021, Michela Noseda, Broad Institute","20 x 20 x 6 millimeter, 6 millimeter",https://doi.org/10.1038/s41586-020-2797-4,http://purl.org/ccf/1.5/1fe61622-ba53-47c9-967e-e764c21b8189,20,20,6,Michela Noseda,Michela,Noseda,,0
https://api.cellxgene.cziscience.com/dp/v1/collections/b52eb423-5d0d-4645-b217-e1c6d38b2e72#H7$heart%20right%20ventricle_Block,Tissue Block,"Registered 10/15/2021, Michela Noseda, Broad Institute","20 x 20 x 6 millimeter, 6 millimeter",https://doi.org/10.1038/s41586-020-2797-4,http://purl.org/ccf/1.5/1fe61622-ba53-47c9-967e-e764c21b8189,20,20,6,Michela Noseda,Michela,Noseda,,0
https://api.cellxgene.cziscience.com/dp/v1/collections/b52eb423-5d0d-4645-b217-e1c6d38b2e72#D1$left%20cardiac%20atrium_Block,Tissue Block,"Registered 5/7/2022, Michela Noseda, Broad Institute","6 x 9 x 10 millimeter, 10 millimeter",https://doi.org/10.1038/s41586-020-2797-4,http://purl.org/ccf/1.5/502166ab-e841-4b65-9045-7c386166a9e8,6,9,10,Michela Noseda,Michela,Noseda,,0
https://api.cellxgene.cziscience.com/dp/v1/collections/b52eb423-5d0d-4645-b217-e1c6d38b2e72#D11$left%20cardiac%20atrium_Block,Tissue Block,"Registered 5/7/2022, Michela Noseda, Broad Institute","6 x 9 x 10 millimeter, 10 millimeter",https://doi.org/10.1038/s41586-020-2797-4,http://purl.org/ccf/1.5/502166ab-e841-4b65-9045-7c386166a9e8,6,9,10,Michela Noseda,Michela,Noseda,,0
https://api.cellxgene.cziscience.com/dp/v1/collections/b52eb423-5d0d-4645-b217-e1c6d38b2e72#D4$left%20cardiac%20atrium_Block,Tissue Block,"Registered 5/7/2022, Michela Noseda, Broad Institute","6 x 9 x 10 millimeter, 10 millimeter",https://doi.org/10.1038/s41586-020-2797-4,http://purl.org/ccf/1.5/502166ab-e841-4b65-9045-7c386166a9e8,6,9,10,Michela Noseda,Michela,Noseda,,0
https://api.cellxgene.cziscience.com/dp/v1/collections/b52eb423-5d0d-4645-b217-e1c6d38b2e72#D5$left%20cardiac%20atrium_Block,Tissue Block,"Registered 5/7/2022, Michela Noseda, Broad Institute","6 x 9 x 10 millimeter, 10 millimeter",https://doi.org/10.1038/s41586-020-2797-4,http://purl.org/ccf/1.5/502166ab-e841-4b65-9045-7c386166a9e8,6,9,10,Michela Noseda,Michela,Noseda,,0
https://api.cellxgene.cziscience.com/dp/v1/collections/b52eb423-5d0d-4645-b217-e1c6d38b2e72#H5$left%20cardiac%20atrium_Block,Tissue Block,"Registered 5/7/2022, Michela Noseda, Broad Institute","6 x 9 x 10 millimeter, 10 millimeter",https://doi.org/10.1038/s41586-020-2797-4,http://purl.org/ccf/1.5/502166ab-e841-4b65-9045-7c386166a9e8,6,9,10,Michela Noseda,Michela,Noseda,,0
https://api.cellxgene.cziscience.com/dp/v1/collections/b52eb423-5d0d-4645-b217-e1c6d38b2e72#H6$left%20cardiac%20atrium_Block,Tissue Block,"Registered 5/7/2022, Michela Noseda, Broad Institute","6 x 9 x 10 millimeter, 10 millimeter",https://doi.org/10.1038/s41586-020-2797-4,http://purl.org/ccf/1.5/502166ab-e841-4b65-9045-7c386166a9e8,6,9,10,Michela Noseda,Michela,Noseda,,0
https://api.cellxgene.cziscience.com/dp/v1/collections/b52eb423-5d0d-4645-b217-e1c6d38b2e72#H7$left%20cardiac%20atrium_Block,Tissue Block,"Registered 5/7/2022, Michela Noseda, Broad Institute","6 x 9 x 10 millimeter, 10 millimeter",https://doi.org/10.1038/s41586-020-2797-4,http://purl.org/ccf/1.5/502166ab-e841-4b65-9045-7c386166a9e8,6,9,10,Michela Noseda,Michela,Noseda,,0
https://api.cellxgene.cziscience.com/dp/v1/collections/b52eb423-5d0d-4645-b217-e1c6d38b2e72#D11$interventricular%20septum_Block,Tissue Block,"Registered 10/15/2021, Michela Noseda, Broad Institute","15 x 15 x 33 millimeter, 33 millimeter",https://doi.org/10.1038/s41586-020-2797-4,http://purl.org/ccf/1.5/05c11830-1526-4472-bd12-ea24dbcfd3cc,15,15,33,Michela Noseda,Michela,Noseda,,0
https://api.cellxgene.cziscience.com/dp/v1/collections/b52eb423-5d0d-4645-b217-e1c6d38b2e72#D4$interventricular%20septum_Block,Tissue Block,"Registered 10/15/2021, Michela Noseda, Broad Institute","15 x 15 x 33 millimeter, 33 millimeter",https://doi.org/10.1038/s41586-020-2797-4,http://purl.org/ccf/1.5/05c11830-1526-4472-bd12-ea24dbcfd3cc,15,15,33,Michela Noseda,Michela,Noseda,,0
https://api.cellxgene.cziscience.com/dp/v1/collections/b52eb423-5d0d-4645-b217-e1c6d38b2e72#D5$interventricular%20septum_Block,Tissue Block,"Registered 10/15/2021, Michela Noseda, Broad Institute","15 x 15 x 33 millimeter, 33 millimeter",https://doi.org/10.1038/s41586-020-2797-4,http://purl.org/ccf/1.5/05c11830-1526-4472-bd12-ea24dbcfd3cc,15,15,33,Michela Noseda,Michela,Noseda,,0
https://api.cellxgene.cziscience.com/dp/v1/collections/b52eb423-5d0d-4645-b217-e1c6d38b2e72#H5$interventricular%20septum_Block,Tissue Block,"Registered 10/15/2021, Michela Noseda, Broad Institute","15 x 15 x 33 millimeter, 33 millimeter",https://doi.org/10.1038/s41586-020-2797-4,http://purl.org/ccf/1.5/05c11830-1526-4472-bd12-ea24dbcfd3cc,15,15,33,Michela Noseda,Michela,Noseda,,0
https://api.cellxgene.cziscience.com/dp/v1/collections/b52eb423-5d0d-4645-b217-e1c6d38b2e72#H6$interventricular%20septum_Block,Tissue Block,"Registered 10/15/2021, Michela Noseda, Broad Institute","15 x 15 x 33 millimeter, 33 millimeter",https://doi.org/10.1038/s41586-020-2797-4,http://purl.org/ccf/1.5/05c11830-1526-4472-bd12-ea24dbcfd3cc,15,15,33,Michela Noseda,Michela,Noseda,,0
https://api.cellxgene.cziscience.com/dp/v1/collections/b52eb423-5d0d-4645-b217-e1c6d38b2e72#H7$interventricular%20septum_Block,Tissue Block,"Registered 10/15/2021, Michela Noseda, Broad Institute","15 x 15 x 33 millimeter, 33 millimeter",https://doi.org/10.1038/s41586-020-2797-4,http://purl.org/ccf/1.5/05c11830-1526-4472-bd12-ea24dbcfd3cc,15,15,33,Michela Noseda,Michela,Noseda,,0
https://api.cellxgene.cziscience.com/dp/v1/collections/b52eb423-5d0d-4645-b217-e1c6d38b2e72#D2$apex%20of%20heart_Block,Tissue Block,"Registered 10/15/2021, Michela Noseda, Broad Institute","16 x 16 x 14 millimeter, 14 millimeter",https://doi.org/10.1038/s41586-020-2797-4,http://purl.org/ccf/1.5/20a0c365-6a97-4224-ae14-16fba10c13f8,16,16,14,Michela Noseda,Michela,Noseda,,0
https://api.cellxgene.cziscience.com/dp/v1/collections/b52eb423-5d0d-4645-b217-e1c6d38b2e72#D3$apex%20of%20heart_Block,Tissue Block,"Registered 10/15/2021, Michela Noseda, Broad Institute","16 x 16 x 14 millimeter, 14 millimeter",https://doi.org/10.1038/s41586-020-2797-4,http://purl.org/ccf/1.5/20a0c365-6a97-4224-ae14-16fba10c13f8,16,16,14,Michela Noseda,Michela,Noseda,,0
https://api.cellxgene.cziscience.com/dp/v1/collections/b52eb423-5d0d-4645-b217-e1c6d38b2e72#D6$apex%20of%20heart_Block,Tissue Block,"Registered 10/15/2021, Michela Noseda, Broad Institute","16 x 16 x 14 millimeter, 14 millimeter",https://doi.org/10.1038/s41586-020-2797-4,http://purl.org/ccf/1.5/20a0c365-6a97-4224-ae14-16fba10c13f8,16,16,14,Michela Noseda,Michela,Noseda,,0
https://api.cellxgene.cziscience.com/dp/v1/collections/b52eb423-5d0d-4645-b217-e1c6d38b2e72#D7$apex%20of%20heart_Block,Tissue Block,"Registered 10/15/2021, Michela Noseda, Broad Institute","16 x 16 x 14 millimeter, 14 millimeter",https://doi.org/10.1038/s41586-020-2797-4,http://purl.org/ccf/1.5/20a0c365-6a97-4224-ae14-16fba10c13f8,16,16,14,Michela Noseda,Michela,Noseda,,0
https://api.cellxgene.cziscience.com/dp/v1/collections/b52eb423-5d0d-4645-b217-e1c6d38b2e72#H2$apex%20of%20heart_Block,Tissue Block,"Registered 10/15/2021, Michela Noseda, Broad Institute","16 x 16 x 14 millimeter, 14 millimeter",https://doi.org/10.1038/s41586-020-2797-4,http://purl.org/ccf/1.5/20a0c365-6a97-4224-ae14-16fba10c13f8,16,16,14,Michela Noseda,Michela,Noseda,,0
https://api.cellxgene.cziscience.com/dp/v1/collections/b52eb423-5d0d-4645-b217-e1c6d38b2e72#H3$apex%20of%20heart_Block,Tissue Block,"Registered 10/15/2021, Michela Noseda, Broad Institute","16 x 16 x 14 millimeter, 14 millimeter",https://doi.org/10.1038/s41586-020-2797-4,http://purl.org/ccf/1.5/20a0c365-6a97-4224-ae14-16fba10c13f8,16,16,14,Michela Noseda,Michela,Noseda,,0
https://api.cellxgene.cziscience.com/dp/v1/collections/b52eb423-5d0d-4645-b217-e1c6d38b2e72#H4$apex%20of%20heart_Block,Tissue Block,"Registered 10/15/2021, Michela Noseda, Broad Institute","16 x 16 x 14 millimeter, 14 millimeter",https://doi.org/10.1038/s41586-020-2797-4,http://purl.org/ccf/1.5/20a0c365-6a97-4224-ae14-16fba10c13f8,16,16,14,Michela Noseda,Michela,Noseda,,0
https://api.cellxgene.cziscience.com/dp/v1/collections/b52eb423-5d0d-4645-b217-e1c6d38b2e72#D2$right%20cardiac%20atrium_Block,Tissue Block,"Registered 5/7/2022, Michela Noseda, Broad Institute","6 x 7 x 7 millimeter, 7 millimeter",https://doi.org/10.1038/s41586-020-2797-4,http://purl.org/ccf/1.5/3bf6e5a0-a04d-498e-89b1-b2c2562e4483,6,7,7,Michela Noseda,Michela,Noseda,,0
https://api.cellxgene.cziscience.com/dp/v1/collections/b52eb423-5d0d-4645-b217-e1c6d38b2e72#D3$right%20cardiac%20atrium_Block,Tissue Block,"Registered 5/7/2022, Michela Noseda, Broad Institute","6 x 7 x 7 millimeter, 7 millimeter",https://doi.org/10.1038/s41586-020-2797-4,http://purl.org/ccf/1.5/3bf6e5a0-a04d-498e-89b1-b2c2562e4483,6,7,7,Michela Noseda,Michela,Noseda,,0
https://api.cellxgene.cziscience.com/dp/v1/collections/b52eb423-5d0d-4645-b217-e1c6d38b2e72#D6$right%20cardiac%20atrium_Block,Tissue Block,"Registered 5/7/2022, Michela Noseda, Broad Institute","6 x 7 x 7 millimeter, 7 millimeter",https://doi.org/10.1038/s41586-020-2797-4,http://purl.org/ccf/1.5/3bf6e5a0-a04d-498e-89b1-b2c2562e4483,6,7,7,Michela Noseda,Michela,Noseda,,0
https://api.cellxgene.cziscience.com/dp/v1/collections/b52eb423-5d0d-4645-b217-e1c6d38b2e72#D7$right%20cardiac%20atrium_Block,Tissue Block,"Registered 5/7/2022, Michela Noseda, Broad Institute","6 x 7 x 7 millimeter, 7 millimeter",https://doi.org/10.1038/s41586-020-2797-4,http://purl.org/ccf/1.5/3bf6e5a0-a04d-498e-89b1-b2c2562e4483,6,7,7,Michela Noseda,Michela,Noseda,,0
https://api.cellxgene.cziscience.com/dp/v1/collections/b52eb423-5d0d-4645-b217-e1c6d38b2e72#H2$right%20cardiac%20atrium_Block,Tissue Block,"Registered 5/7/2022, Michela Noseda, Broad Institute","6 x 7 x 7 millimeter, 7 millimeter",https://doi.org/10.1038/s41586-020-2797-4,http://purl.org/ccf/1.5/3bf6e5a0-a04d-498e-89b1-b2c2562e4483,6,7,7,Michela Noseda,Michela,Noseda,,0
https://api.cellxgene.cziscience.com/dp/v1/collections/b52eb423-5d0d-4645-b217-e1c6d38b2e72#H3$right%20cardiac%20atrium_Block,Tissue Block,"Registered 5/7/2022, Michela Noseda, Broad Institute","6 x 7 x 7 millimeter, 7 millimeter",https://doi.org/10.1038/s41586-020-2797-4,http://purl.org/ccf/1.5/3bf6e5a0-a04d-498e-89b1-b2c2562e4483,6,7,7,Michela Noseda,Michela,Noseda,,0
https://api.cellxgene.cziscience.com/dp/v1/collections/b52eb423-5d0d-4645-b217-e1c6d38b2e72#H4$right%20cardiac%20atrium_Block,Tissue Block,"Registered 5/7/2022, Michela Noseda, Broad Institute","6 x 7 x 7 millimeter, 7 millimeter",https://doi.org/10.1038/s41586-020-2797-4,http://purl.org/ccf/1.5/3bf6e5a0-a04d-498e-89b1-b2c2562e4483,6,7,7,Michela Noseda,Michela,Noseda,,0
https://doi.org/10.1016/j.cell.2022.12.028/CRC1#Donor_TissueBlock1,Tissue Block,"Registered 7/3/2023, Peter Sorger, Harvard University",Tumor tissue from cecum - Mixed mucinous and signet ring cell adenocarcinoma,https://doi.org/10.1016/j.cell.2022.12.028,http://purl.org/ccf/1.5/615aa60c-0a0a-4614-bae2-f85112479919,62,51,15,Peter Sorger,Peter,Sorger,,0
https://entity.api.sennetconsortium.org/entities/03d37820f840997dc4d3f3f63c1eade9,Tissue Block,"Registered 5/29/2026, Andrew Watts, TMC - University of Pittsburgh","10 x 10 x 10 millimeter, 10 millimeter, 0 Sections",https://data.sennetconsortium.org/sample?uuid=03d37820f840997dc4d3f3f63c1eade9,http://purl.org/ccf/1.5/6f7f3ddd-9889-4bad-8bfc-8340c7b6af8b,10,10,10,NayraCardenes,Nayra,Cardenes,,0
https://entity.api.sennetconsortium.org/entities/0e0c94576251b9d4304bd9970fd36a3f,Tissue Block,"Registered 4/18/2024, Andrew Watts, TMC - University of Pittsburgh","10 x 10 x 10 millimeter, 10 millimeter, 1 Sections",https://data.sennetconsortium.org/sample?uuid=0e0c94576251b9d4304bd9970fd36a3f,http://purl.org/ccf/1.5/6f7f3ddd-9889-4bad-8bfc-8340c7b6af8b,10,10,10,NayraCardenes,Nayra,Cardenes,,0
https://entity.api.sennetconsortium.org/entities/10c008de6a52e646bbf455f9f1673ae6,Tissue Block,"Registered 4/18/2024, Andrew Watts, TMC - University of Pittsburgh","10 x 10 x 10 millimeter, 10 millimeter, 1 Sections",https://data.sennetconsortium.org/sample?uuid=10c008de6a52e646bbf455f9f1673ae6,http://purl.org/ccf/1.5/6f7f3ddd-9889-4bad-8bfc-8340c7b6af8b,10,10,10,NayraCardenes,Nayra,Cardenes,,0
https://entity.api.sennetconsortium.org/entities/13ebbd4db909c391dcdf1b457a37e592,Tissue Block,"Registered 4/18/2024, Andrew Watts, TMC - University of Pittsburgh","10 x 10 x 10 millimeter, 10 millimeter, 0 Sections",https://data.sennetconsortium.org/sample?uuid=13ebbd4db909c391dcdf1b457a37e592,http://purl.org/ccf/1.5/6f7f3ddd-9889-4bad-8bfc-8340c7b6af8b,10,10,10,NayraCardenes,Nayra,Cardenes,,0
https://entity.api.sennetconsortium.org/entities/14b3dc15596ff83ea4c6a9ddecbba005,Tissue Block,"Registered 5/29/2026, Andrew Watts, TMC - University of Pittsburgh","10 x 10 x 10 millimeter, 10 millimeter, 1 Sections",https://data.sennetconsortium.org/sample?uuid=14b3dc15596ff83ea4c6a9ddecbba005,http://purl.org/ccf/1.5/6f7f3ddd-9889-4bad-8bfc-8340c7b6af8b,10,10,10,NayraCardenes,Nayra,Cardenes,,0
https://entity.api.sennetconsortium.org/entities/26a74f5b30b10799dcb2c6c4bf66e8ec,Tissue Block,"Registered 4/18/2024, Andrew Watts, TMC - University of Pittsburgh","10 x 10 x 10 millimeter, 10 millimeter, 0 Sections",https://data.sennetconsortium.org/sample?uuid=26a74f5b30b10799dcb2c6c4bf66e8ec,http://purl.org/ccf/1.5/6f7f3ddd-9889-4bad-8bfc-8340c7b6af8b,10,10,10,NayraCardenes,Nayra,Cardenes,,0
https://entity.api.sennetconsortium.org/entities/28a8c7fbfa8b58fca7fa6c5bdb44a042,Tissue Block,"Registered 5/29/2026, Andrew Watts, TMC - University of Pittsburgh","10 x 10 x 10 millimeter, 10 millimeter, 1 Sections",https://data.sennetconsortium.org/sample?uuid=28a8c7fbfa8b58fca7fa6c5bdb44a042,http://purl.org/ccf/1.5/6f7f3ddd-9889-4bad-8bfc-8340c7b6af8b,10,10,10,NayraCardenes,Nayra,Cardenes,,0
https://entity.api.sennetconsortium.org/entities/34c5342f98cbbf6e0a9854c4ed615c78,Tissue Block,"Registered 4/18/2024, Andrew Watts, TMC - University of Pittsburgh","10 x 10 x 10 millimeter, 10 millimeter, 0 Sections",https://data.sennetconsortium.org/sample?uuid=34c5342f98cbbf6e0a9854c4ed615c78,http://purl.org/ccf/1.5/6f7f3ddd-9889-4bad-8bfc-8340c7b6af8b,10,10,10,NayraCardenes,Nayra,Cardenes,,0
https://entity.api.sennetconsortium.org/entities/4810f707c7346b949a3a3fcf624d3c87,Tissue Block,"Registered 5/29/2026, Andrew Watts, TMC - University of Pittsburgh","10 x 10 x 10 millimeter, 10 millimeter, 0 Sections",https://data.sennetconsortium.org/sample?uuid=4810f707c7346b949a3a3fcf624d3c87,http://purl.org/ccf/1.5/6f7f3ddd-9889-4bad-8bfc-8340c7b6af8b,10,10,10,NayraCardenes,Nayra,Cardenes,,0
https://entity.api.sennetconsortium.org/entities/584e3835b60f14cbe333465e269e60bd,Tissue Block,"Registered 5/29/2026, Andrew Watts, TMC - University of Pittsburgh","10 x 10 x 10 millimeter, 10 millimeter, 0 Sections",https://data.sennetconsortium.org/sample?uuid=584e3835b60f14cbe333465e269e60bd,http://purl.org/ccf/1.5/6f7f3ddd-9889-4bad-8bfc-8340c7b6af8b,10,10,10,NayraCardenes,Nayra,Cardenes,,0
https://entity.api.sennetconsortium.org/entities/5a2dd2c5649882090bc6369a11bce056,Tissue Block,"Registered 4/18/2024, Andrew Watts, TMC - University of Pittsburgh","10 x 10 x 10 millimeter, 5 millimeter, 2 Sections",https://data.sennetconsortium.org/sample?uuid=5a2dd2c5649882090bc6369a11bce056,http://purl.org/ccf/1.5/6f7f3ddd-9889-4bad-8bfc-8340c7b6af8b,10,10,10,NayraCardenes,Nayra,Cardenes,,0
https://entity.api.sennetconsortium.org/entities/634f079786c0f9fe90d80b389b91fa38,Tissue Block,"Registered 5/29/2026, Andrew Watts, TMC - University of Pittsburgh","10 x 10 x 10 millimeter, 10 millimeter, 1 Sections",https://data.sennetconsortium.org/sample?uuid=634f079786c0f9fe90d80b389b91fa38,http://purl.org/ccf/1.5/6f7f3ddd-9889-4bad-8bfc-8340c7b6af8b,10,10,10,NayraCardenes,Nayra,Cardenes,,0
https://entity.api.sennetconsortium.org/entities/66b0623450435825dd9461776dd49a78,Tissue Block,"Registered 4/18/2024, Andrew Watts, TMC - University of Pittsburgh","10 x 10 x 10 millimeter, 10 millimeter, 0 Sections",https://data.sennetconsortium.org/sample?uuid=66b0623450435825dd9461776dd49a78,http://purl.org/ccf/1.5/6f7f3ddd-9889-4bad-8bfc-8340c7b6af8b,10,10,10,NayraCardenes,Nayra,Cardenes,,0
https://entity.api.sennetconsortium.org/entities/7c6b45e80067387db5c13dbba270e610,Tissue Block,"Registered 4/18/2024, Andrew Watts, TMC - University of Pittsburgh","10 x 10 x 10 millimeter, 10 millimeter, 1 Sections",https://data.sennetconsortium.org/sample?uuid=7c6b45e80067387db5c13dbba270e610,http://purl.org/ccf/1.5/6f7f3ddd-9889-4bad-8bfc-8340c7b6af8b,10,10,10,NayraCardenes,Nayra,Cardenes,,0
https://entity.api.sennetconsortium.org/entities/0421bddd4b4aa8cc1b37432a74b77af9,Tissue Block,"Registered 5/29/2026, Andrew Watts, TMC - University of Pittsburgh","10 x 10 x 10 millimeter, 10 millimeter, 0 Sections",https://data.sennetconsortium.org/sample?uuid=0421bddd4b4aa8cc1b37432a74b77af9,http://purl.org/ccf/1.5/6f7f3ddd-9889-4bad-8bfc-8340c7b6af8b,10,10,10,NayraCardenes,Nayra,Cardenes,,0
https://entity.api.sennetconsortium.org/entities/0617a9f1276a55e6856072774a44794e,Tissue Block,"Registered 5/29/2026, Andrew Watts, TMC - University of Pittsburgh","10 x 10 x 10 millimeter, 10 millimeter, 1 Sections",https://data.sennetconsortium.org/sample?uuid=0617a9f1276a55e6856072774a44794e,http://purl.org/ccf/1.5/6f7f3ddd-9889-4bad-8bfc-8340c7b6af8b,10,10,10,NayraCardenes,Nayra,Cardenes,,0
https://entity.api.sennetconsortium.org/entities/07a204410fa54701830da5aca4ba92d4,Tissue Block,"Registered 4/18/2024, Andrew Watts, TMC - University of Pittsburgh","10 x 10 x 10 millimeter, 10 millimeter, 1 Sections",https://data.sennetconsortium.org/sample?uuid=07a204410fa54701830da5aca4ba92d4,http://purl.org/ccf/1.5/6f7f3ddd-9889-4bad-8bfc-8340c7b6af8b,10,10,10,NayraCardenes,Nayra,Cardenes,,0
https://entity.api.sennetconsortium.org/entities/433772ecebcad055eef8f1733962c61a,Tissue Block,"Registered 4/18/2024, Andrew Watts, TMC - University of Pittsburgh","10 x 10 x 10 millimeter, 10 millimeter, 1 Sections",https://data.sennetconsortium.org/sample?uuid=433772ecebcad055eef8f1733962c61a,http://purl.org/ccf/1.5/6f7f3ddd-9889-4bad-8bfc-8340c7b6af8b,10,10,10,NayraCardenes,Nayra,Cardenes,,0
https://entity.api.sennetconsortium.org/entities/68f190d69b19d50e7faf080cd44fbee4,Tissue Block,"Registered 4/18/2024, Andrew Watts, TMC - University of Pittsburgh","10 x 10 x 10 millimeter, 1.7 millimeter, 6 Sections",https://data.sennetconsortium.org/sample?uuid=68f190d69b19d50e7faf080cd44fbee4,http://purl.org/ccf/1.5/6f7f3ddd-9889-4bad-8bfc-8340c7b6af8b,10,10,10,NayraCardenes,Nayra,Cardenes,,0
https://entity.api.sennetconsortium.org/entities/81eee7e1ec67a4e587a980f5e12ebf66,Tissue Block,"Registered 4/18/2024, Andrew Watts, TMC - University of Pittsburgh","10 x 10 x 10 millimeter, 1.7 millimeter, 6 Sections",https://data.sennetconsortium.org/sample?uuid=81eee7e1ec67a4e587a980f5e12ebf66,http://purl.org/ccf/1.5/6f7f3ddd-9889-4bad-8bfc-8340c7b6af8b,10,10,10,NayraCardenes,Nayra,Cardenes,,0
https://entity.api.sennetconsortium.org/entities/b49795590dceceb508e21a0660196eca,Tissue Block,"Registered 4/10/2024, Andrew Watts, TMC - University of Pittsburgh","10 x 10 x 10 millimeter, 0.8 millimeter, 12 Sections",https://data.sennetconsortium.org/sample?uuid=b49795590dceceb508e21a0660196eca,http://purl.org/ccf/1.5/6f7f3ddd-9889-4bad-8bfc-8340c7b6af8b,10,10,10,NayraCardenes,Nayra,Cardenes,,0
https://entity.api.sennetconsortium.org/entities/1eb253fea8c1db18a0d5f22234a56d36,Tissue Block,"Registered 5/29/2026, Andrew Watts, TMC - University of Pittsburgh","10 x 10 x 10 millimeter, 10 millimeter, 1 Sections",https://data.sennetconsortium.org/sample?uuid=1eb253fea8c1db18a0d5f22234a56d36,http://purl.org/ccf/1.5/6f7f3ddd-9889-4bad-8bfc-8340c7b6af8b,10,10,10,NayraCardenes,Nayra,Cardenes,,0
https://entity.api.sennetconsortium.org/entities/1fda728dbf7ee9d131ed7cb51644a9d0,Tissue Block,"Registered 4/18/2024, Andrew Watts, TMC - University of Pittsburgh","10 x 10 x 10 millimeter, 10 millimeter, 0 Sections",https://data.sennetconsortium.org/sample?uuid=1fda728dbf7ee9d131ed7cb51644a9d0,http://purl.org/ccf/1.5/6f7f3ddd-9889-4bad-8bfc-8340c7b6af8b,10,10,10,NayraCardenes,Nayra,Cardenes,,0
https://entity.api.sennetconsortium.org/entities/4b7b1770c35ff90ca80dc0d852359acc,Tissue Block,"Registered 5/29/2026, Andrew Watts, TMC - University of Pittsburgh","10 x 10 x 10 millimeter, 10 millimeter, 0 Sections",https://data.sennetconsortium.org/sample?uuid=4b7b1770c35ff90ca80dc0d852359acc,http://purl.org/ccf/1.5/6f7f3ddd-9889-4bad-8bfc-8340c7b6af8b,10,10,10,NayraCardenes,Nayra,Cardenes,,0
https://entity.api.sennetconsortium.org/entities/62c34859e532f0c09dfc6a68e8f74c0c,Tissue Block,"Registered 5/29/2026, Andrew Watts, TMC - University of Pittsburgh","10 x 10 x 10 millimeter, 10 millimeter, 1 Sections",https://data.sennetconsortium.org/sample?uuid=62c34859e532f0c09dfc6a68e8f74c0c,http://purl.org/ccf/1.5/6f7f3ddd-9889-4bad-8bfc-8340c7b6af8b,10,10,10,NayraCardenes,Nayra,Cardenes,,0
https://entity.api.sennetconsortium.org/entities/7c074b4922f98444692647f9b423f36b,Tissue Block,"Registered 5/29/2026, Andrew Watts, TMC - University of Pittsburgh","10 x 10 x 10 millimeter, 10 millimeter, 0 Sections",https://data.sennetconsortium.org/sample?uuid=7c074b4922f98444692647f9b423f36b,http://purl.org/ccf/1.5/6f7f3ddd-9889-4bad-8bfc-8340c7b6af8b,10,10,10,NayraCardenes,Nayra,Cardenes,,0
https://entity.api.sennetconsortium.org/entities/8910e930af986b6fa7b0300c5965a0e4,Tissue Block,"Registered 4/18/2024, Andrew Watts, TMC - University of Pittsburgh","10 x 10 x 10 millimeter, 0.8 millimeter, 12 Sections",https://data.sennetconsortium.org/sample?uuid=8910e930af986b6fa7b0300c5965a0e4,http://purl.org/ccf/1.5/6f7f3ddd-9889-4bad-8bfc-8340c7b6af8b,10,10,10,NayraCardenes,Nayra,Cardenes,,0
https://entity.api.sennetconsortium.org/entities/8ac8b79756251487d0d4cdcccb5ccc1a,Tissue Block,"Registered 4/18/2024, Andrew Watts, TMC - University of Pittsburgh","10 x 10 x 10 millimeter, 10 millimeter, 0 Sections",https://data.sennetconsortium.org/sample?uuid=8ac8b79756251487d0d4cdcccb5ccc1a,http://purl.org/ccf/1.5/6f7f3ddd-9889-4bad-8bfc-8340c7b6af8b,10,10,10,NayraCardenes,Nayra,Cardenes,,0
https://entity.api.sennetconsortium.org/entities/8acfe522a90de527376ed4b332c1f879,Tissue Block,"Registered 5/29/2026, Andrew Watts, TMC - University of Pittsburgh","10 x 10 x 10 millimeter, 10 millimeter, 1 Sections",https://data.sennetconsortium.org/sample?uuid=8acfe522a90de527376ed4b332c1f879,http://purl.org/ccf/1.5/6f7f3ddd-9889-4bad-8bfc-8340c7b6af8b,10,10,10,NayraCardenes,Nayra,Cardenes,,0
https://entity.api.sennetconsortium.org/entities/988bf2b64a2690c567568df3ede22102,Tissue Block,"Registered 5/29/2026, Andrew Watts, TMC - University of Pittsburgh","10 x 10 x 10 millimeter, 5 millimeter, 2 Sections",https://data.sennetconsortium.org/sample?uuid=988bf2b64a2690c567568df3ede22102,http://purl.org/ccf/1.5/6f7f3ddd-9889-4bad-8bfc-8340c7b6af8b,10,10,10,NayraCardenes,Nayra,Cardenes,,0
https://entity.api.sennetconsortium.org/entities/98cc664318c67724a21da39095fcf9d2,Tissue Block,"Registered 5/29/2026, Andrew Watts, TMC - University of Pittsburgh","10 x 10 x 10 millimeter, 10 millimeter, 0 Sections",https://data.sennetconsortium.org/sample?uuid=98cc664318c67724a21da39095fcf9d2,http://purl.org/ccf/1.5/6f7f3ddd-9889-4bad-8bfc-8340c7b6af8b,10,10,10,NayraCardenes,Nayra,Cardenes,,0
https://entity.api.sennetconsortium.org/entities/9f176d97ce866b0f5708872101c6a9d8,Tissue Block,"Registered 4/18/2024, Andrew Watts, TMC - University of Pittsburgh","10 x 10 x 10 millimeter, 10 millimeter, 1 Sections",https://data.sennetconsortium.org/sample?uuid=9f176d97ce866b0f5708872101c6a9d8,http://purl.org/ccf/1.5/6f7f3ddd-9889-4bad-8bfc-8340c7b6af8b,10,10,10,NayraCardenes,Nayra,Cardenes,,0
https://entity.api.sennetconsortium.org/entities/a84e6b3ca97e9cfbd9e7deb452d4a003,Tissue Block,"Registered 5/29/2026, Andrew Watts, TMC - University of Pittsburgh","10 x 10 x 10 millimeter, 10 millimeter, 0 Sections",https://data.sennetconsortium.org/sample?uuid=a84e6b3ca97e9cfbd9e7deb452d4a003,http://purl.org/ccf/1.5/6f7f3ddd-9889-4bad-8bfc-8340c7b6af8b,10,10,10,NayraCardenes,Nayra,Cardenes,,0
https://entity.api.sennetconsortium.org/entities/a88499e3e6196e34dff2436f938d6ddc,Tissue Block,"Registered 5/29/2026, Andrew Watts, TMC - University of Pittsburgh","10 x 10 x 10 millimeter, 10 millimeter, 1 Sections",https://data.sennetconsortium.org/sample?uuid=a88499e3e6196e34dff2436f938d6ddc,http://purl.org/ccf/1.5/6f7f3ddd-9889-4bad-8bfc-8340c7b6af8b,10,10,10,NayraCardenes,Nayra,Cardenes,,0
https://entity.api.sennetconsortium.org/entities/a952825501a6d026887e93dde1271c39,Tissue Block,"Registered 4/18/2024, Andrew Watts, TMC - University of Pittsburgh","10 x 10 x 10 millimeter, 10 millimeter, 0 Sections",https://data.sennetconsortium.org/sample?uuid=a952825501a6d026887e93dde1271c39,http://purl.org/ccf/1.5/6f7f3ddd-9889-4bad-8bfc-8340c7b6af8b,10,10,10,NayraCardenes,Nayra,Cardenes,,0
https://entity.api.sennetconsortium.org/entities/b55bad1015e0932be8e302d51b013367,Tissue Block,"Registered 4/18/2024, Andrew Watts, TMC - University of Pittsburgh","10 x 10 x 10 millimeter, 10 millimeter, 0 Sections",https://data.sennetconsortium.org/sample?uuid=b55bad1015e0932be8e302d51b013367,http://purl.org/ccf/1.5/6f7f3ddd-9889-4bad-8bfc-8340c7b6af8b,10,10,10,NayraCardenes,Nayra,Cardenes,,0
https://entity.api.sennetconsortium.org/entities/cd0338224cbbcb53dba09eebd392d16f,Tissue Block,"Registered 4/18/2024, Andrew Watts, TMC - University of Pittsburgh","10 x 10 x 10 millimeter, 10 millimeter, 1 Sections",https://data.sennetconsortium.org/sample?uuid=cd0338224cbbcb53dba09eebd392d16f,http://purl.org/ccf/1.5/6f7f3ddd-9889-4bad-8bfc-8340c7b6af8b,10,10,10,NayraCardenes,Nayra,Cardenes,,0
https://entity.api.sennetconsortium.org/entities/d35c314f5ae13a50d0facbded08542c2,Tissue Block,"Registered 4/10/2024, Andrew Watts, TMC - University of Pittsburgh","10 x 10 x 10 millimeter, 1.7 millimeter, 6 Sections",https://data.sennetconsortium.org/sample?uuid=d35c314f5ae13a50d0facbded08542c2,http://purl.org/ccf/1.5/6f7f3ddd-9889-4bad-8bfc-8340c7b6af8b,10,10,10,NayraCardenes,Nayra,Cardenes,,0
https://entity.api.sennetconsortium.org/entities/d5fcf537cb65096d98c81dee66f63a40,Tissue Block,"Registered 4/18/2024, Andrew Watts, TMC - University of Pittsburgh","10 x 10 x 10 millimeter, 10 millimeter, 1 Sections",https://data.sennetconsortium.org/sample?uuid=d5fcf537cb65096d98c81dee66f63a40,http://purl.org/ccf/1.5/6f7f3ddd-9889-4bad-8bfc-8340c7b6af8b,10,10,10,NayraCardenes,Nayra,Cardenes,,0
https://entity.api.sennetconsortium.org/entities/e0cca7629a7138d9c38f2f973a5ef3e5,Tissue Block,"Registered 5/29/2026, Andrew Watts, TMC - University of Pittsburgh","10 x 10 x 10 millimeter, 10 millimeter, 1 Sections",https://data.sennetconsortium.org/sample?uuid=e0cca7629a7138d9c38f2f973a5ef3e5,http://purl.org/ccf/1.5/6f7f3ddd-9889-4bad-8bfc-8340c7b6af8b,10,10,10,NayraCardenes,Nayra,Cardenes,,0
https://entity.api.sennetconsortium.org/entities/ec7367c1d3a492e6425623e3eab22fd9,Tissue Block,"Registered 4/10/2024, Andrew Watts, TMC - University of Pittsburgh","10 x 10 x 10 millimeter, 1.7 millimeter, 6 Sections",https://data.sennetconsortium.org/sample?uuid=ec7367c1d3a492e6425623e3eab22fd9,http://purl.org/ccf/1.5/6f7f3ddd-9889-4bad-8bfc-8340c7b6af8b,10,10,10,NayraCardenes,Nayra,Cardenes,,0
https://entity.api.sennetconsortium.org/entities/f5ad09dd4bb8404b94d849e98a8a75e6,Tissue Block,"Registered 4/18/2024, Andrew Watts, TMC - University of Pittsburgh","10 x 10 x 10 millimeter, 10 millimeter, 1 Sections",https://data.sennetconsortium.org/sample?uuid=f5ad09dd4bb8404b94d849e98a8a75e6,http://purl.org/ccf/1.5/6f7f3ddd-9889-4bad-8bfc-8340c7b6af8b,10,10,10,NayraCardenes,Nayra,Cardenes,,0
https://entity.api.sennetconsortium.org/entities/08190f0e64e5862ab6aebdf0bf3c6de5,Tissue Block,"Registered 5/11/2023, Matthew Wyczalkowski, TMC - Washington University","20 x 15 x 10 millimeter, 10 millimeter, 0 Sections",https://data.sennetconsortium.org/sample?uuid=08190f0e64e5862ab6aebdf0bf3c6de5,http://purl.org/ccf/1.5/67e5f7e1-7b82-4aff-890e-9f8fc1f5c89b,20,15,10,Matthew Wyczalkowski,Matthew,Wyczalkowski,,0
https://entity.api.sennetconsortium.org/entities/0dd3538616d50f947995780e2c384d3a,Tissue Block,"Registered 5/29/2026, Andrew Watts, TMC - University of Pittsburgh","10 x 10 x 10 millimeter, 3.3 millimeter, 3 Sections",https://data.sennetconsortium.org/sample?uuid=0dd3538616d50f947995780e2c384d3a,http://purl.org/ccf/1.5/049f27a1-1e84-4f8a-a47e-48a0879b8652,10,10,10,NayraCardenes,Nayra,Cardenes,,0
https://entity.api.sennetconsortium.org/entities/16bc7e68d9240e3120ac357fa17b184c,Tissue Block,"Registered 5/29/2026, Andrew Watts, TMC - University of Pittsburgh","10 x 10 x 10 millimeter, 2.5 millimeter, 4 Sections",https://data.sennetconsortium.org/sample?uuid=16bc7e68d9240e3120ac357fa17b184c,http://purl.org/ccf/1.5/049f27a1-1e84-4f8a-a47e-48a0879b8652,10,10,10,NayraCardenes,Nayra,Cardenes,,0
https://entity.api.sennetconsortium.org/entities/1f39c6660e5419e6daf4e0928d371b18,Tissue Block,"Registered 5/29/2026, Andrew Watts, TMC - University of Pittsburgh","10 x 10 x 10 millimeter, 2 millimeter, 5 Sections",https://data.sennetconsortium.org/sample?uuid=1f39c6660e5419e6daf4e0928d371b18,http://purl.org/ccf/1.5/049f27a1-1e84-4f8a-a47e-48a0879b8652,10,10,10,NayraCardenes,Nayra,Cardenes,,0
https://entity.api.sennetconsortium.org/entities/99de960951d6cf70fe976e36de10c6c2,Tissue Block,"Registered 5/29/2026, Andrew Watts, TMC - University of Pittsburgh","10 x 10 x 10 millimeter, 2.5 millimeter, 4 Sections",https://data.sennetconsortium.org/sample?uuid=99de960951d6cf70fe976e36de10c6c2,http://purl.org/ccf/1.5/049f27a1-1e84-4f8a-a47e-48a0879b8652,10,10,10,NayraCardenes,Nayra,Cardenes,,0
https://entity.api.sennetconsortium.org/entities/f7558bbb4846fccf42978804f4e7a450,Tissue Block,"Registered 5/29/2026, Andrew Watts, TMC - University of Pittsburgh","10 x 10 x 10 millimeter, 2 millimeter, 5 Sections",https://data.sennetconsortium.org/sample?uuid=f7558bbb4846fccf42978804f4e7a450,http://purl.org/ccf/1.5/049f27a1-1e84-4f8a-a47e-48a0879b8652,10,10,10,NayraCardenes,Nayra,Cardenes,,0
https://entity.api.sennetconsortium.org/entities/0addfb50a896024c6ea7ad49c51b9bb1,Tissue Block,"Registered 5/29/2026, Andrew Watts, TMC - University of Pittsburgh","10 x 10 x 10 millimeter, 10 millimeter, 1 Sections",https://data.sennetconsortium.org/sample?uuid=0addfb50a896024c6ea7ad49c51b9bb1,http://purl.org/ccf/1.5/049f27a1-1e84-4f8a-a47e-48a0879b8652,10,10,10,NayraCardenes,Nayra,Cardenes,,0
https://entity.api.sennetconsortium.org/entities/a162908c42e691f5c5df27e6ef7d4de1,Tissue Block,"Registered 5/29/2026, Andrew Watts, TMC - University of Pittsburgh","10 x 10 x 10 millimeter, 2 millimeter, 5 Sections",https://data.sennetconsortium.org/sample?uuid=a162908c42e691f5c5df27e6ef7d4de1,http://purl.org/ccf/1.5/049f27a1-1e84-4f8a-a47e-48a0879b8652,10,10,10,NayraCardenes,Nayra,Cardenes,,0
https://entity.api.sennetconsortium.org/entities/36335f822f950ddcb1de4a876a0c678a,Tissue Block,"Registered 5/29/2026, Andrew Watts, TMC - University of Pittsburgh","10 x 10 x 10 millimeter, 10 millimeter, 1 Sections",https://data.sennetconsortium.org/sample?uuid=36335f822f950ddcb1de4a876a0c678a,http://purl.org/ccf/1.5/049f27a1-1e84-4f8a-a47e-48a0879b8652,10,10,10,NayraCardenes,Nayra,Cardenes,,0
https://entity.api.sennetconsortium.org/entities/67d3c0df5a300edc55a284982e23f672,Tissue Block,"Registered 5/29/2026, Andrew Watts, TMC - University of Pittsburgh","10 x 10 x 10 millimeter, 2.5 millimeter, 4 Sections",https://data.sennetconsortium.org/sample?uuid=67d3c0df5a300edc55a284982e23f672,http://purl.org/ccf/1.5/049f27a1-1e84-4f8a-a47e-48a0879b8652,10,10,10,NayraCardenes,Nayra,Cardenes,,0
https://entity.api.sennetconsortium.org/entities/69d0bc97fa9e9aeac1c6c1822c56ec65,Tissue Block,"Registered 5/29/2026, Andrew Watts, TMC - University of Pittsburgh","10 x 10 x 10 millimeter, 10 millimeter, 1 Sections",https://data.sennetconsortium.org/sample?uuid=69d0bc97fa9e9aeac1c6c1822c56ec65,http://purl.org/ccf/1.5/049f27a1-1e84-4f8a-a47e-48a0879b8652,10,10,10,NayraCardenes,Nayra,Cardenes,,0
https://entity.api.sennetconsortium.org/entities/7522ee098678c81f4e9f6412f85bfa68,Tissue Block,"Registered 5/29/2026, Andrew Watts, TMC - University of Pittsburgh","10 x 10 x 10 millimeter, 5 millimeter, 2 Sections",https://data.sennetconsortium.org/sample?uuid=7522ee098678c81f4e9f6412f85bfa68,http://purl.org/ccf/1.5/049f27a1-1e84-4f8a-a47e-48a0879b8652,10,10,10,NayraCardenes,Nayra,Cardenes,,0
https://entity.api.sennetconsortium.org/entities/b0d255d263bc683df237342ac3352749,Tissue Block,"Registered 5/29/2026, Andrew Watts, TMC - University of Pittsburgh","10 x 10 x 10 millimeter, 10 millimeter, 1 Sections",https://data.sennetconsortium.org/sample?uuid=b0d255d263bc683df237342ac3352749,http://purl.org/ccf/1.5/049f27a1-1e84-4f8a-a47e-48a0879b8652,10,10,10,NayraCardenes,Nayra,Cardenes,,0
https://entity.api.sennetconsortium.org/entities/b55005d4b5d0c084a0ee02ad4a391571,Tissue Block,"Registered 5/29/2026, Andrew Watts, TMC - University of Pittsburgh","10 x 10 x 10 millimeter, 10 millimeter, 1 Sections",https://data.sennetconsortium.org/sample?uuid=b55005d4b5d0c084a0ee02ad4a391571,http://purl.org/ccf/1.5/72bf1a62-eccf-4fdd-9ba4-270410e9a359,10,10,10,NayraCardenes,Nayra,Cardenes,,0
https://entity.api.sennetconsortium.org/entities/01f1d1ab1c38e91fdd9174f91a511e25,Tissue Block,"Registered 5/29/2026, Andrew Watts, TMC - University of Pittsburgh","10 x 10 x 10 millimeter, 10 millimeter, 1 Sections",https://data.sennetconsortium.org/sample?uuid=01f1d1ab1c38e91fdd9174f91a511e25,http://purl.org/ccf/1.5/72bf1a62-eccf-4fdd-9ba4-270410e9a359,10,10,10,NayraCardenes,Nayra,Cardenes,,0
https://entity.api.sennetconsortium.org/entities/577dcb332ed1a05efa261d6a611f4b7f,Tissue Block,"Registered 5/29/2026, Andrew Watts, TMC - University of Pittsburgh","10 x 10 x 10 millimeter, 10 millimeter, 1 Sections",https://data.sennetconsortium.org/sample?uuid=577dcb332ed1a05efa261d6a611f4b7f,http://purl.org/ccf/1.5/72bf1a62-eccf-4fdd-9ba4-270410e9a359,10,10,10,NayraCardenes,Nayra,Cardenes,,0
https://entity.api.sennetconsortium.org/entities/6c418d2204444351c8aff7c1d17d3bd4,Tissue Block,"Registered 5/29/2026, Andrew Watts, TMC - University of Pittsburgh","10 x 10 x 10 millimeter, 10 millimeter, 1 Sections",https://data.sennetconsortium.org/sample?uuid=6c418d2204444351c8aff7c1d17d3bd4,http://purl.org/ccf/1.5/72bf1a62-eccf-4fdd-9ba4-270410e9a359,10,10,10,NayraCardenes,Nayra,Cardenes,,0
https://entity.api.sennetconsortium.org/entities/a32ea4352423396d79de586cf8bc373f,Tissue Block,"Registered 5/29/2026, Andrew Watts, TMC - University of Pittsburgh","10 x 10 x 10 millimeter, 10 millimeter, 1 Sections",https://data.sennetconsortium.org/sample?uuid=a32ea4352423396d79de586cf8bc373f,http://purl.org/ccf/1.5/72bf1a62-eccf-4fdd-9ba4-270410e9a359,10,10,10,NayraCardenes,Nayra,Cardenes,,0
https://entity.api.sennetconsortium.org/entities/0826e4fb0dc1a9292b18f5659da95f93,Tissue Block,"Registered 5/29/2026, Andrew Watts, TMC - University of Pittsburgh","10 x 10 x 10 millimeter, 10 millimeter, 1 Sections",https://data.sennetconsortium.org/sample?uuid=0826e4fb0dc1a9292b18f5659da95f93,http://purl.org/ccf/1.5/72bf1a62-eccf-4fdd-9ba4-270410e9a359,10,10,10,NayraCardenes,Nayra,Cardenes,,0
https://entity.api.sennetconsortium.org/entities/70171a75d6cc5a647c0ea367eb44fc17,Tissue Block,"Registered 5/29/2026, Andrew Watts, TMC - University of Pittsburgh","10 x 10 x 10 millimeter, 10 millimeter, 1 Sections",https://data.sennetconsortium.org/sample?uuid=70171a75d6cc5a647c0ea367eb44fc17,http://purl.org/ccf/1.5/72bf1a62-eccf-4fdd-9ba4-270410e9a359,10,10,10,NayraCardenes,Nayra,Cardenes,,0
https://entity.api.sennetconsortium.org/entities/cad120f078867b7a7c947e5d3180657b,Tissue Block,"Registered 5/29/2026, Andrew Watts, TMC - University of Pittsburgh","10 x 10 x 10 millimeter, 10 millimeter, 1 Sections",https://data.sennetconsortium.org/sample?uuid=cad120f078867b7a7c947e5d3180657b,http://purl.org/ccf/1.5/72bf1a62-eccf-4fdd-9ba4-270410e9a359,10,10,10,NayraCardenes,Nayra,Cardenes,,0
http://dx.doi.org/10.1681/ASN.2016091027#Donor1_TissueBlock1,Tissue Block,"Registered 4/18/2020, Seth Winfree, KPMP-IU/OSU","3.44736 x 7.776000190734863 x 0.07384000149011612 millimeter, 0.07384000149011612 millimeter",http://dx.doi.org/10.1681/ASN.2016091027,http://purl.org/ccf/0.5/bd7a9bea-a726-427a-8360-8a017ef8178d,3.44736,7.776000190734863,0.07384000149011612,Seth Winfree,Seth,Winfree,,0
http://dx.doi.org/10.1681/ASN.2016091027#Donor2_TissueBlock1,Tissue Block,"Registered 4/18/2020, Seth Winfree, KPMP-IU/OSU","1.200130047683716 x 5.423270095367432 x 0.07696000149011611 millimeter, 0.07696000149011611 millimeter",http://dx.doi.org/10.1681/ASN.2016091027,http://purl.org/ccf/0.5/c7362760-04fd-4679-a694-b25592ef0291,1.200130047683716,5.423270095367432,0.07696000149011611,Seth Winfree,Seth,Winfree,,0
http://dx.doi.org/10.1681/ASN.2016091027#Donor3_TissueBlock1,Tissue Block,"Registered 4/18/2020, Seth Winfree, KPMP-IU/OSU","1.08336 x 4.06097 x 0.11280000149011613 millimeter, 0.11280000149011613 millimeter",http://dx.doi.org/10.1016/j.trsl.2017.07.006,http://purl.org/ccf/0.5/59411967-28d2-4955-833e-7f8a8ab75d85,1.08336,4.06097,0.1128000014901161,Seth Winfree,Seth,Winfree,,0
https://api.cellxgene.cziscience.com/dp/v1/collections/367d95c0-0eb0-4dae-8276-9407239421ee#Donor1_TissueBlock2,Tissue Block,"Registered 7/28/2022, Raymond Sanchez, Allen Institute","5 x 5 x 10 millimeter, 10 millimeter",https://www.nature.com/articles/s41586-021-03465-8,http://purl.org/ccf/1.5/5c78be2e-d36c-4994-ae42-a94ccf935988,5,5,10,Raymond Sanchez,Raymond,Sanchez,,0
https://api.cellxgene.cziscience.com/dp/v1/collections/367d95c0-0eb0-4dae-8276-9407239421ee#Donor1_TissueBlock3,Tissue Block,"Registered 7/28/2022, Raymond Sanchez, Allen Institute","5 x 5 x 10 millimeter, 10 millimeter",https://www.nature.com/articles/s41586-021-03465-8,http://purl.org/ccf/1.5/7739f00f-62bc-4852-8d2b-518ae26a9b4a,5,5,10,Raymond Sanchez,Raymond,Sanchez,,0
https://api.cellxgene.cziscience.com/dp/v1/collections/367d95c0-0eb0-4dae-8276-9407239421ee#Donor2_TissueBlock2,Tissue Block,"Registered 7/28/2022, Raymond Sanchez, Allen Institute","5 x 5 x 10 millimeter, 10 millimeter",https://www.nature.com/articles/s41586-021-03465-8,http://purl.org/ccf/1.5/6e0b9e06-b5a5-4f05-ab2c-6146c5d930b3,5,5,10,Raymond Sanchez,Raymond,Sanchez,,0
https://api.cellxgene.cziscience.com/dp/v1/collections/367d95c0-0eb0-4dae-8276-9407239421ee#Donor3_TissueBlock2,Tissue Block,"Registered 7/28/2022, Raymond Sanchez, Allen Institute","20 x 20 x 20 millimeter, 20 millimeter",https://www.nature.com/articles/s41586-021-03465-8,http://purl.org/ccf/1.5/4e24cfc4-bfea-4233-8fa0-d9967e3bdf7d,20,20,20,Raymond Sanchez,Raymond,Sanchez,,0
https://api.cellxgene.cziscience.com/dp/v1/collections/367d95c0-0eb0-4dae-8276-9407239421ee#H18.30.001_Donor_TissueBlock1,Tissue Block,"Registered 7/28/2022, Raymond Sanchez, Allen Institute","5 x 5 x 10 millimeter, 10 millimeter",https://www.nature.com/articles/s41586-021-03465-8,http://purl.org/ccf/1.5/a388eebd-02f8-4a5c-ab8e-62405ce34e99,5,5,10,Raymond Sanchez,Raymond,Sanchez,,0
https://api.cellxgene.cziscience.com/dp/v1/collections/367d95c0-0eb0-4dae-8276-9407239421ee#H18.30.002_Donor_TissueBlock1,Tissue Block,"Registered 7/28/2022, Raymond Sanchez, Allen Institute","5 x 5 x 10 millimeter, 10 millimeter",https://www.nature.com/articles/s41586-021-03465-8,http://purl.org/ccf/1.5/b66043e8-9a0c-4883-93e2-017026659575,5,5,10,Raymond Sanchez,Raymond,Sanchez,,0
https://api.cellxgene.cziscience.com/dp/v1/collections/367d95c0-0eb0-4dae-8276-9407239421ee#H200.1023_Donor_TissueBlock1,Tissue Block,"Registered 7/28/2022, Raymond Sanchez, Allen Institute","10 x 10 x 10 millimeter, 10 millimeter",https://www.nature.com/articles/s41586-021-03465-8,http://purl.org/ccf/1.5/f7500931-e3b6-4aab-bed8-735619fe645e,10,10,10,Raymond Sanchez,Raymond,Sanchez,,0
https://doi.org/10.1016/j.ajpath.2023.01.012#Donor1_TissueBlock1,Tissue Block,"Registered 8/19/2023, Robert Mullins, UIowa","8 x 8 x 0.02 millimeter, 0.02 millimeter",https://doi.org/10.1016/j.ajpath.2023.01.012,http://purl.org/ccf/1.5/713656a8-6de4-4c9c-95a1-3b93d4bcb68a,8,8,0.02,Robert Mullins,Robert,Mullins,,0
https://doi.org/10.1016/j.ajpath.2023.01.012#Donor1_TissueBlock2,Tissue Block,"Registered 8/19/2023, Robert Mullins, UIowa","8 x 8 x 0.02 millimeter, 0.02 millimeter",https://doi.org/10.1016/j.ajpath.2023.01.012,http://purl.org/ccf/1.5/ae578370-ba1b-4787-84e6-3d02f51925fd,8,8,0.02,Robert Mullins,Robert,Mullins,,0
https://doi.org/10.1016/j.ajpath.2023.01.012#Donor2_TissueBlock1,Tissue Block,"Registered 8/19/2023, Robert Mullins, UIowa","8 x 8 x 0.02 millimeter, 0.02 millimeter",https://doi.org/10.1016/j.ajpath.2023.01.012,http://purl.org/ccf/1.5/f07f4f9f-a840-4cfc-b28f-73c79d54994f,8,8,0.02,Robert Mullins,Robert,Mullins,,0
https://doi.org/10.1016/j.ajpath.2023.01.012#Donor2_TissueBlock2,Tissue Block,"Registered 8/19/2023, Robert Mullins, UIowa","8 x 8 x 0.02 millimeter, 0.02 millimeter",https://doi.org/10.1016/j.ajpath.2023.01.012,http://purl.org/ccf/1.5/65e670b9-0e19-4f99-ae53-a35b7905d3e9,8,8,0.02,Robert Mullins,Robert,Mullins,,0
https://doi.org/10.1016/j.ajpath.2023.01.012#Donor3_TissueBlock1,Tissue Block,"Registered 8/19/2023, Robert Mullins, UIowa","8 x 8 x 0.02 millimeter, 0.02 millimeter",https://doi.org/10.1016/j.ajpath.2023.01.012,http://purl.org/ccf/1.5/aed87a98-9e42-49bc-8afc-4a5c3f24008d,8,8,0.02,Robert Mullins,Robert,Mullins,,0
https://doi.org/10.1016/j.ajpath.2023.01.012#Donor4_TissueBlock1,Tissue Block,"Registered 8/19/2023, Robert Mullins, UIowa","8 x 8 x 0.02 millimeter, 0.02 millimeter",https://doi.org/10.1016/j.ajpath.2023.01.012,http://purl.org/ccf/1.5/aed87a98-9e42-49bc-8afc-4a5c3f24008d,8,8,0.02,Robert Mullins,Robert,Mullins,,0
https://doi.org/10.1016/j.ajpath.2023.01.012#Donor3_TissueBlock2,Tissue Block,"Registered 8/19/2023, Robert Mullins, UIowa","8 x 8 x 0.02 millimeter, 0.02 millimeter",https://doi.org/10.1016/j.ajpath.2023.01.012,http://purl.org/ccf/1.5/8dfe6424-9e75-4aef-aa47-f56f9ebb45cf,8,8,0.02,Robert Mullins,Robert,Mullins,,0
https://doi.org/10.1016/j.ajpath.2023.01.012#Donor4_TissueBlock2,Tissue Block,"Registered 8/19/2023, Robert Mullins, UIowa","8 x 8 x 0.02 millimeter, 0.02 millimeter",https://doi.org/10.1016/j.ajpath.2023.01.012,http://purl.org/ccf/1.5/8dfe6424-9e75-4aef-aa47-f56f9ebb45cf,8,8,0.02,Robert Mullins,Robert,Mullins,,0
https://doi.org/10.1073/pnas.1914143116#Donor1_TissueBlock1,Tissue Block,"Registered 5/27/2023, Robert Mullins, UIowa","10 x 10 x 1 millimeter, 1 millimeter",https://doi.org/10.1073/pnas.1914143116,http://purl.org/ccf/1.5/5496b6a1-8e0a-4592-b5c8-53cc77e7efa9,10,10,1,Robert Mullins,Robert,Mullins,,0
https://doi.org/10.1073/pnas.1914143116#Donor7_TissueBlock1,Tissue Block,"Registered 5/27/2023, Robert Mullins, UIowa","10 x 10 x 1 millimeter, 1 millimeter",https://doi.org/10.1073/pnas.1914143116,http://purl.org/ccf/1.5/5496b6a1-8e0a-4592-b5c8-53cc77e7efa9,10,10,1,Robert Mullins,Robert,Mullins,,0
https://doi.org/10.1073/pnas.1914143116#Donor1_TissueBlock2,Tissue Block,"Registered 5/27/2023, Robert Mullins, UIowa","10 x 10 x 1 millimeter, 1 millimeter",https://doi.org/10.1073/pnas.1914143116,http://purl.org/ccf/1.5/912d7c86-4844-459b-8b23-85e627acc2bc,10,10,1,Robert Mullins,Robert,Mullins,,0
https://doi.org/10.1073/pnas.1914143116#Donor7_TissueBlock2,Tissue Block,"Registered 5/27/2023, Robert Mullins, UIowa","10 x 10 x 1 millimeter, 1 millimeter",https://doi.org/10.1073/pnas.1914143116,http://purl.org/ccf/1.5/912d7c86-4844-459b-8b23-85e627acc2bc,10,10,1,Robert Mullins,Robert,Mullins,,0
https://doi.org/10.1073/pnas.1914143116#Donor2_TissueBlock1,Tissue Block,"Registered 5/27/2023, Robert Mullins, UIowa","10 x 10 x 1 millimeter, 1 millimeter",https://doi.org/10.1073/pnas.1914143116,http://purl.org/ccf/1.5/e111e6d5-d39a-4e22-9632-61fdc6651955,10,10,1,Robert Mullins,Robert,Mullins,,0
https://doi.org/10.1073/pnas.1914143116#Donor4_TissueBlock1,Tissue Block,"Registered 5/27/2023, Robert Mullins, UIowa","10 x 10 x 1 millimeter, 1 millimeter",https://doi.org/10.1073/pnas.1914143116,http://purl.org/ccf/1.5/e111e6d5-d39a-4e22-9632-61fdc6651955,10,10,1,Robert Mullins,Robert,Mullins,,0
https://doi.org/10.1073/pnas.1914143116#Donor2_TissueBlock2,Tissue Block,"Registered 5/27/2023, Robert Mullins, UIowa","10 x 10 x 1 millimeter, 1 millimeter",https://doi.org/10.1073/pnas.1914143116,http://purl.org/ccf/1.5/1367793a-0321-42c2-9437-6e4eff3d3d1b,10,10,1,Robert Mullins,Robert,Mullins,,0
https://doi.org/10.1073/pnas.1914143116#Donor4_TissueBlock2,Tissue Block,"Registered 5/27/2023, Robert Mullins, UIowa","10 x 10 x 1 millimeter, 1 millimeter",https://doi.org/10.1073/pnas.1914143116,http://purl.org/ccf/1.5/1367793a-0321-42c2-9437-6e4eff3d3d1b,10,10,1,Robert Mullins,Robert,Mullins,,0
https://doi.org/10.1073/pnas.1914143116#Donor3_TissueBlock1,Tissue Block,"Registered 5/27/2023, Robert Mullins, UIowa","10 x 10 x 1 millimeter, 1 millimeter",https://doi.org/10.1073/pnas.1914143116,http://purl.org/ccf/1.5/748100c1-36bc-4ffa-9ba0-6edbbb62845c,10,10,1,Robert Mullins,Robert,Mullins,,0
https://doi.org/10.1073/pnas.1914143116#Donor5_TissueBlock1,Tissue Block,"Registered 5/27/2023, Robert Mullins, UIowa","10 x 10 x 1 millimeter, 1 millimeter",https://doi.org/10.1073/pnas.1914143116,http://purl.org/ccf/1.5/748100c1-36bc-4ffa-9ba0-6edbbb62845c,10,10,1,Robert Mullins,Robert,Mullins,,0
https://doi.org/10.1073/pnas.1914143116#Donor3_TissueBlock2,Tissue Block,"Registered 5/21/2023, Robert Mullins, UIowa","10 x 10 x 1 millimeter, 1 millimeter",https://doi.org/10.1073/pnas.1914143116,http://purl.org/ccf/1.5/7cac826a-29e7-4543-b7e1-27c4d49910ef,10,10,1,Robert Mullins,Robert,Mullins,,0
https://doi.org/10.1073/pnas.1914143116#Donor5_TissueBlock2,Tissue Block,"Registered 5/21/2023, Robert Mullins, UIowa","10 x 10 x 1 millimeter, 1 millimeter",https://doi.org/10.1073/pnas.1914143116,http://purl.org/ccf/1.5/7cac826a-29e7-4543-b7e1-27c4d49910ef,10,10,1,Robert Mullins,Robert,Mullins,,0
https://doi.org/10.1073/pnas.1914143116#Donor6_TissueBlock1,Tissue Block,"Registered 5/27/2023, Robert Mullins, UIowa","10 x 10 x 1 millimeter, 1 millimeter",https://doi.org/10.1073/pnas.1914143116,http://purl.org/ccf/1.5/495b3b01-4a22-4ebc-b0a6-7d009e8a744b,10,10,1,Robert Mullins,Robert,Mullins,,0
https://doi.org/10.1073/pnas.1914143116#Donor6_TissueBlock2,Tissue Block,"Registered 5/27/2023, Robert Mullins, UIowa","10 x 10 x 1 millimeter, 1 millimeter",https://doi.org/10.1073/pnas.1914143116,http://purl.org/ccf/1.5/b9d5a47f-1107-41db-9a5d-8ff23801cc5e,10,10,1,Robert Mullins,Robert,Mullins,,0
https://doi.org/10.1093/hmg/ddac043#Donor1_TissueBlock1,Tissue Block,"Registered 8/19/2023, Robert Mullins, UIowa","12 x 12 x 0.2 millimeter, 0.2 millimeter",https://doi.org/10.1093/hmg/ddac043,http://purl.org/ccf/1.5/64c75c68-9566-45f8-8351-534ad00498e4,12,12,0.2,Robert Mullins,Robert,Mullins,,0
https://doi.org/10.1093/hmg/ddac043#Donor14_TissueBlock1,Tissue Block,"Registered 8/19/2023, Robert Mullins, UIowa","12 x 12 x 0.2 millimeter, 0.2 millimeter",https://doi.org/10.1093/hmg/ddac043,http://purl.org/ccf/1.5/64c75c68-9566-45f8-8351-534ad00498e4,12,12,0.2,Robert Mullins,Robert,Mullins,,0
https://doi.org/10.1093/hmg/ddac043#Donor17_TissueBlock1,Tissue Block,"Registered 8/19/2023, Robert Mullins, UIowa","12 x 12 x 0.2 millimeter, 0.2 millimeter",https://doi.org/10.1093/hmg/ddac043,http://purl.org/ccf/1.5/64c75c68-9566-45f8-8351-534ad00498e4,12,12,0.2,Robert Mullins,Robert,Mullins,,0
https://doi.org/10.1093/hmg/ddac043#Donor20_TissueBlock1,Tissue Block,"Registered 8/19/2023, Robert Mullins, UIowa","12 x 12 x 0.2 millimeter, 0.2 millimeter",https://doi.org/10.1093/hmg/ddac043,http://purl.org/ccf/1.5/64c75c68-9566-45f8-8351-534ad00498e4,12,12,0.2,Robert Mullins,Robert,Mullins,,0
https://doi.org/10.1093/hmg/ddac043#Donor21_TissueBlock1,Tissue Block,"Registered 8/19/2023, Robert Mullins, UIowa","12 x 12 x 0.2 millimeter, 0.2 millimeter",https://doi.org/10.1093/hmg/ddac043,http://purl.org/ccf/1.5/64c75c68-9566-45f8-8351-534ad00498e4,12,12,0.2,Robert Mullins,Robert,Mullins,,0
https://doi.org/10.1093/hmg/ddac043#Donor6_TissueBlock1,Tissue Block,"Registered 8/19/2023, Robert Mullins, UIowa","12 x 12 x 0.2 millimeter, 0.2 millimeter",https://doi.org/10.1093/hmg/ddac043,http://purl.org/ccf/1.5/64c75c68-9566-45f8-8351-534ad00498e4,12,12,0.2,Robert Mullins,Robert,Mullins,,0
https://doi.org/10.1093/hmg/ddac043#Donor8_TissueBlock1,Tissue Block,"Registered 8/19/2023, Robert Mullins, UIowa","12 x 12 x 0.2 millimeter, 0.2 millimeter",https://doi.org/10.1093/hmg/ddac043,http://purl.org/ccf/1.5/64c75c68-9566-45f8-8351-534ad00498e4,12,12,0.2,Robert Mullins,Robert,Mullins,,0
https://doi.org/10.1093/hmg/ddac043#Donor10_TissueBlock1,Tissue Block,"Registered 8/19/2023, Robert Mullins, UIowa","12 x 12 x 0.2 millimeter, 0.2 millimeter",https://doi.org/10.1093/hmg/ddac043,http://purl.org/ccf/1.5/5665268f-2b39-4e60-a9ca-0fc0afb09bde,12,12,0.2,Robert Mullins,Robert,Mullins,,0
https://doi.org/10.1093/hmg/ddac043#Donor16_TissueBlock1,Tissue Block,"Registered 8/19/2023, Robert Mullins, UIowa","12 x 12 x 0.2 millimeter, 0.2 millimeter",https://doi.org/10.1093/hmg/ddac043,http://purl.org/ccf/1.5/5665268f-2b39-4e60-a9ca-0fc0afb09bde,12,12,0.2,Robert Mullins,Robert,Mullins,,0
https://doi.org/10.1093/hmg/ddac043#Donor2_TissueBlock1,Tissue Block,"Registered 8/19/2023, Robert Mullins, UIowa","12 x 12 x 0.2 millimeter, 0.2 millimeter",https://doi.org/10.1093/hmg/ddac043,http://purl.org/ccf/1.5/5665268f-2b39-4e60-a9ca-0fc0afb09bde,12,12,0.2,Robert Mullins,Robert,Mullins,,0
https://doi.org/10.1093/hmg/ddac043#Donor5_TissueBlock1,Tissue Block,"Registered 8/19/2023, Robert Mullins, UIowa","12 x 12 x 0.2 millimeter, 0.2 millimeter",https://doi.org/10.1093/hmg/ddac043,http://purl.org/ccf/1.5/5665268f-2b39-4e60-a9ca-0fc0afb09bde,12,12,0.2,Robert Mullins,Robert,Mullins,,0
https://doi.org/10.1093/hmg/ddac043#Donor11_TissueBlock1,Tissue Block,"Registered 8/19/2023, Robert Mullins, UIowa","12 x 12 x 0.2 millimeter, 0.2 millimeter",https://doi.org/10.1093/hmg/ddac043,http://purl.org/ccf/1.5/030d776e-e5d5-44db-995f-4f032f48f0af,12,12,0.2,Robert Mullins,Robert,Mullins,,0
https://doi.org/10.1093/hmg/ddac043#Donor19_TissueBlock1,Tissue Block,"Registered 8/19/2023, Robert Mullins, UIowa","12 x 12 x 0.2 millimeter, 0.2 millimeter",https://doi.org/10.1093/hmg/ddac043,http://purl.org/ccf/1.5/030d776e-e5d5-44db-995f-4f032f48f0af,12,12,0.2,Robert Mullins,Robert,Mullins,,0
https://doi.org/10.1093/hmg/ddac043#Donor4_TissueBlock1,Tissue Block,"Registered 8/19/2023, Robert Mullins, UIowa","12 x 12 x 0.2 millimeter, 0.2 millimeter",https://doi.org/10.1093/hmg/ddac043,http://purl.org/ccf/1.5/030d776e-e5d5-44db-995f-4f032f48f0af,12,12,0.2,Robert Mullins,Robert,Mullins,,0
https://doi.org/10.1093/hmg/ddac043#Donor12_TissueBlock1,Tissue Block,"Registered 8/19/2023, Robert Mullins, UIowa","12 x 12 x 0.2 millimeter, 0.2 millimeter",https://doi.org/10.1093/hmg/ddac043,http://purl.org/ccf/1.5/56746d60-91a7-4e38-84be-695de185dc83,12,12,0.2,Robert Mullins,Robert,Mullins,,0
https://doi.org/10.1093/hmg/ddac043#Donor13_TissueBlock1,Tissue Block,"Registered 8/19/2023, Robert Mullins, UIowa","12 x 12 x 0.2 millimeter, 0.2 millimeter",https://doi.org/10.1093/hmg/ddac043,http://purl.org/ccf/1.5/56746d60-91a7-4e38-84be-695de185dc83,12,12,0.2,Robert Mullins,Robert,Mullins,,0
https://doi.org/10.1093/hmg/ddac043#Donor15_TissueBlock1,Tissue Block,"Registered 8/19/2023, Robert Mullins, UIowa","12 x 12 x 0.2 millimeter, 0.2 millimeter",https://doi.org/10.1093/hmg/ddac043,http://purl.org/ccf/1.5/56746d60-91a7-4e38-84be-695de185dc83,12,12,0.2,Robert Mullins,Robert,Mullins,,0
https://doi.org/10.1093/hmg/ddac043#Donor18_TissueBlock1,Tissue Block,"Registered 8/19/2023, Robert Mullins, UIowa","12 x 12 x 0.2 millimeter, 0.2 millimeter",https://doi.org/10.1093/hmg/ddac043,http://purl.org/ccf/1.5/56746d60-91a7-4e38-84be-695de185dc83,12,12,0.2,Robert Mullins,Robert,Mullins,,0
https://doi.org/10.1093/hmg/ddac043#Donor3_TissueBlock1,Tissue Block,"Registered 8/19/2023, Robert Mullins, UIowa","12 x 12 x 0.2 millimeter, 0.2 millimeter",https://doi.org/10.1093/hmg/ddac043,http://purl.org/ccf/1.5/56746d60-91a7-4e38-84be-695de185dc83,12,12,0.2,Robert Mullins,Robert,Mullins,,0
https://doi.org/10.1093/hmg/ddac043#Donor7_TissueBlock1,Tissue Block,"Registered 8/19/2023, Robert Mullins, UIowa","12 x 12 x 0.2 millimeter, 0.2 millimeter",https://doi.org/10.1093/hmg/ddac043,http://purl.org/ccf/1.5/56746d60-91a7-4e38-84be-695de185dc83,12,12,0.2,Robert Mullins,Robert,Mullins,,0
https://doi.org/10.1093/hmg/ddac043#Donor9_TissueBlock1,Tissue Block,"Registered 8/19/2023, Robert Mullins, UIowa","12 x 12 x 0.2 millimeter, 0.2 millimeter",https://doi.org/10.1093/hmg/ddac043,http://purl.org/ccf/1.5/56746d60-91a7-4e38-84be-695de185dc83,12,12,0.2,Robert Mullins,Robert,Mullins,,0
https://api.cellxgene.cziscience.com/dp/v1/collections/367d95c0-0eb0-4dae-8276-9407239421ee#Donor5_TissueBlock2,Tissue Block,"Registered 7/28/2022, Raymond Sanchez, Allen Institute","20 x 20 x 10 millimeter, 10 millimeter",https://www.nature.com/articles/s41586-021-03465-8,http://purl.org/ccf/1.5/1a3fb7c9-f6ca-45fc-aa1a-d1b9e1a53da0,20,20,10,Raymond Sanchez,Raymond,Sanchez,,0
https://doi.org/10.1101/2024.12.01.626279#ID_1_TissueBlock1,Tissue Block,"Registered 9/30/2025, Bruno Matuck, VCU","1 x 1 x 1 millimeter, 1 millimeter",https://www.biorxiv.org/content/10.1101/2024.12.01.626279v2.abstract,http://purl.org/ccf/1.5/497186ab-6a8c-4897-a898-e40bdebf9234,1,1,1,Bruno Matuck,Bruno,Matuck,,0
https://doi.org/10.1101/2024.12.01.626279#ID_10_TissueBlock1,Tissue Block,"Registered 9/30/2025, Bruno Matuck, VCU","4 x 3 x 3 millimeter, 3 millimeter",https://www.biorxiv.org/content/10.1101/2024.12.01.626279v2.abstract,http://purl.org/ccf/1.5/a0df8112-e478-4317-9679-7862753cf636,4,3,3,Bruno Matuck,Bruno,Matuck,,0
https://doi.org/10.1101/2024.12.01.626279#ID_43_TissueBlock1,Tissue Block,"Registered 9/30/2025, Bruno Matuck, VCU","5 x 1.2 x 5 millimeter, 5 millimeter",https://www.biorxiv.org/content/10.1101/2024.12.01.626279v2.abstract,http://purl.org/ccf/1.5/52901ae8-f538-4ba6-bb39-53c39cec4e14,5,1.2,5,Bruno Matuck,Bruno,Matuck,,0
https://doi.org/10.1101/2024.12.01.626279#ID_44_TissueBlock1,Tissue Block,"Registered 9/30/2025, Bruno Matuck, VCU","7 x 1.2 x 9 millimeter, 9 millimeter",https://www.biorxiv.org/content/10.1101/2024.12.01.626279v2.abstract,http://purl.org/ccf/1.5/c85fc01c-9687-4d88-bd37-be61146bf401,7,1.2,9,Bruno Matuck,Bruno,Matuck,,0
https://doi.org/10.1101/2024.12.01.626279#ID_5_TissueBlock1,Tissue Block,"Registered 9/30/2025, Bruno Matuck, VCU","1 x 1 x 1 millimeter, 1 millimeter",https://www.biorxiv.org/content/10.1101/2024.12.01.626279v2.abstract,http://purl.org/ccf/1.5/81321937-76d5-4eee-95ae-eb1c3afde5c7,1,1,1,Bruno Matuck,Bruno,Matuck,,0
https://doi.org/10.1101/2024.12.01.626279#ID_53_TissueBlock1,Tissue Block,"Registered 9/30/2025, Bruno Matuck, VCU","4 x 5 x 5 millimeter, 5 millimeter",https://www.biorxiv.org/content/10.1101/2024.12.01.626279v2.abstract,http://purl.org/ccf/1.5/eede5303-f637-4374-a1e7-90da493ddf14,4,5,5,Bruno Matuck,Bruno,Matuck,,0
https://doi.org/10.1101/2024.12.01.626279#ID_54_TissueBlock1,Tissue Block,"Registered 9/30/2025, Bruno Matuck, VCU","4 x 4 x 4 millimeter, 4 millimeter",https://www.biorxiv.org/content/10.1101/2024.12.01.626279v2.abstract,http://purl.org/ccf/1.5/8e62eae8-e790-42a7-b724-842e404d294f,4,4,4,Bruno Matuck,Bruno,Matuck,,0
https://doi.org/10.1101/2024.12.01.626279#ID_55_TissueBlock1,Tissue Block,"Registered 9/30/2025, Bruno Matuck, VCU","3 x 3 x 3 millimeter, 3 millimeter",https://www.biorxiv.org/content/10.1101/2024.12.01.626279v2.abstract,http://purl.org/ccf/1.5/5cf25175-9eb0-4575-9680-b618e06c48d9,3,3,3,Bruno Matuck,Bruno,Matuck,,0
https://doi.org/10.1101/2024.12.01.626279#ID_56_TissueBlock1,Tissue Block,"Registered 9/30/2025, Bruno Matuck, VCU","6 x 4 x 3 millimeter, 3 millimeter",https://www.biorxiv.org/content/10.1101/2024.12.01.626279v2.abstract,http://purl.org/ccf/1.5/9ba72e3d-005d-4c99-a376-144e8e554c73,6,4,3,Bruno Matuck,Bruno,Matuck,,0
https://doi.org/10.1101/2024.12.01.626279#ID_6_TissueBlock1,Tissue Block,"Registered 9/30/2025, Bruno Matuck, VCU","2 x 2 x 2 millimeter, 2 millimeter",https://www.biorxiv.org/content/10.1101/2024.12.01.626279v2.abstract,http://purl.org/ccf/1.5/4928d3e1-a3d3-473e-a838-a185322d1249,2,2,2,Bruno Matuck,Bruno,Matuck,,0
https://doi.org/10.1101/2024.12.01.626279#ID_62_TissueBlock1,Tissue Block,"Registered 9/30/2025, Bruno Matuck, VCU","4 x 6 x 6 millimeter, 6 millimeter",https://www.biorxiv.org/content/10.1101/2024.12.01.626279v2.abstract,http://purl.org/ccf/1.5/7d154448-e19b-4494-8876-aad2fdd3cb50,4,6,6,Bruno Matuck,Bruno,Matuck,,0
https://doi.org/10.1101/2024.12.01.626279#ID_8_TissueBlock1,Tissue Block,"Registered 9/30/2025, Bruno Matuck, VCU","2 x 2 x 2 millimeter, 2 millimeter",https://www.biorxiv.org/content/10.1101/2024.12.01.626279v2.abstract,http://purl.org/ccf/1.5/9ac7b361-d54a-496d-aca6-12e4e2908c97,2,2,2,Bruno Matuck,Bruno,Matuck,,0
https://doi.org/10.1101/2024.12.01.626279#ID_9_TissueBlock1,Tissue Block,"Registered 9/30/2025, Bruno Matuck, VCU","2 x 2 x 2 millimeter, 2 millimeter",https://www.biorxiv.org/content/10.1101/2024.12.01.626279v2.abstract,http://purl.org/ccf/1.5/0cf3081d-b47d-4aa2-a6ce-9a399e88e84a,2,2,2,Bruno Matuck,Bruno,Matuck,,0
https://entity.api.hubmapconsortium.org/entities/580822997e338060aa922e195b43e8c4,Tissue Block,"Registered 4/24/2026, Jing Chen, TMC - Pacific Northwest National Laboratory","13 x 13 x 5 millimeter, 5 millimeter, 1 Sections",https://portal.hubmapconsortium.org/browse/sample/580822997e338060aa922e195b43e8c4,http://purl.org/ccf/1.5/6559aa8f-09f5-492a-b206-e17820e379bd,13,13,5,Jing Chen,Jing,Chen,,0
https://entity.api.hubmapconsortium.org/entities/03044a4aca2fef3666434544955a37d4,Tissue Block,"Registered 2/11/2026, C. NORDGREN, TMC - University of Pennsylvania","3.389101465153414 x 8.587326219763884 x 26.15902756069063 millimeter, 13.1 millimeter, 2 Sections",https://portal.hubmapconsortium.org/browse/sample/03044a4aca2fef3666434544955a37d4,http://purl.org/ccf/1.5/5ee24801-3ef2-4f72-8ffe-2963f6e68e3a,3.389101465153414,8.587326219763884,26.15902756069063,Antara Bhavsar,Antara,Bhavsar,,0
https://entity.api.hubmapconsortium.org/entities/03947098fe5b5ec44d67ec9d65a391d5,Tissue Block,"Registered 10/25/2021, Dana L Jackson, TMC-CalTech","10 x 10 x 10 millimeter, 10 millimeter, 0 Sections",https://portal.hubmapconsortium.org/browse/sample/03947098fe5b5ec44d67ec9d65a391d5,http://purl.org/ccf/1.5/ce5f3bd0-f091-49fe-8fe5-67004848078b,10,10,10,Andreas Bueckle,Andreas,Bueckle,,0
https://entity.api.hubmapconsortium.org/entities/042c6334e6b47083cf871bd5802bd460,Tissue Block,"Registered 10/25/2021, Dana L Jackson, TMC-CalTech","10 x 16 x 10 millimeter, 10 millimeter, 0 Sections",https://portal.hubmapconsortium.org/browse/sample/042c6334e6b47083cf871bd5802bd460,http://purl.org/ccf/1.5/118235b7-38a4-4fcf-8834-bad5765f5eeb,10,16,10,Andreas Bueckle,Andreas,Bueckle,,0
https://entity.api.hubmapconsortium.org/entities/0a558711c6b9d5b9029717d722a2c31c,Tissue Block,"Registered 9/23/2022, Diane Salamon, TMC-UCSD","4 x 6 x 2 millimeter, 2 millimeter, 0 Sections",https://portal.hubmapconsortium.org/browse/sample/0a558711c6b9d5b9029717d722a2c31c,http://purl.org/ccf/1.5/df0b33f7-371a-47a4-a636-a27db19bdbc9,4,6,2,Amanda Knoten,Amanda,Knoten,,0
https://entity.api.hubmapconsortium.org/entities/1176b219b9ca81e0c5adef05ce695302,Tissue Block,"Registered 9/10/2021, Liz McDonough, RTI-General Electric","23 x 14 x 11 millimeter, 0.4 millimeter, 26 Sections",https://portal.hubmapconsortium.org/browse/sample/1176b219b9ca81e0c5adef05ce695302,http://purl.org/ccf/1.5/eb92e0e2-838b-4689-b13c-07c3ce31eaf0,23,14,11,Andreas  Bueckle,"Andreas ",Bueckle,,0
https://entity.api.hubmapconsortium.org/entities/11d12841fc67eca6f72b0f8fccb28973,Tissue Block,"Registered 2/11/2026, C. NORDGREN, TMC - University of Pennsylvania","3.389101465153414 x 8.587326219763884 x 26.15902756069063 millimeter, 13.1 millimeter, 2 Sections",https://portal.hubmapconsortium.org/browse/sample/11d12841fc67eca6f72b0f8fccb28973,http://purl.org/ccf/1.5/74c16724-b966-4099-9f5f-79163ab9769d,3.389101465153414,8.587326219763884,26.15902756069063,Antara Bhavsar,Antara,Bhavsar,,0
https://entity.api.hubmapconsortium.org/entities/221340e997dc0f2bf94e735098b148fe,Tissue Block,"Registered 6/8/2022, Diane Salamon, TMC-UCSD","2 x 2 x 2 millimeter, 2 millimeter, 1 Sections",https://portal.hubmapconsortium.org/browse/sample/221340e997dc0f2bf94e735098b148fe,http://purl.org/ccf/1.5/70ad7ae6-c9af-4975-98e2-98c249e36ddd,2,2,2,Amanda  Knoten,"Amanda ",Knoten,,0
https://entity.api.hubmapconsortium.org/entities/2256c64aacd92af7028ffb33e478cf46,Tissue Block,"Registered 10/3/2021, Diane Salamon, TMC-UCSD","3 x 12 x 2 millimeter, 0.7 millimeter, 3 Sections",https://portal.hubmapconsortium.org/browse/sample/2256c64aacd92af7028ffb33e478cf46,http://purl.org/ccf/1.5/fd380a0c-2915-4d73-b3f4-d161badbaccb,3,12,2,Amanda  Knoten,"Amanda ",Knoten,,0
https://entity.api.hubmapconsortium.org/entities/246fbf3be933fe44babc35dbe0335fdd,Tissue Block,"Registered 4/24/2026, Jing Chen, TMC - Pacific Northwest National Laboratory","15.994804998908736 x 25.84083420042646 x 38.59581891053309 millimeter, 19.3 millimeter, 2 Sections",https://portal.hubmapconsortium.org/browse/sample/246fbf3be933fe44babc35dbe0335fdd,http://purl.org/ccf/1.5/91a16168-5cc0-46a3-be68-13568167a290,15.99480499890874,25.84083420042646,38.59581891053309,Antara Bhavsar,Antara,Bhavsar,,0
https://entity.api.hubmapconsortium.org/entities/263854e0346766efa516bd69bfc1e035,Tissue Block,"Registered 9/23/2022, Diane Salamon, TMC-UCSD","3 x 12 x 2 millimeter, 2 millimeter, 1 Sections",https://portal.hubmapconsortium.org/browse/sample/263854e0346766efa516bd69bfc1e035,http://purl.org/ccf/1.5/cb68d9a5-9884-4eef-afe8-e087cac7bf54,3,12,2,Amanda  Knoten,"Amanda ",Knoten,,0
https://entity.api.hubmapconsortium.org/entities/27d32c5c8e5af5bef285fa773beee5b6,Tissue Block,"Registered 9/10/2021, Liz McDonough, RTI-General Electric","30 x 13 x 7 millimeter, 0.3 millimeter, 26 Sections",https://portal.hubmapconsortium.org/browse/sample/27d32c5c8e5af5bef285fa773beee5b6,http://purl.org/ccf/1.5/9e77a7b5-e7e8-48e1-a30e-01eeaa300ed8,30,13,7,Andreas Bueckle,Andreas,Bueckle,,0
https://entity.api.hubmapconsortium.org/entities/2838f8c587f4c4ff07649c443c4c934a,Tissue Block,"Registered 2/11/2026, C. NORDGREN, TMC - University of Pennsylvania","5.336592220479372 x 9.992091406880881 x 29.501729334494804 millimeter, 14.8 millimeter, 2 Sections",https://portal.hubmapconsortium.org/browse/sample/2838f8c587f4c4ff07649c443c4c934a,http://purl.org/ccf/1.5/5bd967b2-d613-46c9-b426-69ba3cac8e23,5.336592220479372,9.992091406880881,29.5017293344948,Antara Bhavsar,Antara,Bhavsar,,0
https://entity.api.hubmapconsortium.org/entities/28841e914e2c6bcde538190f6e5e0f00,Tissue Block,"Registered 2/11/2026, C. NORDGREN, TMC - University of Pennsylvania","2.3412711099880714 x 4.778269008896552 x 9.695632114567433 millimeter, 4.8 millimeter, 2 Sections",https://portal.hubmapconsortium.org/browse/sample/28841e914e2c6bcde538190f6e5e0f00,http://purl.org/ccf/1.5/8db61977-6cbd-45af-b3b5-f3126347f777,2.341271109988071,4.778269008896552,9.695632114567433,Antara Bhavsar,Antara,Bhavsar,,0
https://entity.api.hubmapconsortium.org/entities/2c43806e840ffc9861abadf827c292fc,Tissue Block,"Registered 9/23/2022, Diane Salamon, TMC-UCSD","3 x 2 x 2 millimeter, 2 millimeter, 1 Sections",https://portal.hubmapconsortium.org/browse/sample/2c43806e840ffc9861abadf827c292fc,http://purl.org/ccf/1.5/db35f27d-313f-4dd6-819b-375cf106aac1,3,2,2,Amanda Knoten,Amanda,Knoten,,0
https://entity.api.hubmapconsortium.org/entities/2e398e91f1336b6701a851e44859faa9,Tissue Block,"Registered 5/29/2024, Amanda Knoten, TMC-UCSD","5 x 5 x 5 millimeter, 5 millimeter, 1 Sections",https://portal.hubmapconsortium.org/browse/sample/2e398e91f1336b6701a851e44859faa9,http://purl.org/ccf/1.5/e43280c9-840b-481f-a8a6-90114c2c5cc9,5,5,5,Amanda Knoten,Amanda,Knoten,,0
https://entity.api.hubmapconsortium.org/entities/3b4fda75a1185356b6c85965a4b61530,Tissue Block,"Registered 10/25/2021, Dana L Jackson, TMC-CalTech","10 x 10 x 18 millimeter, 18 millimeter, 0 Sections",https://portal.hubmapconsortium.org/browse/sample/3b4fda75a1185356b6c85965a4b61530,http://purl.org/ccf/1.5/de8bd0bf-7765-44c4-9d22-5ff5c0586816,10,10,18,Andreas Bueckle,Andreas,Bueckle,,0
https://entity.api.hubmapconsortium.org/entities/3d74b962e316efbfba104370f5c87e2d,Tissue Block,"Registered 10/3/2021, Diane Salamon, TMC-UCSD","1 x 5 x 2 millimeter, 1 millimeter, 2 Sections",https://portal.hubmapconsortium.org/browse/sample/3d74b962e316efbfba104370f5c87e2d,http://purl.org/ccf/1.5/26edd761-8b50-453c-9b03-2337806c9e3a,1,5,2,Amanda  Knoten,"Amanda ",Knoten,,0
https://entity.api.hubmapconsortium.org/entities/41e6526c796c3d2a975b28349b6c923e,Tissue Block,"Registered 6/8/2022, Diane Salamon, TMC-UCSD","2 x 3 x 2 millimeter, 2 millimeter, 1 Sections",https://portal.hubmapconsortium.org/browse/sample/41e6526c796c3d2a975b28349b6c923e,http://purl.org/ccf/1.5/731ade72-cdb7-4262-8be1-859396820dfd,2,3,2,Amanda  Knoten,"Amanda ",Knoten,,0
https://entity.api.hubmapconsortium.org/entities/48f6151229623b1ff7d15e4fb841deb6,Tissue Block,"Registered 4/24/2026, Jing Chen, TMC - Pacific Northwest National Laboratory","8.54471968599306 x 21.530068509228528 x 36.708617942825576 millimeter, 36.7 millimeter, 1 Sections",https://portal.hubmapconsortium.org/browse/sample/48f6151229623b1ff7d15e4fb841deb6,http://purl.org/ccf/1.5/27331203-78d3-4d56-87d4-70f8d634cc02,8.54471968599306,21.53006850922853,36.70861794282558,Antara Bhavsar,Antara,Bhavsar,,0
https://entity.api.hubmapconsortium.org/entities/4aef7a78f4290e812eae82a58b141edc,Tissue Block,"Registered 4/24/2026, Jing Chen, TMC - Pacific Northwest National Laboratory","3.3711893115261904 x 11.69205486711824 x 21.019678658504287 millimeter, 21 millimeter, 1 Sections",https://portal.hubmapconsortium.org/browse/sample/4aef7a78f4290e812eae82a58b141edc,http://purl.org/ccf/1.5/75dfc73a-b57b-40b8-aa1f-bb456bf7714b,3.37118931152619,11.69205486711824,21.01967865850429,Antara Bhavsar,Antara,Bhavsar,,0
https://entity.api.hubmapconsortium.org/entities/5237977f3eebca44d6222425bfdf1276,Tissue Block,"Registered 2/11/2026, C. NORDGREN, TMC - University of Pennsylvania","0.7262824612687263 x 3.8721673131660896 x 7.463564826877669 millimeter, 3.7 millimeter, 2 Sections",https://portal.hubmapconsortium.org/browse/sample/5237977f3eebca44d6222425bfdf1276,http://purl.org/ccf/1.5/109de3b7-c66a-4b7e-81ed-c2f7a60147db,0.7262824612687263,3.87216731316609,7.463564826877669,Antara Bhavsar,Antara,Bhavsar,,0
https://entity.api.hubmapconsortium.org/entities/555c2eabb62d8c3d38770f6e1f9fd7e8,Tissue Block,"Registered 10/25/2021, Dana L Jackson, TMC-CalTech","16 x 16 x 16 millimeter, 16 millimeter, 0 Sections",https://portal.hubmapconsortium.org/browse/sample/555c2eabb62d8c3d38770f6e1f9fd7e8,http://purl.org/ccf/1.5/2816c343-c908-45bf-8964-974b1c54a5b9,16,16,16,Andreas Bueckle,Andreas,Bueckle,,0
https://entity.api.hubmapconsortium.org/entities/57cac4cbeaa9612c03727decf3f10c6d,Tissue Block,"Registered 6/10/2022, Amanda Knoten, TMC-UCSD","2 x 13 x 2 millimeter, 2 millimeter, 1 Sections",https://portal.hubmapconsortium.org/browse/sample/57cac4cbeaa9612c03727decf3f10c6d,http://purl.org/ccf/1.5/bd004aeb-6e60-4d5b-8d40-cfdd55b8b6fe,2,13,2,Amanda Knoten,Amanda,Knoten,,0
https://entity.api.hubmapconsortium.org/entities/5ee405afd7ff8527187e6ffa67d6a51f,Tissue Block,"Registered 2/11/2026, C. NORDGREN, TMC - University of Pennsylvania","5.336592220479372 x 9.992091406880881 x 29.501729334494804 millimeter, 14.8 millimeter, 2 Sections",https://portal.hubmapconsortium.org/browse/sample/5ee405afd7ff8527187e6ffa67d6a51f,http://purl.org/ccf/1.5/38be0737-5377-4ea5-be94-247e2b4301be,5.336592220479372,9.992091406880881,29.5017293344948,Antara Bhavsar,Antara,Bhavsar,,0
https://entity.api.hubmapconsortium.org/entities/60da3463ccefe031ad887014140a341e,Tissue Block,"Registered 11/27/2024, Dana L Jackson, TMC-CalTech","12 x 15 x 10 millimeter, 10 millimeter, 0 Sections",https://portal.hubmapconsortium.org/browse/sample/60da3463ccefe031ad887014140a341e,http://purl.org/ccf/1.5/5c798396-639b-4964-9a91-501b42d23d6f,12,15,10,Andreas Bueckle,Andreas,Bueckle,,0
https://entity.api.hubmapconsortium.org/entities/6dfb4bf4c1b1086c3bfa260c5d8b8f79,Tissue Block,"Registered 10/25/2021, Dana L Jackson, TMC-CalTech","10 x 16 x 10 millimeter, 10 millimeter, 0 Sections",https://portal.hubmapconsortium.org/browse/sample/6dfb4bf4c1b1086c3bfa260c5d8b8f79,http://purl.org/ccf/1.5/da28394d-789a-4fba-842a-f8ba5046b221,10,16,10,Andreas Bueckle,Andreas,Bueckle,,0
https://entity.api.hubmapconsortium.org/entities/726f5d11ea3999141d7c3c37ec267d8b,Tissue Block,"Registered 9/10/2021, Liz McDonough, RTI-General Electric","36 x 17 x 13 millimeter, 0.5 millimeter, 26 Sections",https://portal.hubmapconsortium.org/browse/sample/726f5d11ea3999141d7c3c37ec267d8b,http://purl.org/ccf/1.5/314450f7-0477-4152-b4d6-cb474cbc0cd7,36,17,13,Andreas Bueckle,Andreas,Bueckle,,0
https://entity.api.hubmapconsortium.org/entities/744f20be06ec72b749601754fb881955,Tissue Block,"Registered 5/29/2024, Amanda Knoten, TMC-UCSD","2 x 2 x 2 millimeter, 2 millimeter, 1 Sections",https://portal.hubmapconsortium.org/browse/sample/744f20be06ec72b749601754fb881955,http://purl.org/ccf/1.5/d77fd4d3-c410-42ea-ad28-7383b3338323,2,2,2,Amanda Knoten,Amanda,Knoten,,0
https://entity.api.hubmapconsortium.org/entities/7e54c74b70ad6e71177f1705f2eecafe,Tissue Block,"Registered 9/10/2021, Liz McDonough, RTI-General Electric","21 x 11 x 6 millimeter, 0.2 millimeter, 26 Sections",https://portal.hubmapconsortium.org/browse/sample/7e54c74b70ad6e71177f1705f2eecafe,http://purl.org/ccf/1.5/ff034c0c-a625-48b8-891c-857e556db1c4,21,11,6,Andreas Bueckle,Andreas,Bueckle,,0
https://entity.api.hubmapconsortium.org/entities/8050909abab1d44f6a310d1f2dd9ec21,Tissue Block,"Registered 10/25/2021, Dana L Jackson, TMC-CalTech","10 x 10 x 18 millimeter, 18 millimeter, 0 Sections",https://portal.hubmapconsortium.org/browse/sample/8050909abab1d44f6a310d1f2dd9ec21,http://purl.org/ccf/1.5/87df967f-1311-43ac-a306-04e47d2f4a60,10,10,18,Andreas Bueckle,Andreas,Bueckle,,0
https://entity.api.hubmapconsortium.org/entities/80cd48a30567c0e5d5520e47dd4b3560,Tissue Block,"Registered 3/4/2022, Diane Salamon, TMC-UCSD","4 x 4 x 2 millimeter, 2 millimeter, 1 Sections",https://portal.hubmapconsortium.org/browse/sample/80cd48a30567c0e5d5520e47dd4b3560,http://purl.org/ccf/1.5/c5e652ed-7e40-41de-bfc0-a73f05a0c66a,4,4,2,Amanda  Knoten,"Amanda ",Knoten,,0
https://entity.api.hubmapconsortium.org/entities/8360fe86ced2d235571ebcd59ec2d545,Tissue Block,"Registered 9/10/2021, Liz McDonough, RTI-General Electric","17 x 12 x 9 millimeter, 0.3 millimeter, 26 Sections",https://portal.hubmapconsortium.org/browse/sample/8360fe86ced2d235571ebcd59ec2d545,http://purl.org/ccf/1.5/ee7b09db-e6f5-4114-a8f8-5a19bb3a07c2,17,12,9,Andreas Bueckle,Andreas,Bueckle,,0
https://entity.api.hubmapconsortium.org/entities/8b0a4cc904cadaccddd37633411fdbdd,Tissue Block,"Registered 10/25/2021, Dana L Jackson, TMC-CalTech","10 x 16 x 10 millimeter, 10 millimeter, 0 Sections",https://portal.hubmapconsortium.org/browse/sample/8b0a4cc904cadaccddd37633411fdbdd,http://purl.org/ccf/1.5/886e391d-0151-46d3-8a51-084bf6a06910,10,16,10,Andreas Bueckle,Andreas,Bueckle,,0
https://entity.api.hubmapconsortium.org/entities/8bc9ab0285419fe165605349602710ec,Tissue Block,"Registered 4/24/2026, Jing Chen, TMC - Pacific Northwest National Laboratory","7.728642767307439 x 9.800318481048793 x 31.90903272797852 millimeter, 31.9 millimeter, 1 Sections",https://portal.hubmapconsortium.org/browse/sample/8bc9ab0285419fe165605349602710ec,http://purl.org/ccf/1.5/1533040b-df46-49aa-9fb3-be764353803c,7.728642767307439,9.800318481048793,31.90903272797852,Antara Bhavsar,Antara,Bhavsar,,0
https://entity.api.hubmapconsortium.org/entities/8cc62fd7d6c1f9d6f597aaa7f8687274,Tissue Block,"Registered 10/25/2021, Dana L Jackson, TMC-CalTech","10 x 10 x 18 millimeter, 18 millimeter, 0 Sections",https://portal.hubmapconsortium.org/browse/sample/8cc62fd7d6c1f9d6f597aaa7f8687274,http://purl.org/ccf/1.5/39e72b20-77e5-45a5-bb0e-f374ea5894ad,10,10,18,Andreas Bueckle,Andreas,Bueckle,,0
https://entity.api.hubmapconsortium.org/entities/8cfd588e5bc4a31ea61d3a11eae0cf61,Tissue Block,"Registered 5/29/2024, Liz McDonough, RTI-General Electric","37 x 24 x 5 millimeter, 0.2 millimeter, 26 Sections",https://portal.hubmapconsortium.org/browse/sample/8cfd588e5bc4a31ea61d3a11eae0cf61,http://purl.org/ccf/1.5/8cde177e-fbbd-434f-b04d-271dd38f286a,37,24,5,Andreas Bueckle,Andreas,Bueckle,,0
https://entity.api.hubmapconsortium.org/entities/940f8fa7e80db959e52b7c0506981e7a,Tissue Block,"Registered 6/10/2022, Amanda Knoten, TMC-UCSD","2 x 10 x 2 millimeter, 2 millimeter, 1 Sections",https://portal.hubmapconsortium.org/browse/sample/940f8fa7e80db959e52b7c0506981e7a,http://purl.org/ccf/1.5/f3f2fabb-6802-4fd4-920e-1914293db252,2,10,2,Amanda Knoten,Amanda,Knoten,,0
https://entity.api.hubmapconsortium.org/entities/9778e9d083094862b2874f3007f8fe76,Tissue Block,"Registered 9/10/2021, Liz McDonough, RTI-General Electric","28 x 12 x 7 millimeter, 0.3 millimeter, 26 Sections",https://portal.hubmapconsortium.org/browse/sample/9778e9d083094862b2874f3007f8fe76,http://purl.org/ccf/1.5/56d63930-60f2-49f5-a3bb-afc8d865c152,28,12,7,Andreas Bueckle,Andreas,Bueckle,,0
https://entity.api.hubmapconsortium.org/entities/9af60cec8d8411323f601d13896c4601,Tissue Block,"Registered 6/10/2022, Amanda Knoten, TMC-UCSD","2 x 10 x 2 millimeter, 2 millimeter, 1 Sections",https://portal.hubmapconsortium.org/browse/sample/9af60cec8d8411323f601d13896c4601,http://purl.org/ccf/1.5/c07ec91d-9dbe-4132-a93c-b960895b009d,2,10,2,Amanda Knoten,Amanda,Knoten,,0
https://entity.api.hubmapconsortium.org/entities/9d5baa31d4a9a6a43d7e3ba07bc3b36c,Tissue Block,"Registered 6/9/2022, Amanda Knoten, TMC-UCSD","3 x 6 x 2 millimeter, 1 millimeter, 2 Sections",https://portal.hubmapconsortium.org/browse/sample/9d5baa31d4a9a6a43d7e3ba07bc3b36c,http://purl.org/ccf/1.5/e88dfa31-cb6b-4eaa-b16c-e5c97de2701e,3,6,2,Amanda Knoten,Amanda,Knoten,,0
https://entity.api.hubmapconsortium.org/entities/a57e0dc263e45dc097945db7bfd0e02c,Tissue Block,"Registered 6/10/2022, Amanda Knoten, TMC-UCSD","10 x 20 x 5 millimeter, 5 millimeter, 1 Sections",https://portal.hubmapconsortium.org/browse/sample/a57e0dc263e45dc097945db7bfd0e02c,http://purl.org/ccf/1.5/b2aca02c-9559-4869-b551-4bfb59bf84b3,10,20,5,Amanda Knoten,Amanda,Knoten,,0
https://entity.api.hubmapconsortium.org/entities/a5a5a3bff1df2a6c378d85316161bd5b,Tissue Block,"Registered 10/3/2021, Diane Salamon, TMC-UCSD","3 x 13 x 2 millimeter, 2 millimeter, 1 Sections",https://portal.hubmapconsortium.org/browse/sample/a5a5a3bff1df2a6c378d85316161bd5b,http://purl.org/ccf/1.5/6f74a57b-41ce-4581-a206-2e84b58c1c98,3,13,2,Amanda  Knoten,"Amanda ",Knoten,,0
https://entity.api.hubmapconsortium.org/entities/a6acb120173be820c8a837b42c36ed83,Tissue Block,"Registered 5/29/2024, Amanda Knoten, TMC-UCSD","5 x 5 x 5 millimeter, 5 millimeter, 1 Sections",https://portal.hubmapconsortium.org/browse/sample/a6acb120173be820c8a837b42c36ed83,http://purl.org/ccf/1.5/fb6bb0ea-5ba7-44e2-90a6-f972a70da51a,5,5,5,Amanda Knoten,Amanda,Knoten,,0
https://entity.api.hubmapconsortium.org/entities/adb403564adb4657d3a50d41236869cc,Tissue Block,"Registered 10/25/2021, Dana L Jackson, TMC-CalTech","10 x 10 x 18 millimeter, 18 millimeter, 0 Sections",https://portal.hubmapconsortium.org/browse/sample/adb403564adb4657d3a50d41236869cc,http://purl.org/ccf/1.5/3156203b-0238-447d-9aae-c4341f2da943,10,10,18,Andreas Bueckle,Andreas,Bueckle,,0
https://entity.api.hubmapconsortium.org/entities/b07c38f5497330900cd74effb1468aa5,Tissue Block,"Registered 2/11/2026, C. NORDGREN, TMC - University of Pennsylvania","4.500160022652954 x 11.207233326726886 x 14.583975552436703 millimeter, 7.3 millimeter, 2 Sections",https://portal.hubmapconsortium.org/browse/sample/b07c38f5497330900cd74effb1468aa5,http://purl.org/ccf/1.5/0e67d1cb-9b82-4fba-9670-cb64a150cead,4.500160022652954,11.20723332672689,14.5839755524367,Antara Bhavsar,Antara,Bhavsar,,0
https://entity.api.hubmapconsortium.org/entities/b114506555e5aeb25ee9defd6b79ff08,Tissue Block,"Registered 6/8/2022, Amanda Knoten, TMC-UCSD","2 x 2 x 2 millimeter, 2 millimeter, 1 Sections",https://portal.hubmapconsortium.org/browse/sample/b114506555e5aeb25ee9defd6b79ff08,http://purl.org/ccf/1.5/19fee435-ebad-476c-bc9a-e11d2cee035e,2,2,2,Amanda  Knoten,"Amanda ",Knoten,,0
https://entity.api.hubmapconsortium.org/entities/b3d2d191603dfd4586181d62ad151b63,Tissue Block,"Registered 10/25/2021, Dana L Jackson, TMC-CalTech","16 x 16 x 16 millimeter, 16 millimeter, 0 Sections",https://portal.hubmapconsortium.org/browse/sample/b3d2d191603dfd4586181d62ad151b63,http://purl.org/ccf/1.5/04baf323-eda0-4f72-bea1-aa943aa70894,16,16,16,Andreas Bueckle,Andreas,Bueckle,,0
https://entity.api.hubmapconsortium.org/entities/b8ee0a5027728fe5f5c70478e3d5aa95,Tissue Block,"Registered 10/22/2021, Dana L Jackson, TMC-CalTech","17 x 13 x 14 millimeter, 14 millimeter, 0 Sections",https://portal.hubmapconsortium.org/browse/sample/b8ee0a5027728fe5f5c70478e3d5aa95,http://purl.org/ccf/1.5/16e98d8c-8983-48c2-bb41-7b1cfbbf2e4a,17,13,14,Andreas Bueckle,Andreas,Bueckle,,0
https://entity.api.hubmapconsortium.org/entities/bad6e22cc13bcaeb905636529f5c295b,Tissue Block,"Registered 2/11/2026, C. NORDGREN, TMC - University of Pennsylvania","6.54531560667372 x 6.824774781208045 x 14.958794260511791 millimeter, 7.5 millimeter, 2 Sections",https://portal.hubmapconsortium.org/browse/sample/bad6e22cc13bcaeb905636529f5c295b,http://purl.org/ccf/1.5/97bc378c-76b9-4de6-aa62-d047905356d3,6.54531560667372,6.824774781208045,14.95879426051179,Antara Bhavsar,Antara,Bhavsar,,0
https://entity.api.hubmapconsortium.org/entities/c15e6342d6905d6da7aeef29b241b069,Tissue Block,"Registered 10/17/2024, Amanda Knoten, TMC-UCSD","18 x 10 x 2 millimeter, 1 millimeter, 2 Sections",https://portal.hubmapconsortium.org/browse/sample/c15e6342d6905d6da7aeef29b241b069,http://purl.org/ccf/1.5/1fa8bd4e-49af-4121-a1b4-618af0b79d4c,18,10,2,Amanda  Knoten,"Amanda ",Knoten,,0
https://entity.api.hubmapconsortium.org/entities/c18dbe465fe2dfddd96b0382c6c4b38b,Tissue Block,"Registered 10/17/2024, Amanda Knoten, TMC-UCSD","18 x 10 x 0.12 millimeter, 0 millimeter, 3 Sections",https://portal.hubmapconsortium.org/browse/sample/c18dbe465fe2dfddd96b0382c6c4b38b,http://purl.org/ccf/1.5/c0d63695-e48e-44c1-a1a3-db138d1f80d1,18,10,0.12,Amanda  Knoten,"Amanda ",Knoten,,0
https://entity.api.hubmapconsortium.org/entities/c4200fa2bd88eca844b722075153da94,Tissue Block,"Registered 5/29/2024, Amanda Knoten, TMC-UCSD","2 x 2 x 2 millimeter, 2 millimeter, 1 Sections",https://portal.hubmapconsortium.org/browse/sample/c4200fa2bd88eca844b722075153da94,http://purl.org/ccf/1.5/f85d8a3d-8e92-487d-bc76-5ee350f26739,2,2,2,Amanda Knoten,Amanda,Knoten,,0
https://entity.api.hubmapconsortium.org/entities/cc5da33c5239011f75c06918dad38914,Tissue Block,"Registered 10/3/2021, Diane Salamon, TMC-UCSD","5 x 6 x 2 millimeter, 2 millimeter, 1 Sections",https://portal.hubmapconsortium.org/browse/sample/cc5da33c5239011f75c06918dad38914,http://purl.org/ccf/1.5/f31c1726-c693-4734-8c1c-4f1d64bbe034,5,6,2,Amanda Knoten,Amanda,Knoten,,0
https://entity.api.hubmapconsortium.org/entities/cdd62f7264902447922147c3098ecd6a,Tissue Block,"Registered 3/4/2022, Diane Salamon, TMC-UCSD","4 x 7 x 2 millimeter, 2 millimeter, 1 Sections",https://portal.hubmapconsortium.org/browse/sample/cdd62f7264902447922147c3098ecd6a,http://purl.org/ccf/1.5/e4853294-071d-4bef-bff3-2fd52a5c6af0,4,7,2,Amanda Knoten,Amanda,Knoten,,0
https://entity.api.hubmapconsortium.org/entities/d0e1bb89705d69fb4aa27134d8a799b6,Tissue Block,"Registered 2/11/2026, C. NORDGREN, TMC - University of Pennsylvania","5.210247019493475 x 12.363698247328841 x 14.410031004079052 millimeter, 7.2 millimeter, 2 Sections",https://portal.hubmapconsortium.org/browse/sample/d0e1bb89705d69fb4aa27134d8a799b6,http://purl.org/ccf/1.5/0899b847-6574-4a1f-bc71-b6b0ce4b642f,5.210247019493475,12.36369824732884,14.41003100407905,Antara Bhavsar,Antara,Bhavsar,,0
https://entity.api.hubmapconsortium.org/entities/d580307308e203aad8fe5ba1bc98b211,Tissue Block,"Registered 2/11/2026, C. NORDGREN, TMC - University of Pennsylvania","2.4559914970418966 x 3.893517691263221 x 9.449602051493748 millimeter, 4.7 millimeter, 2 Sections",https://portal.hubmapconsortium.org/browse/sample/d580307308e203aad8fe5ba1bc98b211,http://purl.org/ccf/1.5/13fb4b48-a239-44c9-a91c-fe23f0359f29,2.455991497041897,3.893517691263221,9.449602051493748,Antara Bhavsar,Antara,Bhavsar,,0
https://entity.api.hubmapconsortium.org/entities/d6ceb466c5c69278c26044143a305f8d,Tissue Block,"Registered 2/11/2026, C. NORDGREN, TMC - University of Pennsylvania","2.3412711099880714 x 4.778269008896552 x 9.695632114567433 millimeter, 4.8 millimeter, 2 Sections",https://portal.hubmapconsortium.org/browse/sample/d6ceb466c5c69278c26044143a305f8d,http://purl.org/ccf/1.5/20cdf4a1-ec45-4ebd-9604-ca194ed3eeb2,2.341271109988071,4.778269008896552,9.695632114567433,Antara Bhavsar,Antara,Bhavsar,,0
https://entity.api.hubmapconsortium.org/entities/d78afa907431bb4c943e39de3e994c27,Tissue Block,"Registered 9/10/2021, Liz McDonough, RTI-General Electric","28 x 11 x 7 millimeter, 0.3 millimeter, 26 Sections",https://portal.hubmapconsortium.org/browse/sample/d78afa907431bb4c943e39de3e994c27,http://purl.org/ccf/1.5/d16014ad-8b92-487b-bca7-044d3d745dba,28,11,7,Andreas Bueckle,Andreas,Bueckle,,0
https://entity.api.hubmapconsortium.org/entities/e3b74d607c3b20c9c2349d98c235ce72,Tissue Block,"Registered 5/29/2024, Diane Salamon, TMC-UCSD","2 x 2 x 2 millimeter, 2 millimeter, 1 Sections",https://portal.hubmapconsortium.org/browse/sample/e3b74d607c3b20c9c2349d98c235ce72,http://purl.org/ccf/1.5/ca23f77c-a3cd-453f-bbe9-2d8d1514fc8e,2,2,2,Amanda Knoten,Amanda,Knoten,,0
https://entity.api.hubmapconsortium.org/entities/e4ffe5a1de1e63b3b2ef38f1087403bf,Tissue Block,"Registered 5/29/2024, Amanda Knoten, TMC-UCSD","5 x 5 x 5 millimeter, 5 millimeter, 1 Sections",https://portal.hubmapconsortium.org/browse/sample/e4ffe5a1de1e63b3b2ef38f1087403bf,http://purl.org/ccf/1.5/cc08d64c-5d75-4995-b3b0-00239a742184,5,5,5,Amanda Knoten,Amanda,Knoten,,0
https://entity.api.hubmapconsortium.org/entities/e6a61a2aaec9809abf19f1f7b562f237,Tissue Block,"Registered 9/10/2021, Liz McDonough, RTI-General Electric","14 x 12 x 6 millimeter, 0.2 millimeter, 26 Sections",https://portal.hubmapconsortium.org/browse/sample/e6a61a2aaec9809abf19f1f7b562f237,http://purl.org/ccf/1.5/fcfcc65b-f91f-4447-a29b-c9836104570c,14,12,6,Andreas Bueckle,Andreas,Bueckle,,0
https://entity.api.hubmapconsortium.org/entities/e9b990a54c0dbd47ea9504f06934dc0f,Tissue Block,"Registered 9/16/2023, daniel Cotter, TMC-Stanford","10 x 16 x 10 millimeter, 10 millimeter, 0 Sections",https://portal.hubmapconsortium.org/browse/sample/e9b990a54c0dbd47ea9504f06934dc0f,http://purl.org/ccf/1.5/a0ff0780-d666-42fe-8068-a3b41b1c6aa0,10,16,10,Andreas Bueckle,Andreas,Bueckle,,0
https://entity.api.hubmapconsortium.org/entities/ebe3f6ee1a1a092b5a72663af667919b,Tissue Block,"Registered 4/24/2026, Jing Chen, TMC - Pacific Northwest National Laboratory","6.039043782433903 x 18.536287867731698 x 23.959139185854433 millimeter, 24 millimeter, 1 Sections",https://portal.hubmapconsortium.org/browse/sample/ebe3f6ee1a1a092b5a72663af667919b,http://purl.org/ccf/1.5/537876ba-834b-4f19-a63a-d7d664fd0bad,6.039043782433903,18.5362878677317,23.95913918585443,Antara Bhavsar,Antara,Bhavsar,,0
https://entity.api.hubmapconsortium.org/entities/ec2ccf5a3436b11d0c7186b74ad4673d,Tissue Block,"Registered 6/29/2023, Yiing Lin, TMC-Stanford","10 x 16 x 10 millimeter, 10 millimeter, 1 Sections",https://portal.hubmapconsortium.org/browse/sample/ec2ccf5a3436b11d0c7186b74ad4673d,http://purl.org/ccf/1.5/5cb72454-f0fb-41d5-9cad-5797e1b447ae,10,16,10,Andreas Bueckle,Andreas,Bueckle,,0
https://entity.api.hubmapconsortium.org/entities/f187ff9a4631540a9aced9086c512d5e,Tissue Block,"Registered 5/29/2024, Liz McDonough, RTI-General Electric","43 x 20 x 8 millimeter, 0.3 millimeter, 26 Sections",https://portal.hubmapconsortium.org/browse/sample/f187ff9a4631540a9aced9086c512d5e,http://purl.org/ccf/1.5/c8f471f9-e052-4a00-b145-b299b97ed960,43,20,8,Andreas Bueckle,Andreas,Bueckle,,0
https://entity.api.hubmapconsortium.org/entities/f547dd2314220d545cd16c5dc41197f6,Tissue Block,"Registered 3/4/2022, Diane Salamon, TMC-UCSD","5 x 3 x 2 millimeter, 2 millimeter, 1 Sections",https://portal.hubmapconsortium.org/browse/sample/f547dd2314220d545cd16c5dc41197f6,http://purl.org/ccf/1.5/decfd5b4-07de-4894-bc83-6698cfb1ef8c,5,3,2,Amanda Knoten,Amanda,Knoten,,0
https://entity.api.hubmapconsortium.org/entities/1b064b2d69bd87b5d71195afe125b8d4,Tissue Block,"Registered 10/25/2021, Dana L Jackson, TMC-CalTech","10 x 16 x 10 millimeter, 10 millimeter, 0 Sections",https://portal.hubmapconsortium.org/browse/sample/1b064b2d69bd87b5d71195afe125b8d4,http://purl.org/ccf/1.5/7439e95d-2761-4183-9055-ca6251da8e09,10,16,10,Andreas Bueckle,Andreas,Bueckle,,0
https://entity.api.hubmapconsortium.org/entities/089300b18fc8ab69f3ded95c42d992c7,Tissue Block,"Registered 3/23/2026, Elizabeth McDonough, RTI-General Electric","10 x 16 x 10 millimeter, 10 millimeter, 1 Sections",https://portal.hubmapconsortium.org/browse/sample/089300b18fc8ab69f3ded95c42d992c7,http://purl.org/ccf/1.5/796e2d24-d7d7-4c09-8483-f5b00fccfda6,10,16,10,Andreas Bueckle,Andreas,Bueckle,,0
https://entity.api.hubmapconsortium.org/entities/0c0c7374f0d1ae32cbc7f5ed208affc9,Tissue Block,"Registered 1/12/2023, Amanda Knoten, Washington University Kidney TMC","5 x 4 x 2 millimeter, 0.7 millimeter, 3 Sections",https://portal.hubmapconsortium.org/browse/sample/0c0c7374f0d1ae32cbc7f5ed208affc9,http://purl.org/ccf/1.5/cd2b51e9-f09a-4c16-b9b0-aca500708c95,5,4,2,Amanda  Knoten,"Amanda ",Knoten,,0
https://entity.api.hubmapconsortium.org/entities/0e7be19fa5edebb2b1c184288811f81b,Tissue Block,"Registered 6/10/2022, Amanda Knoten, TMC-UCSD","8 x 6 x 2 millimeter, 2 millimeter, 1 Sections",https://portal.hubmapconsortium.org/browse/sample/0e7be19fa5edebb2b1c184288811f81b,http://purl.org/ccf/1.5/cef949fe-5100-4175-b87b-0172df815a6a,8,6,2,Amanda Knoten,Amanda,Knoten,,0
https://entity.api.hubmapconsortium.org/entities/10c21e251949a954f9aa35db8f68e8c4,Tissue Block,"Registered 4/19/2023, Amanda Knoten, Washington University Kidney TMC","7 x 4 x 2 millimeter, 1 millimeter, 2 Sections",https://portal.hubmapconsortium.org/browse/sample/10c21e251949a954f9aa35db8f68e8c4,http://purl.org/ccf/1.5/178063d4-eaad-4855-8822-c44df2cfe834,7,4,2,Amanda Knoten,Amanda,Knoten,,0
https://entity.api.hubmapconsortium.org/entities/14eced66165e2bc1357c1c32115e1e97,Tissue Block,"Registered 2/16/2022, Yiing Lin, TMC-CalTech","10 x 16 x 10 millimeter, 10 millimeter, 0 Sections",https://portal.hubmapconsortium.org/browse/sample/14eced66165e2bc1357c1c32115e1e97,http://purl.org/ccf/1.5/53797407-9641-4e69-966b-e7aecf6a0ecc,10,16,10,Andreas Bueckle,Andreas,Bueckle,,0
https://entity.api.hubmapconsortium.org/entities/240582d4097a5865f14994166afe87b6,Tissue Block,"Registered 4/20/2023, Amanda Knoten, Washington University Kidney TMC","14 x 4 x 2 millimeter, 0.5 millimeter, 4 Sections",https://portal.hubmapconsortium.org/browse/sample/240582d4097a5865f14994166afe87b6,http://purl.org/ccf/1.5/11c2cadd-d17c-411e-8ca1-25a3f10b880f,14,4,2,Amanda Knoten,Amanda,Knoten,,0
https://entity.api.hubmapconsortium.org/entities/3371563ac288778ad60640d763528b67,Tissue Block,"Registered 4/20/2023, Amanda Knoten, Washington University Kidney TMC","15 x 5 x 2 millimeter, 0.5 millimeter, 4 Sections",https://portal.hubmapconsortium.org/browse/sample/3371563ac288778ad60640d763528b67,http://purl.org/ccf/1.5/bcfdaae0-7250-4ecf-bc77-89e904773895,15,5,2,Amanda Knoten,Amanda,Knoten,,0
https://entity.api.hubmapconsortium.org/entities/396a73aa43892e4a18ba3ec1c29ebb28,Tissue Block,"Registered 4/19/2023, Amanda Knoten, Washington University Kidney TMC","20 x 3 x 2 millimeter, 0.3 millimeter, 6 Sections",https://portal.hubmapconsortium.org/browse/sample/396a73aa43892e4a18ba3ec1c29ebb28,http://purl.org/ccf/1.5/785a39bf-f07a-4606-ba1b-cb4f3176be36,20,3,2,Amanda Knoten,Amanda,Knoten,,0
https://entity.api.hubmapconsortium.org/entities/3a762bfba7acdbe2266f643abb8c3237,Tissue Block,"Registered 5/19/2026, Amanda Knoten, Washington University Kidney TMC","5 x 7 x 2 millimeter, 1 millimeter, 2 Sections",https://portal.hubmapconsortium.org/browse/sample/3a762bfba7acdbe2266f643abb8c3237,http://purl.org/ccf/1.5/16aa5670-49d5-4a24-8119-92a78cbac3cb,5,7,2,Amanda Knoten,Amanda,Knoten,,0
https://entity.api.hubmapconsortium.org/entities/3b20d9aa8a3a412a73a883e07d86d889,Tissue Block,"Registered 6/29/2023, Yiing Lin, TMC-CalTech","10 x 16 x 10 millimeter, 10 millimeter, 1 Sections",https://portal.hubmapconsortium.org/browse/sample/3b20d9aa8a3a412a73a883e07d86d889,http://purl.org/ccf/1.5/6ee43559-da2f-411b-81a2-a0d0f59fac67,10,16,10,Andreas Bueckle,Andreas,Bueckle,,0
https://entity.api.hubmapconsortium.org/entities/4367b807cc0c8d290814c214a25e09cb,Tissue Block,"Registered 10/25/2021, Dana L Jackson, TMC-CalTech","17 x 13 x 14 millimeter, 14 millimeter, 0 Sections",https://portal.hubmapconsortium.org/browse/sample/4367b807cc0c8d290814c214a25e09cb,http://purl.org/ccf/1.5/096e6a9d-464c-448d-a1bb-56093a5fc7aa,17,13,14,Andreas Bueckle,Andreas,Bueckle,,0
https://entity.api.hubmapconsortium.org/entities/454f281ae77ccd7a1e2ab86f90c07263,Tissue Block,"Registered 9/23/2022, Diane Salamon, TMC-UCSD","3 x 2 x 2 millimeter, 2 millimeter, 1 Sections",https://portal.hubmapconsortium.org/browse/sample/454f281ae77ccd7a1e2ab86f90c07263,http://purl.org/ccf/1.5/57bab703-98bd-4106-9160-af951a74e4df,3,2,2,Amanda Knoten,Amanda,Knoten,,0
https://entity.api.hubmapconsortium.org/entities/4ab6fc6dab8e5ede99acbeaf77cb984b,Tissue Block,"Registered 10/22/2021, Dana L Jackson, TMC-CalTech","17 x 13 x 14 millimeter, 14 millimeter, 0 Sections",https://portal.hubmapconsortium.org/browse/sample/4ab6fc6dab8e5ede99acbeaf77cb984b,http://purl.org/ccf/1.5/6904a86d-aadb-4959-9aac-54afa7e2bf2b,17,13,14,Andreas Bueckle,Andreas,Bueckle,,0
https://entity.api.hubmapconsortium.org/entities/5bbf6c322b1d01653e50d8fc7c4c9337,Tissue Block,"Registered 2/16/2022, Yiing Lin, TMC-CalTech","10 x 10 x 10 millimeter, 10 millimeter, 1 Sections",https://portal.hubmapconsortium.org/browse/sample/5bbf6c322b1d01653e50d8fc7c4c9337,http://purl.org/ccf/1.5/dddd9215-b7d9-49d3-9546-ff2582be5f56,10,10,10,Andreas Bueckle,Andreas,Bueckle,,0
https://entity.api.hubmapconsortium.org/entities/78181ed33a22ce843cada4581c78ef63,Tissue Block,"Registered 2/16/2022, Yiing Lin, TMC-CalTech","10 x 16 x 10 millimeter, 10 millimeter, 0 Sections",https://portal.hubmapconsortium.org/browse/sample/78181ed33a22ce843cada4581c78ef63,http://purl.org/ccf/1.5/a07c1de5-7229-4161-9c49-defd3ab029f7,10,16,10,Andreas Bueckle,Andreas,Bueckle,,0
https://entity.api.hubmapconsortium.org/entities/7f13ca9a6c0e2559739a8a04828dde6d,Tissue Block,"Registered 1/12/2023, Amanda Knoten, Washington University Kidney TMC","4 x 10 x 2 millimeter, 0.4 millimeter, 5 Sections",https://portal.hubmapconsortium.org/browse/sample/7f13ca9a6c0e2559739a8a04828dde6d,http://purl.org/ccf/1.5/a4743460-ff3b-4071-8611-5d09e5953c56,4,10,2,Amanda Knoten,Amanda,Knoten,,0
https://entity.api.hubmapconsortium.org/entities/9cc2a00a42b4a8d6a918956da805e5c9,Tissue Block,"Registered 4/19/2023, Amanda Knoten, Washington University Kidney TMC","7 x 4 x 2 millimeter, 0.5 millimeter, 4 Sections",https://portal.hubmapconsortium.org/browse/sample/9cc2a00a42b4a8d6a918956da805e5c9,http://purl.org/ccf/1.5/80755e56-1ce1-4ddd-ac46-667f55a55281,7,4,2,Amanda Knoten,Amanda,Knoten,,0
https://entity.api.hubmapconsortium.org/entities/a2645e3c516675d50348c20a31a837e7,Tissue Block,"Registered 4/17/2023, Amanda Knoten, Washington University Kidney TMC","8 x 5 x 2 millimeter, 0.7 millimeter, 3 Sections",https://portal.hubmapconsortium.org/browse/sample/a2645e3c516675d50348c20a31a837e7,http://purl.org/ccf/1.5/a16b66d4-61ad-4e7c-a25b-71d84ed1d428,8,5,2,Amanda Knoten,Amanda,Knoten,,0
https://entity.api.hubmapconsortium.org/entities/c1f0cc0152231ce6276475b3ea800aab,Tissue Block,"Registered 6/29/2023, Yiing Lin, TMC-CalTech","10 x 16 x 10 millimeter, 2 millimeter, 5 Sections",https://portal.hubmapconsortium.org/browse/sample/c1f0cc0152231ce6276475b3ea800aab,http://purl.org/ccf/1.5/cf097162-7c4b-4118-a19a-cc9805b8f467,10,16,10,Andreas Bueckle,Andreas,Bueckle,,0
https://entity.api.hubmapconsortium.org/entities/ee085b8ae2fbd3e1a29232c161fe8ff3,Tissue Block,"Registered 1/12/2023, Amanda Knoten, Washington University Kidney TMC","7 x 21 x 2 millimeter, 0.3 millimeter, 6 Sections",https://portal.hubmapconsortium.org/browse/sample/ee085b8ae2fbd3e1a29232c161fe8ff3,http://purl.org/ccf/1.5/58538078-d32f-48f3-abe2-b01b35228147,7,21,2,Amanda Knoten,Amanda,Knoten,,0
https://entity.api.hubmapconsortium.org/entities/644ce34d8daf31523d9f052d28bec68d,Tissue Block,"Registered 6/10/2022, Amanda Knoten, TMC-UCSD","3 x 3 x 2 millimeter, 2 millimeter, 1 Sections",https://portal.hubmapconsortium.org/browse/sample/644ce34d8daf31523d9f052d28bec68d,http://purl.org/ccf/1.5/ca285e1d-d2b4-4089-9059-11c95d788154,3,3,2,Amanda Knoten,Amanda,Knoten,,0
https://entity.api.hubmapconsortium.org/entities/7b7f0c98e666fbbcbc25391bbe12edea,Tissue Block,"Registered 9/10/2021, Liz McDonough, RTI-General Electric","42 x 15 x 8 millimeter, 0.3 millimeter, 26 Sections",https://portal.hubmapconsortium.org/browse/sample/7b7f0c98e666fbbcbc25391bbe12edea,http://purl.org/ccf/1.5/bc7cbfcd-cc52-4e82-a079-e353feb729a1,42,15,8,Andreas Bueckle,Andreas,Bueckle,,0
https://entity.api.hubmapconsortium.org/entities/82d5a5042dce8c510fb53b8cc3a38e74,Tissue Block,"Registered 4/20/2023, Amanda Knoten, Washington University Kidney TMC","16 x 4 x 2 millimeter, 0.3 millimeter, 7 Sections",https://portal.hubmapconsortium.org/browse/sample/82d5a5042dce8c510fb53b8cc3a38e74,http://purl.org/ccf/1.5/1715e3d6-1556-4c8e-b93b-0953e73c7abe,16,4,2,Amanda Knoten,Amanda,Knoten,,0
https://entity.api.hubmapconsortium.org/entities/a233630b5aca9cddb67b5ad60a7a32bd,Tissue Block,"Registered 4/20/2023, Amanda Knoten, Washington University Kidney TMC","21 x 3 x 2 millimeter, 0.3 millimeter, 6 Sections",https://portal.hubmapconsortium.org/browse/sample/a233630b5aca9cddb67b5ad60a7a32bd,http://purl.org/ccf/1.5/d73a20e8-035f-4e8c-94e5-3563c669fe80,21,3,2,Amanda Knoten,Amanda,Knoten,,0
https://entity.api.hubmapconsortium.org/entities/a7c3ea8269b3a97ac9f39cb4a970666c,Tissue Block,"Registered 10/3/2021, Diane Salamon, TMC-UCSD","5 x 5 x 2 millimeter, 2 millimeter, 1 Sections",https://portal.hubmapconsortium.org/browse/sample/a7c3ea8269b3a97ac9f39cb4a970666c,http://purl.org/ccf/1.5/1d965182-bf13-4738-af05-72b817121959,5,5,2,Amanda  Knoten,"Amanda ",Knoten,,0
https://entity.api.hubmapconsortium.org/entities/adfb1bbd18c054fea5780934b44915e5,Tissue Block,"Registered 1/12/2023, Amanda Knoten, Washington University Kidney TMC","6 x 15 x 2 millimeter, 0.5 millimeter, 4 Sections",https://portal.hubmapconsortium.org/browse/sample/adfb1bbd18c054fea5780934b44915e5,http://purl.org/ccf/1.5/db15f0ad-de98-4bae-8557-dfb3269995ed,6,15,2,Amanda Knoten,Amanda,Knoten,,0
https://entity.api.hubmapconsortium.org/entities/c1cdc5b5cabbe591f63e78273abe1206,Tissue Block,"Registered 9/10/2021, Liz McDonough, RTI-General Electric","47 x 21 x 16 millimeter, 0.6 millimeter, 26 Sections",https://portal.hubmapconsortium.org/browse/sample/c1cdc5b5cabbe591f63e78273abe1206,http://purl.org/ccf/1.5/71888798-9acb-4589-9b39-59a987d048ad,47,21,16,Andreas Bueckle,Andreas,Bueckle,,0
https://entity.api.hubmapconsortium.org/entities/dbefbb94a61280560ecbb5dfb2112feb,Tissue Block,"Registered 8/1/2025, Amanda Knoten, Washington University Kidney TMC","2 x 10 x 2 millimeter, 0.2 millimeter, 9 Sections",https://portal.hubmapconsortium.org/browse/sample/dbefbb94a61280560ecbb5dfb2112feb,http://purl.org/ccf/1.5/657ecee4-68a1-4bcc-9635-d06590c107c4,2,10,2,Amanda Knoten,Amanda,Knoten,,0
https://entity.api.hubmapconsortium.org/entities/ec1c3cd679af50936bd6a43b636320e1,Tissue Block,"Registered 6/29/2023, Yiing Lin, TMC-Stanford","16 x 16 x 16 millimeter, 16 millimeter, 1 Sections",https://portal.hubmapconsortium.org/browse/sample/ec1c3cd679af50936bd6a43b636320e1,http://purl.org/ccf/1.5/e13cd910-c2df-4b83-ad68-2e7409089fa4,16,16,16,Andreas Bueckle,Andreas,Bueckle,,0
https://entity.api.hubmapconsortium.org/entities/1b03bee1f9dc106b25b6120b237ad99a,Tissue Block,"Registered 2/16/2022, Yiing Lin, TMC-CalTech","10 x 16 x 10 millimeter, 10 millimeter, 1 Sections",https://portal.hubmapconsortium.org/browse/sample/1b03bee1f9dc106b25b6120b237ad99a,http://purl.org/ccf/1.5/794bdabf-3a8f-4fe3-8bd4-8e0e7182ea4d,10,16,10,Andreas Bueckle,Andreas,Bueckle,,0
https://entity.api.hubmapconsortium.org/entities/a85a325cfed5d998289565eba4f4028c,Tissue Block,"Registered 6/8/2022, Diane Salamon, TMC-UCSD","4 x 3 x 2 millimeter, 2 millimeter, 1 Sections",https://portal.hubmapconsortium.org/browse/sample/a85a325cfed5d998289565eba4f4028c,http://purl.org/ccf/1.5/a441638e-859b-4695-87fc-26c76e79da0e,4,3,2,Amanda Knoten,Amanda,Knoten,,0
https://entity.api.hubmapconsortium.org/entities/acb712bf26d8fe7d49db26e3f7b702b9,Tissue Block,"Registered 5/29/2024, Amanda Knoten, TMC-UCSD","2 x 2 x 2 millimeter, 2 millimeter, 1 Sections",https://portal.hubmapconsortium.org/browse/sample/acb712bf26d8fe7d49db26e3f7b702b9,http://purl.org/ccf/1.5/8d8bb4f2-5f5f-4dd2-9b29-70bff427b564,2,2,2,Amanda Knoten,Amanda,Knoten,,0
https://entity.api.hubmapconsortium.org/entities/e362ee54d0ad528f2acb1718dea1472d,Tissue Block,"Registered 3/23/2026, Elizabeth McDonough, RTI-General Electric","10 x 16 x 10 millimeter, 10 millimeter, 1 Sections",https://portal.hubmapconsortium.org/browse/sample/e362ee54d0ad528f2acb1718dea1472d,http://purl.org/ccf/1.5/e14f5c1b-7b7d-4c65-9c32-8b60c97c0d89,10,16,10,Andreas Bueckle,Andreas,Bueckle,,0
https://api.cellxgene.cziscience.com/dp/v1/collections/b52eb423-5d0d-4645-b217-e1c6d38b2e72#D1$apex%20of%20heart_Block,Tissue Block,"Registered 10/15/2021, Michela Noseda, Broad Institute","15 x 24 x 24 millimeter, 24 millimeter",https://doi.org/10.1038/s41586-020-2797-4,http://purl.org/ccf/1.5/9abfed4e-2fde-4d80-a8aa-7439a106d895,15,24,24,Michela Noseda,Michela,Noseda,,0
https://api.cellxgene.cziscience.com/dp/v1/collections/b52eb423-5d0d-4645-b217-e1c6d38b2e72#D11$apex%20of%20heart_Block,Tissue Block,"Registered 10/15/2021, Michela Noseda, Broad Institute","15 x 24 x 24 millimeter, 24 millimeter",https://doi.org/10.1038/s41586-020-2797-4,http://purl.org/ccf/1.5/9abfed4e-2fde-4d80-a8aa-7439a106d895,15,24,24,Michela Noseda,Michela,Noseda,,0
https://api.cellxgene.cziscience.com/dp/v1/collections/b52eb423-5d0d-4645-b217-e1c6d38b2e72#D4$apex%20of%20heart_Block,Tissue Block,"Registered 10/15/2021, Michela Noseda, Broad Institute","15 x 24 x 24 millimeter, 24 millimeter",https://doi.org/10.1038/s41586-020-2797-4,http://purl.org/ccf/1.5/9abfed4e-2fde-4d80-a8aa-7439a106d895,15,24,24,Michela Noseda,Michela,Noseda,,0
https://api.cellxgene.cziscience.com/dp/v1/collections/b52eb423-5d0d-4645-b217-e1c6d38b2e72#D5$apex%20of%20heart_Block,Tissue Block,"Registered 10/15/2021, Michela Noseda, Broad Institute","15 x 24 x 24 millimeter, 24 millimeter",https://doi.org/10.1038/s41586-020-2797-4,http://purl.org/ccf/1.5/9abfed4e-2fde-4d80-a8aa-7439a106d895,15,24,24,Michela Noseda,Michela,Noseda,,0
https://api.cellxgene.cziscience.com/dp/v1/collections/b52eb423-5d0d-4645-b217-e1c6d38b2e72#H5$apex%20of%20heart_Block,Tissue Block,"Registered 10/15/2021, Michela Noseda, Broad Institute","15 x 24 x 24 millimeter, 24 millimeter",https://doi.org/10.1038/s41586-020-2797-4,http://purl.org/ccf/1.5/9abfed4e-2fde-4d80-a8aa-7439a106d895,15,24,24,Michela Noseda,Michela,Noseda,,0
https://api.cellxgene.cziscience.com/dp/v1/collections/b52eb423-5d0d-4645-b217-e1c6d38b2e72#H6$apex%20of%20heart_Block,Tissue Block,"Registered 10/15/2021, Michela Noseda, Broad Institute","15 x 24 x 24 millimeter, 24 millimeter",https://doi.org/10.1038/s41586-020-2797-4,http://purl.org/ccf/1.5/9abfed4e-2fde-4d80-a8aa-7439a106d895,15,24,24,Michela Noseda,Michela,Noseda,,0
https://api.cellxgene.cziscience.com/dp/v1/collections/b52eb423-5d0d-4645-b217-e1c6d38b2e72#H7$apex%20of%20heart_Block,Tissue Block,"Registered 10/15/2021, Michela Noseda, Broad Institute","15 x 24 x 24 millimeter, 24 millimeter",https://doi.org/10.1038/s41586-020-2797-4,http://purl.org/ccf/1.5/9abfed4e-2fde-4d80-a8aa-7439a106d895,15,24,24,Michela Noseda,Michela,Noseda,,0
https://api.cellxgene.cziscience.com/dp/v1/collections/b52eb423-5d0d-4645-b217-e1c6d38b2e72#D2$heart%20left%20ventricle_Block,Tissue Block,"Registered 10/15/2021, Michela Noseda, Broad Institute","12 x 13 x 16 millimeter, 16 millimeter",https://doi.org/10.1038/s41586-020-2797-4,http://purl.org/ccf/1.5/760368bf-6b4c-4d92-aa2b-24e17fd947d3,12,13,16,Michela Noseda,Michela,Noseda,,0
https://api.cellxgene.cziscience.com/dp/v1/collections/b52eb423-5d0d-4645-b217-e1c6d38b2e72#D3$heart%20left%20ventricle_Block,Tissue Block,"Registered 10/15/2021, Michela Noseda, Broad Institute","12 x 13 x 16 millimeter, 16 millimeter",https://doi.org/10.1038/s41586-020-2797-4,http://purl.org/ccf/1.5/760368bf-6b4c-4d92-aa2b-24e17fd947d3,12,13,16,Michela Noseda,Michela,Noseda,,0
https://api.cellxgene.cziscience.com/dp/v1/collections/b52eb423-5d0d-4645-b217-e1c6d38b2e72#D6$heart%20left%20ventricle_Block,Tissue Block,"Registered 10/15/2021, Michela Noseda, Broad Institute","12 x 13 x 16 millimeter, 16 millimeter",https://doi.org/10.1038/s41586-020-2797-4,http://purl.org/ccf/1.5/760368bf-6b4c-4d92-aa2b-24e17fd947d3,12,13,16,Michela Noseda,Michela,Noseda,,0
https://api.cellxgene.cziscience.com/dp/v1/collections/b52eb423-5d0d-4645-b217-e1c6d38b2e72#D7$heart%20left%20ventricle_Block,Tissue Block,"Registered 10/15/2021, Michela Noseda, Broad Institute","12 x 13 x 16 millimeter, 16 millimeter",https://doi.org/10.1038/s41586-020-2797-4,http://purl.org/ccf/1.5/760368bf-6b4c-4d92-aa2b-24e17fd947d3,12,13,16,Michela Noseda,Michela,Noseda,,0
https://api.cellxgene.cziscience.com/dp/v1/collections/b52eb423-5d0d-4645-b217-e1c6d38b2e72#H2$heart%20left%20ventricle_Block,Tissue Block,"Registered 10/15/2021, Michela Noseda, Broad Institute","12 x 13 x 16 millimeter, 16 millimeter",https://doi.org/10.1038/s41586-020-2797-4,http://purl.org/ccf/1.5/760368bf-6b4c-4d92-aa2b-24e17fd947d3,12,13,16,Michela Noseda,Michela,Noseda,,0
https://api.cellxgene.cziscience.com/dp/v1/collections/b52eb423-5d0d-4645-b217-e1c6d38b2e72#H3$heart%20left%20ventricle_Block,Tissue Block,"Registered 10/15/2021, Michela Noseda, Broad Institute","12 x 13 x 16 millimeter, 16 millimeter",https://doi.org/10.1038/s41586-020-2797-4,http://purl.org/ccf/1.5/760368bf-6b4c-4d92-aa2b-24e17fd947d3,12,13,16,Michela Noseda,Michela,Noseda,,0
https://api.cellxgene.cziscience.com/dp/v1/collections/b52eb423-5d0d-4645-b217-e1c6d38b2e72#H4$heart%20left%20ventricle_Block,Tissue Block,"Registered 10/15/2021, Michela Noseda, Broad Institute","12 x 13 x 16 millimeter, 16 millimeter",https://doi.org/10.1038/s41586-020-2797-4,http://purl.org/ccf/1.5/760368bf-6b4c-4d92-aa2b-24e17fd947d3,12,13,16,Michela Noseda,Michela,Noseda,,0
https://api.cellxgene.cziscience.com/dp/v1/collections/b52eb423-5d0d-4645-b217-e1c6d38b2e72#D2$heart%20right%20ventricle_Block,Tissue Block,"Registered 10/15/2021, Michela Noseda, Broad Institute","17 x 8 x 14 millimeter, 14 millimeter",https://doi.org/10.1038/s41586-020-2797-4,http://purl.org/ccf/1.5/f1790d4b-bbc0-434c-b8ed-f21e8b8be903,17,8,14,Michela Noseda,Michela,Noseda,,0
https://api.cellxgene.cziscience.com/dp/v1/collections/b52eb423-5d0d-4645-b217-e1c6d38b2e72#D3$heart%20right%20ventricle_Block,Tissue Block,"Registered 10/15/2021, Michela Noseda, Broad Institute","17 x 8 x 14 millimeter, 14 millimeter",https://doi.org/10.1038/s41586-020-2797-4,http://purl.org/ccf/1.5/f1790d4b-bbc0-434c-b8ed-f21e8b8be903,17,8,14,Michela Noseda,Michela,Noseda,,0
https://api.cellxgene.cziscience.com/dp/v1/collections/b52eb423-5d0d-4645-b217-e1c6d38b2e72#D6$heart%20right%20ventricle_Block,Tissue Block,"Registered 10/15/2021, Michela Noseda, Broad Institute","17 x 8 x 14 millimeter, 14 millimeter",https://doi.org/10.1038/s41586-020-2797-4,http://purl.org/ccf/1.5/f1790d4b-bbc0-434c-b8ed-f21e8b8be903,17,8,14,Michela Noseda,Michela,Noseda,,0
https://api.cellxgene.cziscience.com/dp/v1/collections/b52eb423-5d0d-4645-b217-e1c6d38b2e72#D7$heart%20right%20ventricle_Block,Tissue Block,"Registered 10/15/2021, Michela Noseda, Broad Institute","17 x 8 x 14 millimeter, 14 millimeter",https://doi.org/10.1038/s41586-020-2797-4,http://purl.org/ccf/1.5/f1790d4b-bbc0-434c-b8ed-f21e8b8be903,17,8,14,Michela Noseda,Michela,Noseda,,0
https://api.cellxgene.cziscience.com/dp/v1/collections/b52eb423-5d0d-4645-b217-e1c6d38b2e72#H2$heart%20right%20ventricle_Block,Tissue Block,"Registered 10/15/2021, Michela Noseda, Broad Institute","17 x 8 x 14 millimeter, 14 millimeter",https://doi.org/10.1038/s41586-020-2797-4,http://purl.org/ccf/1.5/f1790d4b-bbc0-434c-b8ed-f21e8b8be903,17,8,14,Michela Noseda,Michela,Noseda,,0
https://api.cellxgene.cziscience.com/dp/v1/collections/b52eb423-5d0d-4645-b217-e1c6d38b2e72#H3$heart%20right%20ventricle_Block,Tissue Block,"Registered 10/15/2021, Michela Noseda, Broad Institute","17 x 8 x 14 millimeter, 14 millimeter",https://doi.org/10.1038/s41586-020-2797-4,http://purl.org/ccf/1.5/f1790d4b-bbc0-434c-b8ed-f21e8b8be903,17,8,14,Michela Noseda,Michela,Noseda,,0
https://api.cellxgene.cziscience.com/dp/v1/collections/b52eb423-5d0d-4645-b217-e1c6d38b2e72#H4$heart%20right%20ventricle_Block,Tissue Block,"Registered 10/15/2021, Michela Noseda, Broad Institute","17 x 8 x 14 millimeter, 14 millimeter",https://doi.org/10.1038/s41586-020-2797-4,http://purl.org/ccf/1.5/f1790d4b-bbc0-434c-b8ed-f21e8b8be903,17,8,14,Michela Noseda,Michela,Noseda,,0
https://api.cellxgene.cziscience.com/dp/v1/collections/b52eb423-5d0d-4645-b217-e1c6d38b2e72#D2$interventricular%20septum_Block,Tissue Block,"Registered 10/15/2021, Michela Noseda, Broad Institute","15 x 9 x 18 millimeter, 18 millimeter",https://doi.org/10.1038/s41586-020-2797-4,http://purl.org/ccf/1.5/fdb0d1f7-94d5-4628-b345-dbe4975966fd,15,9,18,Michela Noseda,Michela,Noseda,,0
https://api.cellxgene.cziscience.com/dp/v1/collections/b52eb423-5d0d-4645-b217-e1c6d38b2e72#D3$interventricular%20septum_Block,Tissue Block,"Registered 10/15/2021, Michela Noseda, Broad Institute","15 x 9 x 18 millimeter, 18 millimeter",https://doi.org/10.1038/s41586-020-2797-4,http://purl.org/ccf/1.5/fdb0d1f7-94d5-4628-b345-dbe4975966fd,15,9,18,Michela Noseda,Michela,Noseda,,0
https://api.cellxgene.cziscience.com/dp/v1/collections/b52eb423-5d0d-4645-b217-e1c6d38b2e72#D6$interventricular%20septum_Block,Tissue Block,"Registered 10/15/2021, Michela Noseda, Broad Institute","15 x 9 x 18 millimeter, 18 millimeter",https://doi.org/10.1038/s41586-020-2797-4,http://purl.org/ccf/1.5/fdb0d1f7-94d5-4628-b345-dbe4975966fd,15,9,18,Michela Noseda,Michela,Noseda,,0
https://api.cellxgene.cziscience.com/dp/v1/collections/b52eb423-5d0d-4645-b217-e1c6d38b2e72#D7$interventricular%20septum_Block,Tissue Block,"Registered 10/15/2021, Michela Noseda, Broad Institute","15 x 9 x 18 millimeter, 18 millimeter",https://doi.org/10.1038/s41586-020-2797-4,http://purl.org/ccf/1.5/fdb0d1f7-94d5-4628-b345-dbe4975966fd,15,9,18,Michela Noseda,Michela,Noseda,,0
https://api.cellxgene.cziscience.com/dp/v1/collections/b52eb423-5d0d-4645-b217-e1c6d38b2e72#H2$interventricular%20septum_Block,Tissue Block,"Registered 10/15/2021, Michela Noseda, Broad Institute","15 x 9 x 18 millimeter, 18 millimeter",https://doi.org/10.1038/s41586-020-2797-4,http://purl.org/ccf/1.5/fdb0d1f7-94d5-4628-b345-dbe4975966fd,15,9,18,Michela Noseda,Michela,Noseda,,0
https://api.cellxgene.cziscience.com/dp/v1/collections/b52eb423-5d0d-4645-b217-e1c6d38b2e72#H3$interventricular%20septum_Block,Tissue Block,"Registered 10/15/2021, Michela Noseda, Broad Institute","15 x 9 x 18 millimeter, 18 millimeter",https://doi.org/10.1038/s41586-020-2797-4,http://purl.org/ccf/1.5/fdb0d1f7-94d5-4628-b345-dbe4975966fd,15,9,18,Michela Noseda,Michela,Noseda,,0
https://api.cellxgene.cziscience.com/dp/v1/collections/b52eb423-5d0d-4645-b217-e1c6d38b2e72#H4$interventricular%20septum_Block,Tissue Block,"Registered 10/15/2021, Michela Noseda, Broad Institute","15 x 9 x 18 millimeter, 18 millimeter",https://doi.org/10.1038/s41586-020-2797-4,http://purl.org/ccf/1.5/fdb0d1f7-94d5-4628-b345-dbe4975966fd,15,9,18,Michela Noseda,Michela,Noseda,,0
https://api.cellxgene.cziscience.com/dp/v1/collections/b52eb423-5d0d-4645-b217-e1c6d38b2e72#D2$left%20cardiac%20atrium_Block,Tissue Block,"Registered 5/7/2022, Michela Noseda, Broad Institute","6 x 10 x 12 millimeter, 12 millimeter",https://doi.org/10.1038/s41586-020-2797-4,http://purl.org/ccf/1.5/9bd653dd-2309-4ecc-b4c8-e9f3de4bf8ca,6,10,12,Michela Noseda,Michela,Noseda,,0
https://api.cellxgene.cziscience.com/dp/v1/collections/b52eb423-5d0d-4645-b217-e1c6d38b2e72#D3$left%20cardiac%20atrium_Block,Tissue Block,"Registered 5/7/2022, Michela Noseda, Broad Institute","6 x 10 x 12 millimeter, 12 millimeter",https://doi.org/10.1038/s41586-020-2797-4,http://purl.org/ccf/1.5/9bd653dd-2309-4ecc-b4c8-e9f3de4bf8ca,6,10,12,Michela Noseda,Michela,Noseda,,0
https://api.cellxgene.cziscience.com/dp/v1/collections/b52eb423-5d0d-4645-b217-e1c6d38b2e72#D6$left%20cardiac%20atrium_Block,Tissue Block,"Registered 5/7/2022, Michela Noseda, Broad Institute","6 x 10 x 12 millimeter, 12 millimeter",https://doi.org/10.1038/s41586-020-2797-4,http://purl.org/ccf/1.5/9bd653dd-2309-4ecc-b4c8-e9f3de4bf8ca,6,10,12,Michela Noseda,Michela,Noseda,,0
https://api.cellxgene.cziscience.com/dp/v1/collections/b52eb423-5d0d-4645-b217-e1c6d38b2e72#D7$left%20cardiac%20atrium_Block,Tissue Block,"Registered 5/7/2022, Michela Noseda, Broad Institute","6 x 10 x 12 millimeter, 12 millimeter",https://doi.org/10.1038/s41586-020-2797-4,http://purl.org/ccf/1.5/9bd653dd-2309-4ecc-b4c8-e9f3de4bf8ca,6,10,12,Michela Noseda,Michela,Noseda,,0
https://api.cellxgene.cziscience.com/dp/v1/collections/b52eb423-5d0d-4645-b217-e1c6d38b2e72#H2$left%20cardiac%20atrium_Block,Tissue Block,"Registered 5/7/2022, Michela Noseda, Broad Institute","6 x 10 x 12 millimeter, 12 millimeter",https://doi.org/10.1038/s41586-020-2797-4,http://purl.org/ccf/1.5/9bd653dd-2309-4ecc-b4c8-e9f3de4bf8ca,6,10,12,Michela Noseda,Michela,Noseda,,0
https://api.cellxgene.cziscience.com/dp/v1/collections/b52eb423-5d0d-4645-b217-e1c6d38b2e72#H3$left%20cardiac%20atrium_Block,Tissue Block,"Registered 5/7/2022, Michela Noseda, Broad Institute","6 x 10 x 12 millimeter, 12 millimeter",https://doi.org/10.1038/s41586-020-2797-4,http://purl.org/ccf/1.5/9bd653dd-2309-4ecc-b4c8-e9f3de4bf8ca,6,10,12,Michela Noseda,Michela,Noseda,,0
https://api.cellxgene.cziscience.com/dp/v1/collections/b52eb423-5d0d-4645-b217-e1c6d38b2e72#H4$left%20cardiac%20atrium_Block,Tissue Block,"Registered 5/7/2022, Michela Noseda, Broad Institute","6 x 10 x 12 millimeter, 12 millimeter",https://doi.org/10.1038/s41586-020-2797-4,http://purl.org/ccf/1.5/9bd653dd-2309-4ecc-b4c8-e9f3de4bf8ca,6,10,12,Michela Noseda,Michela,Noseda,,0
https://api.cellxgene.cziscience.com/dp/v1/collections/b52eb423-5d0d-4645-b217-e1c6d38b2e72#D4$right%20cardiac%20atrium_Block,Tissue Block,"Registered 5/7/2022, Michela Noseda, Broad Institute","6 x 9 x 10 millimeter, 10 millimeter",https://doi.org/10.1038/s41586-020-2797-4,http://purl.org/ccf/1.5/ca476545-5b98-476c-b2fd-1b8e1708faed,6,9,10,Michela Noseda,Michela,Noseda,,0
https://api.cellxgene.cziscience.com/dp/v1/collections/b52eb423-5d0d-4645-b217-e1c6d38b2e72#D5$right%20cardiac%20atrium_Block,Tissue Block,"Registered 5/7/2022, Michela Noseda, Broad Institute","6 x 9 x 10 millimeter, 10 millimeter",https://doi.org/10.1038/s41586-020-2797-4,http://purl.org/ccf/1.5/ca476545-5b98-476c-b2fd-1b8e1708faed,6,9,10,Michela Noseda,Michela,Noseda,,0
https://api.cellxgene.cziscience.com/dp/v1/collections/b52eb423-5d0d-4645-b217-e1c6d38b2e72#H5$right%20cardiac%20atrium_Block,Tissue Block,"Registered 5/7/2022, Michela Noseda, Broad Institute","6 x 9 x 10 millimeter, 10 millimeter",https://doi.org/10.1038/s41586-020-2797-4,http://purl.org/ccf/1.5/ca476545-5b98-476c-b2fd-1b8e1708faed,6,9,10,Michela Noseda,Michela,Noseda,,0
https://api.cellxgene.cziscience.com/dp/v1/collections/b52eb423-5d0d-4645-b217-e1c6d38b2e72#H6$right%20cardiac%20atrium_Block,Tissue Block,"Registered 5/7/2022, Michela Noseda, Broad Institute","6 x 9 x 10 millimeter, 10 millimeter",https://doi.org/10.1038/s41586-020-2797-4,http://purl.org/ccf/1.5/ca476545-5b98-476c-b2fd-1b8e1708faed,6,9,10,Michela Noseda,Michela,Noseda,,0
https://api.cellxgene.cziscience.com/dp/v1/collections/b52eb423-5d0d-4645-b217-e1c6d38b2e72#H7$right%20cardiac%20atrium_Block,Tissue Block,"Registered 5/7/2022, Michela Noseda, Broad Institute","6 x 9 x 10 millimeter, 10 millimeter",https://doi.org/10.1038/s41586-020-2797-4,http://purl.org/ccf/1.5/ca476545-5b98-476c-b2fd-1b8e1708faed,6,9,10,Michela Noseda,Michela,Noseda,,0
https://api.cellxgene.cziscience.com/dp/v1/collections/b52eb423-5d0d-4645-b217-e1c6d38b2e72#D11$right%20cardiac%20atrium_Block,Tissue Block,"Registered 5/7/2022, Michela Noseda, Broad Institute","6 x 9 x 10 millimeter, 10 millimeter",https://doi.org/10.1038/s41586-020-2797-4,http://purl.org/ccf/1.5/ca476545-5b98-476c-b2fd-1b8e1708faed,6,9,10,Michela Noseda,Michela,Noseda,,0
https://entity.api.hubmapconsortium.org/entities/074c96e0c614d3f8132a60afdd536db4,Tissue Block,"Registered 2/10/2021, Marda Jorgensen, TMC-Florida","10 x 10 x 10 millimeter, 10 millimeter, 0 Sections",https://portal.hubmapconsortium.org/browse/sample/074c96e0c614d3f8132a60afdd536db4,http://purl.org/ccf/1.5/cd2f7613-97dc-4fd1-a10e-2343295d76a7,10,10,10,Marda Jorgensen,Marda,Jorgensen,,0
https://entity.api.hubmapconsortium.org/entities/7837bb654b7c0dbf0fa0a60f7cef491d,Tissue Block,"Registered 8/24/2022, Merissa Olmer, TMC-UConn","5 x 30 x 2.5 millimeter, 2.5 millimeter, 0 Sections",https://portal.hubmapconsortium.org/browse/sample/7837bb654b7c0dbf0fa0a60f7cef491d,http://purl.org/ccf/1.5/a8339ba3-15b1-456c-8eec-455e31f19686,5,30,2.5,Merissa Olmer,Merissa,Olmer,,0
https://entity.api.sennetconsortium.org/entities/1ee30c2405fcc5b749f1cb305c12afcf,Tissue Block,"Registered 5/29/2026, Andrew Watts, TMC - University of Pittsburgh","10 x 10 x 10 millimeter, 10 millimeter, 1 Sections",https://data.sennetconsortium.org/sample?uuid=1ee30c2405fcc5b749f1cb305c12afcf,http://purl.org/ccf/1.5/f876a7c0-7fcb-4cd4-97d7-639194f5a1af,10,10,10,NayraCardenes,Nayra,Cardenes,,0
https://entity.api.sennetconsortium.org/entities/2661e80848d7aeaae730c8079e559ff2,Tissue Block,"Registered 5/29/2026, Andrew Watts, TMC - University of Pittsburgh","10 x 10 x 10 millimeter, 10 millimeter, 1 Sections",https://data.sennetconsortium.org/sample?uuid=2661e80848d7aeaae730c8079e559ff2,http://purl.org/ccf/1.5/f876a7c0-7fcb-4cd4-97d7-639194f5a1af,10,10,10,NayraCardenes,Nayra,Cardenes,,0
https://entity.api.sennetconsortium.org/entities/0974af4f7207628a2d67b6442f3837a6,Tissue Block,"Registered 5/29/2026, Andrew Watts, TMC - University of Pittsburgh","10 x 10 x 10 millimeter, 10 millimeter, 1 Sections",https://data.sennetconsortium.org/sample?uuid=0974af4f7207628a2d67b6442f3837a6,http://purl.org/ccf/1.5/f876a7c0-7fcb-4cd4-97d7-639194f5a1af,10,10,10,NayraCardenes,Nayra,Cardenes,,0
https://entity.api.sennetconsortium.org/entities/2b6852bec916a8a013468d250f6c11df,Tissue Block,"Registered 5/29/2026, Andrew Watts, TMC - University of Pittsburgh","10 x 10 x 10 millimeter, 10 millimeter, 1 Sections",https://data.sennetconsortium.org/sample?uuid=2b6852bec916a8a013468d250f6c11df,http://purl.org/ccf/1.5/f876a7c0-7fcb-4cd4-97d7-639194f5a1af,10,10,10,NayraCardenes,Nayra,Cardenes,,0
https://entity.api.sennetconsortium.org/entities/940698821047c9505dcfe4c1edb01461,Tissue Block,"Registered 5/29/2026, Andrew Watts, TMC - University of Pittsburgh","10 x 10 x 10 millimeter, 10 millimeter, 1 Sections",https://data.sennetconsortium.org/sample?uuid=940698821047c9505dcfe4c1edb01461,http://purl.org/ccf/1.5/f876a7c0-7fcb-4cd4-97d7-639194f5a1af,10,10,10,NayraCardenes,Nayra,Cardenes,,0
https://entity.api.sennetconsortium.org/entities/b3140371e22f630c2cbdd81d9cb86370,Tissue Block,"Registered 5/29/2026, Andrew Watts, TMC - University of Pittsburgh","10 x 10 x 10 millimeter, 10 millimeter, 1 Sections",https://data.sennetconsortium.org/sample?uuid=b3140371e22f630c2cbdd81d9cb86370,http://purl.org/ccf/1.5/f876a7c0-7fcb-4cd4-97d7-639194f5a1af,10,10,10,NayraCardenes,Nayra,Cardenes,,0
https://entity.api.sennetconsortium.org/entities/d6b683413c8b7897123c5722c7b8575a,Tissue Block,"Registered 5/29/2026, Andrew Watts, TMC - University of Pittsburgh","10 x 10 x 10 millimeter, 10 millimeter, 1 Sections",https://data.sennetconsortium.org/sample?uuid=d6b683413c8b7897123c5722c7b8575a,http://purl.org/ccf/1.5/f876a7c0-7fcb-4cd4-97d7-639194f5a1af,10,10,10,NayraCardenes,Nayra,Cardenes,,0
https://entity.api.sennetconsortium.org/entities/f75e5ae5ca12ccb9aebb1165a7a9a073,Tissue Block,"Registered 5/29/2026, Andrew Watts, TMC - University of Pittsburgh","10 x 10 x 10 millimeter, 10 millimeter, 1 Sections",https://data.sennetconsortium.org/sample?uuid=f75e5ae5ca12ccb9aebb1165a7a9a073,http://purl.org/ccf/1.5/f876a7c0-7fcb-4cd4-97d7-639194f5a1af,10,10,10,NayraCardenes,Nayra,Cardenes,,0
https://hubmapconsortium.github.io/hra-registrations/staging/htan-skin-sorger-2024#Donor1_TissueBlock1,Tissue Block,"Registered 6/24/2024, Peter Sorger, Harvard University","59 x 57 x 8 millimeter, 8 millimeter",https://www.biorxiv.org/content/10.1101/2023.11.10.566670v3,http://purl.org/ccf/1.5/80e52433-fc23-459c-be91-c02b4a466135,59,57,8,Peter Sorger,Peter,Sorger,,0
https://entity.api.hubmapconsortium.org/entities/0101a0807f72d7028231205d5062910a,Tissue Block,"Registered 12/4/2019, Marda Jorgensen, TMC-Florida","10 x 10 x 10 millimeter, 10 millimeter, 0 Sections",https://portal.hubmapconsortium.org/browse/sample/0101a0807f72d7028231205d5062910a,http://purl.org/ccf/0.5/be6889d4-1522-4b19-9653-8b9c46919555,10,10,10,Marda Jorgensen,Marda,Jorgensen,,0
https://entity.api.hubmapconsortium.org/entities/01f48b43d1440fe7d441cd0a8eb74482,Tissue Block,"Registered 3/10/2020, Marda Jorgensen, TMC-Florida","10 x 10 x 10 millimeter, 10 millimeter, 0 Sections",https://portal.hubmapconsortium.org/browse/sample/01f48b43d1440fe7d441cd0a8eb74482,http://purl.org/ccf/0.5/93b8c3e2-e7c7-40f5-b79d-19223806c217,10,10,10,Marda Jorgensen,Marda,Jorgensen,,0
https://entity.api.hubmapconsortium.org/entities/13900f28089c3f38cafdbd89272f5db1,Tissue Block,"Registered 9/10/2021, Marda Jorgensen, TMC-Florida","10 x 10 x 10 millimeter, 10 millimeter, 0 Sections",https://portal.hubmapconsortium.org/browse/sample/13900f28089c3f38cafdbd89272f5db1,http://purl.org/ccf/1.5/61a65c4b-60b9-4024-8525-ea879d8ca19a,10,10,10,Marda Jorgensen,Marda,Jorgensen,,0
https://entity.api.hubmapconsortium.org/entities/268e8fb044f82a1497b5fd17918500ea,Tissue Block,"Registered 9/10/2021, Marda Jorgensen, TMC-Florida","10 x 10 x 10 millimeter, 10 millimeter, 0 Sections",https://portal.hubmapconsortium.org/browse/sample/268e8fb044f82a1497b5fd17918500ea,http://purl.org/ccf/1.5/9d989d45-433f-4a48-9179-33f05c57e601,10,10,10,Marda Jorgensen,Marda,Jorgensen,,0
https://entity.api.hubmapconsortium.org/entities/26c7a3b619c37b2d1ff3413b29cb220d,Tissue Block,"Registered 12/13/2022, Marda Jorgensen, TMC-Florida","10 x 10 x 10 millimeter, 10 millimeter, 1 Sections",https://portal.hubmapconsortium.org/browse/sample/26c7a3b619c37b2d1ff3413b29cb220d,http://purl.org/ccf/1.5/8fe1d7d0-227f-408c-85c5-1a808e60abbb,10,10,10,Marda Jorgensen,Marda,Jorgensen,,0
https://entity.api.hubmapconsortium.org/entities/28a3bf68c312d5fcfd6abe101261b880,Tissue Block,"Registered 8/11/2020, Marda Jorgensen, TMC-Florida","10 x 10 x 10 millimeter, 10 millimeter, 0 Sections",https://portal.hubmapconsortium.org/browse/sample/28a3bf68c312d5fcfd6abe101261b880,http://purl.org/ccf/0.5/e45c719b-49ee-4856-adab-789f34a10f40,10,10,10,Marda Jorgensen,Marda,Jorgensen,,0
https://entity.api.hubmapconsortium.org/entities/386c2f0387641f395fe040546e05abf5,Tissue Block,"Registered 10/2/2021, Marda Jorgensen, TMC-Florida","10 x 10 x 10 millimeter, 10 millimeter, 0 Sections",https://portal.hubmapconsortium.org/browse/sample/386c2f0387641f395fe040546e05abf5,http://purl.org/ccf/1.5/fe26f171-fdd4-4293-bfe0-2a8c1e84c7fa,10,10,10,Marda Jorgensen,Marda,Jorgensen,,0
https://entity.api.hubmapconsortium.org/entities/39edd934db23370ba003c0606b66ed9d,Tissue Block,"Registered 10/29/2019, Marda Jorgensen, TMC-Florida","10 x 10 x 10 millimeter, 10 millimeter, 0 Sections",https://portal.hubmapconsortium.org/browse/sample/39edd934db23370ba003c0606b66ed9d,http://purl.org/ccf/0.5/cf9f92a4-8500-46ca-a627-345a36182476,10,10,10,Marda Jorgensen,Marda,Jorgensen,,0
https://entity.api.hubmapconsortium.org/entities/557b1690e60fab7ae503bdedec423a8e,Tissue Block,"Registered 10/29/2019, Marda Jorgensen, TMC-Florida","10 x 10 x 10 millimeter, 10 millimeter, 0 Sections",https://portal.hubmapconsortium.org/browse/sample/557b1690e60fab7ae503bdedec423a8e,http://purl.org/ccf/0.5/08996af5-5655-4987-87c9-e48eae249db3,10,10,10,Marda Jorgensen,Marda,Jorgensen,,0
https://entity.api.hubmapconsortium.org/entities/86e1dc729929d042cf13749fd6ca8b29,Tissue Block,"Registered 2/7/2020, Marda Jorgensen, TMC-Florida","10 x 10 x 10 millimeter, 10 millimeter, 0 Sections",https://portal.hubmapconsortium.org/browse/sample/86e1dc729929d042cf13749fd6ca8b29,http://purl.org/ccf/0.5/a7b9393b-675d-4c2e-a7db-fff8237e0831,10,10,10,Marda Jorgensen,Marda,Jorgensen,,0
https://entity.api.hubmapconsortium.org/entities/8be83d4cdaf00b040835c83f5ad25750,Tissue Block,"Registered 3/11/2020, Marda Jorgensen, TMC-Florida","10 x 10 x 10 millimeter, 10 millimeter, 0 Sections",https://portal.hubmapconsortium.org/browse/sample/8be83d4cdaf00b040835c83f5ad25750,http://purl.org/ccf/0.5/53d6d6ff-03c4-4a14-bf70-5199b19f338e,10,10,10,Marda Jorgensen,Marda,Jorgensen,,0
https://entity.api.hubmapconsortium.org/entities/c0555e61bbd0e308d4231406accb4ec6,Tissue Block,"Registered 3/11/2020, Marda Jorgensen, TMC-Florida","10 x 10 x 10 millimeter, 10 millimeter, 0 Sections",https://portal.hubmapconsortium.org/browse/sample/c0555e61bbd0e308d4231406accb4ec6,http://purl.org/ccf/0.5/2b48005e-ab71-4916-bcad-af8e151cbd72,10,10,10,Marda Jorgensen,Marda,Jorgensen,,0
https://entity.api.hubmapconsortium.org/entities/d0cf2383cd05565c1ccd8b4817f2effd,Tissue Block,"Registered 10/29/2019, Marda Jorgensen, TMC-Florida","10 x 10 x 10 millimeter, 10 millimeter, 0 Sections",https://portal.hubmapconsortium.org/browse/sample/d0cf2383cd05565c1ccd8b4817f2effd,http://purl.org/ccf/0.5/dfe1f350-b009-4c02-884e-640d12fe42fb,10,10,10,Marda Jorgensen,Marda,Jorgensen,,0
https://entity.api.hubmapconsortium.org/entities/d5ed99bb117cc5926f6c75c2dda38713,Tissue Block,"Registered 8/11/2020, Marda Jorgensen, TMC-Florida","10 x 10 x 10 millimeter, 10 millimeter, 0 Sections",https://portal.hubmapconsortium.org/browse/sample/d5ed99bb117cc5926f6c75c2dda38713,http://purl.org/ccf/0.5/3ffbef80-c3f6-441e-a074-9f726984e29d,10,10,10,Marda Jorgensen,Marda,Jorgensen,,0
https://entity.api.hubmapconsortium.org/entities/e258d717ddad14bfe1794690ae96d52e,Tissue Block,"Registered 9/10/2021, Marda Jorgensen, TMC-Florida","10 x 10 x 10 millimeter, 10 millimeter, 0 Sections",https://portal.hubmapconsortium.org/browse/sample/e258d717ddad14bfe1794690ae96d52e,http://purl.org/ccf/1.5/76ac786b-8bde-4fcc-a96d-3c68b8d852b8,10,10,10,Marda Jorgensen,Marda,Jorgensen,,0
https://entity.api.hubmapconsortium.org/entities/06a1f610f46fcf8116a8dbc70fa094d7,Tissue Block,"Registered 8/24/2022, Merissa Olmer, TMC-UConn","5 x 30 x 2.5 millimeter, 2.5 millimeter, 0 Sections",https://portal.hubmapconsortium.org/browse/sample/06a1f610f46fcf8116a8dbc70fa094d7,http://purl.org/ccf/1.5/c8ce1bee-a81d-4d16-bd9d-20f84718a6b4,5,30,2.5,Merissa Olmer,Merissa,Olmer,,0
https://entity.api.hubmapconsortium.org/entities/06f2cc3fbcae1ceb3ea331e591f75ab5,Tissue Block,"Registered 9/10/2021, Marda Jorgensen, TMC-Florida","10 x 10 x 10 millimeter, 10 millimeter, 0 Sections",https://portal.hubmapconsortium.org/browse/sample/06f2cc3fbcae1ceb3ea331e591f75ab5,http://purl.org/ccf/1.5/f347d8fc-2552-4b8d-8012-1c06347a6e74,10,10,10,Marda Jorgensen,Marda,Jorgensen,,0
https://entity.api.hubmapconsortium.org/entities/0b6a4da78efba0ea26738f55cfe85e69,Tissue Block,"Registered 8/24/2022, Merissa Olmer, TMC-UConn","16 x 8 x 15 millimeter, 15 millimeter, 0 Sections",https://portal.hubmapconsortium.org/browse/sample/0b6a4da78efba0ea26738f55cfe85e69,http://purl.org/ccf/1.5/24b08d7f-72e8-4980-8203-27664b892ed3,16,8,15,Merissa Olmer,Merissa,Olmer,,0
https://entity.api.hubmapconsortium.org/entities/0c7a5ecb3bf2398cfa7c962617ed2072,Tissue Block,"Registered 8/24/2022, Merissa Olmer, TMC-UConn","5 x 30 x 2.5 millimeter, 2.5 millimeter, 0 Sections",https://portal.hubmapconsortium.org/browse/sample/0c7a5ecb3bf2398cfa7c962617ed2072,http://purl.org/ccf/1.5/00f945be-8604-4382-834d-707a37498a9a,5,30,2.5,Merissa Olmer,Merissa,Olmer,,0
https://entity.api.hubmapconsortium.org/entities/0ccf43ecc685e2ce2bd339fb87a240a2,Tissue Block,"Registered 9/10/2021, Marda Jorgensen, TMC-Florida","10 x 10 x 10 millimeter, 10 millimeter, 0 Sections",https://portal.hubmapconsortium.org/browse/sample/0ccf43ecc685e2ce2bd339fb87a240a2,http://purl.org/ccf/1.5/2463da02-6c78-4280-a399-df99f4463aa3,10,10,10,Marda Jorgensen,Marda,Jorgensen,,0
https://entity.api.hubmapconsortium.org/entities/117f50e0c71afde9435365f1a7ebe612,Tissue Block,"Registered 10/2/2021, Marda Jorgensen, TMC-Florida","10 x 10 x 10 millimeter, 5 millimeter, 2 Sections",https://portal.hubmapconsortium.org/browse/sample/117f50e0c71afde9435365f1a7ebe612,http://purl.org/ccf/1.5/bf143baf-38d8-4976-98bf-b48bbcfe90dd,10,10,10,Marda Jorgensen,Marda,Jorgensen,,0
https://entity.api.hubmapconsortium.org/entities/229a581f348ad1d5ce2bba31bda20078,Tissue Block,"Registered 10/2/2021, Marda Jorgensen, TMC-Florida","10 x 10 x 10 millimeter, 10 millimeter, 1 Sections",https://portal.hubmapconsortium.org/browse/sample/229a581f348ad1d5ce2bba31bda20078,http://purl.org/ccf/1.5/27853ce2-3031-4eb3-8aa6-8c7b4acce5e9,10,10,10,Marda Jorgensen,Marda,Jorgensen,,0
https://entity.api.hubmapconsortium.org/entities/2fd5e2341c703ca534aba69cb96dcf17,Tissue Block,"Registered 9/10/2021, Marda Jorgensen, TMC-Florida","10 x 10 x 10 millimeter, 10 millimeter, 0 Sections",https://portal.hubmapconsortium.org/browse/sample/2fd5e2341c703ca534aba69cb96dcf17,http://purl.org/ccf/1.5/762b6f55-e762-4e77-a676-61ca85ff209b,10,10,10,Marda Jorgensen,Marda,Jorgensen,,0
https://entity.api.hubmapconsortium.org/entities/6371ec552f538266466e7bbd64666eec,Tissue Block,"Registered 8/24/2022, Merissa Olmer, TMC-UConn","16 x 8 x 15 millimeter, 15 millimeter, 0 Sections",https://portal.hubmapconsortium.org/browse/sample/6371ec552f538266466e7bbd64666eec,http://purl.org/ccf/1.5/6add732b-a31a-4c4e-9107-5125558e3374,16,8,15,Merissa Olmer,Merissa,Olmer,,0
https://entity.api.hubmapconsortium.org/entities/7000456f479ecdd3a5c7f4ba70ada709,Tissue Block,"Registered 2/10/2021, Marda Jorgensen, TMC-Florida","10 x 10 x 10 millimeter, 10 millimeter, 0 Sections",https://portal.hubmapconsortium.org/browse/sample/7000456f479ecdd3a5c7f4ba70ada709,http://purl.org/ccf/1.5/b730bf41-6de9-423a-bfe6-6da81191d821,10,10,10,Marda Jorgensen,Marda,Jorgensen,,0
https://entity.api.hubmapconsortium.org/entities/ca14a67219e3548a6b55d7b163ee3dae,Tissue Block,"Registered 9/10/2021, Marda Jorgensen, TMC-Florida","10 x 10 x 10 millimeter, 10 millimeter, 0 Sections",https://portal.hubmapconsortium.org/browse/sample/ca14a67219e3548a6b55d7b163ee3dae,http://purl.org/ccf/1.5/4c56d310-5e6e-46ec-99ff-ca40d788b931,10,10,10,Marda Jorgensen,Marda,Jorgensen,,0
https://entity.api.hubmapconsortium.org/entities/cc85586061c13a5fb6adf72c75a32cf9,Tissue Block,"Registered 10/2/2021, Marda Jorgensen, TMC-Florida","10 x 10 x 10 millimeter, 10 millimeter, 0 Sections",https://portal.hubmapconsortium.org/browse/sample/cc85586061c13a5fb6adf72c75a32cf9,http://purl.org/ccf/1.5/b70e5ec6-4604-49ba-8a69-1f6c0c1aaf33,10,10,10,Marda Jorgensen,Marda,Jorgensen,,0
https://entity.api.hubmapconsortium.org/entities/ed12b3e37fc8dcc4287f4f209eef9c4b,Tissue Block,"Registered 11/1/2019, Marda Jorgensen, TMC-Florida","10 x 10 x 10 millimeter, 10 millimeter, 0 Sections",https://portal.hubmapconsortium.org/browse/sample/ed12b3e37fc8dcc4287f4f209eef9c4b,http://purl.org/ccf/0.5/df1c474e-aad4-4c34-a616-5a621a8a2bfa,10,10,10,Marda Jorgensen,Marda,Jorgensen,,0
https://entity.api.hubmapconsortium.org/entities/5618b44c286af71b9fcda4c322fc1f52,Tissue Block,"Registered 8/24/2022, Merissa Olmer, TMC-UConn","16 x 5 x 15 millimeter, 15 millimeter, 0 Sections",https://portal.hubmapconsortium.org/browse/sample/5618b44c286af71b9fcda4c322fc1f52,http://purl.org/ccf/1.5/463d2148-5b77-47cb-b2d1-94f05769b73d,16,5,15,Merissa Olmer,Merissa,Olmer,,0
https://entity.api.hubmapconsortium.org/entities/8a1c2977cbb0f5e3f898a3bfa2e95aeb,Tissue Block,"Registered 8/24/2022, Merissa Olmer, TMC-UConn","5 x 30 x 2.5 millimeter, 2.5 millimeter, 0 Sections",https://portal.hubmapconsortium.org/browse/sample/8a1c2977cbb0f5e3f898a3bfa2e95aeb,http://purl.org/ccf/1.5/016e1d91-9c07-46b7-8441-2975df328fb3,5,30,2.5,Merissa Olmer,Merissa,Olmer,,0
https://entity.api.sennetconsortium.org/entities/0c6303bde16de5394df77e5504d5c53b,Tissue Block,"Registered 4/18/2024, Andrew Watts, TMC - University of Pittsburgh","5 x 5 x 5 millimeter, 0.4 millimeter, 12 Sections",https://data.sennetconsortium.org/sample?uuid=0c6303bde16de5394df77e5504d5c53b,http://purl.org/ccf/1.5/48d5a53a-8ff5-4820-8c71-dbeb23401c1b,5,5,5,NayraCardenes,Nayra,Cardenes,,0
https://entity.api.sennetconsortium.org/entities/35040804483c9ae0cca92e7678c7a98b,Tissue Block,"Registered 4/10/2024, Andrew Watts, TMC - University of Pittsburgh","5 x 5 x 5 millimeter, 0.8 millimeter, 6 Sections",https://data.sennetconsortium.org/sample?uuid=35040804483c9ae0cca92e7678c7a98b,http://purl.org/ccf/1.5/48d5a53a-8ff5-4820-8c71-dbeb23401c1b,5,5,5,NayraCardenes,Nayra,Cardenes,,0
https://entity.api.sennetconsortium.org/entities/4cab27896403ccb838e400f3a01da969,Tissue Block,"Registered 4/10/2024, Andrew Watts, TMC - University of Pittsburgh","5 x 5 x 5 millimeter, 0.8 millimeter, 6 Sections",https://data.sennetconsortium.org/sample?uuid=4cab27896403ccb838e400f3a01da969,http://purl.org/ccf/1.5/48d5a53a-8ff5-4820-8c71-dbeb23401c1b,5,5,5,NayraCardenes,Nayra,Cardenes,,0
https://entity.api.sennetconsortium.org/entities/463986fb0e60340099deb6fd2b127c2b,Tissue Block,"Registered 4/18/2024, Andrew Watts, TMC - University of Pittsburgh","5 x 5 x 5 millimeter, 0.8 millimeter, 6 Sections",https://data.sennetconsortium.org/sample?uuid=463986fb0e60340099deb6fd2b127c2b,http://purl.org/ccf/1.5/48d5a53a-8ff5-4820-8c71-dbeb23401c1b,5,5,5,NayraCardenes,Nayra,Cardenes,,0
https://entity.api.sennetconsortium.org/entities/9955045657fff47ff95beacd22f9d8a0,Tissue Block,"Registered 4/10/2024, Andrew Watts, TMC - University of Pittsburgh","5 x 5 x 5 millimeter, 0.4 millimeter, 12 Sections",https://data.sennetconsortium.org/sample?uuid=9955045657fff47ff95beacd22f9d8a0,http://purl.org/ccf/1.5/48d5a53a-8ff5-4820-8c71-dbeb23401c1b,5,5,5,NayraCardenes,Nayra,Cardenes,,0
https://entity.api.sennetconsortium.org/entities/f27812ddc83d432a577fff1a37e52e0d,Tissue Block,"Registered 4/18/2024, Andrew Watts, TMC - University of Pittsburgh","5 x 5 x 5 millimeter, 0.8 millimeter, 6 Sections",https://data.sennetconsortium.org/sample?uuid=f27812ddc83d432a577fff1a37e52e0d,http://purl.org/ccf/1.5/48d5a53a-8ff5-4820-8c71-dbeb23401c1b,5,5,5,NayraCardenes,Nayra,Cardenes,,0
https://entity.api.sennetconsortium.org/entities/34500b8d60c3fef1d63b8f96264fe2fa,Tissue Block,"Registered 4/10/2024, Andrew Watts, TMC - University of Pittsburgh","5 x 5 x 5 millimeter, 0.8 millimeter, 6 Sections",https://data.sennetconsortium.org/sample?uuid=34500b8d60c3fef1d63b8f96264fe2fa,http://purl.org/ccf/1.5/3ce40ad1-3586-44f3-a8c5-0e4f7af4c094,5,5,5,NayraCardenes,Nayra,Cardenes,,0
https://entity.api.sennetconsortium.org/entities/58d62dc1a6eefb872af6deb907ee1fc7,Tissue Block,"Registered 4/10/2024, Andrew Watts, TMC - University of Pittsburgh","5 x 5 x 5 millimeter, 0.4 millimeter, 12 Sections",https://data.sennetconsortium.org/sample?uuid=58d62dc1a6eefb872af6deb907ee1fc7,http://purl.org/ccf/1.5/3ce40ad1-3586-44f3-a8c5-0e4f7af4c094,5,5,5,NayraCardenes,Nayra,Cardenes,,0
https://entity.api.sennetconsortium.org/entities/8ba0da4322ea159d9f84b6e8e485826b,Tissue Block,"Registered 4/18/2024, Andrew Watts, TMC - University of Pittsburgh","5 x 5 x 5 millimeter, 0.4 millimeter, 13 Sections",https://data.sennetconsortium.org/sample?uuid=8ba0da4322ea159d9f84b6e8e485826b,http://purl.org/ccf/1.5/3ce40ad1-3586-44f3-a8c5-0e4f7af4c094,5,5,5,NayraCardenes,Nayra,Cardenes,,0
https://entity.api.sennetconsortium.org/entities/952b2f0e8e6d632252a824d73135de01,Tissue Block,"Registered 4/18/2024, Andrew Watts, TMC - University of Pittsburgh","5 x 5 x 5 millimeter, 0.8 millimeter, 6 Sections",https://data.sennetconsortium.org/sample?uuid=952b2f0e8e6d632252a824d73135de01,http://purl.org/ccf/1.5/3ce40ad1-3586-44f3-a8c5-0e4f7af4c094,5,5,5,NayraCardenes,Nayra,Cardenes,,0
https://entity.api.sennetconsortium.org/entities/c0c9c4ea5266dee3571d12188f9afc4c,Tissue Block,"Registered 4/10/2024, Andrew Watts, TMC - University of Pittsburgh","5 x 5 x 5 millimeter, 0.8 millimeter, 6 Sections",https://data.sennetconsortium.org/sample?uuid=c0c9c4ea5266dee3571d12188f9afc4c,http://purl.org/ccf/1.5/3ce40ad1-3586-44f3-a8c5-0e4f7af4c094,5,5,5,NayraCardenes,Nayra,Cardenes,,0
https://entity.api.sennetconsortium.org/entities/d14ccfaac0f2bb6207c169f41eb8d5e7,Tissue Block,"Registered 4/18/2024, Andrew Watts, TMC - University of Pittsburgh","5 x 5 x 5 millimeter, 0.7 millimeter, 7 Sections",https://data.sennetconsortium.org/sample?uuid=d14ccfaac0f2bb6207c169f41eb8d5e7,http://purl.org/ccf/1.5/3ce40ad1-3586-44f3-a8c5-0e4f7af4c094,5,5,5,NayraCardenes,Nayra,Cardenes,,0
https://entity.api.sennetconsortium.org/entities/3b00d8125e1869a38c8ca5bb9c581f75,Tissue Block,"Registered 4/10/2024, Andrew Watts, TMC - University of Pittsburgh","5 x 5 x 5 millimeter, 0.8 millimeter, 6 Sections",https://data.sennetconsortium.org/sample?uuid=3b00d8125e1869a38c8ca5bb9c581f75,http://purl.org/ccf/1.5/4cd16de1-5b60-4cd0-9e44-f3fbf5311c71,5,5,5,NayraCardenes,Nayra,Cardenes,,0
https://entity.api.sennetconsortium.org/entities/3e9e2b3652b3861ac53cc37a9084bb75,Tissue Block,"Registered 4/18/2024, Andrew Watts, TMC - University of Pittsburgh","5 x 5 x 5 millimeter, 0.4 millimeter, 12 Sections",https://data.sennetconsortium.org/sample?uuid=3e9e2b3652b3861ac53cc37a9084bb75,http://purl.org/ccf/1.5/4cd16de1-5b60-4cd0-9e44-f3fbf5311c71,5,5,5,NayraCardenes,Nayra,Cardenes,,0
https://entity.api.sennetconsortium.org/entities/7bd388f19a3d4f4337d7830ef8e9766b,Tissue Block,"Registered 4/10/2024, Andrew Watts, TMC - University of Pittsburgh","5 x 5 x 5 millimeter, 0.8 millimeter, 6 Sections",https://data.sennetconsortium.org/sample?uuid=7bd388f19a3d4f4337d7830ef8e9766b,http://purl.org/ccf/1.5/4cd16de1-5b60-4cd0-9e44-f3fbf5311c71,5,5,5,NayraCardenes,Nayra,Cardenes,,0
https://entity.api.sennetconsortium.org/entities/9933ac5c8f82f43640a8793787acb3fa,Tissue Block,"Registered 4/18/2024, Andrew Watts, TMC - University of Pittsburgh","5 x 5 x 5 millimeter, 0.8 millimeter, 6 Sections",https://data.sennetconsortium.org/sample?uuid=9933ac5c8f82f43640a8793787acb3fa,http://purl.org/ccf/1.5/4cd16de1-5b60-4cd0-9e44-f3fbf5311c71,5,5,5,NayraCardenes,Nayra,Cardenes,,0
https://entity.api.sennetconsortium.org/entities/9fdb0e64ec603ee0e796642d2b631153,Tissue Block,"Registered 4/18/2024, Andrew Watts, TMC - University of Pittsburgh","5 x 5 x 5 millimeter, 0.8 millimeter, 6 Sections",https://data.sennetconsortium.org/sample?uuid=9fdb0e64ec603ee0e796642d2b631153,http://purl.org/ccf/1.5/4cd16de1-5b60-4cd0-9e44-f3fbf5311c71,5,5,5,NayraCardenes,Nayra,Cardenes,,0
https://entity.api.sennetconsortium.org/entities/c4b69698102aff065a46625a34524548,Tissue Block,"Registered 4/10/2024, Andrew Watts, TMC - University of Pittsburgh","5 x 5 x 5 millimeter, 0.4 millimeter, 12 Sections",https://data.sennetconsortium.org/sample?uuid=c4b69698102aff065a46625a34524548,http://purl.org/ccf/1.5/4cd16de1-5b60-4cd0-9e44-f3fbf5311c71,5,5,5,NayraCardenes,Nayra,Cardenes,,0
http://purl.org/ccf/1.5/fb73e18b-9ddc-4fdf-b9a6-4b7735e5017b,Tissue Block,"Registered 2/11/2024, Gloria S Pryhuber, University of California San Diego",Donor D265 left lung lower lobe,https://portal.hubmapconsortium.org/browse/sample/539b8dd38698d191ec284f9f061e7441,http://purl.org/ccf/1.5/fb73e18b-9ddc-4fdf-b9a6-4b7735e5017b,10,10,5,Gloria S Pryhuber,Gloria,Pryhuber,,0
https://entity.api.hubmapconsortium.org/entities/539b8dd38698d191ec284f9f061e7441,Tissue Block,"Registered 5/29/2024, Anthony Corbett, University of Rochester Medical Center TMC","10 x 10 x 5 millimeter, 0.4 millimeter, 14 Sections",https://portal.hubmapconsortium.org/browse/sample/539b8dd38698d191ec284f9f061e7441,http://purl.org/ccf/1.5/fb73e18b-9ddc-4fdf-b9a6-4b7735e5017b,10,10,5,Gloria S Pryhuber,Gloria,Pryhuber,,0
https://entity.api.hubmapconsortium.org/entities/06fd15efbba53f1bd8d1ba4ed9f55421,Tissue Block,"Registered 6/18/2022, GLORIA PRYHUBER, TMC-UCSD","10 x 10 x 10 millimeter, 3.3 millimeter, 3 Sections",https://portal.hubmapconsortium.org/browse/sample/06fd15efbba53f1bd8d1ba4ed9f55421,http://purl.org/ccf/1.5/8c2283cd-667a-4fa1-9026-50e30bcfdcd1,10,10,10,GLORIA PRYHUBER,GLORIA,PRYHUBER,,0
https://entity.api.hubmapconsortium.org/entities/096733e700ef7ab31bedf6bef6d5b9b2,Tissue Block,"Registered 9/27/2021, GLORIA PRYHUBER, TMC-UCSD","10 x 10 x 10 millimeter, 5 millimeter, 2 Sections",https://portal.hubmapconsortium.org/browse/sample/096733e700ef7ab31bedf6bef6d5b9b2,http://purl.org/ccf/1.5/f8a20a09-a700-439b-a518-60347cd7b156,10,10,10,GLORIA PRYHUBER,GLORIA,PRYHUBER,,0
https://entity.api.hubmapconsortium.org/entities/173fbebb10c3af766e26b1d6c9c8d563,Tissue Block,"Registered 9/23/2021, GLORIA PRYHUBER, TMC-UCSD","10 x 10 x 5 millimeter, 2.5 millimeter, 2 Sections",https://portal.hubmapconsortium.org/browse/sample/173fbebb10c3af766e26b1d6c9c8d563,http://purl.org/ccf/1.5/594902fb-c4c1-47c3-b98e-3101b93a73e4,10,10,5,Gloria Pryhuber,Gloria,Pryhuber,,0
https://entity.api.hubmapconsortium.org/entities/1a4319c0159c674a014d94b6ad493bb7,Tissue Block,"Registered 9/28/2021, GLORIA PRYHUBER, TMC-UCSD","25 x 10 x 10 millimeter, 5 millimeter, 2 Sections",https://portal.hubmapconsortium.org/browse/sample/1a4319c0159c674a014d94b6ad493bb7,http://purl.org/ccf/1.5/76c77da1-c978-48fe-b30b-aeff33a5d054,25,10,10,GLORIA PRYHUBER,GLORIA,PRYHUBER,,0
https://entity.api.hubmapconsortium.org/entities/248b0fd5d87bdd9368ef0a398a5ebb70,Tissue Block,"Registered 6/21/2022, GLORIA PRYHUBER, TMC-UCSD","10 x 10 x 10 millimeter, 5 millimeter, 2 Sections",https://portal.hubmapconsortium.org/browse/sample/248b0fd5d87bdd9368ef0a398a5ebb70,http://purl.org/ccf/1.5/4890aa9b-26a3-4db5-b25a-66e18cbc2158,10,10,10,GLORIA PRYHUBER,GLORIA,PRYHUBER,,0
https://entity.api.hubmapconsortium.org/entities/4237515bdd85c238189fc4c366575bf3,Tissue Block,"Registered 9/27/2021, GLORIA PRYHUBER, TMC-UCSD","10 x 10 x 10 millimeter, 5 millimeter, 2 Sections",https://portal.hubmapconsortium.org/browse/sample/4237515bdd85c238189fc4c366575bf3,http://purl.org/ccf/1.5/0cd47185-8e8a-4f56-a167-bf93de928553,10,10,10,GLORIA PRYHUBER,GLORIA,PRYHUBER,,0
https://entity.api.hubmapconsortium.org/entities/46f5c8d7dc8d545c540748347d20a9b7,Tissue Block,"Registered 9/23/2021, GLORIA PRYHUBER, TMC-UCSD","15 x 10 x 5 millimeter, 2.5 millimeter, 2 Sections",https://portal.hubmapconsortium.org/browse/sample/46f5c8d7dc8d545c540748347d20a9b7,http://purl.org/ccf/1.5/d662fd53-e925-4921-8d8b-bc91eed1519b,15,10,5,Gloria Pryhuber,Gloria,Pryhuber,,0
https://entity.api.hubmapconsortium.org/entities/5ae0128190e5c96a3dc3f46dd7675e97,Tissue Block,"Registered 6/18/2022, GLORIA PRYHUBER, TMC-UCSD","10 x 10 x 10 millimeter, 3.3 millimeter, 3 Sections",https://portal.hubmapconsortium.org/browse/sample/5ae0128190e5c96a3dc3f46dd7675e97,http://purl.org/ccf/1.5/ca4a4754-6937-4d08-9eb0-bf400492c22c,10,10,10,GLORIA PRYHUBER,GLORIA,PRYHUBER,,0
https://entity.api.hubmapconsortium.org/entities/5d53bd5a71569c59c90d1608cd3da5c9,Tissue Block,"Registered 9/23/2021, GLORIA PRYHUBER, TMC-UCSD","15 x 10 x 5 millimeter, 2.5 millimeter, 2 Sections",https://portal.hubmapconsortium.org/browse/sample/5d53bd5a71569c59c90d1608cd3da5c9,http://purl.org/ccf/1.5/f15f5400-2ef9-45fc-bf0f-72f14d6f8f9e,15,10,5,Gloria Pryhuber,Gloria,Pryhuber,,0
https://entity.api.hubmapconsortium.org/entities/61057e570ac5cf33f8592a6bd7ccbba6,Tissue Block,"Registered 6/21/2022, GLORIA PRYHUBER, TMC-UCSD","10 x 10 x 10 millimeter, 5 millimeter, 2 Sections",https://portal.hubmapconsortium.org/browse/sample/61057e570ac5cf33f8592a6bd7ccbba6,http://purl.org/ccf/1.5/2243b679-6c6c-4b66-9479-fef2640f2872,10,10,10,GLORIA PRYHUBER,GLORIA,PRYHUBER,,0
https://entity.api.hubmapconsortium.org/entities/6bd977affa23b9c72775f5da7bb008b3,Tissue Block,"Registered 9/27/2021, GLORIA PRYHUBER, TMC-UCSD","10 x 10 x 10 millimeter, 5 millimeter, 2 Sections",https://portal.hubmapconsortium.org/browse/sample/6bd977affa23b9c72775f5da7bb008b3,http://purl.org/ccf/1.5/8d3e8fa1-185d-479b-83d9-9dfe2ead2d3e,10,10,10,GLORIA PRYHUBER,GLORIA,PRYHUBER,,0
https://entity.api.hubmapconsortium.org/entities/6c7f7b91ee218f5bad7d8c498f7fe428,Tissue Block,"Registered 6/21/2022, GLORIA PRYHUBER, TMC-UCSD","10 x 10 x 10 millimeter, 3.3 millimeter, 3 Sections",https://portal.hubmapconsortium.org/browse/sample/6c7f7b91ee218f5bad7d8c498f7fe428,http://purl.org/ccf/1.5/9131c76e-62cb-4433-a216-64e9fa0450c5,10,10,10,GLORIA PRYHUBER,GLORIA,PRYHUBER,,0
https://entity.api.hubmapconsortium.org/entities/6e5e5be224d88f38aa390d0c389839c7,Tissue Block,"Registered 9/23/2021, GLORIA PRYHUBER, TMC-UCSD","10 x 10 x 5 millimeter, 1.3 millimeter, 4 Sections",https://portal.hubmapconsortium.org/browse/sample/6e5e5be224d88f38aa390d0c389839c7,http://purl.org/ccf/1.5/95190b47-b491-448a-8e9b-06d804bf2aa1,10,10,5,Gloria Pryhuber,Gloria,Pryhuber,,0
https://entity.api.hubmapconsortium.org/entities/7525947ef401f6d2c1f8b1708a7eb2f4,Tissue Block,"Registered 6/21/2022, GLORIA PRYHUBER, TMC-UCSD","10 x 10 x 5 millimeter, 1.7 millimeter, 3 Sections",https://portal.hubmapconsortium.org/browse/sample/7525947ef401f6d2c1f8b1708a7eb2f4,http://purl.org/ccf/1.5/11fcf508-762d-4f0c-b5c5-dad0cf38f4de,10,10,5,GLORIA PRYHUBER,GLORIA,PRYHUBER,,0
https://entity.api.hubmapconsortium.org/entities/7c911d2636459124eabc69883afe4cbc,Tissue Block,"Registered 6/18/2022, GLORIA PRYHUBER, TMC-UCSD","10 x 10 x 10 millimeter, 3.3 millimeter, 3 Sections",https://portal.hubmapconsortium.org/browse/sample/7c911d2636459124eabc69883afe4cbc,http://purl.org/ccf/1.5/cfa23a23-1cef-4a6f-8303-d1198e91a773,10,10,10,GLORIA PRYHUBER,GLORIA,PRYHUBER,,0
https://entity.api.hubmapconsortium.org/entities/814bd0449a4b88dd432b4ad7e1ebe4f8,Tissue Block,"Registered 9/28/2021, GLORIA PRYHUBER, TMC-UCSD","15 x 10 x 5 millimeter, 2.5 millimeter, 2 Sections",https://portal.hubmapconsortium.org/browse/sample/814bd0449a4b88dd432b4ad7e1ebe4f8,http://purl.org/ccf/1.5/853a9e2c-10ba-4491-9d9d-3551c0c5f26d,15,10,5,GLORIA PRYHUBER,GLORIA,PRYHUBER,,0
https://entity.api.hubmapconsortium.org/entities/825e4d48c77f4b0444f1dcc3834e1a2d,Tissue Block,"Registered 9/27/2021, GLORIA PRYHUBER, TMC-UCSD","15 x 10 x 10 millimeter, 5 millimeter, 2 Sections",https://portal.hubmapconsortium.org/browse/sample/825e4d48c77f4b0444f1dcc3834e1a2d,http://purl.org/ccf/1.5/3e6d37df-e4f3-4654-b06d-3a76c2e665ea,15,10,10,GLORIA PRYHUBER,GLORIA,PRYHUBER,,0
https://entity.api.hubmapconsortium.org/entities/878fba1e9cb02481bda8e38dc243c7de,Tissue Block,"Registered 9/27/2021, GLORIA PRYHUBER, TMC-UCSD","15 x 10 x 10 millimeter, 5 millimeter, 2 Sections",https://portal.hubmapconsortium.org/browse/sample/878fba1e9cb02481bda8e38dc243c7de,http://purl.org/ccf/1.5/840b29a9-5a04-41cc-908d-0c4fa5720366,15,10,10,GLORIA PRYHUBER,GLORIA,PRYHUBER,,0
https://entity.api.hubmapconsortium.org/entities/92292494fe566fcd19a54d27edca52f0,Tissue Block,"Registered 9/28/2021, GLORIA PRYHUBER, TMC-UCSD","15 x 10 x 10 millimeter, 5 millimeter, 2 Sections",https://portal.hubmapconsortium.org/browse/sample/92292494fe566fcd19a54d27edca52f0,http://purl.org/ccf/1.5/dcbd8b51-3a18-4025-97c1-e1867e346a18,15,10,10,GLORIA PRYHUBER,GLORIA,PRYHUBER,,0
https://entity.api.hubmapconsortium.org/entities/9676700b170c789e5d30815f314820a2,Tissue Block,"Registered 6/21/2022, GLORIA PRYHUBER, TMC-UCSD","10 x 10 x 5 millimeter, 2.5 millimeter, 2 Sections",https://portal.hubmapconsortium.org/browse/sample/9676700b170c789e5d30815f314820a2,http://purl.org/ccf/1.5/e7d21a48-63dd-45d8-aedd-e4abed52d5d8,10,10,5,GLORIA PRYHUBER,GLORIA,PRYHUBER,,0
https://entity.api.hubmapconsortium.org/entities/9727d9bc9b938a988c88ae21738e00b5,Tissue Block,"Registered 6/18/2022, GLORIA PRYHUBER, TMC-UCSD","10 x 10 x 10 millimeter, 3.3 millimeter, 3 Sections",https://portal.hubmapconsortium.org/browse/sample/9727d9bc9b938a988c88ae21738e00b5,http://purl.org/ccf/1.5/c8cdaa06-847b-4747-9a00-d89761cea031,10,10,10,GLORIA PRYHUBER,GLORIA,PRYHUBER,,0
https://entity.api.hubmapconsortium.org/entities/9f7b7b28fae00c8539bc0243df8fb207,Tissue Block,"Registered 10/18/2021, GLORIA PRYHUBER, TMC-UCSD","15 x 7.5 x 7.5 millimeter, 3.8 millimeter, 2 Sections",https://portal.hubmapconsortium.org/browse/sample/9f7b7b28fae00c8539bc0243df8fb207,http://purl.org/ccf/1.5/8af0476d-e6e6-4b55-afae-5eec8c9c1cb5,15,7.5,7.5,GLORIA PRYHUBER,GLORIA,PRYHUBER,,0
https://entity.api.hubmapconsortium.org/entities/ab2b437444d182648bbad8aa499d0f80,Tissue Block,"Registered 10/18/2021, GLORIA PRYHUBER, TMC-UCSD","10 x 7.5 x 7.5 millimeter, 3.8 millimeter, 2 Sections",https://portal.hubmapconsortium.org/browse/sample/ab2b437444d182648bbad8aa499d0f80,http://purl.org/ccf/1.5/3c299376-82f1-4c1f-b283-2c03cb7922e2,10,7.5,7.5,GLORIA PRYHUBER,GLORIA,PRYHUBER,,0
https://entity.api.hubmapconsortium.org/entities/aff08197f187418318e12cd70c9a6e3d,Tissue Block,"Registered 9/23/2021, GLORIA PRYHUBER, TMC-UCSD","10 x 10 x 5 millimeter, 2.5 millimeter, 2 Sections",https://portal.hubmapconsortium.org/browse/sample/aff08197f187418318e12cd70c9a6e3d,http://purl.org/ccf/1.5/aba1ebe3-af18-40cc-b536-b89843049ca5,10,10,5,Gloria Pryhuber,Gloria,Pryhuber,,0
https://entity.api.hubmapconsortium.org/entities/b98686d9df0b06f26fa5c4cd417331a0,Tissue Block,"Registered 9/28/2021, GLORIA PRYHUBER, TMC-UCSD","15 x 10 x 10 millimeter, 5 millimeter, 2 Sections",https://portal.hubmapconsortium.org/browse/sample/b98686d9df0b06f26fa5c4cd417331a0,http://purl.org/ccf/1.5/559cb26d-2bed-41a6-8cdf-d5da5f4b52d2,15,10,10,GLORIA PRYHUBER,GLORIA,PRYHUBER,,0
https://entity.api.hubmapconsortium.org/entities/b9ae8c019f2ce4a20e2f4b6ae7cda9af,Tissue Block,"Registered 6/18/2022, GLORIA PRYHUBER, TMC-UCSD","10 x 10 x 10 millimeter, 3.3 millimeter, 3 Sections",https://portal.hubmapconsortium.org/browse/sample/b9ae8c019f2ce4a20e2f4b6ae7cda9af,http://purl.org/ccf/1.5/56b136e7-40dd-477a-b5b6-9be0bb98374c,10,10,10,GLORIA PRYHUBER,GLORIA,PRYHUBER,,0
https://entity.api.hubmapconsortium.org/entities/bb2f22ab105c49476def20e47e9c1206,Tissue Block,"Registered 9/23/2021, GLORIA PRYHUBER, TMC-UCSD","10 x 10 x 5 millimeter, 2.5 millimeter, 2 Sections",https://portal.hubmapconsortium.org/browse/sample/bb2f22ab105c49476def20e47e9c1206,http://purl.org/ccf/1.5/d51b9d67-837f-4451-a6c6-0b63c7879736,10,10,5,Gloria Pryhuber,Gloria,Pryhuber,,0
https://entity.api.hubmapconsortium.org/entities/d70713396f2dc6660dce41530e1ba652,Tissue Block,"Registered 1/6/2023, GLORIA PRYHUBER, TMC-UCSD","10 x 10 x 5 millimeter, 2.5 millimeter, 2 Sections",https://portal.hubmapconsortium.org/browse/sample/d70713396f2dc6660dce41530e1ba652,http://purl.org/ccf/1.5/c5d8b584-d6b7-4a98-8330-a97ecec688f8,10,10,5,GLORIA PRYHUBER,GLORIA,PRYHUBER,,0
https://entity.api.hubmapconsortium.org/entities/e03ab23235245440a8d68e2d17d39c02,Tissue Block,"Registered 9/28/2021, GLORIA PRYHUBER, TMC-UCSD","15 x 10 x 10 millimeter, 5 millimeter, 2 Sections",https://portal.hubmapconsortium.org/browse/sample/e03ab23235245440a8d68e2d17d39c02,http://purl.org/ccf/1.5/f1c3f780-6627-4c56-aada-97cb158f540d,15,10,10,GLORIA PRYHUBER,GLORIA,PRYHUBER,,0
https://entity.api.hubmapconsortium.org/entities/f2deaab37fb026044244f2cbfa87d152,Tissue Block,"Registered 6/21/2022, GLORIA PRYHUBER, TMC-UCSD","10 x 10 x 10 millimeter, 5 millimeter, 2 Sections",https://portal.hubmapconsortium.org/browse/sample/f2deaab37fb026044244f2cbfa87d152,http://purl.org/ccf/1.5/3545c186-aafd-4477-adc5-6ee21219cf87,10,10,10,GLORIA PRYHUBER,GLORIA,PRYHUBER,,0
https://entity.api.hubmapconsortium.org/entities/fca90c1aae343dab921575f3f40d9792,Tissue Block,"Registered 6/21/2022, GLORIA PRYHUBER, TMC-UCSD","10 x 10 x 5 millimeter, 2.5 millimeter, 2 Sections",https://portal.hubmapconsortium.org/browse/sample/fca90c1aae343dab921575f3f40d9792,http://purl.org/ccf/1.5/965b263e-b1b5-44c3-86ef-bb682091be05,10,10,5,GLORIA PRYHUBER,GLORIA,PRYHUBER,,0
https://entity.api.hubmapconsortium.org/entities/fed53eab5847287de706a8dafa6faf8f,Tissue Block,"Registered 9/23/2021, GLORIA PRYHUBER, TMC-UCSD","10 x 10 x 5 millimeter, 2.5 millimeter, 2 Sections",https://portal.hubmapconsortium.org/browse/sample/fed53eab5847287de706a8dafa6faf8f,http://purl.org/ccf/1.5/fd4fcec2-93c3-428f-ad3a-6c7ac4196da0,10,10,5,Gloria Pryhuber,Gloria,Pryhuber,,0
https://entity.api.sennetconsortium.org/entities/62309973c335449bd2b00d840a3ac152,Tissue Block,"Registered 9/20/2024, Matthew Wyczalkowski, TMC - Washington University","30 x 10 x 10 millimeter, 10 millimeter, 0 Sections",https://data.sennetconsortium.org/sample?uuid=62309973c335449bd2b00d840a3ac152,http://purl.org/ccf/1.5/ecedc9f7-3cfe-4cc0-8522-98e6e31dc1ca,30,10,10,Daniel Rapp,Daniel,Rapp,,0
https://entity.api.sennetconsortium.org/entities/eaa4e449733485260fd82f3b10435d71,Tissue Block,"Registered 9/20/2024, Matthew Wyczalkowski, TMC - Washington University","30 x 10 x 10 millimeter, 10 millimeter, 0 Sections",https://data.sennetconsortium.org/sample?uuid=eaa4e449733485260fd82f3b10435d71,http://purl.org/ccf/1.5/ecedc9f7-3cfe-4cc0-8522-98e6e31dc1ca,30,10,10,Daniel Rapp,Daniel,Rapp,,0
https://entity.api.sennetconsortium.org/entities/086cdb3f313dfb1fb08c5ae1e44f4f51,Tissue Block,"Registered 9/20/2024, Matthew Wyczalkowski, TMC - Washington University","30 x 10 x 10 millimeter, 10 millimeter, 0 Sections",https://data.sennetconsortium.org/sample?uuid=086cdb3f313dfb1fb08c5ae1e44f4f51,http://purl.org/ccf/1.5/ecedc9f7-3cfe-4cc0-8522-98e6e31dc1ca,30,10,10,Daniel Rapp,Daniel,Rapp,,0
https://entity.api.sennetconsortium.org/entities/0c0b7b58d552c531dafde21cd2f2a539,Tissue Block,"Registered 3/5/2024, Matthew Wyczalkowski, TMC - Washington University","30 x 10 x 10 millimeter, 10 millimeter, 0 Sections",https://data.sennetconsortium.org/sample?uuid=0c0b7b58d552c531dafde21cd2f2a539,http://purl.org/ccf/1.5/ecedc9f7-3cfe-4cc0-8522-98e6e31dc1ca,30,10,10,Daniel Rapp,Daniel,Rapp,,0
https://entity.api.sennetconsortium.org/entities/0fe470f138ff9aab831846670e3bd39e,Tissue Block,"Registered 9/20/2024, Matthew Wyczalkowski, TMC - Washington University","30 x 10 x 10 millimeter, 10 millimeter, 0 Sections",https://data.sennetconsortium.org/sample?uuid=0fe470f138ff9aab831846670e3bd39e,http://purl.org/ccf/1.5/ecedc9f7-3cfe-4cc0-8522-98e6e31dc1ca,30,10,10,Daniel Rapp,Daniel,Rapp,,0
https://entity.api.sennetconsortium.org/entities/2345abfc99514a84efc1312694489a49,Tissue Block,"Registered 9/20/2024, Matthew Wyczalkowski, TMC - Washington University","30 x 10 x 10 millimeter, 10 millimeter, 0 Sections",https://data.sennetconsortium.org/sample?uuid=2345abfc99514a84efc1312694489a49,http://purl.org/ccf/1.5/ecedc9f7-3cfe-4cc0-8522-98e6e31dc1ca,30,10,10,Daniel Rapp,Daniel,Rapp,,0
https://entity.api.sennetconsortium.org/entities/23a0c90ddbb0daa2c51a52e4b13e865c,Tissue Block,"Registered 9/20/2024, Matthew Wyczalkowski, TMC - Washington University","30 x 10 x 10 millimeter, 10 millimeter, 1 Sections",https://data.sennetconsortium.org/sample?uuid=23a0c90ddbb0daa2c51a52e4b13e865c,http://purl.org/ccf/1.5/ecedc9f7-3cfe-4cc0-8522-98e6e31dc1ca,30,10,10,Daniel Rapp,Daniel,Rapp,,0
https://entity.api.sennetconsortium.org/entities/2ce2dc42eeead512c5428116af5f66ec,Tissue Block,"Registered 9/20/2024, Matthew Wyczalkowski, TMC - Washington University","30 x 10 x 10 millimeter, 5 millimeter, 2 Sections",https://data.sennetconsortium.org/sample?uuid=2ce2dc42eeead512c5428116af5f66ec,http://purl.org/ccf/1.5/ecedc9f7-3cfe-4cc0-8522-98e6e31dc1ca,30,10,10,Daniel Rapp,Daniel,Rapp,,0
https://entity.api.sennetconsortium.org/entities/38423279c17d795d569768b3f3039992,Tissue Block,"Registered 3/5/2024, Matthew Wyczalkowski, TMC - Washington University","30 x 10 x 10 millimeter, 10 millimeter, 0 Sections",https://data.sennetconsortium.org/sample?uuid=38423279c17d795d569768b3f3039992,http://purl.org/ccf/1.5/ecedc9f7-3cfe-4cc0-8522-98e6e31dc1ca,30,10,10,Daniel Rapp,Daniel,Rapp,,0
https://entity.api.sennetconsortium.org/entities/98e9a7d10fc988658ba0624a425025bc,Tissue Block,"Registered 3/5/2024, Matthew Wyczalkowski, TMC - Washington University","30 x 10 x 10 millimeter, 10 millimeter, 0 Sections",https://data.sennetconsortium.org/sample?uuid=98e9a7d10fc988658ba0624a425025bc,http://purl.org/ccf/1.5/ecedc9f7-3cfe-4cc0-8522-98e6e31dc1ca,30,10,10,Daniel Rapp,Daniel,Rapp,,0
https://entity.api.sennetconsortium.org/entities/a01e5aa14fbc8de5e2ebb18fa7a494f4,Tissue Block,"Registered 9/20/2024, Matthew Wyczalkowski, TMC - Washington University","30 x 10 x 10 millimeter, 10 millimeter, 0 Sections",https://data.sennetconsortium.org/sample?uuid=a01e5aa14fbc8de5e2ebb18fa7a494f4,http://purl.org/ccf/1.5/ecedc9f7-3cfe-4cc0-8522-98e6e31dc1ca,30,10,10,Daniel Rapp,Daniel,Rapp,,0
https://entity.api.sennetconsortium.org/entities/c7741997fbc8c3d4f8a8bec88c5a08c6,Tissue Block,"Registered 9/20/2024, Matthew Wyczalkowski, TMC - Washington University","30 x 10 x 10 millimeter, 5 millimeter, 2 Sections",https://data.sennetconsortium.org/sample?uuid=c7741997fbc8c3d4f8a8bec88c5a08c6,http://purl.org/ccf/1.5/ecedc9f7-3cfe-4cc0-8522-98e6e31dc1ca,30,10,10,Daniel Rapp,Daniel,Rapp,,0
https://entity.api.sennetconsortium.org/entities/d366a4780dba0652a04347c8cfa9c351,Tissue Block,"Registered 9/20/2024, Matthew Wyczalkowski, TMC - Washington University","30 x 10 x 10 millimeter, 5 millimeter, 2 Sections",https://data.sennetconsortium.org/sample?uuid=d366a4780dba0652a04347c8cfa9c351,http://purl.org/ccf/1.5/ecedc9f7-3cfe-4cc0-8522-98e6e31dc1ca,30,10,10,Daniel Rapp,Daniel,Rapp,,0
https://entity.api.sennetconsortium.org/entities/f9566188b35838c90943ec79b372e12e,Tissue Block,"Registered 9/20/2024, Matthew Wyczalkowski, TMC - Washington University","30 x 10 x 10 millimeter, 5 millimeter, 2 Sections",https://data.sennetconsortium.org/sample?uuid=f9566188b35838c90943ec79b372e12e,http://purl.org/ccf/1.5/ecedc9f7-3cfe-4cc0-8522-98e6e31dc1ca,30,10,10,Daniel Rapp,Daniel,Rapp,,0
https://entity.api.sennetconsortium.org/entities/5ce91463b4a10b2ab1e1a9678efa1a97,Tissue Block,"Registered 3/5/2024, Matthew Wyczalkowski, TMC - Washington University","30 x 10 x 10 millimeter, 10 millimeter, 0 Sections",https://data.sennetconsortium.org/sample?uuid=5ce91463b4a10b2ab1e1a9678efa1a97,http://purl.org/ccf/1.5/ecedc9f7-3cfe-4cc0-8522-98e6e31dc1ca,30,10,10,Daniel Rapp,Daniel,Rapp,,0
https://entity.api.sennetconsortium.org/entities/8bce5b66e423eae6d53035db3c0a47c6,Tissue Block,"Registered 9/20/2024, Matthew Wyczalkowski, TMC - Washington University","30 x 10 x 10 millimeter, 10 millimeter, 0 Sections",https://data.sennetconsortium.org/sample?uuid=8bce5b66e423eae6d53035db3c0a47c6,http://purl.org/ccf/1.5/ecedc9f7-3cfe-4cc0-8522-98e6e31dc1ca,30,10,10,Daniel Rapp,Daniel,Rapp,,0
https://entity.api.sennetconsortium.org/entities/8e9febf38660343e6dca29ab9d5e6e87,Tissue Block,"Registered 9/20/2024, Matthew Wyczalkowski, TMC - Washington University","30 x 10 x 10 millimeter, 10 millimeter, 0 Sections",https://data.sennetconsortium.org/sample?uuid=8e9febf38660343e6dca29ab9d5e6e87,http://purl.org/ccf/1.5/ecedc9f7-3cfe-4cc0-8522-98e6e31dc1ca,30,10,10,Daniel Rapp,Daniel,Rapp,,0
https://entity.api.sennetconsortium.org/entities/9515533884caa937b4b4953af153ab25,Tissue Block,"Registered 9/20/2024, Matthew Wyczalkowski, TMC - Washington University","30 x 10 x 10 millimeter, 10 millimeter, 1 Sections",https://data.sennetconsortium.org/sample?uuid=9515533884caa937b4b4953af153ab25,http://purl.org/ccf/1.5/ecedc9f7-3cfe-4cc0-8522-98e6e31dc1ca,30,10,10,Daniel Rapp,Daniel,Rapp,,0
https://entity.api.sennetconsortium.org/entities/9a0911c4227e7f8abf6ea835603a8688,Tissue Block,"Registered 9/20/2024, Matthew Wyczalkowski, TMC - Washington University","30 x 10 x 10 millimeter, 10 millimeter, 1 Sections",https://data.sennetconsortium.org/sample?uuid=9a0911c4227e7f8abf6ea835603a8688,http://purl.org/ccf/1.5/ecedc9f7-3cfe-4cc0-8522-98e6e31dc1ca,30,10,10,Daniel Rapp,Daniel,Rapp,,0
https://entity.api.sennetconsortium.org/entities/c9b00595cc17709be9e944ecb4354b9a,Tissue Block,"Registered 9/20/2024, Matthew Wyczalkowski, TMC - Washington University","30 x 10 x 10 millimeter, 10 millimeter, 1 Sections",https://data.sennetconsortium.org/sample?uuid=c9b00595cc17709be9e944ecb4354b9a,http://purl.org/ccf/1.5/ecedc9f7-3cfe-4cc0-8522-98e6e31dc1ca,30,10,10,Daniel Rapp,Daniel,Rapp,,0
https://entity.api.sennetconsortium.org/entities/d7208311c9a9a9ef0a893c834276492d,Tissue Block,"Registered 9/20/2024, Matthew Wyczalkowski, TMC - Washington University","30 x 10 x 10 millimeter, 10 millimeter, 1 Sections",https://data.sennetconsortium.org/sample?uuid=d7208311c9a9a9ef0a893c834276492d,http://purl.org/ccf/1.5/ecedc9f7-3cfe-4cc0-8522-98e6e31dc1ca,30,10,10,Daniel Rapp,Daniel,Rapp,,0
https://entity.api.sennetconsortium.org/entities/dab169a90cff5ea403ed42946d5248d7,Tissue Block,"Registered 9/20/2024, Matthew Wyczalkowski, TMC - Washington University","30 x 10 x 10 millimeter, 10 millimeter, 1 Sections",https://data.sennetconsortium.org/sample?uuid=dab169a90cff5ea403ed42946d5248d7,http://purl.org/ccf/1.5/ecedc9f7-3cfe-4cc0-8522-98e6e31dc1ca,30,10,10,Daniel Rapp,Daniel,Rapp,,0
https://entity.api.sennetconsortium.org/entities/f766721939b57fe17445c8383d1f1ad9,Tissue Block,"Registered 9/20/2024, Matthew Wyczalkowski, TMC - Washington University","30 x 10 x 10 millimeter, 10 millimeter, 0 Sections",https://data.sennetconsortium.org/sample?uuid=f766721939b57fe17445c8383d1f1ad9,http://purl.org/ccf/1.5/ecedc9f7-3cfe-4cc0-8522-98e6e31dc1ca,30,10,10,Daniel Rapp,Daniel,Rapp,,0
https://entity.api.sennetconsortium.org/entities/fa0d789a3e4658a7def58137fa745aff,Tissue Block,"Registered 9/20/2024, Matthew Wyczalkowski, TMC - Washington University","30 x 10 x 10 millimeter, 10 millimeter, 1 Sections",https://data.sennetconsortium.org/sample?uuid=fa0d789a3e4658a7def58137fa745aff,http://purl.org/ccf/1.5/ecedc9f7-3cfe-4cc0-8522-98e6e31dc1ca,30,10,10,Daniel Rapp,Daniel,Rapp,,0
https://entity.api.sennetconsortium.org/entities/9aad15d7421db40f602d0b8d494f95fe,Tissue Block,"Registered 5/11/2023, Matthew Wyczalkowski, TMC - Washington University","30 x 10 x 10 millimeter, 10 millimeter, 0 Sections",https://data.sennetconsortium.org/sample?uuid=9aad15d7421db40f602d0b8d494f95fe,http://purl.org/ccf/1.5/22aebcb8-87f9-4d72-8557-9540ec176188,30,10,10,Daniel Rapp,Daniel,Rapp,,0
https://entity.api.sennetconsortium.org/entities/b8787c201ed18190185d08dc150635a6,Tissue Block,"Registered 9/20/2024, Matthew Wyczalkowski, TMC - Washington University","30 x 10 x 10 millimeter, 10 millimeter, 0 Sections",https://data.sennetconsortium.org/sample?uuid=b8787c201ed18190185d08dc150635a6,http://purl.org/ccf/1.5/22aebcb8-87f9-4d72-8557-9540ec176188,30,10,10,Daniel Rapp,Daniel,Rapp,,0
https://entity.api.sennetconsortium.org/entities/0a0331824dfe9b13ecce9f74e4987567,Tissue Block,"Registered 9/20/2024, Matthew Wyczalkowski, TMC - Washington University","30 x 10 x 10 millimeter, 5 millimeter, 2 Sections",https://data.sennetconsortium.org/sample?uuid=0a0331824dfe9b13ecce9f74e4987567,http://purl.org/ccf/1.5/22aebcb8-87f9-4d72-8557-9540ec176188,30,10,10,Daniel Rapp,Daniel,Rapp,,0
https://entity.api.sennetconsortium.org/entities/2353c685a532bec2ffe4d16a0d918bab,Tissue Block,"Registered 9/20/2024, Matthew Wyczalkowski, TMC - Washington University","30 x 10 x 10 millimeter, 10 millimeter, 0 Sections",https://data.sennetconsortium.org/sample?uuid=2353c685a532bec2ffe4d16a0d918bab,http://purl.org/ccf/1.5/22aebcb8-87f9-4d72-8557-9540ec176188,30,10,10,Daniel Rapp,Daniel,Rapp,,0
https://entity.api.sennetconsortium.org/entities/25f1263a9c0dcb6a5946d6e7984b76d9,Tissue Block,"Registered 3/5/2024, Matthew Wyczalkowski, TMC - Washington University","30 x 10 x 10 millimeter, 10 millimeter, 0 Sections",https://data.sennetconsortium.org/sample?uuid=25f1263a9c0dcb6a5946d6e7984b76d9,http://purl.org/ccf/1.5/22aebcb8-87f9-4d72-8557-9540ec176188,30,10,10,Daniel Rapp,Daniel,Rapp,,0
https://entity.api.sennetconsortium.org/entities/2db3f4ec8f64cf49ba1335bdb0f39d6e,Tissue Block,"Registered 9/20/2024, Matthew Wyczalkowski, TMC - Washington University","30 x 10 x 10 millimeter, 10 millimeter, 0 Sections",https://data.sennetconsortium.org/sample?uuid=2db3f4ec8f64cf49ba1335bdb0f39d6e,http://purl.org/ccf/1.5/22aebcb8-87f9-4d72-8557-9540ec176188,30,10,10,Daniel Rapp,Daniel,Rapp,,0
https://entity.api.sennetconsortium.org/entities/380fb0fe869d1f4aedb138d4cc5c47f0,Tissue Block,"Registered 3/5/2024, Matthew Wyczalkowski, TMC - Washington University","30 x 10 x 10 millimeter, 10 millimeter, 0 Sections",https://data.sennetconsortium.org/sample?uuid=380fb0fe869d1f4aedb138d4cc5c47f0,http://purl.org/ccf/1.5/22aebcb8-87f9-4d72-8557-9540ec176188,30,10,10,Daniel Rapp,Daniel,Rapp,,0
https://entity.api.sennetconsortium.org/entities/3b5c4337146d13a86f5da5a119fd414a,Tissue Block,"Registered 3/5/2024, Matthew Wyczalkowski, TMC - Washington University","30 x 10 x 10 millimeter, 10 millimeter, 0 Sections",https://data.sennetconsortium.org/sample?uuid=3b5c4337146d13a86f5da5a119fd414a,http://purl.org/ccf/1.5/22aebcb8-87f9-4d72-8557-9540ec176188,30,10,10,Daniel Rapp,Daniel,Rapp,,0
https://entity.api.sennetconsortium.org/entities/3e61902660cc031fce1a2f2e0bac4721,Tissue Block,"Registered 9/20/2024, Matthew Wyczalkowski, TMC - Washington University","30 x 10 x 10 millimeter, 5 millimeter, 2 Sections",https://data.sennetconsortium.org/sample?uuid=3e61902660cc031fce1a2f2e0bac4721,http://purl.org/ccf/1.5/22aebcb8-87f9-4d72-8557-9540ec176188,30,10,10,Daniel Rapp,Daniel,Rapp,,0
https://entity.api.sennetconsortium.org/entities/4787c046eef16d731fcf7362df173039,Tissue Block,"Registered 9/20/2024, Matthew Wyczalkowski, TMC - Washington University","30 x 10 x 10 millimeter, 10 millimeter, 0 Sections",https://data.sennetconsortium.org/sample?uuid=4787c046eef16d731fcf7362df173039,http://purl.org/ccf/1.5/22aebcb8-87f9-4d72-8557-9540ec176188,30,10,10,Daniel Rapp,Daniel,Rapp,,0
https://entity.api.sennetconsortium.org/entities/48ea71a64524ea7aab90b94c1922899f,Tissue Block,"Registered 3/5/2024, Matthew Wyczalkowski, TMC - Washington University","30 x 10 x 10 millimeter, 10 millimeter, 0 Sections",https://data.sennetconsortium.org/sample?uuid=48ea71a64524ea7aab90b94c1922899f,http://purl.org/ccf/1.5/22aebcb8-87f9-4d72-8557-9540ec176188,30,10,10,Daniel Rapp,Daniel,Rapp,,0
https://entity.api.sennetconsortium.org/entities/594e70721ca50cd626f9f2a537738ff9,Tissue Block,"Registered 3/5/2024, Matthew Wyczalkowski, TMC - Washington University","30 x 10 x 10 millimeter, 10 millimeter, 0 Sections",https://data.sennetconsortium.org/sample?uuid=594e70721ca50cd626f9f2a537738ff9,http://purl.org/ccf/1.5/22aebcb8-87f9-4d72-8557-9540ec176188,30,10,10,Daniel Rapp,Daniel,Rapp,,0
https://entity.api.sennetconsortium.org/entities/610dd05ea5d9363a4ae4f9420f7b9f06,Tissue Block,"Registered 9/20/2024, Matthew Wyczalkowski, TMC - Washington University","30 x 10 x 10 millimeter, 10 millimeter, 1 Sections",https://data.sennetconsortium.org/sample?uuid=610dd05ea5d9363a4ae4f9420f7b9f06,http://purl.org/ccf/1.5/22aebcb8-87f9-4d72-8557-9540ec176188,30,10,10,Daniel Rapp,Daniel,Rapp,,0
https://entity.api.sennetconsortium.org/entities/683d27085674f6b6286e832f26e1bb08,Tissue Block,"Registered 9/28/2023, Matthew Wyczalkowski, TMC - Washington University","30 x 10 x 10 millimeter, 10 millimeter, 0 Sections",https://data.sennetconsortium.org/sample?uuid=683d27085674f6b6286e832f26e1bb08,http://purl.org/ccf/1.5/22aebcb8-87f9-4d72-8557-9540ec176188,30,10,10,Daniel Rapp,Daniel,Rapp,,0
https://entity.api.sennetconsortium.org/entities/70bd62bd0c3e2f1e805320698afa532a,Tissue Block,"Registered 9/20/2024, Matthew Wyczalkowski, TMC - Washington University","30 x 10 x 10 millimeter, 3.3 millimeter, 3 Sections",https://data.sennetconsortium.org/sample?uuid=70bd62bd0c3e2f1e805320698afa532a,http://purl.org/ccf/1.5/22aebcb8-87f9-4d72-8557-9540ec176188,30,10,10,Daniel Rapp,Daniel,Rapp,,0
https://entity.api.sennetconsortium.org/entities/8eae206230bccdd83d3bb5f7c89605a5,Tissue Block,"Registered 9/20/2024, Matthew Wyczalkowski, TMC - Washington University","30 x 10 x 10 millimeter, 10 millimeter, 1 Sections",https://data.sennetconsortium.org/sample?uuid=8eae206230bccdd83d3bb5f7c89605a5,http://purl.org/ccf/1.5/22aebcb8-87f9-4d72-8557-9540ec176188,30,10,10,Daniel Rapp,Daniel,Rapp,,0
https://entity.api.sennetconsortium.org/entities/ccbf2290ece5715883b8590dc3044e33,Tissue Block,"Registered 9/20/2024, Matthew Wyczalkowski, TMC - Washington University","30 x 10 x 10 millimeter, 10 millimeter, 1 Sections",https://data.sennetconsortium.org/sample?uuid=ccbf2290ece5715883b8590dc3044e33,http://purl.org/ccf/1.5/22aebcb8-87f9-4d72-8557-9540ec176188,30,10,10,Daniel Rapp,Daniel,Rapp,,0
https://entity.api.sennetconsortium.org/entities/6080b4815d0223150a3bebc082391d1e,Tissue Block,"Registered 9/20/2024, Matthew Wyczalkowski, TMC - Washington University","30 x 10 x 10 millimeter, 10 millimeter, 1 Sections",https://data.sennetconsortium.org/sample?uuid=6080b4815d0223150a3bebc082391d1e,http://purl.org/ccf/1.5/22aebcb8-87f9-4d72-8557-9540ec176188,30,10,10,Daniel Rapp,Daniel,Rapp,,0
https://entity.api.sennetconsortium.org/entities/66c986917d0c1a98bfb1031e45f2b943,Tissue Block,"Registered 9/20/2024, Matthew Wyczalkowski, TMC - Washington University","30 x 10 x 10 millimeter, 5 millimeter, 2 Sections",https://data.sennetconsortium.org/sample?uuid=66c986917d0c1a98bfb1031e45f2b943,http://purl.org/ccf/1.5/22aebcb8-87f9-4d72-8557-9540ec176188,30,10,10,Daniel Rapp,Daniel,Rapp,,0
https://entity.api.sennetconsortium.org/entities/7a61b8657b1d18e416003401c53d5423,Tissue Block,"Registered 3/5/2024, Matthew Wyczalkowski, TMC - Washington University","30 x 10 x 10 millimeter, 10 millimeter, 0 Sections",https://data.sennetconsortium.org/sample?uuid=7a61b8657b1d18e416003401c53d5423,http://purl.org/ccf/1.5/22aebcb8-87f9-4d72-8557-9540ec176188,30,10,10,Daniel Rapp,Daniel,Rapp,,0
https://entity.api.sennetconsortium.org/entities/80b6224f006b3dd360d44381247f45de,Tissue Block,"Registered 9/20/2024, Matthew Wyczalkowski, TMC - Washington University","30 x 10 x 10 millimeter, 10 millimeter, 0 Sections",https://data.sennetconsortium.org/sample?uuid=80b6224f006b3dd360d44381247f45de,http://purl.org/ccf/1.5/22aebcb8-87f9-4d72-8557-9540ec176188,30,10,10,Daniel Rapp,Daniel,Rapp,,0
https://entity.api.sennetconsortium.org/entities/89682c304697947a5eb978d19bb4fcc3,Tissue Block,"Registered 9/20/2024, Matthew Wyczalkowski, TMC - Washington University","30 x 10 x 10 millimeter, 10 millimeter, 1 Sections",https://data.sennetconsortium.org/sample?uuid=89682c304697947a5eb978d19bb4fcc3,http://purl.org/ccf/1.5/22aebcb8-87f9-4d72-8557-9540ec176188,30,10,10,Daniel Rapp,Daniel,Rapp,,0
https://entity.api.sennetconsortium.org/entities/972a712375f6fc86443c23b7d63646d9,Tissue Block,"Registered 9/20/2024, Matthew Wyczalkowski, TMC - Washington University","30 x 10 x 10 millimeter, 10 millimeter, 0 Sections",https://data.sennetconsortium.org/sample?uuid=972a712375f6fc86443c23b7d63646d9,http://purl.org/ccf/1.5/22aebcb8-87f9-4d72-8557-9540ec176188,30,10,10,Daniel Rapp,Daniel,Rapp,,0
https://entity.api.sennetconsortium.org/entities/9cba681f81f94dbee28645ac2f753669,Tissue Block,"Registered 9/20/2024, Matthew Wyczalkowski, TMC - Washington University","30 x 10 x 10 millimeter, 10 millimeter, 1 Sections",https://data.sennetconsortium.org/sample?uuid=9cba681f81f94dbee28645ac2f753669,http://purl.org/ccf/1.5/22aebcb8-87f9-4d72-8557-9540ec176188,30,10,10,Daniel Rapp,Daniel,Rapp,,0
https://entity.api.sennetconsortium.org/entities/c562daf2a39664313ad6b7776c9daad4,Tissue Block,"Registered 9/20/2024, Matthew Wyczalkowski, TMC - Washington University","30 x 10 x 10 millimeter, 5 millimeter, 2 Sections",https://data.sennetconsortium.org/sample?uuid=c562daf2a39664313ad6b7776c9daad4,http://purl.org/ccf/1.5/22aebcb8-87f9-4d72-8557-9540ec176188,30,10,10,Daniel Rapp,Daniel,Rapp,,0
https://entity.api.sennetconsortium.org/entities/d2443143601f8c16b7435add2f8d7bda,Tissue Block,"Registered 9/20/2024, Matthew Wyczalkowski, TMC - Washington University","30 x 10 x 10 millimeter, 10 millimeter, 1 Sections",https://data.sennetconsortium.org/sample?uuid=d2443143601f8c16b7435add2f8d7bda,http://purl.org/ccf/1.5/22aebcb8-87f9-4d72-8557-9540ec176188,30,10,10,Daniel Rapp,Daniel,Rapp,,0
https://entity.api.sennetconsortium.org/entities/d3b0ffb0c9c2205d5e2147936a927cbb,Tissue Block,"Registered 9/20/2024, Matthew Wyczalkowski, TMC - Washington University","30 x 10 x 10 millimeter, 10 millimeter, 1 Sections",https://data.sennetconsortium.org/sample?uuid=d3b0ffb0c9c2205d5e2147936a927cbb,http://purl.org/ccf/1.5/22aebcb8-87f9-4d72-8557-9540ec176188,30,10,10,Daniel Rapp,Daniel,Rapp,,0
https://entity.api.sennetconsortium.org/entities/d79d1e91dea66a29436cdcda6a43857c,Tissue Block,"Registered 3/5/2024, Matthew Wyczalkowski, TMC - Washington University","30 x 10 x 10 millimeter, 10 millimeter, 0 Sections",https://data.sennetconsortium.org/sample?uuid=d79d1e91dea66a29436cdcda6a43857c,http://purl.org/ccf/1.5/22aebcb8-87f9-4d72-8557-9540ec176188,30,10,10,Daniel Rapp,Daniel,Rapp,,0
https://entity.api.sennetconsortium.org/entities/db3bb36287ccb7f5307703fdf42ea4a6,Tissue Block,"Registered 9/20/2024, Matthew Wyczalkowski, TMC - Washington University","30 x 10 x 10 millimeter, 10 millimeter, 0 Sections",https://data.sennetconsortium.org/sample?uuid=db3bb36287ccb7f5307703fdf42ea4a6,http://purl.org/ccf/1.5/22aebcb8-87f9-4d72-8557-9540ec176188,30,10,10,Daniel Rapp,Daniel,Rapp,,0
https://entity.api.sennetconsortium.org/entities/ddf17e2029dc83d528fe82e1b32a8a7d,Tissue Block,"Registered 9/20/2024, Matthew Wyczalkowski, TMC - Washington University","30 x 10 x 10 millimeter, 5 millimeter, 2 Sections",https://data.sennetconsortium.org/sample?uuid=ddf17e2029dc83d528fe82e1b32a8a7d,http://purl.org/ccf/1.5/22aebcb8-87f9-4d72-8557-9540ec176188,30,10,10,Daniel Rapp,Daniel,Rapp,,0
https://entity.api.sennetconsortium.org/entities/ecbdb442dc208ad11455c0be62124183,Tissue Block,"Registered 3/5/2024, Matthew Wyczalkowski, TMC - Washington University","30 x 10 x 10 millimeter, 10 millimeter, 0 Sections",https://data.sennetconsortium.org/sample?uuid=ecbdb442dc208ad11455c0be62124183,http://purl.org/ccf/1.5/22aebcb8-87f9-4d72-8557-9540ec176188,30,10,10,Daniel Rapp,Daniel,Rapp,,0
https://entity.api.sennetconsortium.org/entities/f10e9c4f6cd8a7fb093a0a84674ac11b,Tissue Block,"Registered 3/5/2024, Matthew Wyczalkowski, TMC - Washington University","30 x 10 x 10 millimeter, 10 millimeter, 0 Sections",https://data.sennetconsortium.org/sample?uuid=f10e9c4f6cd8a7fb093a0a84674ac11b,http://purl.org/ccf/1.5/22aebcb8-87f9-4d72-8557-9540ec176188,30,10,10,Daniel Rapp,Daniel,Rapp,,0
https://entity.api.sennetconsortium.org/entities/faf668bf70de6b8f48c78eb866130b28,Tissue Block,"Registered 9/20/2024, Matthew Wyczalkowski, TMC - Washington University","30 x 10 x 10 millimeter, 10 millimeter, 1 Sections",https://data.sennetconsortium.org/sample?uuid=faf668bf70de6b8f48c78eb866130b28,http://purl.org/ccf/1.5/22aebcb8-87f9-4d72-8557-9540ec176188,30,10,10,Daniel Rapp,Daniel,Rapp,,0
https://entity.api.sennetconsortium.org/entities/fb44577bd644dab0fe05b9dd03fd9cec,Tissue Block,"Registered 9/20/2024, Matthew Wyczalkowski, TMC - Washington University","30 x 10 x 10 millimeter, 10 millimeter, 0 Sections",https://data.sennetconsortium.org/sample?uuid=fb44577bd644dab0fe05b9dd03fd9cec,http://purl.org/ccf/1.5/22aebcb8-87f9-4d72-8557-9540ec176188,30,10,10,Daniel Rapp,Daniel,Rapp,,0
https://entity.api.sennetconsortium.org/entities/fdd2bb2c4cab59785c7337bdba3e5510,Tissue Block,"Registered 9/28/2023, Matthew Wyczalkowski, TMC - Washington University","30 x 10 x 10 millimeter, 10 millimeter, 0 Sections",https://data.sennetconsortium.org/sample?uuid=fdd2bb2c4cab59785c7337bdba3e5510,http://purl.org/ccf/1.5/22aebcb8-87f9-4d72-8557-9540ec176188,30,10,10,Daniel Rapp,Daniel,Rapp,,0
https://entity.api.hubmapconsortium.org/entities/ca4a35cc8fa126335d7d6961800812c9,Tissue Block,"Registered 2/11/2026, C. NORDGREN, TMC - University of Pennsylvania","1.905173241562268 x 3.059588670624447 x 6.5297973217769565 millimeter, 6.5 millimeter, 1 Sections",https://portal.hubmapconsortium.org/browse/sample/ca4a35cc8fa126335d7d6961800812c9,http://purl.org/ccf/1.5/f3f2c462-cd81-4342-9aa6-181089fcec55,1.905173241562268,3.059588670624447,6.529797321776956,Antara Bhavsar,Antara,Bhavsar,,0
https://entity.api.hubmapconsortium.org/entities/12a20a76150d11de0b320cc431d796c6,Tissue Block,"Registered 2/11/2026, C. NORDGREN, TMC - University of Pennsylvania","4.887974395084826 x 10.48136355182003 x 28.7029390414017 millimeter, 28.7 millimeter, 1 Sections",https://portal.hubmapconsortium.org/browse/sample/12a20a76150d11de0b320cc431d796c6,http://purl.org/ccf/1.5/01de41af-fe8b-4cb0-b22a-2e8fd28bbabc,4.887974395084826,10.48136355182003,28.7029390414017,Antara Bhavsar,Antara,Bhavsar,,0
https://entity.api.hubmapconsortium.org/entities/1f29b084d5d9de4d9bf6bb8656a8941a,Tissue Block,"Registered 2/11/2026, C. NORDGREN, TMC - University of Pennsylvania","2.099499678848482 x 3.4171450306338667 x 12.856246034447633 millimeter, 12.9 millimeter, 1 Sections",https://portal.hubmapconsortium.org/browse/sample/1f29b084d5d9de4d9bf6bb8656a8941a,http://purl.org/ccf/1.5/07331547-2a92-4f92-ae89-0dc9bf9ce8e1,2.099499678848482,3.417145030633867,12.85624603444763,Antara Bhavsar,Antara,Bhavsar,,0
https://entity.api.hubmapconsortium.org/entities/23912d9b882dcaa649740a6265b53018,Tissue Block,"Registered 4/16/2026, C. NORDGREN, TMC - University of Pennsylvania","3.8119288192717486 x 3.9266955636415526 x 4.604188395774835 millimeter, 4.6 millimeter, 1 Sections",https://portal.hubmapconsortium.org/browse/sample/23912d9b882dcaa649740a6265b53018,http://purl.org/ccf/1.5/0579c15a-7900-4eba-817c-d1e14f320583,3.811928819271749,3.926695563641553,4.604188395774835,Antara Bhavsar,Antara,Bhavsar,,0
https://entity.api.hubmapconsortium.org/entities/7ab3d70585473e79dc516dbebadd84b1,Tissue Block,"Registered 6/21/2022, GLORIA PRYHUBER, TMC-UCSD","10 x 10 x 5 millimeter, 1.7 millimeter, 3 Sections",https://portal.hubmapconsortium.org/browse/sample/7ab3d70585473e79dc516dbebadd84b1,http://purl.org/ccf/1.5/0f4be9aa-dfce-414f-9d40-47cb38f5eee8,10,10,5,GLORIA PRYHUBER,GLORIA,PRYHUBER,,0
https://entity.api.hubmapconsortium.org/entities/86651c9d116a80ff359fe95a9455ab8b,Tissue Block,"Registered 9/27/2021, GLORIA PRYHUBER, TMC-UCSD","10 x 10 x 10 millimeter, 5 millimeter, 2 Sections",https://portal.hubmapconsortium.org/browse/sample/86651c9d116a80ff359fe95a9455ab8b,http://purl.org/ccf/1.5/09b9e49f-dd9c-4f9f-a7dc-258ac0d08530,10,10,10,GLORIA PRYHUBER,GLORIA,PRYHUBER,,0
https://entity.api.hubmapconsortium.org/entities/e003ad04f1405fae01f263436e5df523,Tissue Block,"Registered 2/11/2026, C. NORDGREN, TMC - University of Pennsylvania","3.8119288192717486 x 3.9266955636415526 x 4.604188395774835 millimeter, 4.6 millimeter, 1 Sections",https://portal.hubmapconsortium.org/browse/sample/e003ad04f1405fae01f263436e5df523,http://purl.org/ccf/1.5/04bd6be6-0451-4f01-9f53-7c69e392b1e7,3.811928819271749,3.926695563641553,4.604188395774835,Antara Bhavsar,Antara,Bhavsar,,0
https://api.cellxgene.cziscience.com/dp/v1/collections/625f6bf4-2f33-4942-962e-35243d284837#D175_Donor_TissueBlock1,Tissue Block,"Registered 3/24/2023, Allen Wang, NHLBI/LungMap","5 x 5 x 3 millimeter, 3 millimeter",https://data-browser.lungmap.net/explore/projects/20037472-ea1d-4ddb-9cd3-56a11a6f0f76,http://purl.org/ccf/1.5/da60f474-614a-4e0a-adbe-521ba44c7bf0,5,5,3,Allen Wang,Allen,Wang,,0
https://api.cellxgene.cziscience.com/dp/v1/collections/625f6bf4-2f33-4942-962e-35243d284837#D110_Donor_TissueBlock1,Tissue Block,"Registered 3/24/2023, Allen Wang, NHLBI/LungMap","5 x 5 x 3 millimeter, 3 millimeter",https://data-browser.lungmap.net/explore/projects/20037472-ea1d-4ddb-9cd3-56a11a6f0f76,http://purl.org/ccf/1.5/da60f474-614a-4e0a-adbe-521ba44c7bf0,5,5,3,Allen Wang,Allen,Wang,,0
https://api.cellxgene.cziscience.com/dp/v1/collections/625f6bf4-2f33-4942-962e-35243d284837#D032_Donor_TissueBlock1,Tissue Block,"Registered 3/24/2023, Allen Wang, NHLBI/LungMap","5 x 5 x 3 millimeter, 3 millimeter",https://data-browser.lungmap.net/explore/projects/20037472-ea1d-4ddb-9cd3-56a11a6f0f76,http://purl.org/ccf/1.5/da60f474-614a-4e0a-adbe-521ba44c7bf0,5,5,3,Allen Wang,Allen,Wang,,0
https://api.cellxgene.cziscience.com/dp/v1/collections/625f6bf4-2f33-4942-962e-35243d284837#D046_Donor_TissueBlock1,Tissue Block,"Registered 3/24/2023, Allen Wang, NHLBI/LungMap","5 x 5 x 3 millimeter, 3 millimeter",https://data-browser.lungmap.net/explore/projects/20037472-ea1d-4ddb-9cd3-56a11a6f0f76,http://purl.org/ccf/1.5/da60f474-614a-4e0a-adbe-521ba44c7bf0,5,5,3,Allen Wang,Allen,Wang,,0
https://api.cellxgene.cziscience.com/dp/v1/collections/625f6bf4-2f33-4942-962e-35243d284837#D062_Donor_TissueBlock1,Tissue Block,"Registered 3/24/2023, Allen Wang, NHLBI/LungMap","5 x 5 x 3 millimeter, 3 millimeter",https://data-browser.lungmap.net/explore/projects/20037472-ea1d-4ddb-9cd3-56a11a6f0f76,http://purl.org/ccf/1.5/da60f474-614a-4e0a-adbe-521ba44c7bf0,5,5,3,Allen Wang,Allen,Wang,,0
https://api.cellxgene.cziscience.com/dp/v1/collections/625f6bf4-2f33-4942-962e-35243d284837#D150_Donor_TissueBlock1,Tissue Block,"Registered 3/24/2023, Allen Wang, NHLBI/LungMap","5 x 5 x 3 millimeter, 3 millimeter",https://data-browser.lungmap.net/explore/projects/20037472-ea1d-4ddb-9cd3-56a11a6f0f76,http://purl.org/ccf/1.5/da60f474-614a-4e0a-adbe-521ba44c7bf0,5,5,3,Allen Wang,Allen,Wang,,0
https://api.cellxgene.cziscience.com/dp/v1/collections/625f6bf4-2f33-4942-962e-35243d284837#D122_Donor_TissueBlock1,Tissue Block,"Registered 3/24/2023, Allen Wang, NHLBI/LungMap","5 x 5 x 3 millimeter, 3 millimeter",https://data-browser.lungmap.net/explore/projects/20037472-ea1d-4ddb-9cd3-56a11a6f0f76,http://purl.org/ccf/1.5/da60f474-614a-4e0a-adbe-521ba44c7bf0,5,5,3,Allen Wang,Allen,Wang,,0
https://entity.api.hubmapconsortium.org/entities/b2362226c142a855ddaa0fba0db29b95,Tissue Block,"Registered 10/3/2021, Diane Salamon, TMC-UCSD","5 x 12 x 2 millimeter, 0.7 millimeter, 3 Sections",https://portal.hubmapconsortium.org/browse/sample/b2362226c142a855ddaa0fba0db29b95,http://purl.org/ccf/1.5/f66f91f9-c6c5-414d-b784-2faec33e0505,5,12,2,amanda knoten,amanda,knoten,,0
https://entity.api.sennetconsortium.org/entities/01930f25a3c363434ac0621a9bf32c98,Tissue Block,"Registered 6/10/2024, Andrew Watts, TMC - University of Pittsburgh","7 x 4 x 4 millimeter, 4 millimeter, 1 Sections",https://data.sennetconsortium.org/sample?uuid=01930f25a3c363434ac0621a9bf32c98,http://purl.org/ccf/1.5/f4b938a5-0085-404c-a4e2-9dcb6b80a7c2,7,4,4,AlexisCosta,Alexis,Costa,,0
https://entity.api.sennetconsortium.org/entities/04f721b23452eacb3fcf9d8c01c086c5,Tissue Block,"Registered 6/10/2024, Andrew Watts, TMC - University of Pittsburgh","10 x 10 x 5 millimeter, 2.5 millimeter, 2 Sections",https://data.sennetconsortium.org/sample?uuid=04f721b23452eacb3fcf9d8c01c086c5,http://purl.org/ccf/1.5/4d4f00c2-e09f-4c42-b326-38e6f87048cf,10,10,5,AlexisCosta,Alexis,Costa,,0
https://entity.api.sennetconsortium.org/entities/065452f7f40c428889be2e1b91acafab,Tissue Block,"Registered 6/10/2024, Andrew Watts, TMC - University of Pittsburgh","13 x 10 x 5 millimeter, 5 millimeter, 1 Sections",https://data.sennetconsortium.org/sample?uuid=065452f7f40c428889be2e1b91acafab,http://purl.org/ccf/1.5/264abc66-eee5-4063-8e9d-d5a51d8b070e,13,10,5,AlexisCosta,Alexis,Costa,,0
https://entity.api.sennetconsortium.org/entities/099c2b9e6712a679158ef7e9bbc506df,Tissue Block,"Registered 6/10/2024, Andrew Watts, TMC - University of Pittsburgh","10 x 10 x 5 millimeter, 5 millimeter, 1 Sections",https://data.sennetconsortium.org/sample?uuid=099c2b9e6712a679158ef7e9bbc506df,http://purl.org/ccf/1.5/32f6dacb-0102-4363-a2ee-0fdcbf74517f,10,10,5,AlexisCosta,Alexis,Costa,,0
https://entity.api.sennetconsortium.org/entities/10b86da595763cb06ad4a69e487a74c5,Tissue Block,"Registered 8/30/2024, Andrew Watts, TMC - University of Pittsburgh","20 x 15 x 5 millimeter, 5 millimeter, 1 Sections",https://data.sennetconsortium.org/sample?uuid=10b86da595763cb06ad4a69e487a74c5,http://purl.org/ccf/1.5/4f3f138b-6bc5-49c0-9857-4a4a4b6d22c1,20,15,5,Alexis Costa,Alexis,Costa,,0
https://entity.api.sennetconsortium.org/entities/1161339429ca2ca88eb7d8b88159e9c9,Tissue Block,"Registered 9/27/2024, Andrew Watts, TMC - University of Pittsburgh","10 x 10 x 5 millimeter, 5 millimeter, 1 Sections",https://data.sennetconsortium.org/sample?uuid=1161339429ca2ca88eb7d8b88159e9c9,http://purl.org/ccf/1.5/034b84d0-ebd2-4aef-a1e5-002db57cbe09,10,10,5,Alexis Costa,Alexis,Costa,,0
https://entity.api.sennetconsortium.org/entities/145fa1c421fcf13f5ca90d3c1d7d3c33,Tissue Block,"Registered 9/30/2024, Andrew Watts, TMC - University of Pittsburgh","10 x 5 x 5 millimeter, 5 millimeter, 1 Sections",https://data.sennetconsortium.org/sample?uuid=145fa1c421fcf13f5ca90d3c1d7d3c33,http://purl.org/ccf/1.5/44c47c29-6e1b-48ef-978d-8b9ea7ba01ca,10,5,5,Alexis Costa,Alexis,Costa,,0
https://entity.api.sennetconsortium.org/entities/159a032e81f041c882cfe9097bbb68f6,Tissue Block,"Registered 9/18/2024, Andrew Watts, TMC - University of Pittsburgh","5 x 10 x 4 millimeter, 4 millimeter, 1 Sections",https://data.sennetconsortium.org/sample?uuid=159a032e81f041c882cfe9097bbb68f6,http://purl.org/ccf/1.5/d4fa38d5-5821-4ff1-9d6a-7ad85368a11b,5,10,4,Alexis Costa,Alexis,Costa,,0
https://entity.api.sennetconsortium.org/entities/176ca4aa020562de151ef8f8a10c0eb0,Tissue Block,"Registered 9/26/2024, Andrew Watts, TMC - University of Pittsburgh","20 x 7 x 5 millimeter, 5 millimeter, 1 Sections",https://data.sennetconsortium.org/sample?uuid=176ca4aa020562de151ef8f8a10c0eb0,http://purl.org/ccf/1.5/07d7d6e8-8783-4eca-adfa-481ac3888510,20,7,5,Alexis Costa,Alexis,Costa,,0
https://entity.api.sennetconsortium.org/entities/1cadf55f8236bed43048767e6ef6b9e5,Tissue Block,"Registered 6/10/2024, Andrew Watts, TMC - University of Pittsburgh","10 x 10 x 5 millimeter, 5 millimeter, 1 Sections",https://data.sennetconsortium.org/sample?uuid=1cadf55f8236bed43048767e6ef6b9e5,http://purl.org/ccf/1.5/d152cce5-0508-46a6-87a6-58598238f9c0,10,10,5,AlexisCosta,Alexis,Costa,,0
https://entity.api.sennetconsortium.org/entities/218a2dc55a30c58498c9eedf4f0aa680,Tissue Block,"Registered 6/10/2024, Andrew Watts, TMC - University of Pittsburgh","10 x 10 x 5 millimeter, 5 millimeter, 1 Sections",https://data.sennetconsortium.org/sample?uuid=218a2dc55a30c58498c9eedf4f0aa680,http://purl.org/ccf/1.5/9c5164e1-b9c9-41c2-9bc7-146372dc4d88,10,10,5,AlexisCosta,Alexis,Costa,,0
https://entity.api.sennetconsortium.org/entities/2652ca1fa184e6f436656c6465612537,Tissue Block,"Registered 10/16/2024, Andrew Watts, TMC - University of Pittsburgh","7 x 10 x 5 millimeter, 5 millimeter, 1 Sections",https://data.sennetconsortium.org/sample?uuid=2652ca1fa184e6f436656c6465612537,http://purl.org/ccf/1.5/d7d7b16f-5e35-47e8-923d-90662ea3b7fd,7,10,5,Alexis Costa,Alexis,Costa,,0
https://entity.api.sennetconsortium.org/entities/27726096f4cec7d971cb60e71be5779f,Tissue Block,"Registered 10/16/2024, Andrew Watts, TMC - University of Pittsburgh","10 x 7 x 5 millimeter, 5 millimeter, 1 Sections",https://data.sennetconsortium.org/sample?uuid=27726096f4cec7d971cb60e71be5779f,http://purl.org/ccf/1.5/8be79ca9-1c2b-4b7c-911f-da028487ee28,10,7,5,Alexis Costa,Alexis,Costa,,0
https://entity.api.sennetconsortium.org/entities/29228d63ce45c3ee9a0fe3ec831093e1,Tissue Block,"Registered 10/17/2024, Andrew Watts, TMC - University of Pittsburgh","10 x 15 x 5 millimeter, 5 millimeter, 1 Sections",https://data.sennetconsortium.org/sample?uuid=29228d63ce45c3ee9a0fe3ec831093e1,http://purl.org/ccf/1.5/77d4fb55-21e5-4221-a0a1-aa784c03738f,10,15,5,Alexis Costa,Alexis,Costa,,0
https://entity.api.sennetconsortium.org/entities/2d41b39ddbc50061f208dc09ac38afe6,Tissue Block,"Registered 9/30/2024, Andrew Watts, TMC - University of Pittsburgh","24 x 10 x 5 millimeter, 5 millimeter, 1 Sections",https://data.sennetconsortium.org/sample?uuid=2d41b39ddbc50061f208dc09ac38afe6,http://purl.org/ccf/1.5/9094b7d6-dcc3-4c03-b54f-71eb89877f76,24,10,5,Alexis Costa,Alexis,Costa,,0
https://entity.api.sennetconsortium.org/entities/319dd11f633e3d58b8115bfadd93e135,Tissue Block,"Registered 6/10/2024, Andrew Watts, TMC - University of Pittsburgh","10 x 11 x 5 millimeter, 5 millimeter, 1 Sections",https://data.sennetconsortium.org/sample?uuid=319dd11f633e3d58b8115bfadd93e135,http://purl.org/ccf/1.5/d7a5ef35-5c70-4486-99b8-e98ab4ace0e7,10,11,5,AlexisCosta,Alexis,Costa,,0
https://entity.api.sennetconsortium.org/entities/37582c4bcdc11752b00de708ef42516a,Tissue Block,"Registered 6/10/2024, Andrew Watts, TMC - University of Pittsburgh","10 x 10 x 5 millimeter, 5 millimeter, 1 Sections",https://data.sennetconsortium.org/sample?uuid=37582c4bcdc11752b00de708ef42516a,http://purl.org/ccf/1.5/c0b496ba-e5e7-4c0e-9e05-a3144d6e232b,10,10,5,AlexisCosta,Alexis,Costa,,0
https://entity.api.sennetconsortium.org/entities/37624741e593d705200f879a76571b10,Tissue Block,"Registered 9/18/2024, Andrew Watts, TMC - University of Pittsburgh","15 x 30 x 5 millimeter, 5 millimeter, 1 Sections",https://data.sennetconsortium.org/sample?uuid=37624741e593d705200f879a76571b10,http://purl.org/ccf/1.5/179b0d79-f350-400a-ab71-d454e7e319df,15,30,5,Alexis Costa,Alexis,Costa,,0
https://entity.api.sennetconsortium.org/entities/3b8f4813bacedcb26b85d67ad9c85468,Tissue Block,"Registered 9/30/2024, Anthony Corbett, TMC - University of Pittsburgh","10 x 5 x 5 millimeter, 5 millimeter, 1 Sections",https://data.sennetconsortium.org/sample?uuid=3b8f4813bacedcb26b85d67ad9c85468,http://purl.org/ccf/1.5/b5f8fa4e-9335-4ad3-99da-bfb6d4d93491,10,5,5,Alexis Costa,Alexis,Costa,,0
https://entity.api.sennetconsortium.org/entities/413b1815e527d25b4126a23a4a7bf7f6,Tissue Block,"Registered 6/10/2024, Andrew Watts, TMC - University of Pittsburgh","20 x 10 x 5 millimeter, 5 millimeter, 1 Sections",https://data.sennetconsortium.org/sample?uuid=413b1815e527d25b4126a23a4a7bf7f6,http://purl.org/ccf/1.5/5556bd17-2c05-4e47-b162-80a26e95ee05,20,10,5,AlexisCosta,Alexis,Costa,,0
https://entity.api.sennetconsortium.org/entities/45a83ac622f427e78576831a80070877,Tissue Block,"Registered 6/10/2024, Andrew Watts, TMC - University of Pittsburgh","8 x 12 x 5 millimeter, 5 millimeter, 1 Sections",https://data.sennetconsortium.org/sample?uuid=45a83ac622f427e78576831a80070877,http://purl.org/ccf/1.5/af3461fa-db3f-403a-91c0-4798676ec4e7,8,12,5,AlexisCosta,Alexis,Costa,,0
https://entity.api.sennetconsortium.org/entities/49873efd0582e8400ad02440ac2f0c4f,Tissue Block,"Registered 9/18/2024, Andrew Watts, TMC - University of Pittsburgh","12 x 10 x 4 millimeter, 4 millimeter, 1 Sections",https://data.sennetconsortium.org/sample?uuid=49873efd0582e8400ad02440ac2f0c4f,http://purl.org/ccf/1.5/eb8b86ed-d5ed-4e89-96cd-772e7632d14c,12,10,4,Alexis Costa,Alexis,Costa,,0
https://entity.api.sennetconsortium.org/entities/52ddbf314fca14ab1f91e51d097943d8,Tissue Block,"Registered 6/10/2024, Andrew Watts, TMC - University of Pittsburgh","5 x 8 x 4 millimeter, 4 millimeter, 1 Sections",https://data.sennetconsortium.org/sample?uuid=52ddbf314fca14ab1f91e51d097943d8,http://purl.org/ccf/1.5/5d98858e-20f8-4a74-9369-ed73531d21ba,5,8,4,AlexisCosta,Alexis,Costa,,0
https://entity.api.sennetconsortium.org/entities/539182d36a7612628fe6eca263c378a6,Tissue Block,"Registered 9/30/2024, Andrew Watts, TMC - University of Pittsburgh","8 x 11 x 5 millimeter, 5 millimeter, 1 Sections",https://data.sennetconsortium.org/sample?uuid=539182d36a7612628fe6eca263c378a6,http://purl.org/ccf/1.5/3c7e7a3e-ad9c-4c0b-b4f1-044acccd9485,8,11,5,Alexis Costa,Alexis,Costa,,0
https://entity.api.sennetconsortium.org/entities/53d5dd1301c743347d41cc9b360b2615,Tissue Block,"Registered 9/30/2024, Andrew Watts, TMC - University of Pittsburgh","13 x 20 x 5 millimeter, 5 millimeter, 1 Sections",https://data.sennetconsortium.org/sample?uuid=53d5dd1301c743347d41cc9b360b2615,http://purl.org/ccf/1.5/74f00868-e26b-4d50-951d-b623aeb4ba50,13,20,5,Alexis Costa,Alexis,Costa,,0
https://entity.api.sennetconsortium.org/entities/546d89032902e4718dbb4949707d05aa,Tissue Block,"Registered 6/10/2024, Andrew Watts, TMC - University of Pittsburgh","15 x 10 x 5 millimeter, 2.5 millimeter, 2 Sections",https://data.sennetconsortium.org/sample?uuid=546d89032902e4718dbb4949707d05aa,http://purl.org/ccf/1.5/1b0dd410-fe30-4ff5-99f1-f8a72e6fb4f3,15,10,5,AlexisCosta,Alexis,Costa,,0
https://entity.api.sennetconsortium.org/entities/55140464ec77fba68e73ddfb004f7128,Tissue Block,"Registered 10/17/2024, Andrew Watts, TMC - University of Pittsburgh","10 x 8 x 5 millimeter, 5 millimeter, 1 Sections",https://data.sennetconsortium.org/sample?uuid=55140464ec77fba68e73ddfb004f7128,http://purl.org/ccf/1.5/1a5f8a16-0cee-4945-9f2a-a970bce5b80c,10,8,5,Alexis Costa,Alexis,Costa,,0
https://entity.api.sennetconsortium.org/entities/559c9df5226ef0d0479c008ed1bd6d30,Tissue Block,"Registered 6/10/2024, Andrew Watts, TMC - University of Pittsburgh","10 x 10 x 5 millimeter, 5 millimeter, 1 Sections",https://data.sennetconsortium.org/sample?uuid=559c9df5226ef0d0479c008ed1bd6d30,http://purl.org/ccf/1.5/7c4b5ec1-8863-44b3-bab3-cbdf7082446c,10,10,5,AlexisCosta,Alexis,Costa,,0
https://entity.api.sennetconsortium.org/entities/56bc9c978de38bb47d0eb4af1fd39228,Tissue Block,"Registered 6/10/2024, Andrew Watts, TMC - University of Pittsburgh","13 x 15 x 5 millimeter, 5 millimeter, 1 Sections",https://data.sennetconsortium.org/sample?uuid=56bc9c978de38bb47d0eb4af1fd39228,http://purl.org/ccf/1.5/fc8b1092-f0c0-42c2-a9b9-ec46636eba6e,13,15,5,AlexisCosta,Alexis,Costa,,0
https://entity.api.sennetconsortium.org/entities/580977f6cd89b32dec8f98a7544d4a31,Tissue Block,"Registered 9/30/2024, Andrew Watts, TMC - University of Pittsburgh","20 x 5 x 5 millimeter, 5 millimeter, 1 Sections",https://data.sennetconsortium.org/sample?uuid=580977f6cd89b32dec8f98a7544d4a31,http://purl.org/ccf/1.5/3a4f28de-bbd0-4931-be34-5105cbd182ef,20,5,5,Alexis Costa,Alexis,Costa,,0
https://entity.api.sennetconsortium.org/entities/5c403775f7cca1f48fd08f477e851b81,Tissue Block,"Registered 9/30/2024, Andrew Watts, TMC - University of Pittsburgh","25 x 10 x 5 millimeter, 5 millimeter, 1 Sections",https://data.sennetconsortium.org/sample?uuid=5c403775f7cca1f48fd08f477e851b81,http://purl.org/ccf/1.5/590a841c-c506-4799-8b72-012302ed9130,25,10,5,Alexis Costa,Alexis,Costa,,0
https://entity.api.sennetconsortium.org/entities/6201e2ecb5a94ec720aa9e8ab2f7863f,Tissue Block,"Registered 9/30/2024, Andrew Watts, TMC - University of Pittsburgh","18 x 7 x 5 millimeter, 5 millimeter, 1 Sections",https://data.sennetconsortium.org/sample?uuid=6201e2ecb5a94ec720aa9e8ab2f7863f,http://purl.org/ccf/1.5/2b750e68-a2ab-4e1f-99f5-d2cee90c0a0b,18,7,5,Alexis Costa,Alexis,Costa,,0
https://entity.api.sennetconsortium.org/entities/6b54e5e0edaaf546e85b183da2d2fc1e,Tissue Block,"Registered 9/23/2024, Andrew Watts, TMC - University of Pittsburgh","15 x 7 x 5 millimeter, 5 millimeter, 1 Sections",https://data.sennetconsortium.org/sample?uuid=6b54e5e0edaaf546e85b183da2d2fc1e,http://purl.org/ccf/1.5/5db3f7c8-4eb5-43fa-9683-d51756b9fb62,15,7,5,Alexis Costa,Alexis,Costa,,0
https://entity.api.sennetconsortium.org/entities/719a97cc60038ad704256403a039a55e,Tissue Block,"Registered 6/10/2024, Andrew Watts, TMC - University of Pittsburgh","10 x 11 x 5 millimeter, 5 millimeter, 1 Sections",https://data.sennetconsortium.org/sample?uuid=719a97cc60038ad704256403a039a55e,http://purl.org/ccf/1.5/17257912-7925-4731-8764-5a9e763d8065,10,11,5,AlexisCosta,Alexis,Costa,,0
https://entity.api.sennetconsortium.org/entities/78c6735a80d6fd1d837a217bbeee3c73,Tissue Block,"Registered 6/10/2024, Andrew Watts, TMC - University of Pittsburgh","10 x 12 x 5 millimeter, 5 millimeter, 1 Sections",https://data.sennetconsortium.org/sample?uuid=78c6735a80d6fd1d837a217bbeee3c73,http://purl.org/ccf/1.5/eecbda16-28c4-4655-9cbd-dafb60a34671,10,12,5,AlexisCosta,Alexis,Costa,,0
https://entity.api.sennetconsortium.org/entities/7e4b26d4f9203f992d2901e66e112e0d,Tissue Block,"Registered 9/24/2024, Andrew Watts, TMC - University of Pittsburgh","19 x 6 x 5 millimeter, 5 millimeter, 1 Sections",https://data.sennetconsortium.org/sample?uuid=7e4b26d4f9203f992d2901e66e112e0d,http://purl.org/ccf/1.5/6dbfe487-8db8-47ea-80f2-7b8ccb36b75a,19,6,5,Alexis Costa,Alexis,Costa,,0
https://entity.api.sennetconsortium.org/entities/91a1767d7beec825baf468fcc8c3b2cd,Tissue Block,"Registered 6/10/2024, Andrew Watts, TMC - University of Pittsburgh","10 x 11 x 5 millimeter, 5 millimeter, 1 Sections",https://data.sennetconsortium.org/sample?uuid=91a1767d7beec825baf468fcc8c3b2cd,http://purl.org/ccf/1.5/177b2333-09be-4dae-a5f3-c597b30fa491,10,11,5,AlexisCosta,Alexis,Costa,,0
https://entity.api.sennetconsortium.org/entities/9305fd232ae14e5fcf8ca55936627f4c,Tissue Block,"Registered 9/30/2024, Andrew Watts, TMC - University of Pittsburgh","15 x 17 x 5 millimeter, 5 millimeter, 1 Sections",https://data.sennetconsortium.org/sample?uuid=9305fd232ae14e5fcf8ca55936627f4c,http://purl.org/ccf/1.5/a884cbd1-6fc6-4c92-993c-984f4db551dd,15,17,5,Alexis Costa,Alexis,Costa,,0
https://entity.api.sennetconsortium.org/entities/9933a162aee67f95b26f231edde76eb4,Tissue Block,"Registered 6/10/2024, Andrew Watts, TMC - University of Pittsburgh","6 x 10 x 5 millimeter, 5 millimeter, 1 Sections",https://data.sennetconsortium.org/sample?uuid=9933a162aee67f95b26f231edde76eb4,http://purl.org/ccf/1.5/e6fe5d1b-e3b6-4bff-bc3f-32f26ac7c429,6,10,5,AlexisCosta,Alexis,Costa,,0
https://entity.api.sennetconsortium.org/entities/99b61bef1b3a342e938fae0e20c24798,Tissue Block,"Registered 10/16/2024, Andrew Watts, TMC - University of Pittsburgh","10 x 10 x 5 millimeter, 5 millimeter, 1 Sections",https://data.sennetconsortium.org/sample?uuid=99b61bef1b3a342e938fae0e20c24798,http://purl.org/ccf/1.5/695e5488-41ae-459c-9b3b-824cb501b818,10,10,5,Alexis Costa,Alexis,Costa,,0
https://entity.api.sennetconsortium.org/entities/9f1d7921c7136638a5eae007f0e7a40b,Tissue Block,"Registered 9/30/2024, Andrew Watts, TMC - University of Pittsburgh","10 x 10 x 5 millimeter, 5 millimeter, 1 Sections",https://data.sennetconsortium.org/sample?uuid=9f1d7921c7136638a5eae007f0e7a40b,http://purl.org/ccf/1.5/2bf83f37-13b3-4393-8eb7-2b859b7957b4,10,10,5,Alexis Costa,Alexis,Costa,,0
https://entity.api.sennetconsortium.org/entities/b1fb5d035da0a08c7806f722935f38a5,Tissue Block,"Registered 6/10/2024, Andrew Watts, TMC - University of Pittsburgh","10 x 10 x 5 millimeter, 5 millimeter, 1 Sections",https://data.sennetconsortium.org/sample?uuid=b1fb5d035da0a08c7806f722935f38a5,http://purl.org/ccf/1.5/43896f0c-8732-47e6-bec1-c0c3423f1356,10,10,5,AlexisCosta,Alexis,Costa,,0
https://entity.api.sennetconsortium.org/entities/c5e4c14421809efd6b5cd7f467d90fc7,Tissue Block,"Registered 9/30/2024, Andrew Watts, TMC - University of Pittsburgh","10 x 30 x 5 millimeter, 5 millimeter, 1 Sections",https://data.sennetconsortium.org/sample?uuid=c5e4c14421809efd6b5cd7f467d90fc7,http://purl.org/ccf/1.5/f1457b61-aef0-468b-9cfb-1efb7171e20b,10,30,5,Alexis Costa,Alexis,Costa,,0
https://entity.api.sennetconsortium.org/entities/de3cae3d07ba56cce880b8f85a2e4622,Tissue Block,"Registered 6/10/2024, Andrew Watts, TMC - University of Pittsburgh","15 x 10 x 5 millimeter, 5 millimeter, 1 Sections",https://data.sennetconsortium.org/sample?uuid=de3cae3d07ba56cce880b8f85a2e4622,http://purl.org/ccf/1.5/fb71f6df-89d7-4353-91fc-8bba07d4a2d9,15,10,5,AlexisCosta,Alexis,Costa,,0
https://entity.api.sennetconsortium.org/entities/f9c4768cbd77f98f6f5983fa75d9500a,Tissue Block,"Registered 9/30/2024, Andrew Watts, TMC - University of Pittsburgh","10 x 10 x 5 millimeter, 5 millimeter, 1 Sections",https://data.sennetconsortium.org/sample?uuid=f9c4768cbd77f98f6f5983fa75d9500a,http://purl.org/ccf/1.5/8440a5c0-a640-4c90-b5c0-6a113761a9cb,10,10,5,Alexis Costa,Alexis,Costa,,0
https://entity.api.sennetconsortium.org/entities/faad1efb1e7d05985a22f86008c593e0,Tissue Block,"Registered 6/10/2024, Andrew Watts, TMC - University of Pittsburgh","10 x 10 x 5 millimeter, 2.5 millimeter, 2 Sections",https://data.sennetconsortium.org/sample?uuid=faad1efb1e7d05985a22f86008c593e0,http://purl.org/ccf/1.5/333903bd-842b-4775-87ae-1fe9d88edafb,10,10,5,AlexisCosta,Alexis,Costa,,0
https://entity.api.sennetconsortium.org/entities/5c5e47cc8ebf7f8b667ae021f6522e00,Tissue Block,"Registered 9/30/2024, Andrew Watts, TMC - University of Pittsburgh","12 x 9 x 5 millimeter, 5 millimeter, 1 Sections",https://data.sennetconsortium.org/sample?uuid=5c5e47cc8ebf7f8b667ae021f6522e00,http://purl.org/ccf/1.5/ce12af91-344c-4930-a433-4a92bc6c1dc5,12,9,5,Alexis Costa,Alexis,Costa,,0
https://entity.api.sennetconsortium.org/entities/70b2ee41d081c24c99a8dc02a4748dc8,Tissue Block,"Registered 6/10/2024, Andrew Watts, TMC - University of Pittsburgh","10 x 10 x 5 millimeter, 5 millimeter, 1 Sections",https://data.sennetconsortium.org/sample?uuid=70b2ee41d081c24c99a8dc02a4748dc8,http://purl.org/ccf/1.5/e61b61b9-50b2-444c-9d1e-cc3506a1fc8e,10,10,5,AlexisCosta,Alexis,Costa,,0
https://entity.api.sennetconsortium.org/entities/729e9935a9db9baabdd0ca2a007960be,Tissue Block,"Registered 6/10/2024, Andrew Watts, TMC - University of Pittsburgh","11 x 11 x 5 millimeter, 1.7 millimeter, 3 Sections",https://data.sennetconsortium.org/sample?uuid=729e9935a9db9baabdd0ca2a007960be,http://purl.org/ccf/1.5/4248c515-5c28-4a1b-b99d-a6f91077b8f4,11,11,5,AlexisCosta,Alexis,Costa,,0
https://entity.api.sennetconsortium.org/entities/786ecfe62fdb88703b2863d243bf42d2,Tissue Block,"Registered 10/16/2024, Andrew Watts, TMC - University of Pittsburgh","11 x 9 x 5 millimeter, 5 millimeter, 1 Sections",https://data.sennetconsortium.org/sample?uuid=786ecfe62fdb88703b2863d243bf42d2,http://purl.org/ccf/1.5/eeb93a42-968a-44f6-a633-5d6b64303d85,11,9,5,Alexis Costa,Alexis,Costa,,0
https://entity.api.sennetconsortium.org/entities/91085ac9a3b2cbd5537c9d3551b6a706,Tissue Block,"Registered 6/10/2024, Andrew Watts, TMC - University of Pittsburgh","12 x 6 x 5 millimeter, 5 millimeter, 1 Sections",https://data.sennetconsortium.org/sample?uuid=91085ac9a3b2cbd5537c9d3551b6a706,http://purl.org/ccf/1.5/dd5534c0-2671-464d-a891-8a337dbd8adf,12,6,5,AlexisCosta,Alexis,Costa,,0
https://entity.api.sennetconsortium.org/entities/a8d79e4fd30d7d2232e21938f97ced54,Tissue Block,"Registered 10/17/2024, Andrew Watts, TMC - University of Pittsburgh","12 x 12 x 5 millimeter, 5 millimeter, 1 Sections",https://data.sennetconsortium.org/sample?uuid=a8d79e4fd30d7d2232e21938f97ced54,http://purl.org/ccf/1.5/da50ebfc-4c43-47f7-a711-a89d381c36fd,12,12,5,Alexis Costa,Alexis,Costa,,0
https://entity.api.sennetconsortium.org/entities/b0404108284319c302779e6e76cdef41,Tissue Block,"Registered 9/30/2024, Andrew Watts, TMC - University of Pittsburgh","15 x 12 x 5 millimeter, 5 millimeter, 1 Sections",https://data.sennetconsortium.org/sample?uuid=b0404108284319c302779e6e76cdef41,http://purl.org/ccf/1.5/19eeb5e2-56e3-4e37-8d63-97aec1b4c0c2,15,12,5,Alexis Costa,Alexis,Costa,,0
https://entity.api.sennetconsortium.org/entities/d39a2971e0d9cfc2057a194f1c31a1b8,Tissue Block,"Registered 9/30/2024, Andrew Watts, TMC - University of Pittsburgh","9 x 11 x 10 millimeter, 10 millimeter, 1 Sections",https://data.sennetconsortium.org/sample?uuid=d39a2971e0d9cfc2057a194f1c31a1b8,http://purl.org/ccf/1.5/a455ba9e-2a53-4fa8-a2ba-0461ba23f448,9,11,10,Alexis Costa,Alexis,Costa,,0
https://entity.api.sennetconsortium.org/entities/d52bbe1ff2cb2ace21c9910cc6867cb3,Tissue Block,"Registered 9/30/2024, Andrew Watts, TMC - University of Pittsburgh","10 x 10 x 5 millimeter, 5 millimeter, 1 Sections",https://data.sennetconsortium.org/sample?uuid=d52bbe1ff2cb2ace21c9910cc6867cb3,http://purl.org/ccf/1.5/886b120f-d9da-420e-b6ff-24e08f0d38c1,10,10,5,Alexis Costa,Alexis,Costa,,0
https://entity.api.sennetconsortium.org/entities/d900a1a516803a5028cf49fcd3b0e23e,Tissue Block,"Registered 6/10/2024, Andrew Watts, TMC - University of Pittsburgh","12 x 12 x 5 millimeter, 5 millimeter, 1 Sections",https://data.sennetconsortium.org/sample?uuid=d900a1a516803a5028cf49fcd3b0e23e,http://purl.org/ccf/1.5/e7f5d69d-5d29-4f7c-a1d5-067847b65e84,12,12,5,AlexisCosta,Alexis,Costa,,0
https://entity.api.sennetconsortium.org/entities/da3b5e041bb4fc8bb5ae712d05cef4af,Tissue Block,"Registered 10/16/2024, Andrew Watts, TMC - University of Pittsburgh","12 x 11 x 5 millimeter, 5 millimeter, 1 Sections",https://data.sennetconsortium.org/sample?uuid=da3b5e041bb4fc8bb5ae712d05cef4af,http://purl.org/ccf/1.5/35e9c5f4-c809-4cc2-bd71-b885743dc548,12,11,5,Alexis Costa,Alexis,Costa,,0
https://entity.api.sennetconsortium.org/entities/db9ac25182e20588b4c8046a03eced5e,Tissue Block,"Registered 10/16/2024, Andrew Watts, TMC - University of Pittsburgh","13 x 10 x 5 millimeter, 2.5 millimeter, 2 Sections",https://data.sennetconsortium.org/sample?uuid=db9ac25182e20588b4c8046a03eced5e,http://purl.org/ccf/1.5/e4a6d310-3c0e-4a1d-b73a-521cfe938e29,13,10,5,Alexis Costa,Alexis,Costa,,0
https://entity.api.sennetconsortium.org/entities/dd1b196ac88954d3fc6bf5a3cd7f0ceb,Tissue Block,"Registered 6/10/2024, Andrew Watts, TMC - University of Pittsburgh","13 x 7 x 5 millimeter, 5 millimeter, 1 Sections",https://data.sennetconsortium.org/sample?uuid=dd1b196ac88954d3fc6bf5a3cd7f0ceb,http://purl.org/ccf/1.5/d2de9d89-13d6-474a-bf4c-947c051c1d41,13,7,5,AlexisCosta,Alexis,Costa,,0
https://entity.api.sennetconsortium.org/entities/f6a35fac3feaaa6b4be2d55ca369b6a7,Tissue Block,"Registered 10/17/2024, Andrew Watts, TMC - University of Pittsburgh","20 x 10 x 5 millimeter, 5 millimeter, 1 Sections",https://data.sennetconsortium.org/sample?uuid=f6a35fac3feaaa6b4be2d55ca369b6a7,http://purl.org/ccf/1.5/089602f5-0ba8-47b2-abcf-4a4d45b9b5b4,20,10,5,Alexis Costa,Alexis,Costa,,0
https://doi.org/10.1126/science.abl4896#TSP1_Bladder,Tissue Block,"Registered 7/27/2023, Heidi Schlehlein, Tabula Sapiens","20 x 20 x 20 millimeter, 20 millimeter",https://doi.org/10.1126/science.abl4896,http://purl.org/ccf/1.5/469d1e65-af1f-4964-9646-0ace770ab182,20,20,20,Heidi Schlehlein,Heidi,Schlehlein,,0
https://doi.org/10.1126/science.abl4896#TSP2_Bladder,Tissue Block,"Registered 7/27/2023, Heidi Schlehlein, Tabula Sapiens","20 x 20 x 20 millimeter, 20 millimeter",https://doi.org/10.1126/science.abl4896,http://purl.org/ccf/1.5/469d1e65-af1f-4964-9646-0ace770ab182,20,20,20,Heidi Schlehlein,Heidi,Schlehlein,,0
https://doi.org/10.1126/science.abl4896#TSP21_Bladder,Tissue Block,"Registered 7/27/2023, Heidi Schlehlein, Tabula Sapiens","20 x 20 x 20 millimeter, 20 millimeter",https://doi.org/10.1126/science.abl4896,http://purl.org/ccf/1.5/469d1e65-af1f-4964-9646-0ace770ab182,20,20,20,Heidi Schlehlein,Heidi,Schlehlein,,0
https://doi.org/10.1126/science.abl4896#TSP27_Bladder,Tissue Block,"Registered 7/27/2023, Heidi Schlehlein, Tabula Sapiens","20 x 20 x 20 millimeter, 20 millimeter",https://doi.org/10.1126/science.abl4896,http://purl.org/ccf/1.5/469d1e65-af1f-4964-9646-0ace770ab182,20,20,20,Heidi Schlehlein,Heidi,Schlehlein,,0
https://doi.org/10.1126/science.abl4896#TSP10_Skin,Tissue Block,"Registered 7/27/2023, Heidi Schlehlein, Tabula Sapiens","20 x 20 x 20 millimeter, 20 millimeter",https://doi.org/10.1126/science.abl4896,http://purl.org/ccf/1.5/830da174-80d2-436e-ae02-4e36a3eedd43,20,20,20,Heidi Schlehlein,Heidi,Schlehlein,,0
https://doi.org/10.1126/science.abl4896#TSP14_Skin,Tissue Block,"Registered 7/27/2023, Heidi Schlehlein, Tabula Sapiens","20 x 20 x 20 millimeter, 20 millimeter",https://doi.org/10.1126/science.abl4896,http://purl.org/ccf/1.5/830da174-80d2-436e-ae02-4e36a3eedd43,20,20,20,Heidi Schlehlein,Heidi,Schlehlein,,0
https://doi.org/10.1126/science.abl4896#TSP14_Bladder,Tissue Block,"Registered 7/27/2023, Heidi Schlehlein, Tabula Sapiens","20 x 20 x 20 millimeter, 20 millimeter",https://doi.org/10.1126/science.abl4896,http://purl.org/ccf/1.5/4f6471ec-f891-40a4-a5a2-e4eeda8cb2bf,20,20,20,Heidi Schlehlein,Heidi,Schlehlein,,0
https://doi.org/10.1126/science.abl4896#TSP25_Bladder,Tissue Block,"Registered 7/27/2023, Heidi Schlehlein, Tabula Sapiens","20 x 20 x 20 millimeter, 20 millimeter",https://doi.org/10.1126/science.abl4896,http://purl.org/ccf/1.5/4f6471ec-f891-40a4-a5a2-e4eeda8cb2bf,20,20,20,Heidi Schlehlein,Heidi,Schlehlein,,0
https://doi.org/10.1126/science.abl4896#TSP14_Prostate,Tissue Block,"Registered 1/25/2025, Heidi Schlehlein, Tabula Sapiens","30 x 40 x 30 millimeter, 30 millimeter",https://doi.org/10.1126/science.abl4896,http://purl.org/ccf/1.5/66e31648-94e6-4c22-ac76-2fdef2133aff,30,40,30,Heidi Schlehlein,Heidi,Schlehlein,,0
https://doi.org/10.1126/science.abl4896#TSP8_Prostate,Tissue Block,"Registered 1/25/2025, Heidi Schlehlein, Tabula Sapiens","30 x 40 x 30 millimeter, 30 millimeter",https://doi.org/10.1126/science.abl4896,http://purl.org/ccf/1.5/66e31648-94e6-4c22-ac76-2fdef2133aff,30,40,30,Heidi Schlehlein,Heidi,Schlehlein,,0
https://doi.org/10.1126/science.abl4896#TSP25_Prostate,Tissue Block,"Registered 1/25/2025, Heidi Schlehlein, Tabula Sapiens","30 x 40 x 30 millimeter, 30 millimeter",https://doi.org/10.1126/science.abl4896,http://purl.org/ccf/1.5/66e31648-94e6-4c22-ac76-2fdef2133aff,30,40,30,Heidi Schlehlein,Heidi,Schlehlein,,0
https://doi.org/10.1126/science.abl4896#TSP14_Spleen,Tissue Block,"Registered 7/27/2023, Heidi Schlehlein, Tabula Sapiens","12.7 x 12.7 x 12.7 millimeter, 12.7 millimeter",https://doi.org/10.1126/science.abl4896,http://purl.org/ccf/1.5/32aa316e-7b68-4d4e-ac4d-4194787529ea,12.7,12.7,12.7,Heidi Schlehlein,Heidi,Schlehlein,,0
https://doi.org/10.1126/science.abl4896#TSP25_Spleen,Tissue Block,"Registered 7/27/2023, Heidi Schlehlein, Tabula Sapiens","12.7 x 12.7 x 12.7 millimeter, 12.7 millimeter",https://doi.org/10.1126/science.abl4896,http://purl.org/ccf/1.5/32aa316e-7b68-4d4e-ac4d-4194787529ea,12.7,12.7,12.7,Heidi Schlehlein,Heidi,Schlehlein,,0
https://doi.org/10.1126/science.abl4896#TSP14_Thymus,Tissue Block,"Registered 1/25/2025, Heidi Schlehlein, Tabula Sapiens","40 x 80 x 30 millimeter, 30 millimeter",https://doi.org/10.1126/science.abl4896,http://purl.org/ccf/1.5/5fb93ab2-0fa8-4583-af2c-c3b8dfeb2a44,40,80,30,Heidi Schlehlein,Heidi,Schlehlein,,0
https://doi.org/10.1126/science.abl4896#TSP25_Thymus,Tissue Block,"Registered 1/25/2025, Heidi Schlehlein, Tabula Sapiens","40 x 80 x 30 millimeter, 30 millimeter",https://doi.org/10.1126/science.abl4896,http://purl.org/ccf/1.5/5fb93ab2-0fa8-4583-af2c-c3b8dfeb2a44,40,80,30,Heidi Schlehlein,Heidi,Schlehlein,,0
https://doi.org/10.1126/science.abl4896#TSP2_Kidney,Tissue Block,"Registered 1/25/2025, Heidi Schlehlein, Tabula Sapiens","10 x 10 x 2 millimeter, 2 millimeter",https://doi.org/10.1126/science.abl4896,http://purl.org/ccf/1.5/2ba5b803-1162-4a7e-9371-e1c445deb97f,10,10,2,Heidi Schlehlein,Heidi,Schlehlein,,0
https://doi.org/10.1126/science.abl4896#TSP2_Large_Intestine%2Fasc_colon,Tissue Block,"Registered 7/27/2023, Heidi Schlehlein, Tabula Sapiens","304.8 x 40 x 50 millimeter, 50 millimeter",https://doi.org/10.1126/science.abl4896,http://purl.org/ccf/1.5/d76af3c2-3456-48ab-a806-a113c1a1a478,304.8,40,50,Heidi Schlehlein,Heidi,Schlehlein,,0
https://doi.org/10.1126/science.abl4896#TSP26_Large_Intestine%2Fasc_colon,Tissue Block,"Registered 7/27/2023, Heidi Schlehlein, Tabula Sapiens","304.8 x 40 x 50 millimeter, 50 millimeter",https://doi.org/10.1126/science.abl4896,http://purl.org/ccf/1.5/d76af3c2-3456-48ab-a806-a113c1a1a478,304.8,40,50,Heidi Schlehlein,Heidi,Schlehlein,,0
https://doi.org/10.1126/science.abl4896#TSP27_asc_colon,Tissue Block,"Registered 7/27/2023, Heidi Schlehlein, Tabula Sapiens","304.8 x 40 x 50 millimeter, 50 millimeter",https://doi.org/10.1126/science.abl4896,http://purl.org/ccf/1.5/d76af3c2-3456-48ab-a806-a113c1a1a478,304.8,40,50,Heidi Schlehlein,Heidi,Schlehlein,,0
https://doi.org/10.1126/science.abl4896#TSP2_Large_Intestine%2Fsigmoid_colon,Tissue Block,"Registered 7/27/2023, Heidi Schlehlein, Tabula Sapiens","304.8 x 40 x 50 millimeter, 50 millimeter",https://doi.org/10.1126/science.abl4896,http://purl.org/ccf/1.5/79aded5b-cbd0-494d-9534-7ec8292fa0ab,304.8,40,50,Heidi Schlehlein,Heidi,Schlehlein,,0
https://doi.org/10.1126/science.abl4896#TSP26_Large_Intestine%2Fsigmoid_colon,Tissue Block,"Registered 7/27/2023, Heidi Schlehlein, Tabula Sapiens","304.8 x 40 x 50 millimeter, 50 millimeter",https://doi.org/10.1126/science.abl4896,http://purl.org/ccf/1.5/79aded5b-cbd0-494d-9534-7ec8292fa0ab,304.8,40,50,Heidi Schlehlein,Heidi,Schlehlein,,0
https://doi.org/10.1126/science.abl4896#TSP27_sigmoid_colon,Tissue Block,"Registered 7/27/2023, Heidi Schlehlein, Tabula Sapiens","304.8 x 40 x 50 millimeter, 50 millimeter",https://doi.org/10.1126/science.abl4896,http://purl.org/ccf/1.5/79aded5b-cbd0-494d-9534-7ec8292fa0ab,304.8,40,50,Heidi Schlehlein,Heidi,Schlehlein,,0
https://doi.org/10.1126/science.abl4896#TSP2_Small_Intestine%2FDuodenum,Tissue Block,"Registered 7/27/2023, Heidi Schlehlein, Tabula Sapiens","304.8 x 30 x 30 millimeter, 30 millimeter",https://doi.org/10.1126/science.abl4896,http://purl.org/ccf/1.5/977c2ba3-463f-449d-b2da-c52c3a4bd4ee,304.8,30,30,Heidi Schlehlein,Heidi,Schlehlein,,0
https://doi.org/10.1126/science.abl4896#TSP26_Small_Intestine%2Fduodenum,Tissue Block,"Registered 7/27/2023, Heidi Schlehlein, Tabula Sapiens","304.8 x 30 x 30 millimeter, 30 millimeter",https://doi.org/10.1126/science.abl4896,http://purl.org/ccf/1.5/977c2ba3-463f-449d-b2da-c52c3a4bd4ee,304.8,30,30,Heidi Schlehlein,Heidi,Schlehlein,,0
https://doi.org/10.1126/science.abl4896#TSP27_duodenum,Tissue Block,"Registered 7/27/2023, Heidi Schlehlein, Tabula Sapiens","304.8 x 30 x 30 millimeter, 30 millimeter",https://doi.org/10.1126/science.abl4896,http://purl.org/ccf/1.5/977c2ba3-463f-449d-b2da-c52c3a4bd4ee,304.8,30,30,Heidi Schlehlein,Heidi,Schlehlein,,0
https://doi.org/10.1126/science.abl4896#TSP2_Spleen,Tissue Block,"Registered 7/27/2023, Heidi Schlehlein, Tabula Sapiens","12.7 x 12.7 x 12.7 millimeter, 12.7 millimeter",https://doi.org/10.1126/science.abl4896,http://purl.org/ccf/1.5/f45ddb55-6427-4f10-932e-1e8b8c12e05a,12.7,12.7,12.7,Heidi Schlehlein,Heidi,Schlehlein,,0
https://doi.org/10.1126/science.abl4896#TSP21_Spleen,Tissue Block,"Registered 7/27/2023, Heidi Schlehlein, Tabula Sapiens","12.7 x 12.7 x 12.7 millimeter, 12.7 millimeter",https://doi.org/10.1126/science.abl4896,http://purl.org/ccf/1.5/f45ddb55-6427-4f10-932e-1e8b8c12e05a,12.7,12.7,12.7,Heidi Schlehlein,Heidi,Schlehlein,,0
https://doi.org/10.1126/science.abl4896#TSP27_Spleen,Tissue Block,"Registered 7/27/2023, Heidi Schlehlein, Tabula Sapiens","12.7 x 12.7 x 12.7 millimeter, 12.7 millimeter",https://doi.org/10.1126/science.abl4896,http://purl.org/ccf/1.5/f45ddb55-6427-4f10-932e-1e8b8c12e05a,12.7,12.7,12.7,Heidi Schlehlein,Heidi,Schlehlein,,0
https://doi.org/10.1126/science.abl4896#TSP7_Spleen,Tissue Block,"Registered 7/27/2023, Heidi Schlehlein, Tabula Sapiens","12.7 x 12.7 x 12.7 millimeter, 12.7 millimeter",https://doi.org/10.1126/science.abl4896,http://purl.org/ccf/1.5/f45ddb55-6427-4f10-932e-1e8b8c12e05a,12.7,12.7,12.7,Heidi Schlehlein,Heidi,Schlehlein,,0
https://doi.org/10.1126/science.abl4896#TSP2_Thymus,Tissue Block,"Registered 1/25/2025, Heidi Schlehlein, Tabula Sapiens","90 x 130 x 50 millimeter, 50 millimeter",https://doi.org/10.1126/science.abl4896,http://purl.org/ccf/1.5/2865c409-c19f-4475-b102-ba3cfc9b72a5,90,130,50,Heidi Schlehlein,Heidi,Schlehlein,,0
https://doi.org/10.1126/science.abl4896#TSP27_Thymus,Tissue Block,"Registered 1/25/2025, Heidi Schlehlein, Tabula Sapiens","90 x 130 x 50 millimeter, 50 millimeter",https://doi.org/10.1126/science.abl4896,http://purl.org/ccf/1.5/2865c409-c19f-4475-b102-ba3cfc9b72a5,90,130,50,Heidi Schlehlein,Heidi,Schlehlein,,0
https://doi.org/10.1126/science.abl4896#TSP25_Duodenum,Tissue Block,"Registered 7/28/2023, Heidi Schlehlein, Tabula Sapiens","104.8 x 20 x 20 millimeter, 20 millimeter",https://doi.org/10.1126/science.abl4896,http://purl.org/ccf/1.5/8adcc2aa-6d36-4fab-a745-7a097a732768,104.8,20,20,Heidi Schlehlein,Heidi,Schlehlein,,0
https://doi.org/10.1126/science.abl4896#TSP25_ileum,Tissue Block,"Registered 7/28/2023, Heidi Schlehlein, Tabula Sapiens","304.8 x 20 x 20 millimeter, 20 millimeter",https://doi.org/10.1126/science.abl4896,http://purl.org/ccf/1.5/5df42986-8bb8-4715-93ac-a1ac2daec853,304.8,20,20,Heidi Schlehlein,Heidi,Schlehlein,,0
https://doi.org/10.1126/science.abl4896#TSP26_Small_Intestine%2Fileum,Tissue Block,"Registered 7/27/2023, Heidi Schlehlein, Tabula Sapiens","304.8 x 30 x 30 millimeter, 30 millimeter",https://doi.org/10.1126/science.abl4896,http://purl.org/ccf/1.5/e07ea320-ff6e-4f05-a2a0-75ae2e966ef7,304.8,30,30,Heidi Schlehlein,Heidi,Schlehlein,,0
https://doi.org/10.1126/science.abl4896#TSP27_Ileum,Tissue Block,"Registered 7/27/2023, Heidi Schlehlein, Tabula Sapiens","304.8 x 30 x 30 millimeter, 30 millimeter",https://doi.org/10.1126/science.abl4896,http://purl.org/ccf/1.5/e07ea320-ff6e-4f05-a2a0-75ae2e966ef7,304.8,30,30,Heidi Schlehlein,Heidi,Schlehlein,,0
https://doi.org/10.1126/science.abl4896#TSP27_Heart%2Fright_cardiac,Tissue Block,"Registered 1/26/2025, Heidi Schlehlein, Tabula Sapiens","10 x 10 x 10 millimeter, 10 millimeter",https://doi.org/10.1126/science.abl4896,http://purl.org/ccf/1.5/df2e5e19-48af-46b1-aa9a-84bfcaa9415a,10,10,10,Heidi Schlehlein,Heidi,Schlehlein,,0
https://doi.org/10.1126/science.abl4896#TSP27_Heart%2Fright_ventricle,Tissue Block,"Registered 1/26/2025, Heidi Schlehlein, Tabula Sapiens","10 x 10 x 10 millimeter, 10 millimeter",https://doi.org/10.1126/science.abl4896,http://purl.org/ccf/1.5/adb13ed6-5236-419c-b9c1-c516f3c7471d,10,10,10,Heidi Schlehlein,Heidi,Schlehlein,,0
https://doi.org/10.1126/science.abl4896#TSP27_Mammary,Tissue Block,"Registered 7/27/2023, Heidi Schlehlein, Tabula Sapiens","20 x 20 x 20 millimeter, 20 millimeter",https://doi.org/10.1126/science.abl4896,http://purl.org/ccf/1.5/d8ed19a3-2960-472f-a1ed-189cdbb71fdc,20,20,20,Heidi Schlehlein,Heidi,Schlehlein,,0
https://doi.org/10.1126/science.abl4896#TSP4_Mammary_L,Tissue Block,"Registered 7/27/2023, Heidi Schlehlein, Tabula Sapiens","20 x 20 x 20 millimeter, 20 millimeter",https://doi.org/10.1126/science.abl4896,http://purl.org/ccf/1.5/d8ed19a3-2960-472f-a1ed-189cdbb71fdc,20,20,20,Heidi Schlehlein,Heidi,Schlehlein,,0
https://doi.org/10.1126/science.abl4896#TSP27_Ovary_L,Tissue Block,"Registered 1/25/2025, Heidi Schlehlein, Tabula Sapiens","12 x 25 x 10 millimeter, 10 millimeter",https://doi.org/10.1126/science.abl4896,http://purl.org/ccf/1.5/46cd2681-b0f1-455b-a508-5bf7b806a3ed,12,25,10,Heidi Schlehlein,Heidi,Schlehlein,,0
https://doi.org/10.1126/science.abl4896#TSP28_Ovary_L,Tissue Block,"Registered 1/25/2025, Heidi Schlehlein, Tabula Sapiens","12 x 25 x 10 millimeter, 10 millimeter",https://doi.org/10.1126/science.abl4896,http://purl.org/ccf/1.5/46cd2681-b0f1-455b-a508-5bf7b806a3ed,12,25,10,Heidi Schlehlein,Heidi,Schlehlein,,0
https://doi.org/10.1126/science.abl4896#TSP30_Ovary_L,Tissue Block,"Registered 1/25/2025, Heidi Schlehlein, Tabula Sapiens","12 x 25 x 10 millimeter, 10 millimeter",https://doi.org/10.1126/science.abl4896,http://purl.org/ccf/1.5/46cd2681-b0f1-455b-a508-5bf7b806a3ed,12,25,10,Heidi Schlehlein,Heidi,Schlehlein,,0
https://doi.org/10.1126/science.abl4896#TSP28_Ovary_R,Tissue Block,"Registered 1/25/2025, Heidi Schlehlein, Tabula Sapiens","15 x 25 x 10 millimeter, 10 millimeter",https://doi.org/10.1126/science.abl4896,http://purl.org/ccf/1.5/931a38d3-d2f2-4f12-9db4-3c9b3d5fa534,15,25,10,Heidi Schlehlein,Heidi,Schlehlein,,0
https://doi.org/10.1126/science.abl4896#TSP30_Ovary_R,Tissue Block,"Registered 1/25/2025, Heidi Schlehlein, Tabula Sapiens","15 x 25 x 10 millimeter, 10 millimeter",https://doi.org/10.1126/science.abl4896,http://purl.org/ccf/1.5/931a38d3-d2f2-4f12-9db4-3c9b3d5fa534,15,25,10,Heidi Schlehlein,Heidi,Schlehlein,,0
https://doi.org/10.1126/science.abl4896#TSP27_Ovary_R,Tissue Block,"Registered 1/25/2025, Heidi Schlehlein, Tabula Sapiens","15 x 25 x 10 millimeter, 10 millimeter",https://doi.org/10.1126/science.abl4896,http://purl.org/ccf/1.5/931a38d3-d2f2-4f12-9db4-3c9b3d5fa534,15,25,10,Heidi Schlehlein,Heidi,Schlehlein,,0
https://doi.org/10.1126/science.abl4896#TSP9_Pancreas,Tissue Block,"Registered 1/25/2025, Heidi Schlehlein, Tabula Sapiens","125 x 90 x 100 millimeter, 100 millimeter",https://doi.org/10.1126/science.abl4896,http://purl.org/ccf/1.5/c053f62c-af03-42de-904a-fde28761f348,125,90,100,Heidi Schlehlein,Heidi,Schlehlein,,0
https://entity.api.hubmapconsortium.org/entities/2283c507fdbb47ae8981f9e5d3fc7364,Tissue Block,"Registered 12/13/2022, Marda Jorgensen, TMC-Florida","10 x 10 x 10 millimeter, 10 millimeter, 1 Sections",https://portal.hubmapconsortium.org/browse/sample/2283c507fdbb47ae8981f9e5d3fc7364,http://purl.org/ccf/1.5/6febbcea-502d-466e-bb26-6e3eb8240902,10,10,10,Hunter Hakimian,Hunter,Hakimian,,0
https://entity.api.hubmapconsortium.org/entities/5e84677c3dc53f5fd10dbd4c0c707121,Tissue Block,"Registered 12/13/2022, Marda Jorgensen, TMC-Florida","10 x 10 x 12 millimeter, 12 millimeter, 1 Sections",https://portal.hubmapconsortium.org/browse/sample/5e84677c3dc53f5fd10dbd4c0c707121,http://purl.org/ccf/1.5/b5efb4f3-6dee-4a3c-b55f-91e6c40c6003,10,10,12,Hunter Hakimian,Hunter,Hakimian,,0
https://entity.api.hubmapconsortium.org/entities/64e13907edf7eba3099d130c27278fa2,Tissue Block,"Registered 12/13/2022, Marda Jorgensen, TMC-Florida","10 x 10 x 12 millimeter, 12 millimeter, 1 Sections",https://portal.hubmapconsortium.org/browse/sample/64e13907edf7eba3099d130c27278fa2,http://purl.org/ccf/1.5/8959318d-4815-4b51-96f2-5a1096de49f3,10,10,12,Hunter Hakimian,Hunter,Hakimian,,0
https://entity.api.hubmapconsortium.org/entities/9d100e858da59cd250f0471e56b7e62c,Tissue Block,"Registered 10/2/2021, Marda Jorgensen, TMC-Florida","10 x 10 x 12 millimeter, 12 millimeter, 0 Sections",https://portal.hubmapconsortium.org/browse/sample/9d100e858da59cd250f0471e56b7e62c,http://purl.org/ccf/1.5/b49d14ff-5d72-431d-8c03-24e662795ddb,10,10,12,Hunter Hakimian,Hunter,Hakimian,,0
https://entity.api.hubmapconsortium.org/entities/d3525d35f6d5ee3dc3186613b0ab1762,Tissue Block,"Registered 10/2/2021, Marda Jorgensen, TMC-Florida","10 x 10 x 12 millimeter, 12 millimeter, 0 Sections",https://portal.hubmapconsortium.org/browse/sample/d3525d35f6d5ee3dc3186613b0ab1762,http://purl.org/ccf/1.5/e21afc3c-3a7c-4717-90d5-e5739fd8432c,10,10,12,Hunter Hakimian,Hunter,Hakimian,,0
https://entity.api.hubmapconsortium.org/entities/e06ead205555141de119caa8f5c990d4,Tissue Block,"Registered 10/2/2021, Marda Jorgensen, TMC-Florida","10 x 10 x 12 millimeter, 12 millimeter, 0 Sections",https://portal.hubmapconsortium.org/browse/sample/e06ead205555141de119caa8f5c990d4,http://purl.org/ccf/1.5/373c77e0-1d77-4c28-b547-0eb9420f30bc,10,10,12,Hunter Hakimian,Hunter,Hakimian,,0
https://entity.api.hubmapconsortium.org/entities/017eccf19e93969ce5cd8f30f78bab67,Tissue Block,"Registered 12/13/2022, Marda Jorgensen, TMC-Florida","20 x 10 x 12 millimeter, 12 millimeter, 1 Sections",https://portal.hubmapconsortium.org/browse/sample/017eccf19e93969ce5cd8f30f78bab67,http://purl.org/ccf/1.5/28c5313f-2a4e-47f8-b5bd-9e4686faf24d,20,10,12,Hunter Hakimian,Hunter,Hakimian,,0
https://entity.api.hubmapconsortium.org/entities/01a8403d440c80ca216100f11668c9ac,Tissue Block,"Registered 10/1/2021, Marda Jorgensen, TMC-Florida","20 x 10 x 12 millimeter, 12 millimeter, 0 Sections",https://portal.hubmapconsortium.org/browse/sample/01a8403d440c80ca216100f11668c9ac,http://purl.org/ccf/1.5/b7ad0f82-7460-4fc5-8c91-cc46666ee4f2,20,10,12,Hunter Hakimian,Hunter,Hakimian,,0
https://entity.api.hubmapconsortium.org/entities/01b0f11f3fc13542c6d837cc47712b85,Tissue Block,"Registered 12/13/2022, Marda Jorgensen, TMC-Florida","10 x 10 x 12 millimeter, 12 millimeter, 1 Sections",https://portal.hubmapconsortium.org/browse/sample/01b0f11f3fc13542c6d837cc47712b85,http://purl.org/ccf/1.5/e1db1f93-161c-44c2-a96e-9bfa26ddb873,10,10,12,Hunter Hakimian,Hunter,Hakimian,,0
https://entity.api.hubmapconsortium.org/entities/020cef5bba09c038fa3ff0dabc60a624,Tissue Block,"Registered 12/13/2022, Marda Jorgensen, TMC-Florida","20 x 10 x 12 millimeter, 12 millimeter, 1 Sections",https://portal.hubmapconsortium.org/browse/sample/020cef5bba09c038fa3ff0dabc60a624,http://purl.org/ccf/1.5/e9f99b37-6332-4b4b-8889-af3cc495b90e,20,10,12,Hunter Hakimian,Hunter,Hakimian,,0
https://entity.api.hubmapconsortium.org/entities/035aa5d9bbeb2e93dfccc7e43e477f4c,Tissue Block,"Registered 6/6/2022, Hunter Hakimian, TMC-Florida","10 x 10 x 5 millimeter, 5 millimeter, 0 Sections",https://portal.hubmapconsortium.org/browse/sample/035aa5d9bbeb2e93dfccc7e43e477f4c,http://purl.org/ccf/1.5/52d43c04-e182-4457-8aae-8c98776ec5be,10,10,5,Hunter Hakimian,Hunter,Hakimian,,0
https://entity.api.hubmapconsortium.org/entities/07ae6e4862e0f332ad49550b6871f5ac,Tissue Block,"Registered 10/1/2021, Marda Jorgensen, TMC-Florida","10 x 10 x 12 millimeter, 12 millimeter, 0 Sections",https://portal.hubmapconsortium.org/browse/sample/07ae6e4862e0f332ad49550b6871f5ac,http://purl.org/ccf/1.5/64ebd98a-c6d1-4317-8596-dd73551da0cf,10,10,12,Hunter Hakimian,Hunter,Hakimian,,0
https://entity.api.hubmapconsortium.org/entities/23f012ad7b5fe0e3f3c19186de7c4ea4,Tissue Block,"Registered 10/1/2021, Marda Jorgensen, TMC-Florida","20 x 12 x 14 millimeter, 14 millimeter, 0 Sections",https://portal.hubmapconsortium.org/browse/sample/23f012ad7b5fe0e3f3c19186de7c4ea4,http://purl.org/ccf/1.5/d007fc5d-392e-481a-a9e8-b40c33ef3301,20,12,14,Hunter Hakimian,Hunter,Hakimian,,0
https://entity.api.hubmapconsortium.org/entities/3d2bc79885fc7720f77fddd2c23f02e5,Tissue Block,"Registered 10/2/2021, Marda Jorgensen, TMC-Florida","10 x 10 x 12 millimeter, 12 millimeter, 0 Sections",https://portal.hubmapconsortium.org/browse/sample/3d2bc79885fc7720f77fddd2c23f02e5,http://purl.org/ccf/1.5/fa9ecb7f-16d5-4733-bc89-46496a9e886e,10,10,12,Hunter Hakimian,Hunter,Hakimian,,0
https://entity.api.hubmapconsortium.org/entities/3e6656c98631005ca35a5cb29a7622f2,Tissue Block,"Registered 10/1/2021, Marda Jorgensen, TMC-Florida","20 x 10 x 12 millimeter, 12 millimeter, 0 Sections",https://portal.hubmapconsortium.org/browse/sample/3e6656c98631005ca35a5cb29a7622f2,http://purl.org/ccf/1.5/bac1d39e-5309-4b50-8a19-4656d3f35641,20,10,12,Hunter Hakimian,Hunter,Hakimian,,0
https://entity.api.hubmapconsortium.org/entities/474657175c19641a1138d87f90d35fa5,Tissue Block,"Registered 12/13/2022, Marda Jorgensen, TMC-Florida","10 x 10 x 12 millimeter, 12 millimeter, 1 Sections",https://portal.hubmapconsortium.org/browse/sample/474657175c19641a1138d87f90d35fa5,http://purl.org/ccf/1.5/b2273bd7-4a53-4864-94d3-ae36ec0e8769,10,10,12,Hunter Hakimian,Hunter,Hakimian,,0
https://entity.api.hubmapconsortium.org/entities/5d37e301409de226c25cc3d61a1ce089,Tissue Block,"Registered 10/1/2021, Marda Jorgensen, TMC-Florida","10 x 10 x 12 millimeter, 12 millimeter, 0 Sections",https://portal.hubmapconsortium.org/browse/sample/5d37e301409de226c25cc3d61a1ce089,http://purl.org/ccf/1.5/3158500f-9623-4a32-bf4d-0d54c602729c,10,10,12,Hunter Hakimian,Hunter,Hakimian,,0
https://entity.api.hubmapconsortium.org/entities/5ee67ff9d6876ce210f68a79751330a7,Tissue Block,"Registered 12/13/2022, Marda Jorgensen, TMC-Florida","10 x 10 x 12 millimeter, 12 millimeter, 1 Sections",https://portal.hubmapconsortium.org/browse/sample/5ee67ff9d6876ce210f68a79751330a7,http://purl.org/ccf/1.5/8e1640fb-1eb1-4bfc-a6b4-840b4772543b,10,10,12,Hunter Hakimian,Hunter,Hakimian,,0
https://entity.api.hubmapconsortium.org/entities/6fa00091ad90ecf573e86506eacea923,Tissue Block,"Registered 12/13/2022, Marda Jorgensen, TMC-Florida","20 x 10 x 12 millimeter, 12 millimeter, 1 Sections",https://portal.hubmapconsortium.org/browse/sample/6fa00091ad90ecf573e86506eacea923,http://purl.org/ccf/1.5/0af1c686-f1a8-4513-917b-b28a0d659646,20,10,12,Hunter Hakimian,Hunter,Hakimian,,0
https://entity.api.hubmapconsortium.org/entities/78f35bbc207d5e160d90f3364c3a0261,Tissue Block,"Registered 10/4/2021, Marda Jorgensen, TMC-Florida","10 x 10 x 12 millimeter, 12 millimeter, 0 Sections",https://portal.hubmapconsortium.org/browse/sample/78f35bbc207d5e160d90f3364c3a0261,http://purl.org/ccf/1.5/58780898-97b3-4954-aae2-3f2ef497ed41,10,10,12,Hunter Hakimian,Hunter,Hakimian,,0
https://entity.api.hubmapconsortium.org/entities/7fdeb73d27a0bcb5de128cee4100f95b,Tissue Block,"Registered 12/13/2022, Marda Jorgensen, TMC-Florida","20 x 10 x 12 millimeter, 12 millimeter, 1 Sections",https://portal.hubmapconsortium.org/browse/sample/7fdeb73d27a0bcb5de128cee4100f95b,http://purl.org/ccf/1.5/e6fcabe9-b5a0-4188-b381-ef0d1751f073,20,10,12,Hunter Hakimian,Hunter,Hakimian,,0
https://entity.api.hubmapconsortium.org/entities/852a0b118adee651a66a63a189dcbc4b,Tissue Block,"Registered 12/13/2022, Marda Jorgensen, TMC-Florida","20 x 10 x 12 millimeter, 12 millimeter, 1 Sections",https://portal.hubmapconsortium.org/browse/sample/852a0b118adee651a66a63a189dcbc4b,http://purl.org/ccf/1.5/c6f20ca6-da69-4382-9e98-bacd641c551e,20,10,12,Hunter Hakimian,Hunter,Hakimian,,0
https://entity.api.hubmapconsortium.org/entities/88bbee4413cbab461685c6430d67afb5,Tissue Block,"Registered 12/13/2022, Marda Jorgensen, TMC-Florida","10 x 10 x 10 millimeter, 10 millimeter, 1 Sections",https://portal.hubmapconsortium.org/browse/sample/88bbee4413cbab461685c6430d67afb5,http://purl.org/ccf/1.5/ca50137f-3922-43d0-a328-3f9436271fcf,10,10,10,Hunter Hakimian,Hunter,Hakimian,,0
https://entity.api.hubmapconsortium.org/entities/97bf795bf495df7e9dab1b0dac7b914f,Tissue Block,"Registered 12/13/2022, Marda Jorgensen, TMC-Florida","20 x 10 x 12 millimeter, 12 millimeter, 1 Sections",https://portal.hubmapconsortium.org/browse/sample/97bf795bf495df7e9dab1b0dac7b914f,http://purl.org/ccf/1.5/588e9072-9de6-45d0-a134-27c725a68b14,20,10,12,Hunter Hakimian,Hunter,Hakimian,,0
https://entity.api.hubmapconsortium.org/entities/ac972fb45d1dc05548ecf400229a8038,Tissue Block,"Registered 6/6/2022, Marda Jorgensen, TMC-Florida","10 x 10 x 10 millimeter, 10 millimeter, 0 Sections",https://portal.hubmapconsortium.org/browse/sample/ac972fb45d1dc05548ecf400229a8038,http://purl.org/ccf/1.5/59b4fb10-8a7b-43f1-bd0c-d487cf8fca43,10,10,10,Hunter Hakimian,Hunter,Hakimian,,0
https://entity.api.hubmapconsortium.org/entities/b73c3e4e34b41af7d20694f05ece6a71,Tissue Block,"Registered 10/1/2021, Marda Jorgensen, TMC-Florida","20 x 10 x 12 millimeter, 12 millimeter, 0 Sections",https://portal.hubmapconsortium.org/browse/sample/b73c3e4e34b41af7d20694f05ece6a71,http://purl.org/ccf/1.5/955f24c1-d650-4dea-89f3-17f1feca4540,20,10,12,Hunter Hakimian,Hunter,Hakimian,,0
https://entity.api.hubmapconsortium.org/entities/bb13cfc2a76e97c613f2e789ce914252,Tissue Block,"Registered 12/13/2022, Marda Jorgensen, TMC-Florida","20 x 12 x 14 millimeter, 7 millimeter, 2 Sections",https://portal.hubmapconsortium.org/browse/sample/bb13cfc2a76e97c613f2e789ce914252,http://purl.org/ccf/1.5/3b51e8f3-f98f-4f27-9eb3-5bc68afa332f,20,12,14,Hunter Hakimian,Hunter,Hakimian,,0
https://entity.api.hubmapconsortium.org/entities/c8c8c52fc8ef5c488ea436c7d061f02e,Tissue Block,"Registered 12/13/2022, Marda Jorgensen, TMC-Florida","10 x 10 x 12 millimeter, 12 millimeter, 1 Sections",https://portal.hubmapconsortium.org/browse/sample/c8c8c52fc8ef5c488ea436c7d061f02e,http://purl.org/ccf/1.5/be17eeb2-fc0b-45ad-8b5e-3585efa9e69a,10,10,12,Hunter Hakimian,Hunter,Hakimian,,0
https://entity.api.hubmapconsortium.org/entities/cabbd81e0ae724570a5dbe1ee3ce3fad,Tissue Block,"Registered 12/13/2022, Marda Jorgensen, TMC-Florida","10 x 10 x 12 millimeter, 12 millimeter, 1 Sections",https://portal.hubmapconsortium.org/browse/sample/cabbd81e0ae724570a5dbe1ee3ce3fad,http://purl.org/ccf/1.5/ca927538-22f5-47bf-82dd-2c4ec127f296,10,10,12,Hunter Hakimian,Hunter,Hakimian,,0
https://entity.api.hubmapconsortium.org/entities/d730affb4c14b85473ee837586cdbe46,Tissue Block,"Registered 12/13/2022, Marda Jorgensen, TMC-Florida","10 x 10 x 12 millimeter, 4 millimeter, 3 Sections",https://portal.hubmapconsortium.org/browse/sample/d730affb4c14b85473ee837586cdbe46,http://purl.org/ccf/1.5/f40b7c95-3be4-4091-82a1-5a482e5a064e,10,10,12,Hunter Hakimian,Hunter,Hakimian,,0
https://entity.api.hubmapconsortium.org/entities/ec2492579216ce331049731753603a9a,Tissue Block,"Registered 12/13/2022, Marda Jorgensen, TMC-Florida","20 x 12 x 14 millimeter, 14 millimeter, 1 Sections",https://portal.hubmapconsortium.org/browse/sample/ec2492579216ce331049731753603a9a,http://purl.org/ccf/1.5/dd10edda-787b-47f2-85af-f22e5b85f4d5,20,12,14,Hunter Hakimian,Hunter,Hakimian,,0
https://entity.api.hubmapconsortium.org/entities/0cd06b4b12d923d76990283878b382c6,Tissue Block,"Registered 12/13/2022, Marda Jorgensen, TMC-Florida","10 x 10 x 10 millimeter, 10 millimeter, 1 Sections",https://portal.hubmapconsortium.org/browse/sample/0cd06b4b12d923d76990283878b382c6,http://purl.org/ccf/1.5/e2cccfa3-5834-42aa-b202-59eaac6473f3,10,10,10,Hunter Hakimian,Hunter,Hakimian,,0
https://entity.api.hubmapconsortium.org/entities/10959ad9dcddc069beca474736e9b13b,Tissue Block,"Registered 12/13/2022, Marda Jorgensen, TMC-Florida","10 x 10 x 10 millimeter, 10 millimeter, 1 Sections",https://portal.hubmapconsortium.org/browse/sample/10959ad9dcddc069beca474736e9b13b,http://purl.org/ccf/1.5/337750bc-d307-4761-8016-c6adacdcd081,10,10,10,Hunter Hakimian,Hunter,Hakimian,,0
https://entity.api.hubmapconsortium.org/entities/19c2383e305f364d25f019d0995656c8,Tissue Block,"Registered 12/13/2022, Marda Jorgensen, TMC-Florida","20 x 10 x 12 millimeter, 12 millimeter, 1 Sections",https://portal.hubmapconsortium.org/browse/sample/19c2383e305f364d25f019d0995656c8,http://purl.org/ccf/1.5/1d5792e9-ce7b-4f10-bc84-8048fc3b0a6f,20,10,12,Hunter Hakimian,Hunter,Hakimian,,0
https://entity.api.hubmapconsortium.org/entities/19d486f0d168ef0d02291972fb669996,Tissue Block,"Registered 12/13/2022, Marda Jorgensen, TMC-Florida","10 x 10 x 12 millimeter, 12 millimeter, 1 Sections",https://portal.hubmapconsortium.org/browse/sample/19d486f0d168ef0d02291972fb669996,http://purl.org/ccf/1.5/e8f57e46-0e7a-4d2b-b174-749b41a73320,10,10,12,Hunter Hakimian,Hunter,Hakimian,,0
https://entity.api.hubmapconsortium.org/entities/22e189d579508f59a974d5a7662545cc,Tissue Block,"Registered 12/13/2022, Marda Jorgensen, TMC-Florida","20 x 14 x 14 millimeter, 14 millimeter, 1 Sections",https://portal.hubmapconsortium.org/browse/sample/22e189d579508f59a974d5a7662545cc,http://purl.org/ccf/1.5/53698889-080e-4f1c-b6c1-cb4dd2d488f6,20,14,14,Hunter Hakimian,Hunter,Hakimian,,0
https://entity.api.hubmapconsortium.org/entities/2f80f6cc0090e4ced8db6fb1a7cbc9f3,Tissue Block,"Registered 12/13/2022, Marda Jorgensen, TMC-Florida","20 x 10 x 12 millimeter, 12 millimeter, 1 Sections",https://portal.hubmapconsortium.org/browse/sample/2f80f6cc0090e4ced8db6fb1a7cbc9f3,http://purl.org/ccf/1.5/00087766-0287-467c-9060-b52773db3dce,20,10,12,Hunter Hakimian,Hunter,Hakimian,,0
https://entity.api.hubmapconsortium.org/entities/326cdb183a9aef6b1a26c4885444b2e1,Tissue Block,"Registered 10/2/2021, Marda Jorgensen, TMC-Florida","10 x 10 x 12 millimeter, 12 millimeter, 1 Sections",https://portal.hubmapconsortium.org/browse/sample/326cdb183a9aef6b1a26c4885444b2e1,http://purl.org/ccf/1.5/65156c43-26ef-4898-83f5-316794b12e72,10,10,12,Hunter Hakimian,Hunter,Hakimian,,0
https://entity.api.hubmapconsortium.org/entities/3b33a40cb465c55d060c3b0aba0ab455,Tissue Block,"Registered 12/13/2022, Marda Jorgensen, TMC-Florida","10 x 10 x 10 millimeter, 10 millimeter, 1 Sections",https://portal.hubmapconsortium.org/browse/sample/3b33a40cb465c55d060c3b0aba0ab455,http://purl.org/ccf/1.5/7a70f580-69bd-4766-a2bf-e25d14a3f6d3,10,10,10,Hunter Hakimian,Hunter,Hakimian,,0
https://entity.api.hubmapconsortium.org/entities/496c2038f27369d56ea1f191068c5f25,Tissue Block,"Registered 6/6/2022, Hunter Hakimian, TMC-Florida","10 x 10 x 5 millimeter, 5 millimeter, 0 Sections",https://portal.hubmapconsortium.org/browse/sample/496c2038f27369d56ea1f191068c5f25,http://purl.org/ccf/1.5/3954b1b5-4c5d-4727-9acc-6b1c93391a75,10,10,5,Hunter Hakimian,Hunter,Hakimian,,0
https://entity.api.hubmapconsortium.org/entities/4fb887c5b17d203e20143d9044c0bf94,Tissue Block,"Registered 10/2/2021, Marda Jorgensen, TMC-Florida","10 x 10 x 12 millimeter, 12 millimeter, 0 Sections",https://portal.hubmapconsortium.org/browse/sample/4fb887c5b17d203e20143d9044c0bf94,http://purl.org/ccf/1.5/dc29aac6-af08-4fa4-9d58-5cb1d93ee8dc,10,10,12,Hunter Hakimian,Hunter,Hakimian,,0
https://entity.api.hubmapconsortium.org/entities/6c717082627f452935b9f63d2d93f023,Tissue Block,"Registered 10/1/2021, Marda Jorgensen, TMC-Florida","20 x 10 x 12 millimeter, 12 millimeter, 0 Sections",https://portal.hubmapconsortium.org/browse/sample/6c717082627f452935b9f63d2d93f023,http://purl.org/ccf/1.5/f5397333-dfd4-4904-a657-ba4f0ca02c71,20,10,12,Hunter Hakimian,Hunter,Hakimian,,0
https://entity.api.hubmapconsortium.org/entities/6e23ef9bbe7940257bbc9383bf05b546,Tissue Block,"Registered 12/13/2022, Marda Jorgensen, TMC-Florida","10 x 10 x 12 millimeter, 12 millimeter, 1 Sections",https://portal.hubmapconsortium.org/browse/sample/6e23ef9bbe7940257bbc9383bf05b546,http://purl.org/ccf/1.5/6b9d38e2-02db-4cd0-b2b3-455830438f45,10,10,12,Hunter Hakimian,Hunter,Hakimian,,0
https://entity.api.hubmapconsortium.org/entities/721dd6498cf02a198d15b0779345440e,Tissue Block,"Registered 12/13/2022, Marda Jorgensen, TMC-Florida","10 x 10 x 12 millimeter, 12 millimeter, 1 Sections",https://portal.hubmapconsortium.org/browse/sample/721dd6498cf02a198d15b0779345440e,http://purl.org/ccf/1.5/aad49d10-9476-4c72-a8bf-adddaf416e16,10,10,12,Hunter Hakimian,Hunter,Hakimian,,0
https://entity.api.hubmapconsortium.org/entities/7b5718f84274347580c8dace619c8fad,Tissue Block,"Registered 6/6/2022, Hunter Hakimian, TMC-Florida","10 x 10 x 10 millimeter, 10 millimeter, 0 Sections",https://portal.hubmapconsortium.org/browse/sample/7b5718f84274347580c8dace619c8fad,http://purl.org/ccf/1.5/d80f7686-3fb4-435b-a453-bfc21d0a90ab,10,10,10,Hunter Hakimian,Hunter,Hakimian,,0
https://entity.api.hubmapconsortium.org/entities/8b09621e0749c27758b3a4e208488181,Tissue Block,"Registered 12/13/2022, Marda Jorgensen, TMC-Florida","10 x 10 x 12 millimeter, 12 millimeter, 1 Sections",https://portal.hubmapconsortium.org/browse/sample/8b09621e0749c27758b3a4e208488181,http://purl.org/ccf/1.5/3eeec08e-33bf-470c-a12d-ceeb2e282134,10,10,12,Hunter Hakimian,Hunter,Hakimian,,0
https://entity.api.hubmapconsortium.org/entities/9442ad62814729abd33d5810383201b5,Tissue Block,"Registered 12/13/2022, Marda Jorgensen, TMC-Florida","10 x 10 x 12 millimeter, 12 millimeter, 1 Sections",https://portal.hubmapconsortium.org/browse/sample/9442ad62814729abd33d5810383201b5,http://purl.org/ccf/1.5/751807ff-0130-4789-814a-28bdeec62910,10,10,12,Hunter Hakimian,Hunter,Hakimian,,0
https://entity.api.hubmapconsortium.org/entities/960f1766a95573bb5ccd5e45c81a7e1b,Tissue Block,"Registered 10/2/2021, Marda Jorgensen, TMC-Florida","10 x 10 x 12 millimeter, 12 millimeter, 0 Sections",https://portal.hubmapconsortium.org/browse/sample/960f1766a95573bb5ccd5e45c81a7e1b,http://purl.org/ccf/1.5/089074be-1a45-47a6-805c-0edd5aeb62d6,10,10,12,Hunter Hakimian,Hunter,Hakimian,,0
https://entity.api.hubmapconsortium.org/entities/b1185b32c4aba932d85a564007eff904,Tissue Block,"Registered 12/13/2022, Marda Jorgensen, TMC-Florida","20 x 10 x 12 millimeter, 12 millimeter, 1 Sections",https://portal.hubmapconsortium.org/browse/sample/b1185b32c4aba932d85a564007eff904,http://purl.org/ccf/1.5/f1284ff8-0e59-4a8f-8449-0fe9c952ceb8,20,10,12,Hunter Hakimian,Hunter,Hakimian,,0
https://entity.api.hubmapconsortium.org/entities/c923734ef4ab0da8f7928d4486dacc92,Tissue Block,"Registered 12/13/2022, Marda Jorgensen, TMC-Florida","10 x 10 x 12 millimeter, 12 millimeter, 1 Sections",https://portal.hubmapconsortium.org/browse/sample/c923734ef4ab0da8f7928d4486dacc92,http://purl.org/ccf/1.5/344a20b6-07dc-4811-b7ee-18bcf27b2bcc,10,10,12,Hunter Hakimian,Hunter,Hakimian,,0
https://entity.api.hubmapconsortium.org/entities/df9e95091537023967fce48b0fdd7384,Tissue Block,"Registered 12/13/2022, Marda Jorgensen, TMC-Florida","10 x 10 x 10 millimeter, 10 millimeter, 1 Sections",https://portal.hubmapconsortium.org/browse/sample/df9e95091537023967fce48b0fdd7384,http://purl.org/ccf/1.5/51081be6-f2b8-45f2-84bd-af6efa6543d8,10,10,10,Hunter Hakimian,Hunter,Hakimian,,0
https://entity.api.hubmapconsortium.org/entities/79ee4df9ebae6f2dc297ed939cd43d3d,Tissue Block,"Registered 12/13/2022, Marda Jorgensen, TMC-Florida","20 x 10 x 12 millimeter, 12 millimeter, 1 Sections",https://portal.hubmapconsortium.org/browse/sample/79ee4df9ebae6f2dc297ed939cd43d3d,http://purl.org/ccf/1.5/0016badc-9917-402c-b950-257d77c50b3d,20,10,12,Hunter Hakimian,Hunter,Hakimian,,0
https://entity.api.hubmapconsortium.org/entities/ac36bf37661605311f87c821f90d04f8,Tissue Block,"Registered 9/27/2021, GLORIA PRYHUBER, TMC-UCSD","7.5 x 15 x 9 millimeter, 4.5 millimeter, 2 Sections",https://portal.hubmapconsortium.org/browse/sample/ac36bf37661605311f87c821f90d04f8,http://purl.org/ccf/1.5/05310dee-180d-4e59-8c58-b101d12f4c73,7.5,15,9,GLORIA PRYHUBER,GLORIA,PRYHUBER,,0
https://entity.api.hubmapconsortium.org/entities/af4732e5047c745817cce7e1dfe45b29,Tissue Block,"Registered 12/13/2022, Hunter Hakimian, TMC-Florida","10 x 10 x 5 millimeter, 5 millimeter, 1 Sections",https://portal.hubmapconsortium.org/browse/sample/af4732e5047c745817cce7e1dfe45b29,http://purl.org/ccf/1.5/1f7d903f-4eca-45eb-ba18-00a855bff926,10,10,5,Hunter Hakimian,Hunter,Hakimian,,0
https://entity.api.hubmapconsortium.org/entities/00bf92f03e3eadf91552850d32eff9e4,Tissue Block,"Registered 10/19/2021, amir Bahmani, TMC-Stanford","20 x 50 x 5 millimeter, 1 millimeter, 1 Sections",https://portal.hubmapconsortium.org/browse/sample/00bf92f03e3eadf91552850d32eff9e4,http://purl.org/ccf/1.5/53a6bbda-8263-419d-96e8-ba4561899d87,20,50,5,Yiing Lin,Yiing,Lin,,0
https://entity.api.hubmapconsortium.org/entities/7113f174c5b0da705b126129dff02f80,Tissue Block,"Registered 10/19/2021, amir Bahmani, TMC-Stanford","20 x 50 x 5 millimeter, 1 millimeter, 1 Sections",https://portal.hubmapconsortium.org/browse/sample/7113f174c5b0da705b126129dff02f80,http://purl.org/ccf/1.5/fe276ee5-752a-456e-bb25-4e5da071c6ed,20,50,5,Yiing Lin,Yiing,Lin,,0
https://entity.api.hubmapconsortium.org/entities/8124e9475115786c1fae3683a6714c32,Tissue Block,"Registered 2/16/2022, daniel Cotter, TMC-Stanford","20 x 50 x 5 millimeter, 5 millimeter, 0 Sections",https://portal.hubmapconsortium.org/browse/sample/8124e9475115786c1fae3683a6714c32,http://purl.org/ccf/1.5/54299692-7ff8-468b-9c0a-c04a32f6fbe1,20,50,5,Yiing Lin,Yiing,Lin,,0
https://entity.api.hubmapconsortium.org/entities/1000eb86d522a8e5505b8e07e2dc16a3,Tissue Block,"Registered 2/16/2022, Dana L Jackson, TMC-CalTech","15 x 30 x 15 millimeter, 15 millimeter, 0 Sections",https://portal.hubmapconsortium.org/browse/sample/1000eb86d522a8e5505b8e07e2dc16a3,http://purl.org/ccf/1.5/026751c5-ef86-4f35-a810-5f8adc2887a5,15,30,15,Yiing Lin,Yiing,Lin,,0
https://entity.api.hubmapconsortium.org/entities/27bf04501f9e6142e0f4e777c7493ff4,Tissue Block,"Registered 2/16/2022, Dana L Jackson, TMC-CalTech","10 x 25 x 10 millimeter, 10 millimeter, 0 Sections",https://portal.hubmapconsortium.org/browse/sample/27bf04501f9e6142e0f4e777c7493ff4,http://purl.org/ccf/1.5/263e60c1-366f-4c0c-9214-d6925c7c6f02,10,25,10,Yiing Lin,Yiing,Lin,,0
https://entity.api.hubmapconsortium.org/entities/38980e9bcbf6a6bd9c6789ee4a45eea5,Tissue Block,"Registered 2/16/2022, Dana L Jackson, TMC-CalTech","10 x 25 x 10 millimeter, 10 millimeter, 0 Sections",https://portal.hubmapconsortium.org/browse/sample/38980e9bcbf6a6bd9c6789ee4a45eea5,http://purl.org/ccf/1.5/9087b9fe-ec1b-4d99-8be3-c9be48e15547,10,25,10,Yiing Lin,Yiing,Lin,,0
https://entity.api.hubmapconsortium.org/entities/46168dd8aab589ce7edfa4beeaed773e,Tissue Block,"Registered 2/16/2022, Dana L Jackson, TMC-CalTech","10 x 10 x 10 millimeter, 10 millimeter, 0 Sections",https://portal.hubmapconsortium.org/browse/sample/46168dd8aab589ce7edfa4beeaed773e,http://purl.org/ccf/1.5/63cdba99-d414-44a3-aa41-c57e469289be,10,10,10,Yiing Lin,Yiing,Lin,,0
https://entity.api.hubmapconsortium.org/entities/4b080d5c3c61100ff442700a5bc9e3ea,Tissue Block,"Registered 2/18/2022, Dana L Jackson, TMC-CalTech","3 x 30 x 15 millimeter, 15 millimeter, 0 Sections",https://portal.hubmapconsortium.org/browse/sample/4b080d5c3c61100ff442700a5bc9e3ea,http://purl.org/ccf/1.5/401a320b-358c-4091-acac-ef7afb2d8603,3,30,15,Yiing Lin,Yiing,Lin,,0
https://entity.api.hubmapconsortium.org/entities/5a6a241eb7c95279801c758766bacfd8,Tissue Block,"Registered 2/16/2022, Dana L Jackson, TMC-CalTech","10 x 25 x 10 millimeter, 10 millimeter, 0 Sections",https://portal.hubmapconsortium.org/browse/sample/5a6a241eb7c95279801c758766bacfd8,http://purl.org/ccf/1.5/712077d9-b671-4b36-a6d3-2f9af7596239,10,25,10,Yiing Lin,Yiing,Lin,,0
https://entity.api.hubmapconsortium.org/entities/8be6856befaf18068b9e9fc7e3da1dea,Tissue Block,"Registered 2/18/2022, Yiing Lin, TMC-Stanford","3 x 30 x 15 millimeter, 7.5 millimeter, 2 Sections",https://portal.hubmapconsortium.org/browse/sample/8be6856befaf18068b9e9fc7e3da1dea,http://purl.org/ccf/1.5/c951bee1-57cf-4eeb-98da-cdbf46517199,3,30,15,Yiing Lin,Yiing,Lin,,0
https://entity.api.hubmapconsortium.org/entities/a596becf59c13e14a6489fb97fcdd2c9,Tissue Block,"Registered 10/19/2021, Yiing Lin, TMC-Stanford","20 x 50 x 5 millimeter, 1 millimeter, 1 Sections",https://portal.hubmapconsortium.org/browse/sample/a596becf59c13e14a6489fb97fcdd2c9,http://purl.org/ccf/1.5/3c6f0725-dbe0-4245-82c4-1f11f2b72ba0,20,50,5,Yiing Lin,Yiing,Lin,,0
https://entity.api.hubmapconsortium.org/entities/abe01e040eecba80c655fbca3aba165a,Tissue Block,"Registered 10/19/2021, Yiing Lin, TMC-Stanford","20 x 50 x 5 millimeter, 1 millimeter, 1 Sections",https://portal.hubmapconsortium.org/browse/sample/abe01e040eecba80c655fbca3aba165a,http://purl.org/ccf/1.5/3baf4809-eff0-4a0e-8ccb-0d7e6d83f371,20,50,5,Yiing Lin,Yiing,Lin,,0
https://entity.api.hubmapconsortium.org/entities/af309417792d635f8ffbe55e6a1147e6,Tissue Block,"Registered 2/16/2022, Yiing Lin, TMC-Stanford","10 x 25 x 10 millimeter, 5 millimeter, 2 Sections",https://portal.hubmapconsortium.org/browse/sample/af309417792d635f8ffbe55e6a1147e6,http://purl.org/ccf/1.5/84c18d99-3bcd-4cba-a70c-2e70bc24d88f,10,25,10,Yiing Lin,Yiing,Lin,,0
https://entity.api.hubmapconsortium.org/entities/b40a2e7df7f1b804c0f0f2efeb449688,Tissue Block,"Registered 2/17/2022, Yiing Lin, TMC-Stanford","3 x 30 x 15 millimeter, 7.5 millimeter, 2 Sections",https://portal.hubmapconsortium.org/browse/sample/b40a2e7df7f1b804c0f0f2efeb449688,http://purl.org/ccf/1.5/61628a43-1357-4a2c-89f4-28f601ddf5bd,3,30,15,Yiing Lin,Yiing,Lin,,0
https://entity.api.hubmapconsortium.org/entities/c8a7cb9e644eb7bf0a5015eeee0f24c5,Tissue Block,"Registered 2/16/2022, Dana L Jackson, TMC-CalTech","10 x 25 x 10 millimeter, 10 millimeter, 0 Sections",https://portal.hubmapconsortium.org/browse/sample/c8a7cb9e644eb7bf0a5015eeee0f24c5,http://purl.org/ccf/1.5/b6d2c18b-2e33-4156-b652-b4d5f9c2a9e1,10,25,10,Yiing Lin,Yiing,Lin,,0
https://entity.api.hubmapconsortium.org/entities/cbd2aa0f95af49579a3802b0ce155c1e,Tissue Block,"Registered 2/16/2022, Yiing Lin, TMC-Stanford","10 x 25 x 10 millimeter, 5 millimeter, 2 Sections",https://portal.hubmapconsortium.org/browse/sample/cbd2aa0f95af49579a3802b0ce155c1e,http://purl.org/ccf/1.5/ced621c0-d58c-47e2-9179-6bc89d94964e,10,25,10,Yiing Lin,Yiing,Lin,,0
https://entity.api.hubmapconsortium.org/entities/efbf777d8d36f03cebe957e02eb9f8fe,Tissue Block,"Registered 2/17/2022, Yiing Lin, TMC-Stanford","3 x 30 x 15 millimeter, 7.5 millimeter, 2 Sections",https://portal.hubmapconsortium.org/browse/sample/efbf777d8d36f03cebe957e02eb9f8fe,http://purl.org/ccf/1.5/3e6555b4-d08d-40b1-a5cc-a2b72ce421e5,3,30,15,Yiing Lin,Yiing,Lin,,0
https://entity.api.hubmapconsortium.org/entities/fdcce615984a0d7ab4e86ae89d8a67ed,Tissue Block,"Registered 2/16/2022, Dana L Jackson, TMC-CalTech","10 x 25 x 10 millimeter, 10 millimeter, 0 Sections",https://portal.hubmapconsortium.org/browse/sample/fdcce615984a0d7ab4e86ae89d8a67ed,http://purl.org/ccf/1.5/2700942e-cfbc-4f40-8567-cd7607014422,10,25,10,Yiing Lin,Yiing,Lin,,0
https://doi.org/10.1161/CIRCRESAHA.120.318458#Donor4_TissueBlock1,Tissue Block,"Registered 2/18/2021, Peter Hanna, UCLA/SPARC","10 x 10 x 10 millimeter, 10 millimeter",https://doi.org/10.1161/CIRCRESAHA.120.318458,http://purl.org/ccf/1.5/ee4110ca-9ea3-4580-a79c-30471359f11c,10,10,10,Peter Hanna,Peter,Hanna,,0
https://entity.api.sennetconsortium.org/entities/79da7af145eea3b5ec9da96b66dd91ab,Tissue Block,"Registered 9/20/2024, Yao Lu, TMC - Yale University - Fan","15 x 10 x 6.5 millimeter, 7 millimeter, 1 Sections",https://data.sennetconsortium.org/sample?uuid=79da7af145eea3b5ec9da96b66dd91ab,http://purl.org/ccf/1.5/64f4282f-8782-4a46-a647-20a76b09f83b,15,10,6.5,Yao Lu,Yao,Lu,,0
https://entity.api.hubmapconsortium.org/entities/78d89db3c3592bafaed20ada7eefe582,Tissue Block,"Registered 8/24/2022, Merissa Olmer, TMC-UConn","5 x 30 x 2.5 millimeter, 2.5 millimeter, 0 Sections",https://portal.hubmapconsortium.org/browse/sample/78d89db3c3592bafaed20ada7eefe582,http://purl.org/ccf/1.5/bf90f073-8385-48d9-bcde-fae7fffa0647,5,30,2.5,Merissa Olmer,Merissa,Olmer,,0
https://entity.api.hubmapconsortium.org/entities/93fb4a536917e9e254fd79652e60528f,Tissue Block,"Registered 8/24/2022, Merissa Olmer, TMC-UConn","16 x 8 x 15 millimeter, 15 millimeter, 0 Sections",https://portal.hubmapconsortium.org/browse/sample/93fb4a536917e9e254fd79652e60528f,http://purl.org/ccf/1.5/52e93c46-3819-4e09-a721-250148b13b13,16,8,15,Merissa Olmer,Merissa,Olmer,,0
https://entity.api.hubmapconsortium.org/entities/95e26cf1050bc288450d13e8e1cbec92,Tissue Block,"Registered 8/24/2022, Merissa Olmer, TMC-UConn","5 x 30 x 2.5 millimeter, 2.5 millimeter, 0 Sections",https://portal.hubmapconsortium.org/browse/sample/95e26cf1050bc288450d13e8e1cbec92,http://purl.org/ccf/1.5/ca976270-c7b0-4ae4-b189-09ffa8362c38,5,30,2.5,Merissa Olmer,Merissa,Olmer,,0
https://entity.api.hubmapconsortium.org/entities/9c63cd124b1e33aa5ea5a1f54f01f309,Tissue Block,"Registered 8/24/2022, Merissa Olmer, TMC-UConn","16 x 8 x 15 millimeter, 15 millimeter, 0 Sections",https://portal.hubmapconsortium.org/browse/sample/9c63cd124b1e33aa5ea5a1f54f01f309,http://purl.org/ccf/1.5/780c320b-112f-4da0-a7d4-fde277e112c9,16,8,15,Merissa Olmer,Merissa,Olmer,,0
https://entity.api.hubmapconsortium.org/entities/9ffdc5eedcb578854e9a3205f34ba88e,Tissue Block,"Registered 8/24/2022, Merissa Olmer, TMC-UConn","16 x 5 x 15 millimeter, 15 millimeter, 0 Sections",https://portal.hubmapconsortium.org/browse/sample/9ffdc5eedcb578854e9a3205f34ba88e,http://purl.org/ccf/1.5/7f475c89-1b7e-4238-819f-6a8b216d3322,16,5,15,Merissa Olmer,Merissa,Olmer,,0
https://entity.api.sennetconsortium.org/entities/0902332be79f8411c54c96d1617f2bea,Tissue Block,"Registered 4/18/2024, Andrew Watts, TMC - University of Pittsburgh","5 x 5 x 5 millimeter, 0.8 millimeter, 6 Sections",https://data.sennetconsortium.org/sample?uuid=0902332be79f8411c54c96d1617f2bea,http://purl.org/ccf/1.5/fefd0029-561f-45dd-b35e-5823dd3c7334,5,5,5,NayraCardenes,Nayra,Cardenes,,0
https://entity.api.sennetconsortium.org/entities/0c54529c602718ae2e4a36ec0eebbc1b,Tissue Block,"Registered 4/10/2024, Andrew Watts, TMC - University of Pittsburgh","5 x 5 x 5 millimeter, 0.8 millimeter, 6 Sections",https://data.sennetconsortium.org/sample?uuid=0c54529c602718ae2e4a36ec0eebbc1b,http://purl.org/ccf/1.5/fefd0029-561f-45dd-b35e-5823dd3c7334,5,5,5,NayraCardenes,Nayra,Cardenes,,0
https://entity.api.sennetconsortium.org/entities/42fd519ba801fbe8ed9a905ca2319384,Tissue Block,"Registered 4/10/2024, Andrew Watts, TMC - University of Pittsburgh","5 x 5 x 5 millimeter, 0.4 millimeter, 12 Sections",https://data.sennetconsortium.org/sample?uuid=42fd519ba801fbe8ed9a905ca2319384,http://purl.org/ccf/1.5/fefd0029-561f-45dd-b35e-5823dd3c7334,5,5,5,NayraCardenes,Nayra,Cardenes,,0
https://entity.api.sennetconsortium.org/entities/97b97b0fa820b316b39c494b6d8b6069,Tissue Block,"Registered 4/18/2024, Andrew Watts, TMC - University of Pittsburgh","5 x 5 x 5 millimeter, 0.4 millimeter, 12 Sections",https://data.sennetconsortium.org/sample?uuid=97b97b0fa820b316b39c494b6d8b6069,http://purl.org/ccf/1.5/fefd0029-561f-45dd-b35e-5823dd3c7334,5,5,5,NayraCardenes,Nayra,Cardenes,,0
https://entity.api.sennetconsortium.org/entities/5799934e09db9cb35fb5e2675c3ffd54,Tissue Block,"Registered 4/10/2024, Andrew Watts, TMC - University of Pittsburgh","5 x 5 x 5 millimeter, 0.8 millimeter, 6 Sections",https://data.sennetconsortium.org/sample?uuid=5799934e09db9cb35fb5e2675c3ffd54,http://purl.org/ccf/1.5/fefd0029-561f-45dd-b35e-5823dd3c7334,5,5,5,NayraCardenes,Nayra,Cardenes,,0
https://entity.api.sennetconsortium.org/entities/eebe5c1400a83cc8e31eab8a8892254b,Tissue Block,"Registered 4/18/2024, Andrew Watts, TMC - University of Pittsburgh","5 x 5 x 5 millimeter, 0.8 millimeter, 6 Sections",https://data.sennetconsortium.org/sample?uuid=eebe5c1400a83cc8e31eab8a8892254b,http://purl.org/ccf/1.5/fefd0029-561f-45dd-b35e-5823dd3c7334,5,5,5,NayraCardenes,Nayra,Cardenes,,0
https://entity.api.sennetconsortium.org/entities/1b1879d991f3d1850bc42fea5396a0cb,Tissue Block,"Registered 4/10/2024, Andrew Watts, TMC - University of Pittsburgh","10 x 10 x 10 millimeter, 0.8 millimeter, 12 Sections",https://data.sennetconsortium.org/sample?uuid=1b1879d991f3d1850bc42fea5396a0cb,http://purl.org/ccf/1.5/c6ce02e4-16da-4910-8b5d-e40474cd2f4b,10,10,10,NayraCardenes,Nayra,Cardenes,,0
https://entity.api.sennetconsortium.org/entities/711fca532508fefca4d2458a0105e2e7,Tissue Block,"Registered 4/18/2024, Andrew Watts, TMC - University of Pittsburgh","10 x 10 x 10 millimeter, 0.8 millimeter, 12 Sections",https://data.sennetconsortium.org/sample?uuid=711fca532508fefca4d2458a0105e2e7,http://purl.org/ccf/1.5/c6ce02e4-16da-4910-8b5d-e40474cd2f4b,10,10,10,NayraCardenes,Nayra,Cardenes,,0
https://entity.api.sennetconsortium.org/entities/77b348ad36a754fb1a34d0294fb37f59,Tissue Block,"Registered 4/18/2024, Andrew Watts, TMC - University of Pittsburgh","10 x 10 x 10 millimeter, 1.7 millimeter, 6 Sections",https://data.sennetconsortium.org/sample?uuid=77b348ad36a754fb1a34d0294fb37f59,http://purl.org/ccf/1.5/c6ce02e4-16da-4910-8b5d-e40474cd2f4b,10,10,10,NayraCardenes,Nayra,Cardenes,,0
https://entity.api.sennetconsortium.org/entities/87deb73315a07a0a96d95d2153fd5ce9,Tissue Block,"Registered 4/18/2024, Andrew Watts, TMC - University of Pittsburgh","10 x 10 x 10 millimeter, 1.7 millimeter, 6 Sections",https://data.sennetconsortium.org/sample?uuid=87deb73315a07a0a96d95d2153fd5ce9,http://purl.org/ccf/1.5/c6ce02e4-16da-4910-8b5d-e40474cd2f4b,10,10,10,NayraCardenes,Nayra,Cardenes,,0
https://entity.api.sennetconsortium.org/entities/9acfd19d486ca5502cf776180bafd8f4,Tissue Block,"Registered 4/10/2024, Andrew Watts, TMC - University of Pittsburgh","10 x 10 x 10 millimeter, 1.7 millimeter, 6 Sections",https://data.sennetconsortium.org/sample?uuid=9acfd19d486ca5502cf776180bafd8f4,http://purl.org/ccf/1.5/c6ce02e4-16da-4910-8b5d-e40474cd2f4b,10,10,10,NayraCardenes,Nayra,Cardenes,,0
https://entity.api.sennetconsortium.org/entities/e97b4be8db4262059670ae1a026b4cca,Tissue Block,"Registered 4/10/2024, Andrew Watts, TMC - University of Pittsburgh","10 x 10 x 10 millimeter, 1.7 millimeter, 6 Sections",https://data.sennetconsortium.org/sample?uuid=e97b4be8db4262059670ae1a026b4cca,http://purl.org/ccf/1.5/c6ce02e4-16da-4910-8b5d-e40474cd2f4b,10,10,10,NayraCardenes,Nayra,Cardenes,,0
https://entity.api.sennetconsortium.org/entities/1e51db9b10a80aa775e9695e5892ce42,Tissue Block,"Registered 4/10/2024, Andrew Watts, TMC - University of Pittsburgh","10 x 10 x 10 millimeter, 0.8 millimeter, 12 Sections",https://data.sennetconsortium.org/sample?uuid=1e51db9b10a80aa775e9695e5892ce42,http://purl.org/ccf/1.5/a05fdae6-1223-48ce-a89b-2ac95805dfae,10,10,10,NayraCardenes,Nayra,Cardenes,,0
https://entity.api.sennetconsortium.org/entities/7b03857da86bde8b6db300ff166a3ce1,Tissue Block,"Registered 4/18/2024, Andrew Watts, TMC - University of Pittsburgh","10 x 10 x 10 millimeter, 2 millimeter, 5 Sections",https://data.sennetconsortium.org/sample?uuid=7b03857da86bde8b6db300ff166a3ce1,http://purl.org/ccf/1.5/a05fdae6-1223-48ce-a89b-2ac95805dfae,10,10,10,NayraCardenes,Nayra,Cardenes,,0
https://entity.api.sennetconsortium.org/entities/ed40add049f01d90e01c2ab22f1c8cae,Tissue Block,"Registered 4/18/2024, Andrew Watts, TMC - University of Pittsburgh","10 x 10 x 10 millimeter, 1.7 millimeter, 6 Sections",https://data.sennetconsortium.org/sample?uuid=ed40add049f01d90e01c2ab22f1c8cae,http://purl.org/ccf/1.5/a05fdae6-1223-48ce-a89b-2ac95805dfae,10,10,10,NayraCardenes,Nayra,Cardenes,,0
https://entity.api.sennetconsortium.org/entities/85c9062a20f29c8cc8fd82178a9371e0,Tissue Block,"Registered 4/10/2024, Andrew Watts, TMC - University of Pittsburgh","10 x 10 x 10 millimeter, 1.7 millimeter, 6 Sections",https://data.sennetconsortium.org/sample?uuid=85c9062a20f29c8cc8fd82178a9371e0,http://purl.org/ccf/1.5/a05fdae6-1223-48ce-a89b-2ac95805dfae,10,10,10,NayraCardenes,Nayra,Cardenes,,0
https://entity.api.sennetconsortium.org/entities/d4eb3c141fa73262f8b1511f08697609,Tissue Block,"Registered 4/10/2024, Andrew Watts, TMC - University of Pittsburgh","10 x 10 x 10 millimeter, 1.7 millimeter, 6 Sections",https://data.sennetconsortium.org/sample?uuid=d4eb3c141fa73262f8b1511f08697609,http://purl.org/ccf/1.5/a05fdae6-1223-48ce-a89b-2ac95805dfae,10,10,10,NayraCardenes,Nayra,Cardenes,,0
https://entity.api.sennetconsortium.org/entities/fdddeb6693d85d7367186cfd2163db06,Tissue Block,"Registered 4/18/2024, Andrew Watts, TMC - University of Pittsburgh","10 x 10 x 10 millimeter, 0.9 millimeter, 11 Sections",https://data.sennetconsortium.org/sample?uuid=fdddeb6693d85d7367186cfd2163db06,http://purl.org/ccf/1.5/a05fdae6-1223-48ce-a89b-2ac95805dfae,10,10,10,NayraCardenes,Nayra,Cardenes,,0
http://purl.org/ccf/1.5/omap-1#Donor1_TissueBlock1,Tissue Block,"Registered 7/3/2023, Andrea Radtke, NIH","19 x 11 x 12 millimeter, 12 millimeter",https://hubmapconsortium.github.io/ccf-releases/v1.4/docs/omap/omap-1-human-lymph-node-ibex.html,http://purl.org/ccf/1.5/70c2341b-2506-4b86-99bb-8e65f5015137,19,11,12,Andrea Radtke,Andrea,Radtke,,0
http://purl.org/ccf/10.1016/j.ajt.2024.08.019#Donor1_TissueBlock2,Tissue Block,case_1_2hR,"10 x 4 x 1 millimeter, 1 millimeter",https://doi.org/10.1016/j.ajt.2024.08.019,http://purl.org/ccf/1.5/c68a0f06-63ae-4d90-812e-06224830aac3,10,4,1,Aaron Wong,Aaron,Wong,,0
http://purl.org/ccf/10.1016/j.ajt.2024.08.019#Donor4_TissueBlock1,Tissue Block,case_4_CIT,"10 x 4 x 1 millimeter, 1 millimeter",https://doi.org/10.1016/j.ajt.2024.08.019,http://purl.org/ccf/1.5/c68a0f06-63ae-4d90-812e-06224830aac3,10,4,1,Aaron Wong,Aaron,Wong,,0
http://purl.org/ccf/10.1016/j.ajt.2024.08.019#Donor4_TissueBlock2,Tissue Block,case_4_2hR,"10 x 4 x 1 millimeter, 1 millimeter",https://doi.org/10.1016/j.ajt.2024.08.019,http://purl.org/ccf/1.5/c68a0f06-63ae-4d90-812e-06224830aac3,10,4,1,Aaron Wong,Aaron,Wong,,0
http://purl.org/ccf/10.1016/j.ajt.2024.08.019#Donor5_TissueBlock1,Tissue Block,case_5_CIT,"10 x 4 x 1 millimeter, 1 millimeter",https://doi.org/10.1016/j.ajt.2024.08.019,http://purl.org/ccf/1.5/c68a0f06-63ae-4d90-812e-06224830aac3,10,4,1,Aaron Wong,Aaron,Wong,,0
http://purl.org/ccf/10.1016/j.ajt.2024.08.019#Donor5_TissueBlock2,Tissue Block,case_5_2hR,"10 x 4 x 1 millimeter, 1 millimeter",https://doi.org/10.1016/j.ajt.2024.08.019,http://purl.org/ccf/1.5/c68a0f06-63ae-4d90-812e-06224830aac3,10,4,1,Aaron Wong,Aaron,Wong,,0
http://purl.org/ccf/10.1016/j.ajt.2024.08.019#Donor6_TissueBlock1,Tissue Block,case_6_CIT,"10 x 4 x 1 millimeter, 1 millimeter",https://doi.org/10.1016/j.ajt.2024.08.019,http://purl.org/ccf/1.5/c68a0f06-63ae-4d90-812e-06224830aac3,10,4,1,Aaron Wong,Aaron,Wong,,0
http://purl.org/ccf/10.1016/j.ajt.2024.08.019#Donor3_TissueBlock2,Tissue Block,case_3_2hR,"10 x 4 x 1 millimeter, 1 millimeter",https://doi.org/10.1016/j.ajt.2024.08.019,http://purl.org/ccf/1.5/80c95aeb-aae1-4b23-b429-b7c7870dd4a7,10,4,1,Aaron Wong,Aaron,Wong,,0
http://purl.org/ccf/10.1016/j.celrep.2022.111838#Donor1_TissueBlock3,Tissue Block,"Registered 2/11/2025, Anindita Basu, University of Chicago","7 x 33 x 7 millimeter, 7 millimeter",https://www.cell.com/cell-reports/fulltext/S2211-1247(22)01730-2,http://purl.org/ccf/1.5/68b3a47f-cd9a-4176-978f-ed3fffe8cc6d,7,33,7,Anindita Basu,Anindita,Basu,,0
http://purl.org/ccf/10.1016/j.celrep.2022.111838#Donor2_TissueBlock2,Tissue Block,"Registered 2/11/2025, Anindita Basu, University of Chicago","7 x 33 x 7 millimeter, 7 millimeter",https://www.cell.com/cell-reports/fulltext/S2211-1247(22)01730-2,http://purl.org/ccf/1.5/68b3a47f-cd9a-4176-978f-ed3fffe8cc6d,7,33,7,Anindita Basu,Anindita,Basu,,0
http://purl.org/ccf/10.1016/j.celrep.2022.111838#Donor3_TissueBlock3,Tissue Block,"Registered 2/11/2025, Anindita Basu, University of Chicago","7 x 33 x 7 millimeter, 7 millimeter",https://www.cell.com/cell-reports/fulltext/S2211-1247(22)01730-2,http://purl.org/ccf/1.5/68b3a47f-cd9a-4176-978f-ed3fffe8cc6d,7,33,7,Anindita Basu,Anindita,Basu,,0
http://purl.org/ccf/10.1016/j.celrep.2022.111838#Donor4_TissueBlock2,Tissue Block,"Registered 2/11/2025, Anindita Basu, University of Chicago","7 x 33 x 7 millimeter, 7 millimeter",https://www.cell.com/cell-reports/fulltext/S2211-1247(22)01730-2,http://purl.org/ccf/1.5/68b3a47f-cd9a-4176-978f-ed3fffe8cc6d,7,33,7,Anindita Basu,Anindita,Basu,,0
http://purl.org/ccf/10.1016/j.celrep.2022.111838#Donor5_TissueBlock3,Tissue Block,"Registered 2/11/2025, Anindita Basu, University of Chicago","7 x 33 x 7 millimeter, 7 millimeter",https://www.cell.com/cell-reports/fulltext/S2211-1247(22)01730-2,http://purl.org/ccf/1.5/68b3a47f-cd9a-4176-978f-ed3fffe8cc6d,7,33,7,Anindita Basu,Anindita,Basu,,0
http://purl.org/ccf/10.1016/j.celrep.2022.111838#Donor6_TissueBlock3,Tissue Block,"Registered 2/11/2025, Anindita Basu, University of Chicago","7 x 33 x 7 millimeter, 7 millimeter",https://www.cell.com/cell-reports/fulltext/S2211-1247(22)01730-2,http://purl.org/ccf/1.5/68b3a47f-cd9a-4176-978f-ed3fffe8cc6d,7,33,7,Anindita Basu,Anindita,Basu,,0
https://doi.org/10.1038/s41467-024-55440-2#Donor1_TissueBlock3,Tissue Block,"Registered 2/11/2025, Anindita Basu, University of Chicago","7 x 33 x 7 millimeter, 7 millimeter",https://www.nature.com/articles/s41467-024-55440-2,http://purl.org/ccf/1.5/68b3a47f-cd9a-4176-978f-ed3fffe8cc6d,7,33,7,Anindita Basu,Anindita,Basu,,0
https://doi.org/10.1038/s41467-024-55440-2#Donor10_TissueBlock3,Tissue Block,"Registered 2/11/2025, Anindita Basu, University of Chicago","7 x 33 x 7 millimeter, 7 millimeter",https://www.nature.com/articles/s41467-024-55440-2,http://purl.org/ccf/1.5/68b3a47f-cd9a-4176-978f-ed3fffe8cc6d,7,33,7,Anindita Basu,Anindita,Basu,,0
https://doi.org/10.1038/s41467-024-55440-2#Donor11_TissueBlock3,Tissue Block,"Registered 2/11/2025, Anindita Basu, University of Chicago","7 x 33 x 7 millimeter, 7 millimeter",https://www.nature.com/articles/s41467-024-55440-2,http://purl.org/ccf/1.5/68b3a47f-cd9a-4176-978f-ed3fffe8cc6d,7,33,7,Anindita Basu,Anindita,Basu,,0
https://doi.org/10.1038/s41467-024-55440-2#Donor12_TissueBlock3,Tissue Block,"Registered 2/11/2025, Anindita Basu, University of Chicago","7 x 33 x 7 millimeter, 7 millimeter",https://www.nature.com/articles/s41467-024-55440-2,http://purl.org/ccf/1.5/68b3a47f-cd9a-4176-978f-ed3fffe8cc6d,7,33,7,Anindita Basu,Anindita,Basu,,0
https://doi.org/10.1038/s41467-024-55440-2#Donor15_TissueBlock3,Tissue Block,"Registered 2/11/2025, Anindita Basu, University of Chicago","7 x 33 x 7 millimeter, 7 millimeter",https://www.nature.com/articles/s41467-024-55440-2,http://purl.org/ccf/1.5/68b3a47f-cd9a-4176-978f-ed3fffe8cc6d,7,33,7,Anindita Basu,Anindita,Basu,,0
https://doi.org/10.1038/s41467-024-55440-2#Donor16_TissueBlock3,Tissue Block,"Registered 2/11/2025, Anindita Basu, University of Chicago","7 x 33 x 7 millimeter, 7 millimeter",https://www.nature.com/articles/s41467-024-55440-2,http://purl.org/ccf/1.5/68b3a47f-cd9a-4176-978f-ed3fffe8cc6d,7,33,7,Anindita Basu,Anindita,Basu,,0
https://doi.org/10.1038/s41467-024-55440-2#Donor17_TissueBlock3,Tissue Block,"Registered 2/11/2025, Anindita Basu, University of Chicago","7 x 33 x 7 millimeter, 7 millimeter",https://www.nature.com/articles/s41467-024-55440-2,http://purl.org/ccf/1.5/68b3a47f-cd9a-4176-978f-ed3fffe8cc6d,7,33,7,Anindita Basu,Anindita,Basu,,0
https://doi.org/10.1038/s41467-024-55440-2#Donor2_TissueBlock2,Tissue Block,"Registered 2/11/2025, Anindita Basu, University of Chicago","7 x 33 x 7 millimeter, 7 millimeter",https://www.nature.com/articles/s41467-024-55440-2,http://purl.org/ccf/1.5/68b3a47f-cd9a-4176-978f-ed3fffe8cc6d,7,33,7,Anindita Basu,Anindita,Basu,,0
https://doi.org/10.1038/s41467-024-55440-2#Donor3_TissueBlock3,Tissue Block,"Registered 2/11/2025, Anindita Basu, University of Chicago","7 x 33 x 7 millimeter, 7 millimeter",https://www.nature.com/articles/s41467-024-55440-2,http://purl.org/ccf/1.5/68b3a47f-cd9a-4176-978f-ed3fffe8cc6d,7,33,7,Anindita Basu,Anindita,Basu,,0
https://doi.org/10.1038/s41467-024-55440-2#Donor4_TissueBlock2,Tissue Block,"Registered 2/11/2025, Anindita Basu, University of Chicago","7 x 33 x 7 millimeter, 7 millimeter",https://www.nature.com/articles/s41467-024-55440-2,http://purl.org/ccf/1.5/68b3a47f-cd9a-4176-978f-ed3fffe8cc6d,7,33,7,Anindita Basu,Anindita,Basu,,0
https://doi.org/10.1038/s41467-024-55440-2#Donor5_TissueBlock3,Tissue Block,"Registered 2/11/2025, Anindita Basu, University of Chicago","7 x 33 x 7 millimeter, 7 millimeter",https://www.nature.com/articles/s41467-024-55440-2,http://purl.org/ccf/1.5/68b3a47f-cd9a-4176-978f-ed3fffe8cc6d,7,33,7,Anindita Basu,Anindita,Basu,,0
https://doi.org/10.1038/s41467-024-55440-2#Donor6_TissueBlock3,Tissue Block,"Registered 2/11/2025, Anindita Basu, University of Chicago","7 x 33 x 7 millimeter, 7 millimeter",https://www.nature.com/articles/s41467-024-55440-2,http://purl.org/ccf/1.5/68b3a47f-cd9a-4176-978f-ed3fffe8cc6d,7,33,7,Anindita Basu,Anindita,Basu,,0
http://purl.org/ccf/10.1016/j.celrep.2022.111838#Donor1_TissueBlock4,Tissue Block,"Registered 2/11/2025, Anindita Basu, University of Chicago","8 x 8 x 8 millimeter, 8 millimeter",https://www.cell.com/cell-reports/fulltext/S2211-1247(22)01730-2,http://purl.org/ccf/1.5/bad3c327-f07f-4be2-8664-c0231a5153f3,8,8,8,Anindita Basu,Anindita,Basu,,0
http://purl.org/ccf/10.1016/j.celrep.2022.111838#Donor2_TissueBlock3,Tissue Block,"Registered 2/11/2025, Anindita Basu, University of Chicago","8 x 8 x 8 millimeter, 8 millimeter",https://www.cell.com/cell-reports/fulltext/S2211-1247(22)01730-2,http://purl.org/ccf/1.5/bad3c327-f07f-4be2-8664-c0231a5153f3,8,8,8,Anindita Basu,Anindita,Basu,,0
http://purl.org/ccf/10.1016/j.celrep.2022.111838#Donor3_TissueBlock4,Tissue Block,"Registered 2/11/2025, Anindita Basu, University of Chicago","8 x 8 x 8 millimeter, 8 millimeter",https://www.cell.com/cell-reports/fulltext/S2211-1247(22)01730-2,http://purl.org/ccf/1.5/bad3c327-f07f-4be2-8664-c0231a5153f3,8,8,8,Anindita Basu,Anindita,Basu,,0
http://purl.org/ccf/10.1016/j.celrep.2022.111838#Donor5_TissueBlock4,Tissue Block,"Registered 2/11/2025, Anindita Basu, University of Chicago","8 x 8 x 8 millimeter, 8 millimeter",https://www.cell.com/cell-reports/fulltext/S2211-1247(22)01730-2,http://purl.org/ccf/1.5/bad3c327-f07f-4be2-8664-c0231a5153f3,8,8,8,Anindita Basu,Anindita,Basu,,0
http://purl.org/ccf/10.1016/j.celrep.2022.111838#Donor7_TissueBlock3,Tissue Block,"Registered 2/11/2025, Anindita Basu, University of Chicago","8 x 8 x 8 millimeter, 8 millimeter",https://www.cell.com/cell-reports/fulltext/S2211-1247(22)01730-2,http://purl.org/ccf/1.5/bad3c327-f07f-4be2-8664-c0231a5153f3,8,8,8,Anindita Basu,Anindita,Basu,,0
http://purl.org/ccf/10.1016/j.celrep.2022.111838#Donor8_TissueBlock1,Tissue Block,"Registered 2/11/2025, Anindita Basu, University of Chicago","8 x 8 x 8 millimeter, 8 millimeter",https://www.cell.com/cell-reports/fulltext/S2211-1247(22)01730-2,http://purl.org/ccf/1.5/bad3c327-f07f-4be2-8664-c0231a5153f3,8,8,8,Anindita Basu,Anindita,Basu,,0
https://atlas.kpmp.org/#163-1_Donor1_TissueBlock1,Tissue Block,"Registered 7/12/2024, Jennifer Schaub, KPMP","1 x 7 x 1 millimeter, 1 millimeter",https://atlas.kpmp.org/#163-1,http://purl.org/ccf/1.5/4375e231-49fd-47cd-8129-5e13e9650a15,1,7,1,Jennifer Schaub,Jennifer,Schaub,,0
https://atlas.kpmp.org/#163-4_Donor1_TissueBlock1,Tissue Block,"Registered 7/12/2024, Jennifer Schaub, KPMP","1 x 7 x 1 millimeter, 1 millimeter",https://atlas.kpmp.org/#163-4,http://purl.org/ccf/1.5/4375e231-49fd-47cd-8129-5e13e9650a15,1,7,1,Jennifer Schaub,Jennifer,Schaub,,0
https://atlas.kpmp.org/#163-7_Donor1_TissueBlock1,Tissue Block,"Registered 7/12/2024, Jennifer Schaub, KPMP","1 x 7 x 1 millimeter, 1 millimeter",https://atlas.kpmp.org/#163-7,http://purl.org/ccf/1.5/4375e231-49fd-47cd-8129-5e13e9650a15,1,7,1,Jennifer Schaub,Jennifer,Schaub,,0
https://atlas.kpmp.org/#165-12_Donor1_TissueBlock1,Tissue Block,"Registered 7/12/2024, Jennifer Schaub, KPMP","1 x 7 x 1 millimeter, 1 millimeter",https://atlas.kpmp.org/#165-12,http://purl.org/ccf/1.5/4375e231-49fd-47cd-8129-5e13e9650a15,1,7,1,Jennifer Schaub,Jennifer,Schaub,,0
https://atlas.kpmp.org/#165-9_Donor1_TissueBlock1,Tissue Block,"Registered 7/12/2024, Jennifer Schaub, KPMP","1 x 7 x 1 millimeter, 1 millimeter",https://atlas.kpmp.org/#165-9,http://purl.org/ccf/1.5/4375e231-49fd-47cd-8129-5e13e9650a15,1,7,1,Jennifer Schaub,Jennifer,Schaub,,0
https://atlas.kpmp.org/#163-2_Donor1_TissueBlock1,Tissue Block,"Registered 7/12/2024, Jennifer Schaub, KPMP","1 x 7 x 1 millimeter, 1 millimeter",https://atlas.kpmp.org/#163-2,http://purl.org/ccf/1.5/78fd1ec1-e461-4105-a595-099118d71179,1,7,1,Jennifer Schaub,Jennifer,Schaub,,0
https://atlas.kpmp.org/#164-11_Donor1_TissueBlock1,Tissue Block,"Registered 7/12/2024, Jennifer Schaub, KPMP","1 x 7 x 1 millimeter, 1 millimeter",https://atlas.kpmp.org/#164-11,http://purl.org/ccf/1.5/78fd1ec1-e461-4105-a595-099118d71179,1,7,1,Jennifer Schaub,Jennifer,Schaub,,0
https://atlas.kpmp.org/#165-11_Donor1_TissueBlock1,Tissue Block,"Registered 7/12/2024, Jennifer Schaub, KPMP","1 x 7 x 1 millimeter, 1 millimeter",https://atlas.kpmp.org/#165-11,http://purl.org/ccf/1.5/78fd1ec1-e461-4105-a595-099118d71179,1,7,1,Jennifer Schaub,Jennifer,Schaub,,0
https://atlas.kpmp.org/#165-14_Donor1_TissueBlock1,Tissue Block,"Registered 7/12/2024, Jennifer Schaub, KPMP","1 x 7 x 1 millimeter, 1 millimeter",https://atlas.kpmp.org/#165-14,http://purl.org/ccf/1.5/78fd1ec1-e461-4105-a595-099118d71179,1,7,1,Jennifer Schaub,Jennifer,Schaub,,0
https://doi.org/10.1161/CIRCRESAHA.120.318458#Donor1_TissueBlock1,Tissue Block,"Registered 2/15/2021, Peter Hanna, UCLA/SPARC","10 x 10 x 10 millimeter, 10 millimeter",https://doi.org/10.1161/CIRCRESAHA.120.318458,http://purl.org/ccf/1.5/36d378f4-d4b5-456f-a32c-12a4c60d8159,10,10,10,Peter Hanna,Peter,Hanna,,0
https://sparc.science/datasets/390/version/1?datasetDetailsTab=abstract&path=files/primary/sub-DH09292020#Donor1_TissueBlock11,Tissue Block,Apical Septum,"10 x 10 x 10 millimeter, 10 millimeter",https://sparc.science/datasets/390/version/1?datasetDetailsTab=abstract&path=files/primary/sub-DH09292020,http://purl.org/ccf/1.5/36d378f4-d4b5-456f-a32c-12a4c60d8159,10,10,10,Peter Hanna,Peter,Hanna,,0
https://doi.org/10.1161/CIRCRESAHA.120.318458#Donor10_TissueBlock1,Tissue Block,"Registered 2/18/2021, Peter Hanna, UCLA/SPARC","10 x 10 x 10 millimeter, 10 millimeter",https://doi.org/10.1161/CIRCRESAHA.120.318458,http://purl.org/ccf/1.5/717feefc-95f4-42b4-8255-96ddf65921be,10,10,10,Peter Hanna,Peter,Hanna,,0
https://doi.org/10.1161/CIRCRESAHA.120.318458#Donor11_TissueBlock1,Tissue Block,"Registered 2/18/2021, Peter Hanna, UCLA/SPARC","10 x 10 x 10 millimeter, 10 millimeter",https://doi.org/10.1161/CIRCRESAHA.120.318458,http://purl.org/ccf/1.5/da9a6669-973c-4bee-97e1-7430d21796f8,10,10,10,Peter Hanna,Peter,Hanna,,0
https://sparc.science/datasets/390/version/1?datasetDetailsTab=abstract&path=files/primary/sub-DH09292020#Donor1_TissueBlock13,Tissue Block,Basal Sept,"10 x 10 x 10 millimeter, 10 millimeter",https://sparc.science/datasets/390/version/1?datasetDetailsTab=abstract&path=files/primary/sub-DH09292020,http://purl.org/ccf/1.5/da9a6669-973c-4bee-97e1-7430d21796f8,10,10,10,Peter Hanna,Peter,Hanna,,0
https://doi.org/10.1161/CIRCRESAHA.120.318458#Donor12_TissueBlock1,Tissue Block,"Registered 2/18/2021, Peter Hanna, UCLA/SPARC","10 x 10 x 10 millimeter, 10 millimeter",https://doi.org/10.1161/CIRCRESAHA.120.318458,http://purl.org/ccf/1.5/a99b891d-44ce-47ab-91d9-e7dc5743ea46,10,10,10,Peter Hanna,Peter,Hanna,,0
https://doi.org/10.1161/CIRCRESAHA.120.318458#Donor13_TissueBlock1,Tissue Block,"Registered 2/15/2021, Peter Hanna, UCLA/SPARC","10 x 10 x 10 millimeter, 10 millimeter",https://doi.org/10.1161/CIRCRESAHA.120.318458,http://purl.org/ccf/1.5/4e5190dc-9290-4d8d-a521-18d8f64c098e,10,10,10,Peter Hanna,Peter,Hanna,,0
https://sparc.science/datasets/390/version/1?datasetDetailsTab=abstract&path=files/primary/sub-DH09292020#Donor1_TissueBlock9,Tissue Block,LV Apex,"10 x 10 x 10 millimeter, 10 millimeter",https://sparc.science/datasets/390/version/1?datasetDetailsTab=abstract&path=files/primary/sub-DH09292020,http://purl.org/ccf/1.5/4e5190dc-9290-4d8d-a521-18d8f64c098e,10,10,10,Peter Hanna,Peter,Hanna,,0
https://doi.org/10.1161/CIRCRESAHA.120.318458#Donor14_TissueBlock1,Tissue Block,"Registered 2/15/2021, Peter Hanna, UCLA/SPARC","10 x 10 x 10 millimeter, 10 millimeter",https://doi.org/10.1161/CIRCRESAHA.120.318458,http://purl.org/ccf/1.5/455397a4-3d28-4e0b-9a88-c40cd796d3ec,10,10,10,Peter Hanna,Peter,Hanna,,0
https://doi.org/10.1161/CIRCRESAHA.120.318458#Donor15_TissueBlock1,Tissue Block,"Registered 2/15/2021, Peter Hanna, UCLA/SPARC","10 x 10 x 10 millimeter, 10 millimeter",https://doi.org/10.1161/CIRCRESAHA.120.318458,http://purl.org/ccf/1.5/9c7fd6bb-6ea4-411d-8ad3-d2277ef18b05,10,10,10,Peter Hanna,Peter,Hanna,,0
https://sparc.science/datasets/390/version/1?datasetDetailsTab=abstract&path=files/primary/sub-DH09292020#Donor1_TissueBlock12,Tissue Block,Mid Ant LV,"10 x 10 x 10 millimeter, 10 millimeter",https://sparc.science/datasets/390/version/1?datasetDetailsTab=abstract&path=files/primary/sub-DH09292020,http://purl.org/ccf/1.5/9c7fd6bb-6ea4-411d-8ad3-d2277ef18b05,10,10,10,Peter Hanna,Peter,Hanna,,0
https://doi.org/10.1161/CIRCRESAHA.120.318458#Donor16_TissueBlock1,Tissue Block,"Registered 2/15/2021, Peter Hanna, UCLA/SPARC","10 x 10 x 10 millimeter, 10 millimeter",https://doi.org/10.1161/CIRCRESAHA.120.318458,http://purl.org/ccf/1.5/bd2df259-b64d-4f5a-b2e4-84be6031c5ef,10,10,10,Peter Hanna,Peter,Hanna,,0
https://doi.org/10.1161/CIRCRESAHA.120.318458#Donor17_TissueBlock1,Tissue Block,"Registered 2/15/2021, Peter Hanna, UCLA/SPARC","10 x 10 x 10 millimeter, 10 millimeter",https://doi.org/10.1161/CIRCRESAHA.120.318458,http://purl.org/ccf/1.5/8ac5f392-021e-452a-845b-a2a5e9e807fb,10,10,10,Peter Hanna,Peter,Hanna,,0
https://doi.org/10.1161/CIRCRESAHA.120.318458#Donor18_TissueBlock1,Tissue Block,"Registered 2/15/2021, Peter Hanna, UCLA/SPARC","10 x 10 x 10 millimeter, 10 millimeter",https://doi.org/10.1161/CIRCRESAHA.120.318458,http://purl.org/ccf/1.5/5b8ac863-a3ac-4f61-b856-0243634ca18b,10,10,10,Peter Hanna,Peter,Hanna,,0
https://doi.org/10.1161/CIRCRESAHA.120.318458#Donor19_TissueBlock1,Tissue Block,"Registered 2/15/2021, Peter Hanna, UCLA/SPARC","10 x 10 x 10 millimeter, 10 millimeter",https://doi.org/10.1161/CIRCRESAHA.120.318458,http://purl.org/ccf/1.5/597935ff-e86d-4a23-a3d6-bd88ede49a3f,10,10,10,Peter Hanna,Peter,Hanna,,0
https://sparc.science/datasets/390/version/1?datasetDetailsTab=abstract&path=files/primary/sub-DH09292020#Donor1_TissueBlock19,Tissue Block,Mid Post LV,"10 x 10 x 10 millimeter, 10 millimeter",https://sparc.science/datasets/390/version/1?datasetDetailsTab=abstract&path=files/primary/sub-DH09292020,http://purl.org/ccf/1.5/597935ff-e86d-4a23-a3d6-bd88ede49a3f,10,10,10,Peter Hanna,Peter,Hanna,,0
https://doi.org/10.1161/CIRCRESAHA.120.318458#Donor2_TissueBlock1,Tissue Block,"Registered 2/15/2021, Peter Hanna, UCLA/SPARC","10 x 10 x 10 millimeter, 10 millimeter",https://doi.org/10.1161/CIRCRESAHA.120.318458,http://purl.org/ccf/1.5/521967fe-9c54-4b71-a9aa-398950ed47ae,10,10,10,Peter Hanna,Peter,Hanna,,0
https://doi.org/10.1161/CIRCRESAHA.120.318458#Donor20_TissueBlock1,Tissue Block,"Registered 2/15/2021, Peter Hanna, UCLA/SPARC","10 x 10 x 10 millimeter, 10 millimeter",https://doi.org/10.1161/CIRCRESAHA.120.318458,http://purl.org/ccf/1.5/a4137bf0-6e8f-4dfd-b341-e3ac3ee51772,10,10,10,Peter Hanna,Peter,Hanna,,0
https://doi.org/10.1161/CIRCRESAHA.120.318458#Donor21_TissueBlock1,Tissue Block,"Registered 2/18/2021, Peter Hanna, UCLA/SPARC","10 x 10 x 10 millimeter, 10 millimeter",https://doi.org/10.1161/CIRCRESAHA.120.318458,http://purl.org/ccf/1.5/9815616b-4e3f-4c2a-bf64-14dc26f484a4,10,10,10,Peter Hanna,Peter,Hanna,,0
https://sparc.science/datasets/390/version/1?datasetDetailsTab=abstract&path=files/primary/sub-DH09292020#Donor1_TissueBlock20,Tissue Block,Mid Septum,"10 x 10 x 10 millimeter, 10 millimeter",https://sparc.science/datasets/390/version/1?datasetDetailsTab=abstract&path=files/primary/sub-DH09292020,http://purl.org/ccf/1.5/9815616b-4e3f-4c2a-bf64-14dc26f484a4,10,10,10,Peter Hanna,Peter,Hanna,,0
https://doi.org/10.1161/CIRCRESAHA.120.318458#Donor22_TissueBlock1,Tissue Block,"Registered 2/18/2021, Peter Hanna, UCLA/SPARC","10 x 10 x 10 millimeter, 10 millimeter",https://doi.org/10.1161/CIRCRESAHA.120.318458,http://purl.org/ccf/1.5/3c25705a-5769-425a-a481-d1f6d5a95cab,10,10,10,Peter Hanna,Peter,Hanna,,0
https://doi.org/10.1161/CIRCRESAHA.120.318458#Donor23_TissueBlock1,Tissue Block,"Registered 2/18/2021, Peter Hanna, UCLA/SPARC","10 x 10 x 10 millimeter, 10 millimeter",https://doi.org/10.1161/CIRCRESAHA.120.318458,http://purl.org/ccf/1.5/a3e6d018-4e28-41b8-9ea7-6a3f8dc33f6c,10,10,10,Peter Hanna,Peter,Hanna,,0
https://sparc.science/datasets/390/version/1?datasetDetailsTab=abstract&path=files/primary/sub-DH09292020#Donor1_TissueBlock15,Tissue Block,RV Apex,"10 x 10 x 10 millimeter, 10 millimeter",https://sparc.science/datasets/390/version/1?datasetDetailsTab=abstract&path=files/primary/sub-DH09292020,http://purl.org/ccf/1.5/a3e6d018-4e28-41b8-9ea7-6a3f8dc33f6c,10,10,10,Peter Hanna,Peter,Hanna,,0
https://doi.org/10.1161/CIRCRESAHA.120.318458#Donor24_TissueBlock1,Tissue Block,"Registered 2/18/2021, Peter Hanna, UCLA/SPARC","10 x 10 x 10 millimeter, 10 millimeter",https://doi.org/10.1161/CIRCRESAHA.120.318458,http://purl.org/ccf/1.5/5d1aa5f0-f399-4bc2-96fd-e999a2326626,10,10,10,Peter Hanna,Peter,Hanna,,0
https://doi.org/10.1161/CIRCRESAHA.120.318458#Donor25_TissueBlock1,Tissue Block,"Registered 2/18/2021, Peter Hanna, UCLA/SPARC","10 x 10 x 10 millimeter, 10 millimeter",https://doi.org/10.1161/CIRCRESAHA.120.318458,http://purl.org/ccf/1.5/50ee1b49-9d08-46f3-87cb-a3faafb1f555,10,10,10,Peter Hanna,Peter,Hanna,,0
https://sparc.science/datasets/390/version/1?datasetDetailsTab=abstract&path=files/primary/sub-DH09292020#Donor1_TissueBlock22,Tissue Block,RVOT,"10 x 10 x 10 millimeter, 10 millimeter",https://sparc.science/datasets/390/version/1?datasetDetailsTab=abstract&path=files/primary/sub-DH09292020,http://purl.org/ccf/1.5/50ee1b49-9d08-46f3-87cb-a3faafb1f555,10,10,10,Peter Hanna,Peter,Hanna,,0
https://doi.org/10.1161/CIRCRESAHA.120.318458#Donor26_TissueBlock1,Tissue Block,"Registered 2/18/2021, Peter Hanna, UCLA/SPARC","10 x 10 x 10 millimeter, 10 millimeter",https://doi.org/10.1161/CIRCRESAHA.120.318458,http://purl.org/ccf/1.5/61c613a2-0030-48bf-8b6e-be631f24ce8e,10,10,10,Peter Hanna,Peter,Hanna,,0
https://doi.org/10.1161/CIRCRESAHA.120.318458#Donor3_TissueBlock1,Tissue Block,"Registered 2/18/2021, Peter Hanna, UCLA/SPARC","10 x 10 x 10 millimeter, 10 millimeter",https://doi.org/10.1161/CIRCRESAHA.120.318458,http://purl.org/ccf/1.5/6d7cca9f-1fe3-442d-8ac9-43896f194326,10,10,10,Peter Hanna,Peter,Hanna,,0
https://sparc.science/datasets/390/version/1?datasetDetailsTab=abstract&path=files/primary/sub-DH09292020#Donor1_TissueBlock17,Tissue Block,Basal Ant LV,"10 x 10 x 10 millimeter, 10 millimeter",https://sparc.science/datasets/390/version/1?datasetDetailsTab=abstract&path=files/primary/sub-DH09292020,http://purl.org/ccf/1.5/6d7cca9f-1fe3-442d-8ac9-43896f194326,10,10,10,Peter Hanna,Peter,Hanna,,0
https://doi.org/10.1161/CIRCRESAHA.120.318458#Donor5_TissueBlock1,Tissue Block,"Registered 2/18/2021, Peter Hanna, UCLA/SPARC","10 x 10 x 10 millimeter, 10 millimeter",https://doi.org/10.1161/CIRCRESAHA.120.318458,http://purl.org/ccf/1.5/35247281-a3a5-4e0e-b4d5-5dda314c25f2,10,10,10,Peter Hanna,Peter,Hanna,,0
https://sparc.science/datasets/390/version/1?datasetDetailsTab=abstract&path=files/primary/sub-DH09292020#Donor1_TissueBlock16,Tissue Block,Basal Lat LV,"10 x 10 x 10 millimeter, 10 millimeter",https://sparc.science/datasets/390/version/1?datasetDetailsTab=abstract&path=files/primary/sub-DH09292020,http://purl.org/ccf/1.5/35247281-a3a5-4e0e-b4d5-5dda314c25f2,10,10,10,Peter Hanna,Peter,Hanna,,0
https://doi.org/10.1161/CIRCRESAHA.120.318458#Donor6_TissueBlock1,Tissue Block,"Registered 2/18/2021, Peter Hanna, UCLA/SPARC","10 x 10 x 10 millimeter, 10 millimeter",https://doi.org/10.1161/CIRCRESAHA.120.318458,http://purl.org/ccf/1.5/273dd4c3-5442-4c31-8ffb-163cbc0f303d,10,10,10,Peter Hanna,Peter,Hanna,,0
https://doi.org/10.1161/CIRCRESAHA.120.318458#Donor7_TissueBlock1,Tissue Block,"Registered 2/18/2021, Peter Hanna, UCLA/SPARC","10 x 10 x 10 millimeter, 10 millimeter",https://doi.org/10.1161/CIRCRESAHA.120.318458,http://purl.org/ccf/1.5/e1a870bc-d965-4324-b691-55ebac9f2f89,10,10,10,Peter Hanna,Peter,Hanna,,0
https://sparc.science/datasets/390/version/1?datasetDetailsTab=abstract&path=files/primary/sub-DH09292020#Donor1_TissueBlock14,Tissue Block,Basal Post LV,"10 x 10 x 10 millimeter, 10 millimeter",https://sparc.science/datasets/390/version/1?datasetDetailsTab=abstract&path=files/primary/sub-DH09292020,http://purl.org/ccf/1.5/e1a870bc-d965-4324-b691-55ebac9f2f89,10,10,10,Peter Hanna,Peter,Hanna,,0
https://doi.org/10.1161/CIRCRESAHA.120.318458#Donor8_TissueBlock1,Tissue Block,"Registered 2/18/2021, Peter Hanna, UCLA/SPARC","10 x 10 x 10 millimeter, 10 millimeter",https://doi.org/10.1161/CIRCRESAHA.120.318458,http://purl.org/ccf/1.5/4b81bf86-4c5b-4422-9edb-c0f4ec525d8e,10,10,10,Peter Hanna,Peter,Hanna,,0
https://doi.org/10.1161/CIRCRESAHA.120.318458#Donor9_TissueBlock1,Tissue Block,"Registered 2/18/2021, Peter Hanna, UCLA/SPARC","10 x 10 x 10 millimeter, 10 millimeter",https://doi.org/10.1161/CIRCRESAHA.120.318458,http://purl.org/ccf/1.5/891363dd-7c97-421c-b321-6a27b3b55dae,10,10,10,Peter Hanna,Peter,Hanna,,0
https://sparc.science/datasets/390/version/1?datasetDetailsTab=abstract&path=files/primary/sub-DH09292020#Donor1_TissueBlock10,Tissue Block,Basal RVFreewall,"10 x 10 x 10 millimeter, 10 millimeter",https://sparc.science/datasets/390/version/1?datasetDetailsTab=abstract&path=files/primary/sub-DH09292020,http://purl.org/ccf/1.5/891363dd-7c97-421c-b321-6a27b3b55dae,10,10,10,Peter Hanna,Peter,Hanna,,0
https://sparc.science/datasets/390/version/1?datasetDetailsTab=abstract&path=files/primary/sub-DH09292020#Donor1_TissueBlock1,Tissue Block,RA Trabmyo,"10 x 10 x 5 millimeter, 5 millimeter",https://sparc.science/datasets/390/version/1?datasetDetailsTab=abstract&path=files/primary/sub-DH09292020,http://purl.org/ccf/1.5/6eb4b90c-1e6f-4569-9d7c-39597ac473fa,10,10,5,Peter Hanna,Peter,Hanna,,0
https://sparc.science/datasets/390/version/1?datasetDetailsTab=abstract&path=files/primary/sub-DH09292020#Donor1_TissueBlock18,Tissue Block,Inferomedial Papillary Muscle,"10 x 10 x 10 millimeter, 10 millimeter",https://sparc.science/datasets/390/version/1?datasetDetailsTab=abstract&path=files/primary/sub-DH09292020,http://purl.org/ccf/1.5/5e6f98f7-50ae-4dae-9ded-035826213f52,10,10,10,Peter Hanna,Peter,Hanna,,0
https://sparc.science/datasets/390/version/1?datasetDetailsTab=abstract&path=files/primary/sub-DH09292020#Donor1_TissueBlock2,Tissue Block,RAGP,"10 x 15 x 5 millimeter, 5 millimeter",https://sparc.science/datasets/390/version/1?datasetDetailsTab=abstract&path=files/primary/sub-DH09292020,http://purl.org/ccf/1.5/ca1a3a63-73a4-43f5-9f50-7ead87e794e6,10,15,5,Peter Hanna,Peter,Hanna,,0
https://sparc.science/datasets/390/version/1?datasetDetailsTab=abstract&path=files/primary/sub-DH09292020#Donor1_TissueBlock21,Tissue Block,RV Inflow,"10 x 10 x 5 millimeter, 5 millimeter",https://sparc.science/datasets/390/version/1?datasetDetailsTab=abstract&path=files/primary/sub-DH09292020,http://purl.org/ccf/1.5/554338ef-c514-41c6-b696-a6d11e00cd3e,10,10,5,Peter Hanna,Peter,Hanna,,0
https://sparc.science/datasets/390/version/1?datasetDetailsTab=abstract&path=files/primary/sub-DH09292020#Donor1_TissueBlock23,Tissue Block,VIVGP,"10 x 10 x 10 millimeter, 10 millimeter",https://sparc.science/datasets/390/version/1?datasetDetailsTab=abstract&path=files/primary/sub-DH09292020,http://purl.org/ccf/1.5/aa38865a-54c3-4523-9e56-65b5be52f5a4,10,10,10,Peter Hanna,Peter,Hanna,,0
https://sparc.science/datasets/390/version/1?datasetDetailsTab=abstract&path=files/primary/sub-DH09292020#Donor1_TissueBlock24,Tissue Block,AVN,"5 x 10 x 10 millimeter, 10 millimeter",https://sparc.science/datasets/390/version/1?datasetDetailsTab=abstract&path=files/primary/sub-DH09292020,http://purl.org/ccf/1.5/726422c3-7f56-4d16-8c3e-d761dc83d614,5,10,10,Peter Hanna,Peter,Hanna,,0
https://sparc.science/datasets/390/version/1?datasetDetailsTab=abstract&path=files/primary/sub-DH09292020#Donor1_TissueBlock3,Tissue Block,RAA,"10 x 10 x 5 millimeter, 5 millimeter",https://sparc.science/datasets/390/version/1?datasetDetailsTab=abstract&path=files/primary/sub-DH09292020,http://purl.org/ccf/1.5/b7dfa61c-6913-40a7-86b2-9dda7d70da66,10,10,5,Peter Hanna,Peter,Hanna,,0
https://sparc.science/datasets/390/version/1?datasetDetailsTab=abstract&path=files/primary/sub-DH09292020#Donor1_TissueBlock4,Tissue Block,SAN F,"10 x 10 x 5 millimeter, 5 millimeter",https://sparc.science/datasets/390/version/1?datasetDetailsTab=abstract&path=files/primary/sub-DH09292020,http://purl.org/ccf/1.5/cbab45d3-6a15-49b4-a908-2fb15c19fee8,10,10,5,Peter Hanna,Peter,Hanna,,0
https://sparc.science/datasets/390/version/1?datasetDetailsTab=abstract&path=files/primary/sub-DH09292020#Donor1_TissueBlock5,Tissue Block,IVCIAGP,"10 x 10 x 5 millimeter, 5 millimeter",https://sparc.science/datasets/390/version/1?datasetDetailsTab=abstract&path=files/primary/sub-DH09292020,http://purl.org/ccf/1.5/ea8c359b-30d5-45ae-ba52-361c509cdf4d,10,10,5,Peter Hanna,Peter,Hanna,,0
https://sparc.science/datasets/390/version/1?datasetDetailsTab=abstract&path=files/primary/sub-DH09292020#Donor1_TissueBlock6,Tissue Block,Sinus Venarum,"10 x 10 x 5 millimeter, 5 millimeter",https://sparc.science/datasets/390/version/1?datasetDetailsTab=abstract&path=files/primary/sub-DH09292020,http://purl.org/ccf/1.5/727ef0bb-6a39-441c-bca1-a295eb9dddd8,10,10,5,Peter Hanna,Peter,Hanna,,0
https://sparc.science/datasets/390/version/1?datasetDetailsTab=abstract&path=files/primary/sub-DH09292020#Donor1_TissueBlock7,Tissue Block,Base of LAA,"10 x 10 x 5 millimeter, 5 millimeter",https://sparc.science/datasets/390/version/1?datasetDetailsTab=abstract&path=files/primary/sub-DH09292020,http://purl.org/ccf/1.5/e66ea49c-d918-404b-bad3-f145027203fe,10,10,5,Peter Hanna,Peter,Hanna,,0
https://sparc.science/datasets/390/version/1?datasetDetailsTab=abstract&path=files/primary/sub-DH09292020#Donor1_TissueBlock8,Tissue Block,LAA,"10 x 10 x 5 millimeter, 5 millimeter",https://sparc.science/datasets/390/version/1?datasetDetailsTab=abstract&path=files/primary/sub-DH09292020,http://purl.org/ccf/1.5/1ece4b6a-05d0-4f85-a620-d60eea9b7880,10,10,5,Peter Hanna,Peter,Hanna,,0
https://entity.api.hubmapconsortium.org/entities/46a4eaa8de7078fa4037c08cbc83ec95,Tissue Block,"Registered 9/28/2022, Marda Jorgensen, TMC-Florida","13 x 20 x 13 millimeter, 13 millimeter, 1 Sections",https://portal.hubmapconsortium.org/browse/sample/46a4eaa8de7078fa4037c08cbc83ec95,http://purl.org/ccf/1.5/740eebf8-3de5-48d9-b63a-09eb75dd8f9b,13,20,13,Marda Jorgensen,Marda,Jorgensen,,0
https://entity.api.hubmapconsortium.org/entities/53a99ebf5728de130b41a7a4fde4ff6c,Tissue Block,"Registered 2/19/2026, Jamie Allen, TMC-Vanderbilt","28 x 20 x 15 millimeter, 3.8 millimeter, 4 Sections",https://portal.hubmapconsortium.org/browse/sample/53a99ebf5728de130b41a7a4fde4ff6c,http://purl.org/ccf/1.5/e237e6b4-fbcb-46ce-b353-5de90131c82f,28,20,15,Jamie Allen,Jamie,Allen,,0
https://entity.api.hubmapconsortium.org/entities/564501841e817a6171d0d7eec9e5d5f5,Tissue Block,"Registered 2/19/2026, Jamie Allen, TMC-Vanderbilt","22 x 17 x 12 millimeter, 4 millimeter, 3 Sections",https://portal.hubmapconsortium.org/browse/sample/564501841e817a6171d0d7eec9e5d5f5,http://purl.org/ccf/1.5/abc7b036-4e8c-4ca8-a1f8-95bcfa387a21,22,17,12,Jamie Allen,Jamie,Allen,,0
https://entity.api.hubmapconsortium.org/entities/583dc71fd97729164dfbaf1f8181fb80,Tissue Block,"Registered 4/11/2025, Jamie Allen, TMC-Vanderbilt","20 x 14 x 4 millimeter, 0.8 millimeter, 5 Sections",https://portal.hubmapconsortium.org/browse/sample/583dc71fd97729164dfbaf1f8181fb80,http://purl.org/ccf/1.5/c7c5d5d3-4d25-499a-8603-fa41eb03b5ed,20,14,4,Jamie Allen,Jamie,Allen,,0
https://entity.api.hubmapconsortium.org/entities/675ad59881d88d54d7ac65f65a6acc12,Tissue Block,"Registered 7/10/2022, Jamie Allen, TMC-Vanderbilt","25 x 15 x 8 millimeter, 2.7 millimeter, 3 Sections",https://portal.hubmapconsortium.org/browse/sample/675ad59881d88d54d7ac65f65a6acc12,http://purl.org/ccf/1.5/d8490f13-1bb3-41bb-acea-82678406ad96,25,15,8,Jamie Allen,Jamie,Allen,,0
https://entity.api.hubmapconsortium.org/entities/6ebca7f7523c357142aeb718826a5439,Tissue Block,"Registered 2/19/2026, Jamie Allen, TMC-Vanderbilt","25 x 18 x 10 millimeter, 3.3 millimeter, 3 Sections",https://portal.hubmapconsortium.org/browse/sample/6ebca7f7523c357142aeb718826a5439,http://purl.org/ccf/1.5/e99fce45-f0c5-4508-b546-c006f7d19e5c,25,18,10,Jamie Allen,Jamie,Allen,,0
https://entity.api.hubmapconsortium.org/entities/800555bca741b594b580e2407b8e7d14,Tissue Block,"Registered 7/10/2022, Jamie Allen, TMC-Vanderbilt","19 x 18 x 13 millimeter, 2.2 millimeter, 6 Sections",https://portal.hubmapconsortium.org/browse/sample/800555bca741b594b580e2407b8e7d14,http://purl.org/ccf/1.5/d1fc6a4f-80ba-46c7-84df-2e70511a87e4,19,18,13,Jamie Allen,Jamie,Allen,,0
https://entity.api.hubmapconsortium.org/entities/88124937710d2dcf5349e68e3f2b3104,Tissue Block,"Registered 2/19/2026, Jamie Allen, TMC-Vanderbilt","21 x 14 x 10 millimeter, 3.3 millimeter, 3 Sections",https://portal.hubmapconsortium.org/browse/sample/88124937710d2dcf5349e68e3f2b3104,http://purl.org/ccf/1.5/c1acbdae-b804-4595-8128-3ecaadfd354c,21,14,10,Jamie Allen,Jamie,Allen,,0
https://entity.api.hubmapconsortium.org/entities/99d4c06ceb1048522d8e304b55377858,Tissue Block,"Registered 4/2/2026, Jamie Allen, TMC-Vanderbilt","11 x 15 x 2 millimeter, 2 millimeter, 1 Sections",https://portal.hubmapconsortium.org/browse/sample/99d4c06ceb1048522d8e304b55377858,http://purl.org/ccf/1.5/b8219c7a-786b-4afd-94b1-b9c9c351e209,11,15,2,Jamie Allen,Jamie,Allen,,0
https://entity.api.hubmapconsortium.org/entities/9c06bda41aebc08b4e1cccd6ce303da6,Tissue Block,"Registered 2/19/2026, Jamie Allen, TMC-Vanderbilt","22 x 13 x 12 millimeter, 4 millimeter, 3 Sections",https://portal.hubmapconsortium.org/browse/sample/9c06bda41aebc08b4e1cccd6ce303da6,http://purl.org/ccf/1.5/d4dc0cf8-c8c6-40e9-be3b-13f62f702cdb,22,13,12,Jamie Allen,Jamie,Allen,,0
https://entity.api.hubmapconsortium.org/entities/a36d497f9723b8dc3ee534c6c23a2c32,Tissue Block,"Registered 6/15/2022, Jamie Allen, TMC-Vanderbilt","10 x 10 x 12 millimeter, 2.4 millimeter, 5 Sections",https://portal.hubmapconsortium.org/browse/sample/a36d497f9723b8dc3ee534c6c23a2c32,http://purl.org/ccf/1.5/d4203518-1925-481f-8209-96bf6f88af16,10,10,12,Jamie Allen,Jamie,Allen,,0
https://entity.api.hubmapconsortium.org/entities/b067155985d9274b06173a12f2d70797,Tissue Block,"Registered 12/11/2023, Jamie Allen, TMC-Vanderbilt","25 x 18 x 11 millimeter, 2.2 millimeter, 5 Sections",https://portal.hubmapconsortium.org/browse/sample/b067155985d9274b06173a12f2d70797,http://purl.org/ccf/1.5/a9f9a9e0-ebeb-46af-9e45-8e5ace514152,25,18,11,Jamie Allen,Jamie,Allen,,0
https://entity.api.hubmapconsortium.org/entities/b40570529f88ddc2742b183843091cd5,Tissue Block,"Registered 6/15/2022, Jamie Allen, TMC-Vanderbilt","10 x 10 x 2 millimeter, 2 millimeter, 1 Sections",https://portal.hubmapconsortium.org/browse/sample/b40570529f88ddc2742b183843091cd5,http://purl.org/ccf/1.5/c207b7e4-7788-4125-a961-9f5f20f6bfbf,10,10,2,Jamie Allen,Jamie,Allen,,0
https://entity.api.hubmapconsortium.org/entities/c49fe8116b4a0b5ebbd4d5c8baa8770e,Tissue Block,"Registered 4/7/2026, Jamie Allen, TMC-Vanderbilt","24 x 24 x 11 millimeter, 3.7 millimeter, 3 Sections",https://portal.hubmapconsortium.org/browse/sample/c49fe8116b4a0b5ebbd4d5c8baa8770e,http://purl.org/ccf/1.5/c8c71a86-6b19-470f-bd6f-22d555683f64,24,24,11,Jamie Allen,Jamie,Allen,,0
https://entity.api.hubmapconsortium.org/entities/ca4ff441b15eec7512b133f50ce8c077,Tissue Block,"Registered 2/19/2026, Jamie Allen, TMC-Vanderbilt","22 x 16 x 4 millimeter, 1 millimeter, 4 Sections",https://portal.hubmapconsortium.org/browse/sample/ca4ff441b15eec7512b133f50ce8c077,http://purl.org/ccf/1.5/d5f93c13-7982-4f92-ac67-78dcfc7c6d25,22,16,4,Jamie Allen,Jamie,Allen,,0
https://entity.api.hubmapconsortium.org/entities/d48dd0de159c1db97898dad31aca0d17,Tissue Block,"Registered 2/19/2026, Jamie Allen, TMC-Vanderbilt","10 x 30 x 10 millimeter, 3.3 millimeter, 3 Sections",https://portal.hubmapconsortium.org/browse/sample/d48dd0de159c1db97898dad31aca0d17,http://purl.org/ccf/1.5/d6610e3d-6504-45d6-9c92-58bad123664d,10,30,10,Jamie Allen,Jamie,Allen,,0
https://entity.api.hubmapconsortium.org/entities/e5cfb9e63962e3f41f7bc889fa54cf98,Tissue Block,"Registered 9/22/2022, Jamie Allen, TMC-Vanderbilt","28 x 5 x 20 millimeter, 2.5 millimeter, 8 Sections",https://portal.hubmapconsortium.org/browse/sample/e5cfb9e63962e3f41f7bc889fa54cf98,http://purl.org/ccf/1.5/e6c247f7-694a-4477-8ba7-84d04bc9c3bd,28,5,20,Jamie Allen,Jamie,Allen,,0
https://entity.api.hubmapconsortium.org/entities/ea7d01ebf19a8cfc59c8b8936591fabe,Tissue Block,"Registered 2/19/2026, Jamie Allen, TMC-Vanderbilt","21 x 19 x 10 millimeter, 3.3 millimeter, 3 Sections",https://portal.hubmapconsortium.org/browse/sample/ea7d01ebf19a8cfc59c8b8936591fabe,http://purl.org/ccf/1.5/c63ac016-9bb8-4a70-8528-fcac4edb07d1,21,19,10,Jamie Allen,Jamie,Allen,,0
https://entity.api.hubmapconsortium.org/entities/faad448b281849d9be1719b4dfeb9fd0,Tissue Block,"Registered 2/19/2026, Jamie Allen, TMC-Vanderbilt","20 x 26 x 13 millimeter, 3.3 millimeter, 4 Sections",https://portal.hubmapconsortium.org/browse/sample/faad448b281849d9be1719b4dfeb9fd0,http://purl.org/ccf/1.5/c6db7d71-2329-4ea5-b2da-c2a39e9bfb11,20,26,13,Jamie Allen,Jamie,Allen,,0
https://entity.api.hubmapconsortium.org/entities/fb19dde80f5beae5e919e406bd684c22,Tissue Block,"Registered 7/10/2022, Jamie Allen, TMC-Vanderbilt","19 x 18 x 12 millimeter, 2.4 millimeter, 5 Sections",https://portal.hubmapconsortium.org/browse/sample/fb19dde80f5beae5e919e406bd684c22,http://purl.org/ccf/1.5/bb73f748-b158-4351-bf79-8253e9b63bc0,19,18,12,Jamie Allen,Jamie,Allen,,0
https://entity.api.hubmapconsortium.org/entities/ff78b3739e397acb6f76b7b0fa545bec,Tissue Block,"Registered 4/17/2025, Jeffrey Spraggins, TMC-Vanderbilt","23 x 20 x 5 millimeter, 1.3 millimeter, 4 Sections",https://portal.hubmapconsortium.org/browse/sample/ff78b3739e397acb6f76b7b0fa545bec,http://purl.org/ccf/1.5/b026625f-0a1f-4405-8988-0648107b77f4,23,20,5,Jamie Allen,Jamie,Allen,,0
https://entity.api.sennetconsortium.org/entities/0e994a0224264d47e48982283194e308,Tissue Block,"Registered 3/11/2024, kevin.schneider@era.nih.gov@ras.nih.gov, TMC - Buck Institute","5 x 1 x 3 millimeter, 1000 millimeter, 5 Sections",https://data.sennetconsortium.org/sample?uuid=0e994a0224264d47e48982283194e308,http://purl.org/ccf/1.5/74a3fc30-9e4b-44d5-b70e-43b56550aac0,5,1,3,Kevin Schneider,Kevin,Schneider,,0
https://entity.api.sennetconsortium.org/entities/0ec7126915b832c0dcc1397f2a8465be,Tissue Block,"Registered 3/11/2024, kevin.schneider@era.nih.gov@ras.nih.gov, TMC - Buck Institute","5 x 1 x 3 millimeter, 1000 millimeter, 5 Sections",https://data.sennetconsortium.org/sample?uuid=0ec7126915b832c0dcc1397f2a8465be,http://purl.org/ccf/1.5/74a3fc30-9e4b-44d5-b70e-43b56550aac0,5,1,3,Kevin Schneider,Kevin,Schneider,,0
https://entity.api.sennetconsortium.org/entities/3464752bc38f9ac6a36d427fabb8fe66,Tissue Block,"Registered 3/11/2024, kevin.schneider@era.nih.gov@ras.nih.gov, TMC - Buck Institute","5 x 1 x 3 millimeter, 1000 millimeter, 5 Sections",https://data.sennetconsortium.org/sample?uuid=3464752bc38f9ac6a36d427fabb8fe66,http://purl.org/ccf/1.5/74a3fc30-9e4b-44d5-b70e-43b56550aac0,5,1,3,Kevin Schneider,Kevin,Schneider,,0
https://entity.api.sennetconsortium.org/entities/6a9dff736219036d6f35a97ebe460fa7,Tissue Block,"Registered 3/11/2024, kevin.schneider@era.nih.gov@ras.nih.gov, TMC - Buck Institute","5 x 1 x 3 millimeter, 1000 millimeter, 5 Sections",https://data.sennetconsortium.org/sample?uuid=6a9dff736219036d6f35a97ebe460fa7,http://purl.org/ccf/1.5/74a3fc30-9e4b-44d5-b70e-43b56550aac0,5,1,3,Kevin Schneider,Kevin,Schneider,,0
https://entity.api.sennetconsortium.org/entities/7413c52913f426ce39d6f0874339fd41,Tissue Block,"Registered 3/11/2024, kevin.schneider@era.nih.gov@ras.nih.gov, TMC - Buck Institute","5 x 1 x 3 millimeter, 1000 millimeter, 5 Sections",https://data.sennetconsortium.org/sample?uuid=7413c52913f426ce39d6f0874339fd41,http://purl.org/ccf/1.5/74a3fc30-9e4b-44d5-b70e-43b56550aac0,5,1,3,Kevin Schneider,Kevin,Schneider,,0
https://entity.api.sennetconsortium.org/entities/8fa642aa767076299bf381480f254a9e,Tissue Block,"Registered 3/11/2024, kevin.schneider@era.nih.gov@ras.nih.gov, TMC - Buck Institute","5 x 1 x 3 millimeter, 1000 millimeter, 5 Sections",https://data.sennetconsortium.org/sample?uuid=8fa642aa767076299bf381480f254a9e,http://purl.org/ccf/1.5/74a3fc30-9e4b-44d5-b70e-43b56550aac0,5,1,3,Kevin Schneider,Kevin,Schneider,,0
https://entity.api.sennetconsortium.org/entities/9b24957d9af93fb54841394205ed305e,Tissue Block,"Registered 3/11/2024, kevin.schneider@era.nih.gov@ras.nih.gov, TMC - Buck Institute","5 x 1 x 3 millimeter, 1000 millimeter, 5 Sections",https://data.sennetconsortium.org/sample?uuid=9b24957d9af93fb54841394205ed305e,http://purl.org/ccf/1.5/74a3fc30-9e4b-44d5-b70e-43b56550aac0,5,1,3,Kevin Schneider,Kevin,Schneider,,0
https://entity.api.sennetconsortium.org/entities/e2f0c05b7370dac2753743124c73bc57,Tissue Block,"Registered 3/11/2024, kevin.schneider@era.nih.gov@ras.nih.gov, TMC - Buck Institute","5 x 1 x 3 millimeter, 1000 millimeter, 5 Sections",https://data.sennetconsortium.org/sample?uuid=e2f0c05b7370dac2753743124c73bc57,http://purl.org/ccf/1.5/74a3fc30-9e4b-44d5-b70e-43b56550aac0,5,1,3,Kevin Schneider,Kevin,Schneider,,0
https://entity.api.sennetconsortium.org/entities/ff68813fdd54514fadcb8485142b307b,Tissue Block,"Registered 3/11/2024, kevin.schneider@era.nih.gov@ras.nih.gov, TMC - Buck Institute","5 x 1 x 3 millimeter, 1000 millimeter, 5 Sections",https://data.sennetconsortium.org/sample?uuid=ff68813fdd54514fadcb8485142b307b,http://purl.org/ccf/1.5/74a3fc30-9e4b-44d5-b70e-43b56550aac0,5,1,3,Kevin Schneider,Kevin,Schneider,,0
https://entity.api.sennetconsortium.org/entities/0080e232d334ce4bb7e8254125db8f1f,Tissue Block,"Registered 3/30/2024, kevin.schneider@era.nih.gov@ras.nih.gov, TMC - Buck Institute","5 x 1 x 3 millimeter, 1000 millimeter, 5 Sections",https://data.sennetconsortium.org/sample?uuid=0080e232d334ce4bb7e8254125db8f1f,http://purl.org/ccf/1.5/74a3fc30-9e4b-44d5-b70e-43b56550aac0,5,1,3,Kevin Schneider,Kevin,Schneider,,0
https://entity.api.sennetconsortium.org/entities/083bd5881a8a2d55503e43887e91a4e5,Tissue Block,"Registered 3/30/2024, kevin.schneider@era.nih.gov@ras.nih.gov, TMC - Buck Institute","5 x 1 x 3 millimeter, 1000 millimeter, 5 Sections",https://data.sennetconsortium.org/sample?uuid=083bd5881a8a2d55503e43887e91a4e5,http://purl.org/ccf/1.5/74a3fc30-9e4b-44d5-b70e-43b56550aac0,5,1,3,Kevin Schneider,Kevin,Schneider,,0
https://entity.api.sennetconsortium.org/entities/102192569825b3ef8097b5e95b1425c1,Tissue Block,"Registered 3/30/2024, kevin.schneider@era.nih.gov@ras.nih.gov, TMC - Buck Institute","5 x 1 x 3 millimeter, 1000 millimeter, 5 Sections",https://data.sennetconsortium.org/sample?uuid=102192569825b3ef8097b5e95b1425c1,http://purl.org/ccf/1.5/74a3fc30-9e4b-44d5-b70e-43b56550aac0,5,1,3,Kevin Schneider,Kevin,Schneider,,0
https://entity.api.sennetconsortium.org/entities/1842a5bccbb9f57c7217b77cab13b955,Tissue Block,"Registered 3/30/2024, kevin.schneider@era.nih.gov@ras.nih.gov, TMC - Buck Institute","5 x 1 x 3 millimeter, 1000 millimeter, 5 Sections",https://data.sennetconsortium.org/sample?uuid=1842a5bccbb9f57c7217b77cab13b955,http://purl.org/ccf/1.5/74a3fc30-9e4b-44d5-b70e-43b56550aac0,5,1,3,Kevin Schneider,Kevin,Schneider,,0
https://entity.api.sennetconsortium.org/entities/1ce0abc6c8531b1892269dc529fadae8,Tissue Block,"Registered 3/11/2024, kevin.schneider@era.nih.gov@ras.nih.gov, TMC - Buck Institute","5 x 1 x 3 millimeter, 1000 millimeter, 5 Sections",https://data.sennetconsortium.org/sample?uuid=1ce0abc6c8531b1892269dc529fadae8,http://purl.org/ccf/1.5/74a3fc30-9e4b-44d5-b70e-43b56550aac0,5,1,3,Kevin Schneider,Kevin,Schneider,,0
https://entity.api.sennetconsortium.org/entities/2437b612c43b93ac633d93bfb06d9dd5,Tissue Block,"Registered 3/30/2024, kevin.schneider@era.nih.gov@ras.nih.gov, TMC - Buck Institute","5 x 1 x 3 millimeter, 1000 millimeter, 5 Sections",https://data.sennetconsortium.org/sample?uuid=2437b612c43b93ac633d93bfb06d9dd5,http://purl.org/ccf/1.5/74a3fc30-9e4b-44d5-b70e-43b56550aac0,5,1,3,Kevin Schneider,Kevin,Schneider,,0
https://entity.api.sennetconsortium.org/entities/27e59cc5763d1d00b330c94d999fef70,Tissue Block,"Registered 3/11/2024, kevin.schneider@era.nih.gov@ras.nih.gov, TMC - Buck Institute","5 x 1 x 3 millimeter, 3000 millimeter, 1 Sections",https://data.sennetconsortium.org/sample?uuid=27e59cc5763d1d00b330c94d999fef70,http://purl.org/ccf/1.5/74a3fc30-9e4b-44d5-b70e-43b56550aac0,5,1,3,Kevin Schneider,Kevin,Schneider,,0
https://entity.api.sennetconsortium.org/entities/2d4493ca578173cb4634654aa50cbff8,Tissue Block,"Registered 3/11/2024, kevin.schneider@era.nih.gov@ras.nih.gov, TMC - Buck Institute","5 x 1 x 3 millimeter, 1000 millimeter, 5 Sections",https://data.sennetconsortium.org/sample?uuid=2d4493ca578173cb4634654aa50cbff8,http://purl.org/ccf/1.5/74a3fc30-9e4b-44d5-b70e-43b56550aac0,5,1,3,Kevin Schneider,Kevin,Schneider,,0
https://entity.api.sennetconsortium.org/entities/3abe9883f31c3f44fb94c51c98b4e9d7,Tissue Block,"Registered 3/11/2024, kevin.schneider@era.nih.gov@ras.nih.gov, TMC - Buck Institute","5 x 1 x 3 millimeter, 3000 millimeter, 1 Sections",https://data.sennetconsortium.org/sample?uuid=3abe9883f31c3f44fb94c51c98b4e9d7,http://purl.org/ccf/1.5/74a3fc30-9e4b-44d5-b70e-43b56550aac0,5,1,3,Kevin Schneider,Kevin,Schneider,,0
https://entity.api.sennetconsortium.org/entities/3f6edfaf36572060f9bfab0d7f4bf190,Tissue Block,"Registered 3/30/2024, kevin.schneider@era.nih.gov@ras.nih.gov, TMC - Buck Institute","5 x 1 x 3 millimeter, 1000 millimeter, 5 Sections",https://data.sennetconsortium.org/sample?uuid=3f6edfaf36572060f9bfab0d7f4bf190,http://purl.org/ccf/1.5/74a3fc30-9e4b-44d5-b70e-43b56550aac0,5,1,3,Kevin Schneider,Kevin,Schneider,,0
https://entity.api.sennetconsortium.org/entities/479b7e41810054c349d7673f1d5648f8,Tissue Block,"Registered 3/11/2024, kevin.schneider@era.nih.gov@ras.nih.gov, TMC - Buck Institute","5 x 1 x 3 millimeter, 3000 millimeter, 1 Sections",https://data.sennetconsortium.org/sample?uuid=479b7e41810054c349d7673f1d5648f8,http://purl.org/ccf/1.5/74a3fc30-9e4b-44d5-b70e-43b56550aac0,5,1,3,Kevin Schneider,Kevin,Schneider,,0
https://entity.api.sennetconsortium.org/entities/4853f142f680e49bdad975e0465a3ff7,Tissue Block,"Registered 3/30/2024, kevin.schneider@era.nih.gov@ras.nih.gov, TMC - Buck Institute","5 x 1 x 3 millimeter, 1000 millimeter, 5 Sections",https://data.sennetconsortium.org/sample?uuid=4853f142f680e49bdad975e0465a3ff7,http://purl.org/ccf/1.5/74a3fc30-9e4b-44d5-b70e-43b56550aac0,5,1,3,Kevin Schneider,Kevin,Schneider,,0
https://entity.api.sennetconsortium.org/entities/4c01c2f33a31d76fd35fc88ec202497c,Tissue Block,"Registered 3/30/2024, kevin.schneider@era.nih.gov@ras.nih.gov, TMC - Buck Institute","5 x 1 x 3 millimeter, 1000 millimeter, 5 Sections",https://data.sennetconsortium.org/sample?uuid=4c01c2f33a31d76fd35fc88ec202497c,http://purl.org/ccf/1.5/74a3fc30-9e4b-44d5-b70e-43b56550aac0,5,1,3,Kevin Schneider,Kevin,Schneider,,0
https://entity.api.sennetconsortium.org/entities/50cb106d2b5478f1eaf586725f2bd051,Tissue Block,"Registered 3/30/2024, kevin.schneider@era.nih.gov@ras.nih.gov, TMC - Buck Institute","5 x 1 x 3 millimeter, 1000 millimeter, 5 Sections",https://data.sennetconsortium.org/sample?uuid=50cb106d2b5478f1eaf586725f2bd051,http://purl.org/ccf/1.5/74a3fc30-9e4b-44d5-b70e-43b56550aac0,5,1,3,Kevin Schneider,Kevin,Schneider,,0
https://entity.api.sennetconsortium.org/entities/50de90b803b67b8ea94d1002c9d3e77c,Tissue Block,"Registered 3/30/2024, kevin.schneider@era.nih.gov@ras.nih.gov, TMC - Buck Institute","5 x 1 x 3 millimeter, 1000 millimeter, 5 Sections",https://data.sennetconsortium.org/sample?uuid=50de90b803b67b8ea94d1002c9d3e77c,http://purl.org/ccf/1.5/74a3fc30-9e4b-44d5-b70e-43b56550aac0,5,1,3,Kevin Schneider,Kevin,Schneider,,0
https://entity.api.sennetconsortium.org/entities/5983063c34bed0c096c3211502cd1756,Tissue Block,"Registered 3/30/2024, kevin.schneider@era.nih.gov@ras.nih.gov, TMC - Buck Institute","5 x 1 x 3 millimeter, 1000 millimeter, 5 Sections",https://data.sennetconsortium.org/sample?uuid=5983063c34bed0c096c3211502cd1756,http://purl.org/ccf/1.5/74a3fc30-9e4b-44d5-b70e-43b56550aac0,5,1,3,Kevin Schneider,Kevin,Schneider,,0
https://entity.api.sennetconsortium.org/entities/5c7d9adbba18dc06f048e214c7a4fa40,Tissue Block,"Registered 3/11/2024, kevin.schneider@era.nih.gov@ras.nih.gov, TMC - Buck Institute","5 x 1 x 3 millimeter, 1000 millimeter, 5 Sections",https://data.sennetconsortium.org/sample?uuid=5c7d9adbba18dc06f048e214c7a4fa40,http://purl.org/ccf/1.5/74a3fc30-9e4b-44d5-b70e-43b56550aac0,5,1,3,Kevin Schneider,Kevin,Schneider,,0
https://entity.api.sennetconsortium.org/entities/6458dae9c58a2db77b2d274b1b12d9f3,Tissue Block,"Registered 3/30/2024, kevin.schneider@era.nih.gov@ras.nih.gov, TMC - Buck Institute","5 x 1 x 3 millimeter, 1000 millimeter, 5 Sections",https://data.sennetconsortium.org/sample?uuid=6458dae9c58a2db77b2d274b1b12d9f3,http://purl.org/ccf/1.5/74a3fc30-9e4b-44d5-b70e-43b56550aac0,5,1,3,Kevin Schneider,Kevin,Schneider,,0
https://entity.api.sennetconsortium.org/entities/6b720e570c2c36a7e13a8eab2d6ef425,Tissue Block,"Registered 3/11/2024, kevin.schneider@era.nih.gov@ras.nih.gov, TMC - Buck Institute","5 x 1 x 3 millimeter, 1000 millimeter, 5 Sections",https://data.sennetconsortium.org/sample?uuid=6b720e570c2c36a7e13a8eab2d6ef425,http://purl.org/ccf/1.5/74a3fc30-9e4b-44d5-b70e-43b56550aac0,5,1,3,Kevin Schneider,Kevin,Schneider,,0
https://entity.api.sennetconsortium.org/entities/6ed99c72473c6de5320d35dbc7c44748,Tissue Block,"Registered 3/30/2024, kevin.schneider@era.nih.gov@ras.nih.gov, TMC - Buck Institute","5 x 1 x 3 millimeter, 1000 millimeter, 5 Sections",https://data.sennetconsortium.org/sample?uuid=6ed99c72473c6de5320d35dbc7c44748,http://purl.org/ccf/1.5/74a3fc30-9e4b-44d5-b70e-43b56550aac0,5,1,3,Kevin Schneider,Kevin,Schneider,,0
https://entity.api.sennetconsortium.org/entities/737916a631533ed5f6f6215b67be5389,Tissue Block,"Registered 3/30/2024, kevin.schneider@era.nih.gov@ras.nih.gov, TMC - Buck Institute","5 x 1 x 3 millimeter, 1000 millimeter, 5 Sections",https://data.sennetconsortium.org/sample?uuid=737916a631533ed5f6f6215b67be5389,http://purl.org/ccf/1.5/74a3fc30-9e4b-44d5-b70e-43b56550aac0,5,1,3,Kevin Schneider,Kevin,Schneider,,0
https://entity.api.sennetconsortium.org/entities/75e2fca11cf5d79d351cab4f7349af98,Tissue Block,"Registered 3/30/2024, kevin.schneider@era.nih.gov@ras.nih.gov, TMC - Buck Institute","5 x 1 x 3 millimeter, 1000 millimeter, 5 Sections",https://data.sennetconsortium.org/sample?uuid=75e2fca11cf5d79d351cab4f7349af98,http://purl.org/ccf/1.5/74a3fc30-9e4b-44d5-b70e-43b56550aac0,5,1,3,Kevin Schneider,Kevin,Schneider,,0
https://entity.api.sennetconsortium.org/entities/7cb0a47639d11d8854720c8f455ec85a,Tissue Block,"Registered 3/30/2024, kevin.schneider@era.nih.gov@ras.nih.gov, TMC - Buck Institute","5 x 1 x 3 millimeter, 1000 millimeter, 5 Sections",https://data.sennetconsortium.org/sample?uuid=7cb0a47639d11d8854720c8f455ec85a,http://purl.org/ccf/1.5/74a3fc30-9e4b-44d5-b70e-43b56550aac0,5,1,3,Kevin Schneider,Kevin,Schneider,,0
https://entity.api.sennetconsortium.org/entities/86830b70d8d8eb28a359d68b6fbb5cfd,Tissue Block,"Registered 3/30/2024, kevin.schneider@era.nih.gov@ras.nih.gov, TMC - Buck Institute","5 x 1 x 3 millimeter, 1000 millimeter, 5 Sections",https://data.sennetconsortium.org/sample?uuid=86830b70d8d8eb28a359d68b6fbb5cfd,http://purl.org/ccf/1.5/74a3fc30-9e4b-44d5-b70e-43b56550aac0,5,1,3,Kevin Schneider,Kevin,Schneider,,0
https://entity.api.sennetconsortium.org/entities/b4f523041e3a6986e9bc798aed29782e,Tissue Block,"Registered 3/30/2024, kevin.schneider@era.nih.gov@ras.nih.gov, TMC - Buck Institute","5 x 1 x 3 millimeter, 1000 millimeter, 5 Sections",https://data.sennetconsortium.org/sample?uuid=b4f523041e3a6986e9bc798aed29782e,http://purl.org/ccf/1.5/74a3fc30-9e4b-44d5-b70e-43b56550aac0,5,1,3,Kevin Schneider,Kevin,Schneider,,0
https://entity.api.sennetconsortium.org/entities/cba8cd92360717d58c4126ffe83651af,Tissue Block,"Registered 3/30/2024, kevin.schneider@era.nih.gov@ras.nih.gov, TMC - Buck Institute","5 x 1 x 3 millimeter, 1000 millimeter, 5 Sections",https://data.sennetconsortium.org/sample?uuid=cba8cd92360717d58c4126ffe83651af,http://purl.org/ccf/1.5/74a3fc30-9e4b-44d5-b70e-43b56550aac0,5,1,3,Kevin Schneider,Kevin,Schneider,,0
https://entity.api.sennetconsortium.org/entities/cde5e5bbc9161da18f646c38c5c58520,Tissue Block,"Registered 3/11/2024, kevin.schneider@era.nih.gov@ras.nih.gov, TMC - Buck Institute","5 x 1 x 3 millimeter, 1000 millimeter, 5 Sections",https://data.sennetconsortium.org/sample?uuid=cde5e5bbc9161da18f646c38c5c58520,http://purl.org/ccf/1.5/74a3fc30-9e4b-44d5-b70e-43b56550aac0,5,1,3,Kevin Schneider,Kevin,Schneider,,0
https://entity.api.sennetconsortium.org/entities/cee3f967289c6d1426529efb4e890058,Tissue Block,"Registered 3/30/2024, kevin.schneider@era.nih.gov@ras.nih.gov, TMC - Buck Institute","5 x 1 x 3 millimeter, 1000 millimeter, 5 Sections",https://data.sennetconsortium.org/sample?uuid=cee3f967289c6d1426529efb4e890058,http://purl.org/ccf/1.5/74a3fc30-9e4b-44d5-b70e-43b56550aac0,5,1,3,Kevin Schneider,Kevin,Schneider,,0
https://entity.api.sennetconsortium.org/entities/f42787b44c64eefe0d2e92ef0dd95b70,Tissue Block,"Registered 3/30/2024, kevin.schneider@era.nih.gov@ras.nih.gov, TMC - Buck Institute","5 x 1 x 3 millimeter, 1000 millimeter, 5 Sections",https://data.sennetconsortium.org/sample?uuid=f42787b44c64eefe0d2e92ef0dd95b70,http://purl.org/ccf/1.5/74a3fc30-9e4b-44d5-b70e-43b56550aac0,5,1,3,Kevin Schneider,Kevin,Schneider,,0
https://entity.api.sennetconsortium.org/entities/f72a9ecefad220012eea32259f8e34a8,Tissue Block,"Registered 3/30/2024, kevin.schneider@era.nih.gov@ras.nih.gov, TMC - Buck Institute","5 x 1 x 3 millimeter, 1000 millimeter, 5 Sections",https://data.sennetconsortium.org/sample?uuid=f72a9ecefad220012eea32259f8e34a8,http://purl.org/ccf/1.5/74a3fc30-9e4b-44d5-b70e-43b56550aac0,5,1,3,Kevin Schneider,Kevin,Schneider,,0
https://entity.api.sennetconsortium.org/entities/58ca546965162268959faad9424cd5b6,Tissue Block,"Registered 3/11/2024, kevin.schneider@era.nih.gov@ras.nih.gov, TMC - Buck Institute","5 x 1 x 3 millimeter, 3000 millimeter, 1 Sections",https://data.sennetconsortium.org/sample?uuid=58ca546965162268959faad9424cd5b6,http://purl.org/ccf/1.5/74a3fc30-9e4b-44d5-b70e-43b56550aac0,5,1,3,Kevin Schneider,Kevin,Schneider,,0
https://entity.api.sennetconsortium.org/entities/62b1b3c4c60c701fc7fd07ff50a22937,Tissue Block,"Registered 3/11/2024, kevin.schneider@era.nih.gov@ras.nih.gov, TMC - Buck Institute","5 x 1 x 3 millimeter, 3000 millimeter, 1 Sections",https://data.sennetconsortium.org/sample?uuid=62b1b3c4c60c701fc7fd07ff50a22937,http://purl.org/ccf/1.5/74a3fc30-9e4b-44d5-b70e-43b56550aac0,5,1,3,Kevin Schneider,Kevin,Schneider,,0
https://entity.api.sennetconsortium.org/entities/69217fc8312b1fe0981621e2e460fc0a,Tissue Block,"Registered 3/11/2024, kevin.schneider@era.nih.gov@ras.nih.gov, TMC - Buck Institute","5 x 1 x 3 millimeter, 3000 millimeter, 1 Sections",https://data.sennetconsortium.org/sample?uuid=69217fc8312b1fe0981621e2e460fc0a,http://purl.org/ccf/1.5/74a3fc30-9e4b-44d5-b70e-43b56550aac0,5,1,3,Kevin Schneider,Kevin,Schneider,,0
https://entity.api.sennetconsortium.org/entities/880d9b837ee96b24381489383dba11a6,Tissue Block,"Registered 3/11/2024, kevin.schneider@era.nih.gov@ras.nih.gov, TMC - Buck Institute","5 x 1 x 3 millimeter, 3000 millimeter, 1 Sections",https://data.sennetconsortium.org/sample?uuid=880d9b837ee96b24381489383dba11a6,http://purl.org/ccf/1.5/74a3fc30-9e4b-44d5-b70e-43b56550aac0,5,1,3,Kevin Schneider,Kevin,Schneider,,0
https://entity.api.sennetconsortium.org/entities/9da465b34720c2a6d8480e03b560783d,Tissue Block,"Registered 3/11/2024, kevin.schneider@era.nih.gov@ras.nih.gov, TMC - Buck Institute","5 x 1 x 3 millimeter, 3000 millimeter, 1 Sections",https://data.sennetconsortium.org/sample?uuid=9da465b34720c2a6d8480e03b560783d,http://purl.org/ccf/1.5/74a3fc30-9e4b-44d5-b70e-43b56550aac0,5,1,3,Kevin Schneider,Kevin,Schneider,,0
https://entity.api.sennetconsortium.org/entities/9f83caafea07c8e78d78bf9771922742,Tissue Block,"Registered 3/11/2024, kevin.schneider@era.nih.gov@ras.nih.gov, TMC - Buck Institute","5 x 1 x 3 millimeter, 3000 millimeter, 1 Sections",https://data.sennetconsortium.org/sample?uuid=9f83caafea07c8e78d78bf9771922742,http://purl.org/ccf/1.5/74a3fc30-9e4b-44d5-b70e-43b56550aac0,5,1,3,Kevin Schneider,Kevin,Schneider,,0
https://entity.api.sennetconsortium.org/entities/ab503deb8581ef81387a7946877176d1,Tissue Block,"Registered 3/11/2024, kevin.schneider@era.nih.gov@ras.nih.gov, TMC - Buck Institute","5 x 1 x 3 millimeter, 1000 millimeter, 5 Sections",https://data.sennetconsortium.org/sample?uuid=ab503deb8581ef81387a7946877176d1,http://purl.org/ccf/1.5/74a3fc30-9e4b-44d5-b70e-43b56550aac0,5,1,3,Kevin Schneider,Kevin,Schneider,,0
https://entity.api.sennetconsortium.org/entities/acb8b65c9de45053accdc99fe3a063a9,Tissue Block,"Registered 3/11/2024, kevin.schneider@era.nih.gov@ras.nih.gov, TMC - Buck Institute","5 x 1 x 3 millimeter, 1000 millimeter, 5 Sections",https://data.sennetconsortium.org/sample?uuid=acb8b65c9de45053accdc99fe3a063a9,http://purl.org/ccf/1.5/74a3fc30-9e4b-44d5-b70e-43b56550aac0,5,1,3,Kevin Schneider,Kevin,Schneider,,0
https://entity.api.sennetconsortium.org/entities/b2894f654e6fe038175ec6e35b927620,Tissue Block,"Registered 3/11/2024, kevin.schneider@era.nih.gov@ras.nih.gov, TMC - Buck Institute","5 x 1 x 3 millimeter, 3000 millimeter, 1 Sections",https://data.sennetconsortium.org/sample?uuid=b2894f654e6fe038175ec6e35b927620,http://purl.org/ccf/1.5/74a3fc30-9e4b-44d5-b70e-43b56550aac0,5,1,3,Kevin Schneider,Kevin,Schneider,,0
https://entity.api.sennetconsortium.org/entities/bbc403719f9d3d88f929664faa905cf0,Tissue Block,"Registered 3/11/2024, kevin.schneider@era.nih.gov@ras.nih.gov, TMC - Buck Institute","5 x 1 x 3 millimeter, 3000 millimeter, 1 Sections",https://data.sennetconsortium.org/sample?uuid=bbc403719f9d3d88f929664faa905cf0,http://purl.org/ccf/1.5/74a3fc30-9e4b-44d5-b70e-43b56550aac0,5,1,3,Kevin Schneider,Kevin,Schneider,,0
https://entity.api.sennetconsortium.org/entities/c261c0e4616fa2aa9b41f9f21f81dad5,Tissue Block,"Registered 3/11/2024, kevin.schneider@era.nih.gov@ras.nih.gov, TMC - Buck Institute","5 x 1 x 3 millimeter, 3000 millimeter, 1 Sections",https://data.sennetconsortium.org/sample?uuid=c261c0e4616fa2aa9b41f9f21f81dad5,http://purl.org/ccf/1.5/74a3fc30-9e4b-44d5-b70e-43b56550aac0,5,1,3,Kevin Schneider,Kevin,Schneider,,0
https://entity.api.sennetconsortium.org/entities/d739d84d75ad5af645b86a42e3653c10,Tissue Block,"Registered 3/11/2024, kevin.schneider@era.nih.gov@ras.nih.gov, TMC - Buck Institute","5 x 1 x 3 millimeter, 3000 millimeter, 1 Sections",https://data.sennetconsortium.org/sample?uuid=d739d84d75ad5af645b86a42e3653c10,http://purl.org/ccf/1.5/74a3fc30-9e4b-44d5-b70e-43b56550aac0,5,1,3,Kevin Schneider,Kevin,Schneider,,0
https://entity.api.sennetconsortium.org/entities/dfcbf9b637e5cdc017ddcf13b7df93fc,Tissue Block,"Registered 3/11/2024, kevin.schneider@era.nih.gov@ras.nih.gov, TMC - Buck Institute","5 x 1 x 3 millimeter, 3000 millimeter, 1 Sections",https://data.sennetconsortium.org/sample?uuid=dfcbf9b637e5cdc017ddcf13b7df93fc,http://purl.org/ccf/1.5/74a3fc30-9e4b-44d5-b70e-43b56550aac0,5,1,3,Kevin Schneider,Kevin,Schneider,,0
https://entity.api.sennetconsortium.org/entities/e2c93dae822e37f19d4d256e3cc8e1f5,Tissue Block,"Registered 3/11/2024, kevin.schneider@era.nih.gov@ras.nih.gov, TMC - Buck Institute","5 x 1 x 3 millimeter, 3000 millimeter, 1 Sections",https://data.sennetconsortium.org/sample?uuid=e2c93dae822e37f19d4d256e3cc8e1f5,http://purl.org/ccf/1.5/74a3fc30-9e4b-44d5-b70e-43b56550aac0,5,1,3,Kevin Schneider,Kevin,Schneider,,0
https://entity.api.sennetconsortium.org/entities/ef3938edd91d77a26d6604588a83a8c6,Tissue Block,"Registered 3/11/2024, kevin.schneider@era.nih.gov@ras.nih.gov, TMC - Buck Institute","5 x 1 x 3 millimeter, 3000 millimeter, 1 Sections",https://data.sennetconsortium.org/sample?uuid=ef3938edd91d77a26d6604588a83a8c6,http://purl.org/ccf/1.5/74a3fc30-9e4b-44d5-b70e-43b56550aac0,5,1,3,Kevin Schneider,Kevin,Schneider,,0
https://entity.api.sennetconsortium.org/entities/f20049212ce5fc496369dcce9799dd78,Tissue Block,"Registered 3/11/2024, kevin.schneider@era.nih.gov@ras.nih.gov, TMC - Buck Institute","5 x 1 x 3 millimeter, 3000 millimeter, 1 Sections",https://data.sennetconsortium.org/sample?uuid=f20049212ce5fc496369dcce9799dd78,http://purl.org/ccf/1.5/74a3fc30-9e4b-44d5-b70e-43b56550aac0,5,1,3,Kevin Schneider,Kevin,Schneider,,0
https://entity.api.sennetconsortium.org/entities/3757cc4523590c6320ee419ce4424e2f,Tissue Block,"Registered 3/11/2024, kevin.schneider@era.nih.gov@ras.nih.gov, TMC - Buck Institute","5 x 1 x 3 millimeter, 1000 millimeter, 5 Sections",https://data.sennetconsortium.org/sample?uuid=3757cc4523590c6320ee419ce4424e2f,http://purl.org/ccf/1.5/7c6ea5af-8814-4ef9-b281-80e10509fa0e,5,1,3,Kevin Schneider,Kevin,Schneider,,0
https://entity.api.sennetconsortium.org/entities/604b52cf17a50774ed2459f3b4b2fdbe,Tissue Block,"Registered 3/11/2024, kevin.schneider@era.nih.gov@ras.nih.gov, TMC - Buck Institute","5 x 1 x 3 millimeter, 1000 millimeter, 5 Sections",https://data.sennetconsortium.org/sample?uuid=604b52cf17a50774ed2459f3b4b2fdbe,http://purl.org/ccf/1.5/7c6ea5af-8814-4ef9-b281-80e10509fa0e,5,1,3,Kevin Schneider,Kevin,Schneider,,0
https://entity.api.sennetconsortium.org/entities/7949d54d2c813d8fb8b93faead0ffa48,Tissue Block,"Registered 3/11/2024, kevin.schneider@era.nih.gov@ras.nih.gov, TMC - Buck Institute","5 x 1 x 3 millimeter, 1000 millimeter, 5 Sections",https://data.sennetconsortium.org/sample?uuid=7949d54d2c813d8fb8b93faead0ffa48,http://purl.org/ccf/1.5/7c6ea5af-8814-4ef9-b281-80e10509fa0e,5,1,3,Kevin Schneider,Kevin,Schneider,,0
https://entity.api.sennetconsortium.org/entities/7b9ac6884e636e32cb08188ce38c624c,Tissue Block,"Registered 3/11/2024, kevin.schneider@era.nih.gov@ras.nih.gov, TMC - Buck Institute","5 x 1 x 3 millimeter, 1000 millimeter, 5 Sections",https://data.sennetconsortium.org/sample?uuid=7b9ac6884e636e32cb08188ce38c624c,http://purl.org/ccf/1.5/7c6ea5af-8814-4ef9-b281-80e10509fa0e,5,1,3,Kevin Schneider,Kevin,Schneider,,0
https://entity.api.sennetconsortium.org/entities/3853678a2024aea84bc3cef8712cc553,Tissue Block,"Registered 4/1/2024, Lorena Rosas, TMC - University of Pittsburgh","25 x 25 x 25 millimeter, 7 millimeter, 1 Sections",https://data.sennetconsortium.org/sample?uuid=3853678a2024aea84bc3cef8712cc553,http://purl.org/ccf/1.5/0b234d74-b8f9-449f-8416-ef10e33d2f7f,25,25,25,Lorena Rosas,Lorena,Rosas,,0
https://entity.api.sennetconsortium.org/entities/3b775982f07cd9729f0f9dc724147c14,Tissue Block,"Registered 4/1/2024, Lorena Rosas, TMC - University of Pittsburgh","25 x 25 x 25 millimeter, 7 millimeter, 1 Sections",https://data.sennetconsortium.org/sample?uuid=3b775982f07cd9729f0f9dc724147c14,http://purl.org/ccf/1.5/38d89d1c-002c-4bd3-a178-9af62b112834,25,25,25,Lorena Rosas,Lorena,Rosas,,0
https://entity.api.sennetconsortium.org/entities/859ce8d9222b16e4031b911e89e2e6f0,Tissue Block,"Registered 4/1/2024, Lorena Rosas, TMC - University of Pittsburgh","25 x 25 x 25 millimeter, 7 millimeter, 1 Sections",https://data.sennetconsortium.org/sample?uuid=859ce8d9222b16e4031b911e89e2e6f0,http://purl.org/ccf/1.5/91f131f5-724b-455e-a2d7-cade7eae4be9,25,25,25,Lorena Rosas,Lorena,Rosas,,0
http://purl.org/ccf/10.1016/j.celrep.2022.111838#Donor1_TissueBlock2,Tissue Block,"Registered 2/11/2025, Anindita Basu, University of Chicago","7 x 33 x 7 millimeter, 7 millimeter",https://www.cell.com/cell-reports/fulltext/S2211-1247(22)01730-2,http://purl.org/ccf/1.5/ed624189-7e46-4537-99a8-0d3e6f01a936,7,33,7,Anindita Basu,Anindita,Basu,,0
http://purl.org/ccf/10.1016/j.celrep.2022.111838#Donor3_TissueBlock2,Tissue Block,"Registered 2/11/2025, Anindita Basu, University of Chicago","7 x 33 x 7 millimeter, 7 millimeter",https://www.cell.com/cell-reports/fulltext/S2211-1247(22)01730-2,http://purl.org/ccf/1.5/ed624189-7e46-4537-99a8-0d3e6f01a936,7,33,7,Anindita Basu,Anindita,Basu,,0
http://purl.org/ccf/10.1016/j.celrep.2022.111838#Donor4_TissueBlock1,Tissue Block,"Registered 2/11/2025, Anindita Basu, University of Chicago","7 x 33 x 7 millimeter, 7 millimeter",https://www.cell.com/cell-reports/fulltext/S2211-1247(22)01730-2,http://purl.org/ccf/1.5/ed624189-7e46-4537-99a8-0d3e6f01a936,7,33,7,Anindita Basu,Anindita,Basu,,0
http://purl.org/ccf/10.1016/j.celrep.2022.111838#Donor5_TissueBlock2,Tissue Block,"Registered 2/11/2025, Anindita Basu, University of Chicago","7 x 33 x 7 millimeter, 7 millimeter",https://www.cell.com/cell-reports/fulltext/S2211-1247(22)01730-2,http://purl.org/ccf/1.5/ed624189-7e46-4537-99a8-0d3e6f01a936,7,33,7,Anindita Basu,Anindita,Basu,,0
http://purl.org/ccf/10.1016/j.celrep.2022.111838#Donor6_TissueBlock2,Tissue Block,"Registered 2/11/2025, Anindita Basu, University of Chicago","7 x 33 x 7 millimeter, 7 millimeter",https://www.cell.com/cell-reports/fulltext/S2211-1247(22)01730-2,http://purl.org/ccf/1.5/ed624189-7e46-4537-99a8-0d3e6f01a936,7,33,7,Anindita Basu,Anindita,Basu,,0
http://purl.org/ccf/10.1016/j.celrep.2022.111838#Donor7_TissueBlock2,Tissue Block,"Registered 2/11/2025, Anindita Basu, University of Chicago","7 x 33 x 7 millimeter, 7 millimeter",https://www.cell.com/cell-reports/fulltext/S2211-1247(22)01730-2,http://purl.org/ccf/1.5/ed624189-7e46-4537-99a8-0d3e6f01a936,7,33,7,Anindita Basu,Anindita,Basu,,0
https://doi.org/10.1038/s41467-024-55440-2#Donor1_TissueBlock2,Tissue Block,"Registered 2/11/2025, Anindita Basu, University of Chicago","7 x 33 x 7 millimeter, 7 millimeter",https://www.nature.com/articles/s41467-024-55440-2,http://purl.org/ccf/1.5/ed624189-7e46-4537-99a8-0d3e6f01a936,7,33,7,Anindita Basu,Anindita,Basu,,0
https://doi.org/10.1038/s41467-024-55440-2#Donor10_TissueBlock2,Tissue Block,"Registered 2/11/2025, Anindita Basu, University of Chicago","7 x 33 x 7 millimeter, 7 millimeter",https://www.nature.com/articles/s41467-024-55440-2,http://purl.org/ccf/1.5/ed624189-7e46-4537-99a8-0d3e6f01a936,7,33,7,Anindita Basu,Anindita,Basu,,0
https://doi.org/10.1038/s41467-024-55440-2#Donor11_TissueBlock2,Tissue Block,"Registered 2/11/2025, Anindita Basu, University of Chicago","7 x 33 x 7 millimeter, 7 millimeter",https://www.nature.com/articles/s41467-024-55440-2,http://purl.org/ccf/1.5/ed624189-7e46-4537-99a8-0d3e6f01a936,7,33,7,Anindita Basu,Anindita,Basu,,0
https://doi.org/10.1038/s41467-024-55440-2#Donor12_TissueBlock2,Tissue Block,"Registered 2/11/2025, Anindita Basu, University of Chicago","7 x 33 x 7 millimeter, 7 millimeter",https://www.nature.com/articles/s41467-024-55440-2,http://purl.org/ccf/1.5/ed624189-7e46-4537-99a8-0d3e6f01a936,7,33,7,Anindita Basu,Anindita,Basu,,0
https://doi.org/10.1038/s41467-024-55440-2#Donor13_TissueBlock2,Tissue Block,"Registered 2/11/2025, Anindita Basu, University of Chicago","7 x 33 x 7 millimeter, 7 millimeter",https://www.nature.com/articles/s41467-024-55440-2,http://purl.org/ccf/1.5/ed624189-7e46-4537-99a8-0d3e6f01a936,7,33,7,Anindita Basu,Anindita,Basu,,0
https://doi.org/10.1038/s41467-024-55440-2#Donor14_TissueBlock2,Tissue Block,"Registered 2/11/2025, Anindita Basu, University of Chicago","7 x 33 x 7 millimeter, 7 millimeter",https://www.nature.com/articles/s41467-024-55440-2,http://purl.org/ccf/1.5/ed624189-7e46-4537-99a8-0d3e6f01a936,7,33,7,Anindita Basu,Anindita,Basu,,0
https://doi.org/10.1038/s41467-024-55440-2#Donor15_TissueBlock2,Tissue Block,"Registered 2/11/2025, Anindita Basu, University of Chicago","7 x 33 x 7 millimeter, 7 millimeter",https://www.nature.com/articles/s41467-024-55440-2,http://purl.org/ccf/1.5/ed624189-7e46-4537-99a8-0d3e6f01a936,7,33,7,Anindita Basu,Anindita,Basu,,0
https://doi.org/10.1038/s41467-024-55440-2#Donor16_TissueBlock2,Tissue Block,"Registered 2/11/2025, Anindita Basu, University of Chicago","7 x 33 x 7 millimeter, 7 millimeter",https://www.nature.com/articles/s41467-024-55440-2,http://purl.org/ccf/1.5/ed624189-7e46-4537-99a8-0d3e6f01a936,7,33,7,Anindita Basu,Anindita,Basu,,0
https://doi.org/10.1038/s41467-024-55440-2#Donor17_TissueBlock2,Tissue Block,"Registered 2/11/2025, Anindita Basu, University of Chicago","7 x 33 x 7 millimeter, 7 millimeter",https://www.nature.com/articles/s41467-024-55440-2,http://purl.org/ccf/1.5/ed624189-7e46-4537-99a8-0d3e6f01a936,7,33,7,Anindita Basu,Anindita,Basu,,0
https://doi.org/10.1038/s41467-024-55440-2#Donor3_TissueBlock2,Tissue Block,"Registered 2/11/2025, Anindita Basu, University of Chicago","7 x 33 x 7 millimeter, 7 millimeter",https://www.nature.com/articles/s41467-024-55440-2,http://purl.org/ccf/1.5/ed624189-7e46-4537-99a8-0d3e6f01a936,7,33,7,Anindita Basu,Anindita,Basu,,0
https://doi.org/10.1038/s41467-024-55440-2#Donor4_TissueBlock1,Tissue Block,"Registered 2/11/2025, Anindita Basu, University of Chicago","7 x 33 x 7 millimeter, 7 millimeter",https://www.nature.com/articles/s41467-024-55440-2,http://purl.org/ccf/1.5/ed624189-7e46-4537-99a8-0d3e6f01a936,7,33,7,Anindita Basu,Anindita,Basu,,0
https://doi.org/10.1038/s41467-024-55440-2#Donor5_TissueBlock2,Tissue Block,"Registered 2/11/2025, Anindita Basu, University of Chicago","7 x 33 x 7 millimeter, 7 millimeter",https://www.nature.com/articles/s41467-024-55440-2,http://purl.org/ccf/1.5/ed624189-7e46-4537-99a8-0d3e6f01a936,7,33,7,Anindita Basu,Anindita,Basu,,0
https://doi.org/10.1038/s41467-024-55440-2#Donor6_TissueBlock2,Tissue Block,"Registered 2/11/2025, Anindita Basu, University of Chicago","7 x 33 x 7 millimeter, 7 millimeter",https://www.nature.com/articles/s41467-024-55440-2,http://purl.org/ccf/1.5/ed624189-7e46-4537-99a8-0d3e6f01a936,7,33,7,Anindita Basu,Anindita,Basu,,0
https://doi.org/10.1038/s41467-024-55440-2#Donor7_TissueBlock2,Tissue Block,"Registered 2/11/2025, Anindita Basu, University of Chicago","7 x 33 x 7 millimeter, 7 millimeter",https://www.nature.com/articles/s41467-024-55440-2,http://purl.org/ccf/1.5/ed624189-7e46-4537-99a8-0d3e6f01a936,7,33,7,Anindita Basu,Anindita,Basu,,0
https://doi.org/10.1038/s41467-024-55440-2#Donor8_TissueBlock2,Tissue Block,"Registered 2/11/2025, Anindita Basu, University of Chicago","7 x 33 x 7 millimeter, 7 millimeter",https://www.nature.com/articles/s41467-024-55440-2,http://purl.org/ccf/1.5/ed624189-7e46-4537-99a8-0d3e6f01a936,7,33,7,Anindita Basu,Anindita,Basu,,0
https://doi.org/10.1038/s41467-024-55440-2#Donor9_TissueBlock2,Tissue Block,"Registered 2/11/2025, Anindita Basu, University of Chicago","7 x 33 x 7 millimeter, 7 millimeter",https://www.nature.com/articles/s41467-024-55440-2,http://purl.org/ccf/1.5/ed624189-7e46-4537-99a8-0d3e6f01a936,7,33,7,Anindita Basu,Anindita,Basu,,0
https://entity.api.sennetconsortium.org/entities/6b84383f820b344412fdbebbc0a76ff0,Tissue Block,"Registered 6/4/2025, Sergii Domanskyi, TMC - UConn Health","4 x 15 x 25 millimeter, 4000 millimeter, 1 Sections",https://data.sennetconsortium.org/sample?uuid=6b84383f820b344412fdbebbc0a76ff0,http://purl.org/ccf/1.5/eb6adb2a-1d3c-485d-bb26-334311ab2888,4,15,25,Sergii Domanskyi,Sergii,Domanskyi,,0
https://entity.api.sennetconsortium.org/entities/abc8157a6b32971a42ce33425d3cd5d1,Tissue Block,"Registered 4/24/2025, Sergii Domanskyi, TMC - UConn Health","10 x 10 x 10 millimeter, 10 millimeter, 1 Sections",https://data.sennetconsortium.org/sample?uuid=abc8157a6b32971a42ce33425d3cd5d1,http://purl.org/ccf/1.5/f304f85d-3d56-44d9-8471-ce65fc86fd52,10,10,10,Sergii Domanskyi,Sergii,Domanskyi,,0
https://entity.api.sennetconsortium.org/entities/ad26d20244e8bb86c20aa60a7d269182,Tissue Block,"Registered 3/4/2025, Sergii Domanskyi, TMC - UConn Health","3 x 3 x 2 millimeter, 1 millimeter, 2 Sections",https://data.sennetconsortium.org/sample?uuid=ad26d20244e8bb86c20aa60a7d269182,http://purl.org/ccf/1.5/fe9fc927-b313-4421-864f-093434a818ae,3,3,2,Sergii Domanskyi,Sergii,Domanskyi,,0
https://entity.api.sennetconsortium.org/entities/f4f2dbe41b3436e4df888953411d3776,Tissue Block,"Registered 3/4/2025, Sergii Domanskyi, TMC - UConn Health","3 x 3 x 2 millimeter, 1 millimeter, 2 Sections",https://data.sennetconsortium.org/sample?uuid=f4f2dbe41b3436e4df888953411d3776,http://purl.org/ccf/1.5/fe9fc927-b313-4421-864f-093434a818ae,3,3,2,Sergii Domanskyi,Sergii,Domanskyi,,0
https://entity.api.sennetconsortium.org/entities/c85e005273bd2ebe4a927bf0e9af5df2,Tissue Block,"Registered 4/16/2025, Sergii Domanskyi, TMC - UConn Health","10 x 10 x 10 millimeter, 10 millimeter, 1 Sections",https://data.sennetconsortium.org/sample?uuid=c85e005273bd2ebe4a927bf0e9af5df2,http://purl.org/ccf/1.5/ec24a894-554a-44d5-a1f6-ea5e4b3c7559,10,10,10,Sergii Domanskyi,Sergii,Domanskyi,,0
https://entity.api.sennetconsortium.org/entities/f31e1da85fe4b6c5647d17f165c1bd50,Tissue Block,"Registered 6/4/2025, Sergii Domanskyi, TMC - UConn Health","4 x 18 x 25 millimeter, 4000 millimeter, 1 Sections",https://data.sennetconsortium.org/sample?uuid=f31e1da85fe4b6c5647d17f165c1bd50,http://purl.org/ccf/1.5/f7d90fa7-9664-4a23-a891-324a736a50a0,4,18,25,Sergii Domanskyi,Sergii,Domanskyi,,0
https://entity.api.sennetconsortium.org/entities/f78f25446687d31b4a5b7f2862e8ba18,Tissue Block,"Registered 6/4/2025, Sergii Domanskyi, TMC - UConn Health","4 x 18 x 25 millimeter, 4000 millimeter, 1 Sections",https://data.sennetconsortium.org/sample?uuid=f78f25446687d31b4a5b7f2862e8ba18,http://purl.org/ccf/1.5/fca3f0de-4c85-48aa-82b6-ef0c9285a2c8,4,18,25,Sergii Domanskyi,Sergii,Domanskyi,,0
https://gtexportal.org/home/tissue/Breast#FDonors_TissueBlock1,Tissue Block,"Registered 1/2/2023, Kristin Ardlie, GTEx","Central breast subareolar region of the right breast, 1-2 cm under the skin surface of nipple region",https://gtexportal.org/home/tissue/Breast_Mammary_Tissue,http://purl.org/ccf/1.5/3b5d2036-3c56-4cf8-808f-462c9e3681e5,10,10,4,Kristin Ardlie,Kristin,Ardlie,,0
https://gtexportal.org/home/tissue/Prostate#MDonors_TissueBlock1,Tissue Block,"Registered 0/25/2022, Kristin Ardlie, GTEx","10 x 10 x 7 millimeter, 7 millimeter",https://gtexportal.org/home/tissue/Prostate,http://purl.org/ccf/1.5/5475ae38-db50-4868-92ba-8718bf136c7b,10,10,7,Kristin Ardlie,Kristin,Ardlie,,0
https://api.cellxgene.cziscience.com/dp/v1/collections/625f6bf4-2f33-4942-962e-35243d284837#D231_Donor_TissueBlock1,Tissue Block,"Registered 3/24/2023, Allen Wang, NHLBI/LungMap","5 x 5 x 3 millimeter, 3 millimeter",https://data-browser.lungmap.net/explore/projects/20037472-ea1d-4ddb-9cd3-56a11a6f0f76,http://purl.org/ccf/1.5/6acd66b8-2659-4626-bef9-a80f135489ad,5,5,3,Allen Wang,Allen,Wang,,0
https://api.cellxgene.cziscience.com/dp/v1/collections/625f6bf4-2f33-4942-962e-35243d284837#D088_Donor_TissueBlock1,Tissue Block,"Registered 3/24/2023, Allen Wang, NHLBI/LungMap","5 x 5 x 3 millimeter, 3 millimeter",https://data-browser.lungmap.net/explore/projects/20037472-ea1d-4ddb-9cd3-56a11a6f0f76,http://purl.org/ccf/1.5/6acd66b8-2659-4626-bef9-a80f135489ad,5,5,3,Allen Wang,Allen,Wang,,0
https://api.cellxgene.cziscience.com/dp/v1/collections/625f6bf4-2f33-4942-962e-35243d284837#D139_Donor_TissueBlock1,Tissue Block,"Registered 3/24/2023, Allen Wang, NHLBI/LungMap","5 x 5 x 3 millimeter, 3 millimeter",https://data-browser.lungmap.net/explore/projects/20037472-ea1d-4ddb-9cd3-56a11a6f0f76,http://purl.org/ccf/1.5/6acd66b8-2659-4626-bef9-a80f135489ad,5,5,3,Allen Wang,Allen,Wang,,0
https://entity.api.hubmapconsortium.org/entities/015f9976f3fed4c35dbbaad622a413d9,Tissue Block,"Registered 6/10/2022, Amanda Knoten, TMC-UCSD","3 x 5 x 2 millimeter, 2 millimeter, 1 Sections",https://portal.hubmapconsortium.org/browse/sample/015f9976f3fed4c35dbbaad622a413d9,http://purl.org/ccf/1.5/85ad9566-c363-4b61-a522-6576b253d9af,3,5,2,Amanda Knoten,Amanda,Knoten,,0
https://entity.api.hubmapconsortium.org/entities/0be6dee31365fd1e590a45263df043c6,Tissue Block,"Registered 6/10/2022, Amanda Knoten, TMC-UCSD","2 x 3 x 2 millimeter, 2 millimeter, 1 Sections",https://portal.hubmapconsortium.org/browse/sample/0be6dee31365fd1e590a45263df043c6,http://purl.org/ccf/1.5/4e2e6f98-ec16-4627-a06a-d3cdc282ee1c,2,3,2,Amanda Knoten,Amanda,Knoten,,0
https://entity.api.hubmapconsortium.org/entities/0ec930e0f4a8fcf12ea136a28e1acad4,Tissue Block,"Registered 5/29/2024, Amanda Knoten, TMC-UCSD","2 x 2 x 2 millimeter, 2 millimeter, 1 Sections",https://portal.hubmapconsortium.org/browse/sample/0ec930e0f4a8fcf12ea136a28e1acad4,http://purl.org/ccf/1.5/6537f5fc-c6fa-43b0-93e1-85040fdb89be,2,2,2,Amanda Knoten,Amanda,Knoten,,0
https://entity.api.hubmapconsortium.org/entities/11d794402e067e54888bb8a4af4184e0,Tissue Block,"Registered 9/23/2022, Diane Salamon, TMC-UCSD","4 x 8 x 2 millimeter, 2 millimeter, 1 Sections",https://portal.hubmapconsortium.org/browse/sample/11d794402e067e54888bb8a4af4184e0,http://purl.org/ccf/1.5/5c7d77e3-e7e4-4f6c-bf86-01e78c3de7ad,4,8,2,Amanda Knoten,Amanda,Knoten,,0
https://entity.api.hubmapconsortium.org/entities/1c938bdcf482f2793bbaf6b49a72b306,Tissue Block,"Registered 6/9/2022, Amanda Knoten, TMC-UCSD","2 x 2 x 2 millimeter, 2 millimeter, 1 Sections",https://portal.hubmapconsortium.org/browse/sample/1c938bdcf482f2793bbaf6b49a72b306,http://purl.org/ccf/1.5/1f414fc5-cb93-45b7-a1b8-0cd21dfa9f7d,2,2,2,Amanda Knoten,Amanda,Knoten,,0
https://entity.api.hubmapconsortium.org/entities/1fc5ea2bcad245a95f085dbe0b605039,Tissue Block,"Registered 6/10/2022, Amanda Knoten, TMC-UCSD","12 x 20 x 5 millimeter, 5 millimeter, 1 Sections",https://portal.hubmapconsortium.org/browse/sample/1fc5ea2bcad245a95f085dbe0b605039,http://purl.org/ccf/1.5/44bacb5a-0cd8-4a88-9c93-490255a6b6f2,12,20,5,Amanda Knoten,Amanda,Knoten,,0
https://entity.api.hubmapconsortium.org/entities/21c5010f081016b070f8347df9cfdb75,Tissue Block,"Registered 6/10/2022, Amanda Knoten, TMC-UCSD","9 x 21 x 5 millimeter, 5 millimeter, 1 Sections",https://portal.hubmapconsortium.org/browse/sample/21c5010f081016b070f8347df9cfdb75,http://purl.org/ccf/1.5/ad4b166a-7f04-4324-b2e2-429d66087131,9,21,5,Amanda Knoten,Amanda,Knoten,,0
https://entity.api.hubmapconsortium.org/entities/243c742cc28978c406d650984d6eeffd,Tissue Block,"Registered 10/3/2021, Diane Salamon, TMC-UCSD","3 x 4 x 2 millimeter, 2 millimeter, 1 Sections",https://portal.hubmapconsortium.org/browse/sample/243c742cc28978c406d650984d6eeffd,http://purl.org/ccf/1.5/52c4948d-bdc2-4201-a991-61a2c0a565c0,3,4,2,amanda knoten,amanda,knoten,,0
https://entity.api.hubmapconsortium.org/entities/2957761e1ed24c63f53714bd0d9bf25f,Tissue Block,"Registered 9/23/2022, Diane Salamon, TMC-UCSD","2 x 3 x 2 millimeter, 2 millimeter, 1 Sections",https://portal.hubmapconsortium.org/browse/sample/2957761e1ed24c63f53714bd0d9bf25f,http://purl.org/ccf/1.5/2990ecc8-1854-4794-8f11-1b31c5c94e5f,2,3,2,Amanda Knoten,Amanda,Knoten,,0
https://entity.api.hubmapconsortium.org/entities/2c523a98b87af1d9c7c7499b3817822f,Tissue Block,"Registered 6/8/2022, Diane Salamon, TMC-UCSD","4 x 5 x 2 millimeter, 2 millimeter, 1 Sections",https://portal.hubmapconsortium.org/browse/sample/2c523a98b87af1d9c7c7499b3817822f,http://purl.org/ccf/1.5/69ac0df4-f442-4d62-90dc-86fcbc38eb23,4,5,2,Amanda Knoten,Amanda,Knoten,,0
https://entity.api.hubmapconsortium.org/entities/2f8bb4ef2d9b8d23eebc24d1d5db36cd,Tissue Block,"Registered 6/9/2022, Amanda Knoten, TMC-UCSD","3 x 5 x 2 millimeter, 0.2 millimeter, 11 Sections",https://portal.hubmapconsortium.org/browse/sample/2f8bb4ef2d9b8d23eebc24d1d5db36cd,http://purl.org/ccf/1.5/8f99a469-7d51-46dc-919d-2e002eeae868,3,5,2,Amanda Knoten,Amanda,Knoten,,0
https://entity.api.hubmapconsortium.org/entities/4eb373e9332ec51776a2ca2f79001022,Tissue Block,"Registered 6/10/2022, Amanda Knoten, TMC-UCSD","3 x 5 x 2 millimeter, 2 millimeter, 1 Sections",https://portal.hubmapconsortium.org/browse/sample/4eb373e9332ec51776a2ca2f79001022,http://purl.org/ccf/1.5/2a9e525a-4ad9-4085-bca9-31a2d0512008,3,5,2,Amanda Knoten,Amanda,Knoten,,0
https://entity.api.hubmapconsortium.org/entities/539d08c341db65d371ae0687bb314bb3,Tissue Block,"Registered 10/3/2021, Diane Salamon, TMC-UCSD","5 x 10 x 2 millimeter, 2 millimeter, 1 Sections",https://portal.hubmapconsortium.org/browse/sample/539d08c341db65d371ae0687bb314bb3,http://purl.org/ccf/1.5/cf4ba102-edf7-4fe4-bb1d-860cdf57609d,5,10,2,amanda knoten,amanda,knoten,,0
https://entity.api.hubmapconsortium.org/entities/5abbecf8d13b9df7482f3bd9819135a2,Tissue Block,"Registered 10/17/2024, Amanda Knoten, TMC-UCSD","26 x 8 x 0.12 millimeter, 0 millimeter, 3 Sections",https://portal.hubmapconsortium.org/browse/sample/5abbecf8d13b9df7482f3bd9819135a2,http://purl.org/ccf/1.5/0060612c-6d95-47d8-a8d0-0443fff344e9,26,8,0.12,Amanda Knoten,Amanda,Knoten,,0
https://entity.api.hubmapconsortium.org/entities/5c59d9d224f4293f40cc989fc6075c8f,Tissue Block,"Registered 6/10/2022, Amanda Knoten, TMC-UCSD","6 x 5 x 2 millimeter, 2 millimeter, 1 Sections",https://portal.hubmapconsortium.org/browse/sample/5c59d9d224f4293f40cc989fc6075c8f,http://purl.org/ccf/1.5/1ac64de5-0f15-4d54-add8-e8817a3aa538,6,5,2,Amanda Knoten,Amanda,Knoten,,0
https://entity.api.hubmapconsortium.org/entities/681f7f1d0a87427cf182f231a01ca6f0,Tissue Block,"Registered 5/29/2024, Diane Salamon, TMC-UCSD","2 x 2 x 2 millimeter, 1 millimeter, 2 Sections",https://portal.hubmapconsortium.org/browse/sample/681f7f1d0a87427cf182f231a01ca6f0,http://purl.org/ccf/1.5/76c494e3-ed44-4cd6-a634-e83b02bcd767,2,2,2,Amanda Knoten,Amanda,Knoten,,0
https://entity.api.hubmapconsortium.org/entities/6b3e25fa18988fd88b87618c7e3e6cc4,Tissue Block,"Registered 6/9/2022, Amanda Knoten, TMC-UCSD","2 x 2 x 2 millimeter, 2 millimeter, 1 Sections",https://portal.hubmapconsortium.org/browse/sample/6b3e25fa18988fd88b87618c7e3e6cc4,http://purl.org/ccf/1.5/3a25960a-8e7a-4020-8dfb-8ce6c3423e35,2,2,2,Amanda Knoten,Amanda,Knoten,,0
https://entity.api.hubmapconsortium.org/entities/7007f3154a610f88a61c268890f14ee4,Tissue Block,"Registered 6/10/2022, Amanda Knoten, TMC-UCSD","2 x 3 x 2 millimeter, 2 millimeter, 1 Sections",https://portal.hubmapconsortium.org/browse/sample/7007f3154a610f88a61c268890f14ee4,http://purl.org/ccf/1.5/72ea5aad-4be7-4478-afc0-7736bc0d90e3,2,3,2,Amanda Knoten,Amanda,Knoten,,0
https://entity.api.hubmapconsortium.org/entities/726d0ab1980e05cd349766bcd9577315,Tissue Block,"Registered 6/9/2022, Amanda Knoten, TMC-UCSD","2 x 3 x 2 millimeter, 2 millimeter, 1 Sections",https://portal.hubmapconsortium.org/browse/sample/726d0ab1980e05cd349766bcd9577315,http://purl.org/ccf/1.5/29e439fb-cfec-4c2d-a14e-3bc60eb8e255,2,3,2,Amanda Knoten,Amanda,Knoten,,0
https://entity.api.hubmapconsortium.org/entities/8d7ce3aab7013e416263d23b0c048900,Tissue Block,"Registered 5/29/2024, Amanda Knoten, TMC-UCSD","2 x 2 x 2 millimeter, 2 millimeter, 1 Sections",https://portal.hubmapconsortium.org/browse/sample/8d7ce3aab7013e416263d23b0c048900,http://purl.org/ccf/1.5/21f2dbfa-f964-4526-bb4b-6b13302b4963,2,2,2,Amanda Knoten,Amanda,Knoten,,0
https://entity.api.hubmapconsortium.org/entities/92db984e67e05befc9c3d7567ba8333c,Tissue Block,"Registered 3/4/2022, Diane Salamon, TMC-UCSD","4 x 3 x 2 millimeter, 1 millimeter, 2 Sections",https://portal.hubmapconsortium.org/browse/sample/92db984e67e05befc9c3d7567ba8333c,http://purl.org/ccf/1.5/5764d42e-95e4-4e5a-b36e-ca498354906d,4,3,2,Amanda Knoten,Amanda,Knoten,,0
https://entity.api.hubmapconsortium.org/entities/98ae4752fe00ceefce6963ca42e71761,Tissue Block,"Registered 6/8/2022, Amanda Knoten, TMC-UCSD","5 x 2 x 2 millimeter, 2 millimeter, 0 Sections",https://portal.hubmapconsortium.org/browse/sample/98ae4752fe00ceefce6963ca42e71761,http://purl.org/ccf/1.5/1994d754-ccc2-4853-94f8-cbd2cbe83fcb,5,2,2,Amanda Knoten,Amanda,Knoten,,0
https://entity.api.hubmapconsortium.org/entities/aadeb3ec91f8886051108dbb45ddec76,Tissue Block,"Registered 10/3/2021, Diane Salamon, TMC-UCSD","2 x 3 x 2 millimeter, 2 millimeter, 1 Sections",https://portal.hubmapconsortium.org/browse/sample/aadeb3ec91f8886051108dbb45ddec76,http://purl.org/ccf/1.5/64c5c92d-dc07-40c4-a702-cbef17753fa6,2,3,2,amanda knoten,amanda,knoten,,0
https://entity.api.hubmapconsortium.org/entities/b6293bba61e3956b6546f4e6f47c8c3c,Tissue Block,"Registered 10/3/2021, Diane Salamon, TMC-UCSD","2 x 4 x 2 millimeter, 2 millimeter, 1 Sections",https://portal.hubmapconsortium.org/browse/sample/b6293bba61e3956b6546f4e6f47c8c3c,http://purl.org/ccf/1.5/8d126897-60f6-433e-a56b-cbe730475742,2,4,2,amanda knoten,amanda,knoten,,0
https://entity.api.hubmapconsortium.org/entities/b990855403804a1b9f462bccd834a8ec,Tissue Block,"Registered 6/10/2022, Amanda Knoten, TMC-UCSD","15 x 17 x 5 millimeter, 5 millimeter, 1 Sections",https://portal.hubmapconsortium.org/browse/sample/b990855403804a1b9f462bccd834a8ec,http://purl.org/ccf/1.5/7af72c8f-7fa1-4083-be74-613f92ef020a,15,17,5,Amanda Knoten,Amanda,Knoten,,0
https://entity.api.hubmapconsortium.org/entities/bb913eb294e5694b7cb57e5916e99706,Tissue Block,"Registered 6/8/2022, Amanda Knoten, TMC-UCSD","2 x 2 x 2 millimeter, 0.2 millimeter, 10 Sections",https://portal.hubmapconsortium.org/browse/sample/bb913eb294e5694b7cb57e5916e99706,http://purl.org/ccf/1.5/37283102-d963-4639-8834-4813fbb3c247,2,2,2,Amanda Knoten,Amanda,Knoten,,0
https://entity.api.hubmapconsortium.org/entities/bc7d5947e9913136c91776544a0f52d8,Tissue Block,"Registered 6/9/2022, Amanda Knoten, TMC-UCSD","3 x 5 x 2 millimeter, 2 millimeter, 1 Sections",https://portal.hubmapconsortium.org/browse/sample/bc7d5947e9913136c91776544a0f52d8,http://purl.org/ccf/1.5/7f7fe1b0-d9f6-48c2-a304-2ea5874c7392,3,5,2,Amanda Knoten,Amanda,Knoten,,0
https://entity.api.hubmapconsortium.org/entities/d1b746040b9016e82acb4a5afe20062d,Tissue Block,"Registered 6/8/2022, Amanda Knoten, TMC-UCSD","3 x 3 x 2 millimeter, 2 millimeter, 1 Sections",https://portal.hubmapconsortium.org/browse/sample/d1b746040b9016e82acb4a5afe20062d,http://purl.org/ccf/1.5/4ae53bc8-b6da-4ba9-9030-a93ae44389b9,3,3,2,Amanda Knoten,Amanda,Knoten,,0
https://entity.api.hubmapconsortium.org/entities/d9e64e77d26d9fb8133d7754d1c3f6d0,Tissue Block,"Registered 5/29/2024, Amanda Knoten, TMC-UCSD","2 x 2 x 2 millimeter, 2 millimeter, 1 Sections",https://portal.hubmapconsortium.org/browse/sample/d9e64e77d26d9fb8133d7754d1c3f6d0,http://purl.org/ccf/1.5/6130c1eb-9a5a-44b2-8a3e-ebae47cc419d,2,2,2,Amanda Knoten,Amanda,Knoten,,0
https://entity.api.hubmapconsortium.org/entities/e7551f6e8258a9a8f6472464f05295fb,Tissue Block,"Registered 6/8/2022, Amanda Knoten, TMC-UCSD","2 x 2 x 2 millimeter, 2 millimeter, 1 Sections",https://portal.hubmapconsortium.org/browse/sample/e7551f6e8258a9a8f6472464f05295fb,http://purl.org/ccf/1.5/87be07c9-cf37-4001-a589-e2c048b5d3f3,2,2,2,Amanda Knoten,Amanda,Knoten,,0
https://entity.api.hubmapconsortium.org/entities/e76e073b21e99c230e0ee376722c041d,Tissue Block,"Registered 3/4/2022, Diane Salamon, TMC-UCSD","6 x 15 x 2 millimeter, 2 millimeter, 1 Sections",https://portal.hubmapconsortium.org/browse/sample/e76e073b21e99c230e0ee376722c041d,http://purl.org/ccf/1.5/769ca7e9-ead0-4882-966c-d6f5c273c2ee,6,15,2,Amanda Knoten,Amanda,Knoten,,0
https://entity.api.hubmapconsortium.org/entities/e92386147334ee241991e25d8ae3e04f,Tissue Block,"Registered 10/3/2021, Diane Salamon, TMC-UCSD","2 x 4 x 2 millimeter, 2 millimeter, 1 Sections",https://portal.hubmapconsortium.org/browse/sample/e92386147334ee241991e25d8ae3e04f,http://purl.org/ccf/1.5/61d9f366-c050-4c28-995f-32ab920a7ca8,2,4,2,amanda knoten,amanda,knoten,,0
https://entity.api.hubmapconsortium.org/entities/f202f2c7fbe92f78292acef7fafbdc7c,Tissue Block,"Registered 6/8/2022, Diane Salamon, TMC-UCSD","5 x 5 x 2 millimeter, 2 millimeter, 1 Sections",https://portal.hubmapconsortium.org/browse/sample/f202f2c7fbe92f78292acef7fafbdc7c,http://purl.org/ccf/1.5/007eb4d9-1694-4380-99e1-4aba832d9227,5,5,2,Amanda Knoten,Amanda,Knoten,,0
https://entity.api.hubmapconsortium.org/entities/f2d94e194470a4d748fb388db47f9598,Tissue Block,"Registered 3/4/2022, Diane Salamon, TMC-UCSD","5 x 12 x 2 millimeter, 2 millimeter, 1 Sections",https://portal.hubmapconsortium.org/browse/sample/f2d94e194470a4d748fb388db47f9598,http://purl.org/ccf/1.5/6a6392a9-8ac1-4666-a684-83d310ca055f,5,12,2,Amanda Knoten,Amanda,Knoten,,0
https://entity.api.hubmapconsortium.org/entities/f7c5d23701bf7e9fd88b93aa0f48443d,Tissue Block,"Registered 9/23/2022, Diane Salamon, TMC-UCSD","3 x 8 x 2 millimeter, 0.7 millimeter, 3 Sections",https://portal.hubmapconsortium.org/browse/sample/f7c5d23701bf7e9fd88b93aa0f48443d,http://purl.org/ccf/1.5/5166a7a1-bd21-4aa3-ba20-23453cb4c431,3,8,2,Amanda Knoten,Amanda,Knoten,,0
https://entity.api.sennetconsortium.org/entities/a591fbf09b4281f9bd393a5df49b355d,Tissue Block,"Registered 9/30/2024, Andrew Watts, TMC - University of Pittsburgh","15 x 5 x 5 millimeter, 5 millimeter, 1 Sections",https://data.sennetconsortium.org/sample?uuid=a591fbf09b4281f9bd393a5df49b355d,http://purl.org/ccf/1.5/2cfde066-3472-4cf0-b1c4-f6b1fa6ca514,15,5,5,Alexis Costa,Alexis,Costa,,0
https://entity.api.sennetconsortium.org/entities/ebd19ac594fb774723749b31df9bc084,Tissue Block,"Registered 9/30/2024, Andrew Watts, TMC - University of Pittsburgh","9 x 4 x 5 millimeter, 5 millimeter, 1 Sections",https://data.sennetconsortium.org/sample?uuid=ebd19ac594fb774723749b31df9bc084,http://purl.org/ccf/1.5/50709361-c670-4ccf-9322-e65b57b3ea8f,9,4,5,Alexis Costa,Alexis,Costa,,0
https://entity.api.hubmapconsortium.org/entities/067784d5884a2362f38bf2b25f051d49,Tissue Block,"Registered 2/11/2026, C. NORDGREN, TMC - University of Pennsylvania","3.3007780531618804 x 3.6731468659929605 x 4.954736828547252 millimeter, 5 millimeter, 1 Sections",https://portal.hubmapconsortium.org/browse/sample/067784d5884a2362f38bf2b25f051d49,http://purl.org/ccf/1.5/7bd399e9-6e93-4bc0-9c41-3de83b4920f0,3.30077805316188,3.67314686599296,4.954736828547252,Antara Bhavsar,Antara,Bhavsar,,0
https://entity.api.hubmapconsortium.org/entities/0cf6a21d894c998799ad443300d758d7,Tissue Block,"Registered 4/16/2026, C. NORDGREN, TMC - University of Pennsylvania","5.672807475631609 x 7.639830010532863 x 8.30759955730273 millimeter, 8.3 millimeter, 1 Sections",https://portal.hubmapconsortium.org/browse/sample/0cf6a21d894c998799ad443300d758d7,http://purl.org/ccf/1.5/e2bea648-f444-4c7c-bb44-ccc436e66015,5.672807475631609,7.639830010532863,8.30759955730273,Antara Bhavsar,Antara,Bhavsar,,0
https://entity.api.hubmapconsortium.org/entities/17b3afd0a7b2aca21ab51e72596f769b,Tissue Block,"Registered 6/18/2022, GLORIA PRYHUBER, TMC-UCSD","10 x 10 x 10 millimeter, 3.3 millimeter, 3 Sections",https://portal.hubmapconsortium.org/browse/sample/17b3afd0a7b2aca21ab51e72596f769b,http://purl.org/ccf/1.5/642a7a93-8943-43a2-a6a6-e6b826a7c25a,10,10,10,GLORIA PRYHUBER,GLORIA,PRYHUBER,,0
https://entity.api.hubmapconsortium.org/entities/18ef8fb02c15a0ca7957e62a0be3e774,Tissue Block,"Registered 2/11/2026, C. NORDGREN, TMC - University of Pennsylvania","1.544871534140249 x 1.6907236526730656 x 2.929757979300311 millimeter, 2.9 millimeter, 1 Sections",https://portal.hubmapconsortium.org/browse/sample/18ef8fb02c15a0ca7957e62a0be3e774,http://purl.org/ccf/1.5/80f33e4e-0857-4b06-a64f-8b03cf0f2aa4,1.544871534140249,1.690723652673066,2.929757979300311,Antara Bhavsar,Antara,Bhavsar,,0
https://entity.api.hubmapconsortium.org/entities/1a244380c0450b8fd6c704506e9b6afc,Tissue Block,"Registered 2/11/2026, C. NORDGREN, TMC - University of Pennsylvania","4.887974395084826 x 10.48136355182003 x 28.7029390414017 millimeter, 28.7 millimeter, 1 Sections",https://portal.hubmapconsortium.org/browse/sample/1a244380c0450b8fd6c704506e9b6afc,http://purl.org/ccf/1.5/8dddbc8b-4e8b-4351-bbc3-a1b84b9d60d2,4.887974395084826,10.48136355182003,28.7029390414017,Antara Bhavsar,Antara,Bhavsar,,0
https://entity.api.hubmapconsortium.org/entities/1cad9962efcb75b03e9b55e41a01178f,Tissue Block,"Registered 2/11/2026, C. NORDGREN, TMC - University of Pennsylvania","5.538265384031811 x 7.6854351352691825 x 26.04693235422768 millimeter, 26 millimeter, 0 Sections",https://portal.hubmapconsortium.org/browse/sample/1cad9962efcb75b03e9b55e41a01178f,http://purl.org/ccf/1.5/fc8a4858-8f1a-40fd-bf65-e489c2fba475,5.538265384031811,7.685435135269183,26.04693235422768,Antara Bhavsar,Antara,Bhavsar,,0
https://entity.api.hubmapconsortium.org/entities/1e0932bd7d6b6aa743e28332f9727b30,Tissue Block,"Registered 6/21/2022, GLORIA PRYHUBER, TMC-UCSD","10 x 10 x 5 millimeter, 1.7 millimeter, 3 Sections",https://portal.hubmapconsortium.org/browse/sample/1e0932bd7d6b6aa743e28332f9727b30,http://purl.org/ccf/1.5/f4993f99-6746-4036-8ff3-2a954a956fe0,10,10,5,GLORIA PRYHUBER,GLORIA,PRYHUBER,,0
https://entity.api.hubmapconsortium.org/entities/1e4370d95353dc9dec29fa7918837529,Tissue Block,"Registered 2/11/2026, C. NORDGREN, TMC - University of Pennsylvania","2.766293714691788 x 8.16821487416456 x 8.697339877604666 millimeter, 8.7 millimeter, 1 Sections",https://portal.hubmapconsortium.org/browse/sample/1e4370d95353dc9dec29fa7918837529,http://purl.org/ccf/1.5/c3c7d217-9976-4691-8423-c1476d842a14,2.766293714691788,8.16821487416456,8.697339877604666,Antara Bhavsar,Antara,Bhavsar,,0
https://entity.api.hubmapconsortium.org/entities/1fdbe9b37a26b00b744c2b6604de74b0,Tissue Block,"Registered 2/11/2026, C. NORDGREN, TMC - University of Pennsylvania","3.8119288192717486 x 3.9266955636415526 x 4.604188395774835 millimeter, 4.6 millimeter, 0 Sections",https://portal.hubmapconsortium.org/browse/sample/1fdbe9b37a26b00b744c2b6604de74b0,http://purl.org/ccf/1.5/1a761ee6-67c1-4abc-893e-cbe5fcdf3dad,3.811928819271749,3.926695563641553,4.604188395774835,Antara Bhavsar,Antara,Bhavsar,,0
https://entity.api.hubmapconsortium.org/entities/28ce57d7b4652776adb6b6f9138dc560,Tissue Block,"Registered 2/11/2026, C. NORDGREN, TMC - University of Pennsylvania","3.9227552800098278 x 6.145069763367837 x 7.234201046873853 millimeter, 7.2 millimeter, 0 Sections",https://portal.hubmapconsortium.org/browse/sample/28ce57d7b4652776adb6b6f9138dc560,http://purl.org/ccf/1.5/c90eaa9e-b262-40bd-a2de-37580f1adaa2,3.922755280009828,6.145069763367837,7.234201046873853,Antara Bhavsar,Antara,Bhavsar,,0
https://entity.api.hubmapconsortium.org/entities/293da959e0f09bfd164eea3484418fab,Tissue Block,"Registered 4/24/2026, Jing Chen, TMC - Pacific Northwest National Laboratory","8.200096431723415 x 11.599226879011697 x 23.753912165456637 millimeter, 23.8 millimeter, 1 Sections",https://portal.hubmapconsortium.org/browse/sample/293da959e0f09bfd164eea3484418fab,http://purl.org/ccf/1.5/e2c041c3-4c7a-4ae8-8e42-7ca5652f396c,8.200096431723415,11.5992268790117,23.75391216545664,Antara Bhavsar,Antara,Bhavsar,,0
https://entity.api.hubmapconsortium.org/entities/296977e33459c42dd5dca10c3b027b17,Tissue Block,"Registered 2/11/2026, C. NORDGREN, TMC - University of Pennsylvania","2.766293714691788 x 8.16821487416456 x 8.697339877604666 millimeter, 8.7 millimeter, 1 Sections",https://portal.hubmapconsortium.org/browse/sample/296977e33459c42dd5dca10c3b027b17,http://purl.org/ccf/1.5/8def2236-c60d-4cbd-993b-a108b1186f71,2.766293714691788,8.16821487416456,8.697339877604666,Antara Bhavsar,Antara,Bhavsar,,0
https://entity.api.hubmapconsortium.org/entities/2d12da4d0e33de3e1eb5a786159ca50a,Tissue Block,"Registered 6/21/2022, GLORIA PRYHUBER, TMC-UCSD","10 x 10 x 5 millimeter, 1.7 millimeter, 3 Sections",https://portal.hubmapconsortium.org/browse/sample/2d12da4d0e33de3e1eb5a786159ca50a,http://purl.org/ccf/1.5/95881dfc-b806-40ca-85fd-0e02d647c999,10,10,5,GLORIA PRYHUBER,GLORIA,PRYHUBER,,0
https://entity.api.hubmapconsortium.org/entities/2e564c2fb3a51d0525aabf57a9172043,Tissue Block,"Registered 2/11/2026, C. NORDGREN, TMC - University of Pennsylvania","3.3007780531618804 x 3.6731468659929605 x 4.954736828547252 millimeter, 5 millimeter, 0 Sections",https://portal.hubmapconsortium.org/browse/sample/2e564c2fb3a51d0525aabf57a9172043,http://purl.org/ccf/1.5/cc8d810e-38dd-4767-8f19-f81419c4ea44,3.30077805316188,3.67314686599296,4.954736828547252,Antara Bhavsar,Antara,Bhavsar,,0
https://entity.api.hubmapconsortium.org/entities/3551580b4c5172e679c19fbcf1b3da72,Tissue Block,"Registered 2/11/2026, C. NORDGREN, TMC - University of Pennsylvania","5.672807475631609 x 7.639830010532863 x 8.30759955730273 millimeter, 8.3 millimeter, 1 Sections",https://portal.hubmapconsortium.org/browse/sample/3551580b4c5172e679c19fbcf1b3da72,http://purl.org/ccf/1.5/6c87f7c7-d46e-4764-9fc3-b7b5021476a0,5.672807475631609,7.639830010532863,8.30759955730273,Antara Bhavsar,Antara,Bhavsar,,0
https://entity.api.hubmapconsortium.org/entities/5103b82d3f597745fd61b64d7a83507f,Tissue Block,"Registered 2/11/2026, C. NORDGREN, TMC - University of Pennsylvania","1.8786281401633915 x 1.9547815578738088 x 2.8788078011589695 millimeter, 2.9 millimeter, 0 Sections",https://portal.hubmapconsortium.org/browse/sample/5103b82d3f597745fd61b64d7a83507f,http://purl.org/ccf/1.5/bf9a1e18-c7a6-4ee5-87a3-869cf2d99682,1.878628140163392,1.954781557873809,2.87880780115897,Antara Bhavsar,Antara,Bhavsar,,0
https://entity.api.hubmapconsortium.org/entities/54d5bde1b9b4ed6676c14b41abdeeab9,Tissue Block,"Registered 4/16/2026, C. NORDGREN, TMC - University of Pennsylvania","2.099499678848482 x 3.4171450306338667 x 12.856246034447633 millimeter, 12.9 millimeter, 1 Sections",https://portal.hubmapconsortium.org/browse/sample/54d5bde1b9b4ed6676c14b41abdeeab9,http://purl.org/ccf/1.5/5e4eadac-5cae-4776-98f2-b4a11c6f80bf,2.099499678848482,3.417145030633867,12.85624603444763,Antara Bhavsar,Antara,Bhavsar,,0
https://entity.api.hubmapconsortium.org/entities/5536d439c1f32a21db08681d86de3ad9,Tissue Block,"Registered 2/11/2026, C. NORDGREN, TMC - University of Pennsylvania","1.544871534140249 x 1.6907236526730656 x 2.929757979300311 millimeter, 2.9 millimeter, 0 Sections",https://portal.hubmapconsortium.org/browse/sample/5536d439c1f32a21db08681d86de3ad9,http://purl.org/ccf/1.5/4050d08b-6eac-4c87-ba50-0841362d117b,1.544871534140249,1.690723652673066,2.929757979300311,Antara Bhavsar,Antara,Bhavsar,,0
https://entity.api.hubmapconsortium.org/entities/563ee116d6d4f5e287d7a6a34ea54de4,Tissue Block,"Registered 2/11/2026, C. NORDGREN, TMC - University of Pennsylvania","3.3007780531618804 x 3.6731468659929605 x 4.954736828547252 millimeter, 5 millimeter, 0 Sections",https://portal.hubmapconsortium.org/browse/sample/563ee116d6d4f5e287d7a6a34ea54de4,http://purl.org/ccf/1.5/116df4fe-fe27-4e02-bde5-2e8a8201f17f,3.30077805316188,3.67314686599296,4.954736828547252,Antara Bhavsar,Antara,Bhavsar,,0
https://entity.api.hubmapconsortium.org/entities/5d2d3783fe76a3669814910b9521c87c,Tissue Block,"Registered 2/11/2026, C. NORDGREN, TMC - University of Pennsylvania","1.905173241562268 x 3.059588670624447 x 6.5297973217769565 millimeter, 6.5 millimeter, 0 Sections",https://portal.hubmapconsortium.org/browse/sample/5d2d3783fe76a3669814910b9521c87c,http://purl.org/ccf/1.5/d80eaa03-0735-463f-be3c-58c7e1637058,1.905173241562268,3.059588670624447,6.529797321776956,Antara Bhavsar,Antara,Bhavsar,,0
https://entity.api.hubmapconsortium.org/entities/5d85b297472384ebe01ccc55f9edb3a3,Tissue Block,"Registered 6/21/2022, GLORIA PRYHUBER, TMC-UCSD","10 x 10 x 5 millimeter, 1.7 millimeter, 3 Sections",https://portal.hubmapconsortium.org/browse/sample/5d85b297472384ebe01ccc55f9edb3a3,http://purl.org/ccf/1.5/7082a097-90bd-4cad-9b31-d12cd8f5e82c,10,10,5,GLORIA PRYHUBER,GLORIA,PRYHUBER,,0
https://entity.api.hubmapconsortium.org/entities/643e32742a766d63dd15d99a542d4173,Tissue Block,"Registered 9/28/2021, GLORIA PRYHUBER, TMC-UCSD","15 x 85 x 5 millimeter, 5 millimeter, 0 Sections",https://portal.hubmapconsortium.org/browse/sample/643e32742a766d63dd15d99a542d4173,http://purl.org/ccf/1.5/d847d5df-16f5-42ab-810b-5238188394bf,15,85,5,GLORIA PRYHUBER,GLORIA,PRYHUBER,,0
https://entity.api.hubmapconsortium.org/entities/67db506a10e7ab898e95361f1c42c8ff,Tissue Block,"Registered 2/11/2026, C. NORDGREN, TMC - University of Pennsylvania","2.099499678848482 x 3.4171450306338667 x 12.856246034447633 millimeter, 12.9 millimeter, 0 Sections",https://portal.hubmapconsortium.org/browse/sample/67db506a10e7ab898e95361f1c42c8ff,http://purl.org/ccf/1.5/969dbec1-57d8-406c-a5cb-4e79a8e449fa,2.099499678848482,3.417145030633867,12.85624603444763,Antara Bhavsar,Antara,Bhavsar,,0
https://entity.api.hubmapconsortium.org/entities/69507654f0aca227b07cf09a87354f3e,Tissue Block,"Registered 2/11/2026, C. NORDGREN, TMC - University of Pennsylvania","1.8786281401633915 x 1.9547815578738088 x 2.8788078011589695 millimeter, 2.9 millimeter, 0 Sections",https://portal.hubmapconsortium.org/browse/sample/69507654f0aca227b07cf09a87354f3e,http://purl.org/ccf/1.5/1bac808f-2ec6-4b37-9d0b-0b33919d8e45,1.878628140163392,1.954781557873809,2.87880780115897,Antara Bhavsar,Antara,Bhavsar,,0
https://entity.api.hubmapconsortium.org/entities/6e8add46f5f920423ef60f612d762b10,Tissue Block,"Registered 4/16/2026, C. NORDGREN, TMC - University of Pennsylvania","1.1996963892987456 x 1.9373762286698906 x 3.1547311328387617 millimeter, 3.2 millimeter, 1 Sections",https://portal.hubmapconsortium.org/browse/sample/6e8add46f5f920423ef60f612d762b10,http://purl.org/ccf/1.5/fd2b67cd-0b73-4aa9-b83e-14efbc703c0a,1.199696389298746,1.937376228669891,3.154731132838762,Antara Bhavsar,Antara,Bhavsar,,0
https://entity.api.hubmapconsortium.org/entities/712112593e7dc4f80389c38c6ec0a4a3,Tissue Block,"Registered 6/21/2022, GLORIA PRYHUBER, TMC-UCSD","10 x 10 x 10 millimeter, 3.3 millimeter, 3 Sections",https://portal.hubmapconsortium.org/browse/sample/712112593e7dc4f80389c38c6ec0a4a3,http://purl.org/ccf/1.5/d43c9047-6147-4cd1-b87d-0e075b64e4ca,10,10,10,GLORIA PRYHUBER,GLORIA,PRYHUBER,,0
https://entity.api.hubmapconsortium.org/entities/73811cc6ff2e339ce5f210b2e4e0b4d5,Tissue Block,"Registered 6/21/2022, GLORIA PRYHUBER, TMC-UCSD","10 x 10 x 10 millimeter, 3.3 millimeter, 3 Sections",https://portal.hubmapconsortium.org/browse/sample/73811cc6ff2e339ce5f210b2e4e0b4d5,http://purl.org/ccf/1.5/f98bb60c-a643-49a5-992b-c8afcea5cd2b,10,10,10,GLORIA PRYHUBER,GLORIA,PRYHUBER,,0
https://entity.api.hubmapconsortium.org/entities/7891c6e9b039d7a4d3dde18029218bf9,Tissue Block,"Registered 4/16/2026, C. NORDGREN, TMC - University of Pennsylvania","3.1978570147236676 x 4.074149151616315 x 4.9026636707794236 millimeter, 4.9 millimeter, 1 Sections",https://portal.hubmapconsortium.org/browse/sample/7891c6e9b039d7a4d3dde18029218bf9,http://purl.org/ccf/1.5/30e099be-719d-411f-b32b-0b74988bae17,3.197857014723668,4.074149151616315,4.902663670779424,Antara Bhavsar,Antara,Bhavsar,,0
https://entity.api.hubmapconsortium.org/entities/7e68adff1c4ad41005fe77eb71641fa4,Tissue Block,"Registered 9/28/2021, GLORIA PRYHUBER, TMC-UCSD","20 x 10 x 10 millimeter, 5 millimeter, 2 Sections",https://portal.hubmapconsortium.org/browse/sample/7e68adff1c4ad41005fe77eb71641fa4,http://purl.org/ccf/1.5/616ef33e-ebcc-4ece-b440-ca218440c8b4,20,10,10,GLORIA PRYHUBER,GLORIA,PRYHUBER,,0
https://entity.api.hubmapconsortium.org/entities/819fc78b496e84c62e24c442229ad4f2,Tissue Block,"Registered 2/11/2026, C. NORDGREN, TMC - University of Pennsylvania","2.3826213453049 x 4.805193318999852 x 10.144408780679743 millimeter, 10.1 millimeter, 1 Sections",https://portal.hubmapconsortium.org/browse/sample/819fc78b496e84c62e24c442229ad4f2,http://purl.org/ccf/1.5/eb070598-9779-48aa-8a72-dd1ed4469bdd,2.3826213453049,4.805193318999852,10.14440878067974,Antara Bhavsar,Antara,Bhavsar,,0
https://entity.api.hubmapconsortium.org/entities/81c6ac9a2904b89699c7b914e146a2bf,Tissue Block,"Registered 2/11/2026, C. NORDGREN, TMC - University of Pennsylvania","3.9227552800098278 x 6.145069763367837 x 7.234201046873853 millimeter, 7.2 millimeter, 1 Sections",https://portal.hubmapconsortium.org/browse/sample/81c6ac9a2904b89699c7b914e146a2bf,http://purl.org/ccf/1.5/8e38e60a-733b-42a8-97b7-8d60c374b445,3.922755280009828,6.145069763367837,7.234201046873853,Antara Bhavsar,Antara,Bhavsar,,0
https://entity.api.hubmapconsortium.org/entities/86d0e031e6179995a7007f84ecb94686,Tissue Block,"Registered 6/12/2026, C. NORDGREN, TMC - University of Pennsylvania","4.887974395084826 x 10.48136355182003 x 28.7029390414017 millimeter, 28.7 millimeter, 1 Sections",https://portal.hubmapconsortium.org/browse/sample/86d0e031e6179995a7007f84ecb94686,http://purl.org/ccf/1.5/cdec56ae-b4cd-4025-980a-3a1bcdbfb05c,4.887974395084826,10.48136355182003,28.7029390414017,Antara Bhavsar,Antara,Bhavsar,,0
https://entity.api.hubmapconsortium.org/entities/8a739e1187a99367c1a0f83beefddf34,Tissue Block,"Registered 4/16/2026, C. NORDGREN, TMC - University of Pennsylvania","1.544871534140249 x 1.6907236526730656 x 2.929757979300311 millimeter, 2.9 millimeter, 1 Sections",https://portal.hubmapconsortium.org/browse/sample/8a739e1187a99367c1a0f83beefddf34,http://purl.org/ccf/1.5/8febfb42-f527-4d4c-87c1-0cd6076e2c1d,1.544871534140249,1.690723652673066,2.929757979300311,Antara Bhavsar,Antara,Bhavsar,,0
https://entity.api.hubmapconsortium.org/entities/95255d52fdaa9285109d1707dea30c23,Tissue Block,"Registered 4/16/2026, C. NORDGREN, TMC - University of Pennsylvania","1.8786281401633915 x 1.9547815578738088 x 2.8788078011589695 millimeter, 2.9 millimeter, 1 Sections",https://portal.hubmapconsortium.org/browse/sample/95255d52fdaa9285109d1707dea30c23,http://purl.org/ccf/1.5/be2c582b-e29a-47f4-b401-a27fcc2b7913,1.878628140163392,1.954781557873809,2.87880780115897,Antara Bhavsar,Antara,Bhavsar,,0
https://entity.api.hubmapconsortium.org/entities/95a6836e2b53eef8cc79d89b455c0a87,Tissue Block,"Registered 2/11/2026, C. NORDGREN, TMC - University of Pennsylvania","5.932841020194406 x 6.986650165244999 x 14.545212156120812 millimeter, 14.5 millimeter, 1 Sections",https://portal.hubmapconsortium.org/browse/sample/95a6836e2b53eef8cc79d89b455c0a87,http://purl.org/ccf/1.5/73170b8b-8379-48fa-a147-9b6238b5f23d,5.932841020194406,6.986650165244999,14.54521215612081,Antara Bhavsar,Antara,Bhavsar,,0
https://entity.api.hubmapconsortium.org/entities/96c1d5bea920dbed2780963a4817d89f,Tissue Block,"Registered 4/16/2026, C. NORDGREN, TMC - University of Pennsylvania","2.766293714691788 x 8.16821487416456 x 8.697339877604666 millimeter, 8.7 millimeter, 1 Sections",https://portal.hubmapconsortium.org/browse/sample/96c1d5bea920dbed2780963a4817d89f,http://purl.org/ccf/1.5/a9155f04-61ad-4f23-80de-c7f88f464924,2.766293714691788,8.16821487416456,8.697339877604666,Antara Bhavsar,Antara,Bhavsar,,0
https://entity.api.hubmapconsortium.org/entities/a81d8e572d9da7c8e9104ac98aa909df,Tissue Block,"Registered 2/11/2026, C. NORDGREN, TMC - University of Pennsylvania","3.9227552800098278 x 6.145069763367837 x 7.234201046873853 millimeter, 7.2 millimeter, 0 Sections",https://portal.hubmapconsortium.org/browse/sample/a81d8e572d9da7c8e9104ac98aa909df,http://purl.org/ccf/1.5/1c01c65d-2d68-4b22-9810-91f3f783783e,3.922755280009828,6.145069763367837,7.234201046873853,Antara Bhavsar,Antara,Bhavsar,,0
https://entity.api.hubmapconsortium.org/entities/ab88be074b95bd390361df2a24125624,Tissue Block,"Registered 2/11/2026, C. NORDGREN, TMC - University of Pennsylvania","1.905173241562268 x 3.059588670624447 x 6.5297973217769565 millimeter, 6.5 millimeter, 0 Sections",https://portal.hubmapconsortium.org/browse/sample/ab88be074b95bd390361df2a24125624,http://purl.org/ccf/1.5/8fdaab24-867d-44ea-b401-3b1b08a23c5c,1.905173241562268,3.059588670624447,6.529797321776956,Antara Bhavsar,Antara,Bhavsar,,0
https://entity.api.hubmapconsortium.org/entities/ad3231b7dc48068b9b884f6ba967de85,Tissue Block,"Registered 9/28/2021, GLORIA PRYHUBER, TMC-UCSD","10 x 10 x 10 millimeter, 5 millimeter, 2 Sections",https://portal.hubmapconsortium.org/browse/sample/ad3231b7dc48068b9b884f6ba967de85,http://purl.org/ccf/1.5/25c3d20d-d856-4a22-b926-6ee9a5f4a1d4,10,10,10,GLORIA PRYHUBER,GLORIA,PRYHUBER,,0
https://entity.api.hubmapconsortium.org/entities/b13245e551fa45a24b170ac11b01a264,Tissue Block,"Registered 6/21/2022, GLORIA PRYHUBER, TMC-UCSD","10 x 10 x 5 millimeter, 1.7 millimeter, 3 Sections",https://portal.hubmapconsortium.org/browse/sample/b13245e551fa45a24b170ac11b01a264,http://purl.org/ccf/1.5/74d8c134-9489-4599-afa7-95bd8cf9fc8a,10,10,5,GLORIA PRYHUBER,GLORIA,PRYHUBER,,0
https://entity.api.hubmapconsortium.org/entities/b406b6179f920d2cf00b2c5e2ef52835,Tissue Block,"Registered 2/11/2026, C. NORDGREN, TMC - University of Pennsylvania","1.3339245381236655 x 2.302753657574614 x 8.161186924594617 millimeter, 8.2 millimeter, 1 Sections",https://portal.hubmapconsortium.org/browse/sample/b406b6179f920d2cf00b2c5e2ef52835,http://purl.org/ccf/1.5/ff00b203-7cf0-4964-b977-7e662cd2c83e,1.333924538123666,2.302753657574614,8.161186924594617,Antara Bhavsar,Antara,Bhavsar,,0
https://entity.api.hubmapconsortium.org/entities/b890ef38058b4c9285144250d59d29e8,Tissue Block,"Registered 4/16/2026, C. NORDGREN, TMC - University of Pennsylvania","5.538265384031811 x 7.6854351352691825 x 26.04693235422768 millimeter, 26 millimeter, 1 Sections",https://portal.hubmapconsortium.org/browse/sample/b890ef38058b4c9285144250d59d29e8,http://purl.org/ccf/1.5/7baf8e8c-c7c4-4627-8949-dddcf2fcd6e6,5.538265384031811,7.685435135269183,26.04693235422768,Antara Bhavsar,Antara,Bhavsar,,0
https://entity.api.hubmapconsortium.org/entities/be91fef84a82df2ea61d3c2d8a787378,Tissue Block,"Registered 4/16/2026, C. NORDGREN, TMC - University of Pennsylvania","1.8786281401633915 x 1.9547815578738088 x 2.8788078011589695 millimeter, 2.9 millimeter, 1 Sections",https://portal.hubmapconsortium.org/browse/sample/be91fef84a82df2ea61d3c2d8a787378,http://purl.org/ccf/1.5/5a71ad61-472f-4419-978b-d7a4d5317b93,1.878628140163392,1.954781557873809,2.87880780115897,Antara Bhavsar,Antara,Bhavsar,,0
https://entity.api.hubmapconsortium.org/entities/bf7360f8417699e320a5c1d754ab09b7,Tissue Block,"Registered 4/16/2026, C. NORDGREN, TMC - University of Pennsylvania","3.0008811051556146 x 3.18375384768128 x 4.436340380296262 millimeter, 4.4 millimeter, 1 Sections",https://portal.hubmapconsortium.org/browse/sample/bf7360f8417699e320a5c1d754ab09b7,http://purl.org/ccf/1.5/c3a89db8-e812-4f71-9fcb-3db545a3cb52,3.000881105155615,3.18375384768128,4.436340380296262,Antara Bhavsar,Antara,Bhavsar,,0
https://entity.api.hubmapconsortium.org/entities/c1b7b2a9c2e8e4f09397adfb8d96be52,Tissue Block,"Registered 2/11/2026, C. NORDGREN, TMC - University of Pennsylvania","5.672807475631609 x 7.639830010532863 x 8.30759955730273 millimeter, 8.3 millimeter, 1 Sections",https://portal.hubmapconsortium.org/browse/sample/c1b7b2a9c2e8e4f09397adfb8d96be52,http://purl.org/ccf/1.5/c46bae61-58c6-4639-9ce6-22ab60b1ac65,5.672807475631609,7.639830010532863,8.30759955730273,Antara Bhavsar,Antara,Bhavsar,,0
https://entity.api.hubmapconsortium.org/entities/cad4fdaae4959b866d03ac5cafd5e09d,Tissue Block,"Registered 2/11/2026, C. NORDGREN, TMC - University of Pennsylvania","1.905173241562268 x 3.059588670624447 x 6.5297973217769565 millimeter, 6.5 millimeter, 1 Sections",https://portal.hubmapconsortium.org/browse/sample/cad4fdaae4959b866d03ac5cafd5e09d,http://purl.org/ccf/1.5/a7efafd1-f7ab-447e-974e-2c93da111b1e,1.905173241562268,3.059588670624447,6.529797321776956,Antara Bhavsar,Antara,Bhavsar,,0
https://entity.api.hubmapconsortium.org/entities/d125387553aa038ed7664547bfd4aa2a,Tissue Block,"Registered 2/11/2026, C. NORDGREN, TMC - University of Pennsylvania","1.544871534140249 x 1.6907236526730656 x 2.929757979300311 millimeter, 2.9 millimeter, 0 Sections",https://portal.hubmapconsortium.org/browse/sample/d125387553aa038ed7664547bfd4aa2a,http://purl.org/ccf/1.5/f9e15fcf-5012-4953-a423-f68d3f8921a9,1.544871534140249,1.690723652673066,2.929757979300311,Antara Bhavsar,Antara,Bhavsar,,0
https://entity.api.hubmapconsortium.org/entities/d2fde51b66eefd51aa948b5d9e352ab2,Tissue Block,"Registered 2/11/2026, C. NORDGREN, TMC - University of Pennsylvania","2.099499678848482 x 3.4171450306338667 x 12.856246034447633 millimeter, 12.9 millimeter, 0 Sections",https://portal.hubmapconsortium.org/browse/sample/d2fde51b66eefd51aa948b5d9e352ab2,http://purl.org/ccf/1.5/a8ec6dbc-eefb-4731-ba08-99b084a8f0aa,2.099499678848482,3.417145030633867,12.85624603444763,Antara Bhavsar,Antara,Bhavsar,,0
https://entity.api.hubmapconsortium.org/entities/d619359bda48f48086afbcfceefad526,Tissue Block,"Registered 4/16/2026, C. NORDGREN, TMC - University of Pennsylvania","5.658783925835347 x 10.915355545099068 x 15.315623566723005 millimeter, 15.3 millimeter, 1 Sections",https://portal.hubmapconsortium.org/browse/sample/d619359bda48f48086afbcfceefad526,http://purl.org/ccf/1.5/8112904b-4fd4-4d2d-83a1-fc5be2226567,5.658783925835347,10.91535554509907,15.315623566723,Antara Bhavsar,Antara,Bhavsar,,0
https://entity.api.hubmapconsortium.org/entities/d99ca4a0289df5a0c8ab4574b947f46f,Tissue Block,"Registered 2/11/2026, C. NORDGREN, TMC - University of Pennsylvania","4.887974395084826 x 10.48136355182003 x 28.7029390414017 millimeter, 28.7 millimeter, 1 Sections",https://portal.hubmapconsortium.org/browse/sample/d99ca4a0289df5a0c8ab4574b947f46f,http://purl.org/ccf/1.5/7240a11e-df9b-4b8f-b43e-594e60090273,4.887974395084826,10.48136355182003,28.7029390414017,Antara Bhavsar,Antara,Bhavsar,,0
https://entity.api.hubmapconsortium.org/entities/dc8846a8b3d71adfc79e1c84fe92bbe2,Tissue Block,"Registered 2/11/2026, C. NORDGREN, TMC - University of Pennsylvania","5.538265384031811 x 7.6854351352691825 x 26.04693235422768 millimeter, 26 millimeter, 1 Sections",https://portal.hubmapconsortium.org/browse/sample/dc8846a8b3d71adfc79e1c84fe92bbe2,http://purl.org/ccf/1.5/6f7190b5-93b1-490c-a60e-31b8a10239dd,5.538265384031811,7.685435135269183,26.04693235422768,Antara Bhavsar,Antara,Bhavsar,,0
https://entity.api.hubmapconsortium.org/entities/ded2291fa74d80af99f03df66fea338b,Tissue Block,"Registered 2/11/2026, C. NORDGREN, TMC - University of Pennsylvania","3.8119288192717486 x 3.9266955636415526 x 4.604188395774835 millimeter, 4.6 millimeter, 0 Sections",https://portal.hubmapconsortium.org/browse/sample/ded2291fa74d80af99f03df66fea338b,http://purl.org/ccf/1.5/94ed7273-52ca-4d71-ab67-aeaa283b30c9,3.811928819271749,3.926695563641553,4.604188395774835,Antara Bhavsar,Antara,Bhavsar,,0
https://entity.api.hubmapconsortium.org/entities/e821fe88fc8a9a202076539aac418445,Tissue Block,"Registered 4/16/2026, C. NORDGREN, TMC - University of Pennsylvania","3.9227552800098278 x 6.145069763367837 x 7.234201046873853 millimeter, 7.2 millimeter, 1 Sections",https://portal.hubmapconsortium.org/browse/sample/e821fe88fc8a9a202076539aac418445,http://purl.org/ccf/1.5/9852d9ae-d229-4542-9506-238106ed9d25,3.922755280009828,6.145069763367837,7.234201046873853,Antara Bhavsar,Antara,Bhavsar,,0
https://entity.api.hubmapconsortium.org/entities/e9657058022729cb75c5d757e7c56c7d,Tissue Block,"Registered 2/11/2026, C. NORDGREN, TMC - University of Pennsylvania","5.538265384031811 x 7.6854351352691825 x 26.04693235422768 millimeter, 26 millimeter, 1 Sections",https://portal.hubmapconsortium.org/browse/sample/e9657058022729cb75c5d757e7c56c7d,http://purl.org/ccf/1.5/81b267b0-d4da-4ad8-88df-88de511ce843,5.538265384031811,7.685435135269183,26.04693235422768,Antara Bhavsar,Antara,Bhavsar,,0
https://entity.api.hubmapconsortium.org/entities/fdb0d78678d5e81f00e9e6e71e812631,Tissue Block,"Registered 4/16/2026, C. NORDGREN, TMC - University of Pennsylvania","3.3007780531618804 x 3.6731468659929605 x 4.954736828547252 millimeter, 5 millimeter, 1 Sections",https://portal.hubmapconsortium.org/browse/sample/fdb0d78678d5e81f00e9e6e71e812631,http://purl.org/ccf/1.5/3e584613-6c29-4338-9d6d-24f23b075e69,3.30077805316188,3.67314686599296,4.954736828547252,Antara Bhavsar,Antara,Bhavsar,,0
https://entity.api.hubmapconsortium.org/entities/ff60fc6d14455d8f843ed5bac9e7b9f4,Tissue Block,"Registered 4/16/2026, C. NORDGREN, TMC - University of Pennsylvania","1.905173241562268 x 3.059588670624447 x 6.5297973217769565 millimeter, 6.5 millimeter, 1 Sections",https://portal.hubmapconsortium.org/browse/sample/ff60fc6d14455d8f843ed5bac9e7b9f4,http://purl.org/ccf/1.5/9b7b73bd-e010-42c1-bdd4-f5c4db9ff5d2,1.905173241562268,3.059588670624447,6.529797321776956,Antara Bhavsar,Antara,Bhavsar,,0
http://purl.org/ccf/1.5/aed760ae-295a-43fc-b6cd-abdf6f012975,Tissue Block,"Registered 2/10/2024, Gloria S Pryhuber, University of California San Diego",Donor D115 right lung lower lobe,https://portal.hubmapconsortium.org/browse/sample/9d944eb8a61bf85f70762ae3f2b0e22e,http://purl.org/ccf/1.5/aed760ae-295a-43fc-b6cd-abdf6f012975,15,10,5,Gloria S Pryhuber,Gloria,Pryhuber,,0
https://entity.api.hubmapconsortium.org/entities/ef5e2aac8cab431cc6f5731acf78e8ce,Tissue Block,"Registered 9/24/2024, Anthony Corbett, University of Rochester Medical Center TMC","15 x 10 x 5 millimeter, 2.5 millimeter, 2 Sections",https://portal.hubmapconsortium.org/browse/sample/ef5e2aac8cab431cc6f5731acf78e8ce,http://purl.org/ccf/1.5/aed760ae-295a-43fc-b6cd-abdf6f012975,15,10,5,Gloria S Pryhuber,Gloria,Pryhuber,,0
https://entity.api.hubmapconsortium.org/entities/6bd10b73ec3bb100b691b9ed3f8c4e37,Tissue Block,"Registered 6/18/2022, GLORIA PRYHUBER, TMC-UCSD","10 x 10 x 10 millimeter, 3.3 millimeter, 3 Sections",https://portal.hubmapconsortium.org/browse/sample/6bd10b73ec3bb100b691b9ed3f8c4e37,http://purl.org/ccf/1.5/0364c64a-5b0a-493f-a5ee-3adfc837211c,10,10,10,GLORIA PRYHUBER,GLORIA,PRYHUBER,,0
https://atlas.kpmp.org/#163-3_Donor1_TissueBlock1,Tissue Block,"Registered 7/12/2024, Jennifer Schaub, KPMP","1 x 11 x 1 millimeter, 1 millimeter",https://atlas.kpmp.org/#163-3,http://purl.org/ccf/1.5/c8802987-243c-45e8-80c3-dbfeeed9387b,1,11,1,Jennifer Schaub,Jennifer,Schaub,,0
https://atlas.kpmp.org/#164-9_Donor1_TissueBlock1,Tissue Block,"Registered 7/12/2024, Jennifer Schaub, KPMP","1 x 11 x 1 millimeter, 1 millimeter",https://atlas.kpmp.org/#164-9,http://purl.org/ccf/1.5/c8802987-243c-45e8-80c3-dbfeeed9387b,1,11,1,Jennifer Schaub,Jennifer,Schaub,,0
https://atlas.kpmp.org/#163-5_Donor1_TissueBlock1,Tissue Block,"Registered 7/12/2024, Jennifer Schaub, KPMP","1 x 11 x 1 millimeter, 1 millimeter",https://atlas.kpmp.org/#163-5,http://purl.org/ccf/1.5/a7f47864-d4d9-4845-9eeb-40b2bf015d0c,1,11,1,Jennifer Schaub,Jennifer,Schaub,,0
https://atlas.kpmp.org/#164-16_Donor1_TissueBlock1,Tissue Block,"Registered 7/12/2024, Jennifer Schaub, KPMP","1 x 11 x 1 millimeter, 1 millimeter",https://atlas.kpmp.org/#164-16,http://purl.org/ccf/1.5/a7f47864-d4d9-4845-9eeb-40b2bf015d0c,1,11,1,Jennifer Schaub,Jennifer,Schaub,,0
https://atlas.kpmp.org/#163-6_Donor1_TissueBlock1,Tissue Block,"Registered 7/12/2024, Jennifer Schaub, KPMP","1 x 7 x 1 millimeter, 1 millimeter",https://atlas.kpmp.org/#163-6,http://purl.org/ccf/1.5/3b78698a-f2bf-4f15-b0bb-ec30dc759e84,1,7,1,Jennifer Schaub,Jennifer,Schaub,,0
https://atlas.kpmp.org/#165-13_Donor1_TissueBlock1,Tissue Block,"Registered 7/12/2024, Jennifer Schaub, KPMP","1 x 7 x 1 millimeter, 1 millimeter",https://atlas.kpmp.org/#165-13,http://purl.org/ccf/1.5/3b78698a-f2bf-4f15-b0bb-ec30dc759e84,1,7,1,Jennifer Schaub,Jennifer,Schaub,,0
https://doi.org/10.15151/esrf-dc-1773966225#Donor1_TissueBlock1,Tissue Block,"Registered 1/5/2025, David Stansby, LADAF","45.37 x 24.986 x 24.986 millimeter, 24.986 millimeter",https://doi.org/10.15151/esrf-dc-1773966225,http://purl.org/ccf/1.5/a437cc5f-092f-4171-8dee-4a09dce4da04,45.37,24.986,24.986,David Stansby,David,Stansby,,0
https://entity.api.sennetconsortium.org/entities/589ceff9ea6154819a10d38fad001e6c,Tissue Block,"Registered 3/4/2025, Sergii Domanskyi, TMC - UConn Health","7 x 5 x 2 millimeter, 2 millimeter, 1 Sections",https://data.sennetconsortium.org/sample?uuid=589ceff9ea6154819a10d38fad001e6c,http://purl.org/ccf/1.5/9b91d5a0-21b5-4176-8637-a332c59db953,7,5,2,Sergii Domanskyi,Sergii,Domanskyi,,0
https://entity.api.sennetconsortium.org/entities/c8e85382f54649123a3fb7c7879c245e,Tissue Block,"Registered 3/4/2025, Sergii Domanskyi, TMC - UConn Health","7 x 5 x 2 millimeter, 2 millimeter, 1 Sections",https://data.sennetconsortium.org/sample?uuid=c8e85382f54649123a3fb7c7879c245e,http://purl.org/ccf/1.5/9b91d5a0-21b5-4176-8637-a332c59db953,7,5,2,Sergii Domanskyi,Sergii,Domanskyi,,0
https://entity.api.sennetconsortium.org/entities/591e1f7879402de3955864f7ddf06eb7,Tissue Block,"Registered 6/6/2025, Ryan Thompson, TMC - Duke University","10 x 10 x 10 millimeter, 2.5 millimeter, 4 Sections",https://data.sennetconsortium.org/sample?uuid=591e1f7879402de3955864f7ddf06eb7,http://purl.org/ccf/1.5/96bc753d-af04-44c0-b5b5-abc4bba4f349,10,10,10,Sojin Kim,Sojin,Kim,,0
https://entity.api.sennetconsortium.org/entities/5da17a01e1521e2612459908aa2382b8,Tissue Block,"Registered 6/6/2025, Ryan Thompson, TMC - Duke University","10 x 10 x 10 millimeter, 2.5 millimeter, 4 Sections",https://data.sennetconsortium.org/sample?uuid=5da17a01e1521e2612459908aa2382b8,http://purl.org/ccf/1.5/96bc753d-af04-44c0-b5b5-abc4bba4f349,10,10,10,Sojin Kim,Sojin,Kim,,0
https://entity.api.sennetconsortium.org/entities/633dd48eb4e35601f8e53f1f1ea938b8,Tissue Block,"Registered 6/6/2025, Ryan Thompson, TMC - Duke University","10 x 10 x 10 millimeter, 2.5 millimeter, 4 Sections",https://data.sennetconsortium.org/sample?uuid=633dd48eb4e35601f8e53f1f1ea938b8,http://purl.org/ccf/1.5/96bc753d-af04-44c0-b5b5-abc4bba4f349,10,10,10,Sojin Kim,Sojin,Kim,,0
https://entity.api.sennetconsortium.org/entities/8a269cede6a970cd3ac3638e4f5c0510,Tissue Block,"Registered 6/6/2025, Ryan Thompson, TMC - Duke University","10 x 10 x 10 millimeter, 2.5 millimeter, 4 Sections",https://data.sennetconsortium.org/sample?uuid=8a269cede6a970cd3ac3638e4f5c0510,http://purl.org/ccf/1.5/96bc753d-af04-44c0-b5b5-abc4bba4f349,10,10,10,Sojin Kim,Sojin,Kim,,0
https://entity.api.sennetconsortium.org/entities/9c06bf841a60ea655003e361be7defc9,Tissue Block,"Registered 6/6/2025, Ryan Thompson, TMC - Duke University","10 x 10 x 10 millimeter, 2.5 millimeter, 4 Sections",https://data.sennetconsortium.org/sample?uuid=9c06bf841a60ea655003e361be7defc9,http://purl.org/ccf/1.5/96bc753d-af04-44c0-b5b5-abc4bba4f349,10,10,10,Sojin Kim,Sojin,Kim,,0
https://entity.api.sennetconsortium.org/entities/a431cb916538bf0fa87723c77e614dde,Tissue Block,"Registered 6/6/2025, Ryan Thompson, TMC - Duke University","10 x 10 x 10 millimeter, 2.5 millimeter, 4 Sections",https://data.sennetconsortium.org/sample?uuid=a431cb916538bf0fa87723c77e614dde,http://purl.org/ccf/1.5/96bc753d-af04-44c0-b5b5-abc4bba4f349,10,10,10,Sojin Kim,Sojin,Kim,,0
https://entity.api.sennetconsortium.org/entities/e2854be1c4b4f5367113ac060ce10ae5,Tissue Block,"Registered 6/6/2025, Ryan Thompson, TMC - Duke University","10 x 10 x 10 millimeter, 2.5 millimeter, 4 Sections",https://data.sennetconsortium.org/sample?uuid=e2854be1c4b4f5367113ac060ce10ae5,http://purl.org/ccf/1.5/96bc753d-af04-44c0-b5b5-abc4bba4f349,10,10,10,Sojin Kim,Sojin,Kim,,0
https://entity.api.sennetconsortium.org/entities/59956d4ebbd2f2badb2468e43218d5b1,Tissue Block,"Registered 3/4/2025, Sergii Domanskyi, TMC - UConn Health","5 x 5 x 2 millimeter, 2 millimeter, 1 Sections",https://data.sennetconsortium.org/sample?uuid=59956d4ebbd2f2badb2468e43218d5b1,http://purl.org/ccf/1.5/e22d2275-4186-4efd-a51f-05e2593bfb93,5,5,2,Sergii Domanskyi,Sergii,Domanskyi,,0
https://entity.api.sennetconsortium.org/entities/93d90d7d202213189a1221d3809f5524,Tissue Block,"Registered 3/4/2025, Sergii Domanskyi, TMC - UConn Health","5 x 5 x 2 millimeter, 2 millimeter, 1 Sections",https://data.sennetconsortium.org/sample?uuid=93d90d7d202213189a1221d3809f5524,http://purl.org/ccf/1.5/e22d2275-4186-4efd-a51f-05e2593bfb93,5,5,2,Sergii Domanskyi,Sergii,Domanskyi,,0
https://entity.api.sennetconsortium.org/entities/5d9a335e5a35b776acbbd63553e1b999,Tissue Block,"Registered 6/4/2025, Sergii Domanskyi, TMC - UConn Health","4 x 18 x 25 millimeter, 4000 millimeter, 1 Sections",https://data.sennetconsortium.org/sample?uuid=5d9a335e5a35b776acbbd63553e1b999,http://purl.org/ccf/1.5/ac92c0b0-75c7-4722-8f4e-6da9606408eb,4,18,25,Sergii Domanskyi,Sergii,Domanskyi,,0
https://entity.api.sennetconsortium.org/entities/6081be9de895e1afec7c14c325d89a49,Tissue Block,"Registered 4/24/2025, Sergii Domanskyi, TMC - UConn Health","10 x 10 x 10 millimeter, 10 millimeter, 1 Sections",https://data.sennetconsortium.org/sample?uuid=6081be9de895e1afec7c14c325d89a49,http://purl.org/ccf/1.5/8cc34e71-dca7-4229-89eb-e157fbe92d0c,10,10,10,Sergii Domanskyi,Sergii,Domanskyi,,0
https://entity.api.sennetconsortium.org/entities/65d0100ec46863105162357a2fcc6084,Tissue Block,"Registered 6/4/2025, Sergii Domanskyi, TMC - UConn Health","4 x 15 x 25 millimeter, 4000 millimeter, 1 Sections",https://data.sennetconsortium.org/sample?uuid=65d0100ec46863105162357a2fcc6084,http://purl.org/ccf/1.5/2ee4d08f-081e-4dcb-8117-34ec1185a910,4,15,25,Sergii Domanskyi,Sergii,Domanskyi,,0
https://entity.api.sennetconsortium.org/entities/6fe703d0123d4f30c36f70cdb678d3f8,Tissue Block,"Registered 4/24/2025, Sergii Domanskyi, TMC - UConn Health","10 x 10 x 10 millimeter, 10 millimeter, 1 Sections",https://data.sennetconsortium.org/sample?uuid=6fe703d0123d4f30c36f70cdb678d3f8,http://purl.org/ccf/1.5/39ced1e8-5384-4744-9a9c-e9b7f2ca006c,10,10,10,Sergii Domanskyi,Sergii,Domanskyi,,0
https://entity.api.sennetconsortium.org/entities/70d7a7fb65c5c0f648c1ede87d9515c8,Tissue Block,"Registered 4/24/2025, Sergii Domanskyi, TMC - UConn Health","10 x 10 x 10 millimeter, 10 millimeter, 1 Sections",https://data.sennetconsortium.org/sample?uuid=70d7a7fb65c5c0f648c1ede87d9515c8,http://purl.org/ccf/1.5/5faf2c19-d6e3-4dc5-be3f-aa7303bdaa34,10,10,10,Sergii Domanskyi,Sergii,Domanskyi,,0
https://entity.api.sennetconsortium.org/entities/73be21f780599543f08dd6ab0229ab86,Tissue Block,"Registered 6/4/2025, Sergii Domanskyi, TMC - UConn Health","4 x 18 x 25 millimeter, 4000 millimeter, 1 Sections",https://data.sennetconsortium.org/sample?uuid=73be21f780599543f08dd6ab0229ab86,http://purl.org/ccf/1.5/b0d972ea-ec3b-4232-aa1a-5c7d591f3b43,4,18,25,Sergii Domanskyi,Sergii,Domanskyi,,0
https://entity.api.sennetconsortium.org/entities/82439dc6202a693370503c2ba3206190,Tissue Block,"Registered 6/4/2025, Sergii Domanskyi, TMC - UConn Health","4 x 15 x 25 millimeter, 4000 millimeter, 1 Sections",https://data.sennetconsortium.org/sample?uuid=82439dc6202a693370503c2ba3206190,http://purl.org/ccf/1.5/60497d75-4339-46ad-8599-a2086849734a,4,15,25,Sergii Domanskyi,Sergii,Domanskyi,,0
https://entity.api.sennetconsortium.org/entities/83a6446b5e2b0c695f46e95391f6120f,Tissue Block,"Registered 4/16/2025, Sergii Domanskyi, TMC - UConn Health","10 x 10 x 10 millimeter, 10 millimeter, 1 Sections",https://data.sennetconsortium.org/sample?uuid=83a6446b5e2b0c695f46e95391f6120f,http://purl.org/ccf/1.5/bb233e40-a4ba-4c74-8407-aa32148ad700,10,10,10,Sergii Domanskyi,Sergii,Domanskyi,,0
https://entity.api.sennetconsortium.org/entities/8604756ca3139ea481abe22ee43e521d,Tissue Block,"Registered 6/4/2025, Sergii Domanskyi, TMC - UConn Health","4 x 15 x 25 millimeter, 4000 millimeter, 1 Sections",https://data.sennetconsortium.org/sample?uuid=8604756ca3139ea481abe22ee43e521d,http://purl.org/ccf/1.5/65142305-b40b-4bfd-91e5-f3ea6d51a257,4,15,25,Sergii Domanskyi,Sergii,Domanskyi,,0
https://entity.api.sennetconsortium.org/entities/8c15b11c0681c7959a956b898c8930c9,Tissue Block,"Registered 6/2/2025, Sergii Domanskyi, TMC - UConn Health","5 x 5 x 2 millimeter, 2 millimeter, 1 Sections",https://data.sennetconsortium.org/sample?uuid=8c15b11c0681c7959a956b898c8930c9,http://purl.org/ccf/1.5/4f1dd132-92ee-4a1f-9a80-9932bbd98cac,5,5,2,Sergii Domanskyi,Sergii,Domanskyi,,0
https://entity.api.sennetconsortium.org/entities/fddeb1940c55fc8278f7692b34716a7d,Tissue Block,"Registered 6/2/2025, Sergii Domanskyi, TMC - UConn Health","5 x 5 x 2 millimeter, 2 millimeter, 1 Sections",https://data.sennetconsortium.org/sample?uuid=fddeb1940c55fc8278f7692b34716a7d,http://purl.org/ccf/1.5/4f1dd132-92ee-4a1f-9a80-9932bbd98cac,5,5,2,Sergii Domanskyi,Sergii,Domanskyi,,0
https://entity.api.sennetconsortium.org/entities/8cc6f9eeff1b082b889c2014fbd0500c,Tissue Block,"Registered 3/4/2025, Sergii Domanskyi, TMC - UConn Health","5 x 5 x 2 millimeter, 2 millimeter, 1 Sections",https://data.sennetconsortium.org/sample?uuid=8cc6f9eeff1b082b889c2014fbd0500c,http://purl.org/ccf/1.5/5c0a02c3-9a5a-4280-89b9-2806896242c9,5,5,2,Sergii Domanskyi,Sergii,Domanskyi,,0
https://entity.api.sennetconsortium.org/entities/988f711694f9456d12bfa84937202fd7,Tissue Block,"Registered 3/4/2025, Sergii Domanskyi, TMC - UConn Health","5 x 5 x 2 millimeter, 2 millimeter, 1 Sections",https://data.sennetconsortium.org/sample?uuid=988f711694f9456d12bfa84937202fd7,http://purl.org/ccf/1.5/5c0a02c3-9a5a-4280-89b9-2806896242c9,5,5,2,Sergii Domanskyi,Sergii,Domanskyi,,0
https://entity.api.sennetconsortium.org/entities/8f41f611070380d2eefff155ae252832,Tissue Block,"Registered 3/4/2025, Sergii Domanskyi, TMC - UConn Health","5 x 5 x 2 millimeter, 2 millimeter, 1 Sections",https://data.sennetconsortium.org/sample?uuid=8f41f611070380d2eefff155ae252832,http://purl.org/ccf/1.5/3f210a67-a16d-4d09-b250-8222b026a4d8,5,5,2,Sergii Domanskyi,Sergii,Domanskyi,,0
https://entity.api.sennetconsortium.org/entities/dcc03d7ef5a524ce7738be3099e1e0c1,Tissue Block,"Registered 3/4/2025, Sergii Domanskyi, TMC - UConn Health","5 x 5 x 2 millimeter, 2 millimeter, 1 Sections",https://data.sennetconsortium.org/sample?uuid=dcc03d7ef5a524ce7738be3099e1e0c1,http://purl.org/ccf/1.5/3f210a67-a16d-4d09-b250-8222b026a4d8,5,5,2,Sergii Domanskyi,Sergii,Domanskyi,,0
https://entity.api.sennetconsortium.org/entities/94e269418c85f4df148ad968e4c44be5,Tissue Block,"Registered 6/6/2025, Ryan Thompson, TMC - Duke University","10 x 10 x 10 millimeter, 2.5 millimeter, 4 Sections",https://data.sennetconsortium.org/sample?uuid=94e269418c85f4df148ad968e4c44be5,http://purl.org/ccf/1.5/deed1b28-eb3e-40a6-9807-f443f2a41fa4,10,10,10,Sojin Kim,Sojin,Kim,,0
https://entity.api.sennetconsortium.org/entities/b11bbe9a4fd6347426c5de8e3babe37b,Tissue Block,"Registered 6/6/2025, Ryan Thompson, TMC - Duke University","10 x 10 x 10 millimeter, 2.5 millimeter, 4 Sections",https://data.sennetconsortium.org/sample?uuid=b11bbe9a4fd6347426c5de8e3babe37b,http://purl.org/ccf/1.5/deed1b28-eb3e-40a6-9807-f443f2a41fa4,10,10,10,Sojin Kim,Sojin,Kim,,0
https://entity.api.sennetconsortium.org/entities/fbc57297b89b3974d28e63a3f05ff0cd,Tissue Block,"Registered 6/6/2025, Ryan Thompson, TMC - Duke University","10 x 10 x 10 millimeter, 2.5 millimeter, 4 Sections",https://data.sennetconsortium.org/sample?uuid=fbc57297b89b3974d28e63a3f05ff0cd,http://purl.org/ccf/1.5/deed1b28-eb3e-40a6-9807-f443f2a41fa4,10,10,10,Sojin Kim,Sojin,Kim,,0
https://entity.api.sennetconsortium.org/entities/a87d42d59f72bb6d0173731f81d387c3,Tissue Block,"Registered 4/24/2025, Sergii Domanskyi, TMC - UConn Health","10 x 10 x 10 millimeter, 10 millimeter, 1 Sections",https://data.sennetconsortium.org/sample?uuid=a87d42d59f72bb6d0173731f81d387c3,http://purl.org/ccf/1.5/cdbec503-fd66-4da0-9861-4f434d1e6297,10,10,10,Sergii Domanskyi,Sergii,Domanskyi,,0
https://entity.api.sennetconsortium.org/entities/a920ac97666011d74a3fcb1a544c4a48,Tissue Block,"Registered 1/6/2026, Sergii Domanskyi, TMC - UConn Health","5 x 5 x 2 millimeter, 2 millimeter, 1 Sections",https://data.sennetconsortium.org/sample?uuid=a920ac97666011d74a3fcb1a544c4a48,http://purl.org/ccf/1.5/ba36c029-c68a-454d-b95a-9d20c6d8d650,5,5,2,Sergii Domanskyi,Sergii,Domanskyi,,0
https://entity.api.sennetconsortium.org/entities/e3b1ef795494bac09ee86e716055b337,Tissue Block,"Registered 12/17/2025, Sergii Domanskyi, TMC - UConn Health","5 x 5 x 2 millimeter, 2 millimeter, 1 Sections",https://data.sennetconsortium.org/sample?uuid=e3b1ef795494bac09ee86e716055b337,http://purl.org/ccf/1.5/ba36c029-c68a-454d-b95a-9d20c6d8d650,5,5,2,Sergii Domanskyi,Sergii,Domanskyi,,0
https://entity.api.sennetconsortium.org/entities/ad804a042c894cef0ec76ae165dd6a12,Tissue Block,"Registered 6/4/2025, Sergii Domanskyi, TMC - UConn Health","4 x 18 x 25 millimeter, 4000 millimeter, 1 Sections",https://data.sennetconsortium.org/sample?uuid=ad804a042c894cef0ec76ae165dd6a12,http://purl.org/ccf/1.5/4c1ee339-1495-48da-a514-b5cfd3a2cf5e,4,18,25,Sergii Domanskyi,Sergii,Domanskyi,,0
https://entity.api.sennetconsortium.org/entities/ae24269df4df1f1ed37477b5a1661cc9,Tissue Block,"Registered 4/24/2025, Sergii Domanskyi, TMC - UConn Health","10 x 10 x 10 millimeter, 10 millimeter, 1 Sections",https://data.sennetconsortium.org/sample?uuid=ae24269df4df1f1ed37477b5a1661cc9,http://purl.org/ccf/1.5/e0cb553f-e5fb-49da-89a8-2f35cecf8d3e,10,10,10,Sergii Domanskyi,Sergii,Domanskyi,,0
https://entity.api.sennetconsortium.org/entities/aeb0aa3fec67eda8378bac5828f7a6ec,Tissue Block,"Registered 6/4/2025, Sergii Domanskyi, TMC - UConn Health","4 x 15 x 25 millimeter, 4000 millimeter, 1 Sections",https://data.sennetconsortium.org/sample?uuid=aeb0aa3fec67eda8378bac5828f7a6ec,http://purl.org/ccf/1.5/9b993347-ed5b-488d-a2c4-1aafd1dde81f,4,15,25,Sergii Domanskyi,Sergii,Domanskyi,,0
https://entity.api.sennetconsortium.org/entities/b1ad1a229655bbc2581b6803292f1762,Tissue Block,"Registered 4/16/2025, Sergii Domanskyi, TMC - UConn Health","10 x 10 x 10 millimeter, 10 millimeter, 1 Sections",https://data.sennetconsortium.org/sample?uuid=b1ad1a229655bbc2581b6803292f1762,http://purl.org/ccf/1.5/88320b55-3892-4cbb-9d6e-a8257355563c,10,10,10,Sergii Domanskyi,Sergii,Domanskyi,,0
https://entity.api.sennetconsortium.org/entities/b5634f6337ac7ab88d378966f2af4a97,Tissue Block,"Registered 9/9/2025, Sergii Domanskyi, TMC - UConn Health","5 x 5 x 2 millimeter, 2 millimeter, 1 Sections",https://data.sennetconsortium.org/sample?uuid=b5634f6337ac7ab88d378966f2af4a97,http://purl.org/ccf/1.5/7e521bf7-d280-44b4-bab5-a3add0b35f34,5,5,2,Sergii Domanskyi,Sergii,Domanskyi,,0
https://entity.api.sennetconsortium.org/entities/fc3f3f00c0efd926dc5409035f077fd5,Tissue Block,"Registered 9/17/2025, Sergii Domanskyi, TMC - UConn Health","5 x 5 x 2 millimeter, 2 millimeter, 1 Sections",https://data.sennetconsortium.org/sample?uuid=fc3f3f00c0efd926dc5409035f077fd5,http://purl.org/ccf/1.5/7e521bf7-d280-44b4-bab5-a3add0b35f34,5,5,2,Sergii Domanskyi,Sergii,Domanskyi,,0
https://entity.api.sennetconsortium.org/entities/b64f33115f1097a089ff696a1496295a,Tissue Block,"Registered 6/2/2025, Sergii Domanskyi, TMC - UConn Health","5 x 5 x 2 millimeter, 2 millimeter, 1 Sections",https://data.sennetconsortium.org/sample?uuid=b64f33115f1097a089ff696a1496295a,http://purl.org/ccf/1.5/5d77d162-9018-4ffb-9d86-c9111d405410,5,5,2,Sergii Domanskyi,Sergii,Domanskyi,,0
https://entity.api.sennetconsortium.org/entities/ed1aba484cbb2708fa287f304973dd7f,Tissue Block,"Registered 6/2/2025, Sergii Domanskyi, TMC - UConn Health","5 x 5 x 2 millimeter, 2 millimeter, 1 Sections",https://data.sennetconsortium.org/sample?uuid=ed1aba484cbb2708fa287f304973dd7f,http://purl.org/ccf/1.5/5d77d162-9018-4ffb-9d86-c9111d405410,5,5,2,Sergii Domanskyi,Sergii,Domanskyi,,0
https://entity.api.sennetconsortium.org/entities/b71eb012da369e5f3545520a72064707,Tissue Block,"Registered 6/6/2025, Ryan Thompson, TMC - Duke University","10 x 10 x 10 millimeter, 2.5 millimeter, 4 Sections",https://data.sennetconsortium.org/sample?uuid=b71eb012da369e5f3545520a72064707,http://purl.org/ccf/1.5/9ef6ecbe-fbe9-4560-8c3b-9d04c4877d2c,10,10,10,Sojin Kim,Sojin,Kim,,0
https://entity.api.sennetconsortium.org/entities/ea26860099307a475a55b0cbec9202e2,Tissue Block,"Registered 6/6/2025, Ryan Thompson, TMC - Duke University","10 x 10 x 10 millimeter, 2.5 millimeter, 4 Sections",https://data.sennetconsortium.org/sample?uuid=ea26860099307a475a55b0cbec9202e2,http://purl.org/ccf/1.5/9ef6ecbe-fbe9-4560-8c3b-9d04c4877d2c,10,10,10,Sojin Kim,Sojin,Kim,,0
https://entity.api.sennetconsortium.org/entities/b891823bac4fc6c7426500bb447fee1c,Tissue Block,"Registered 9/9/2025, Sergii Domanskyi, TMC - UConn Health","7 x 5 x 2 millimeter, 2 millimeter, 1 Sections",https://data.sennetconsortium.org/sample?uuid=b891823bac4fc6c7426500bb447fee1c,http://purl.org/ccf/1.5/89f465fc-35a8-440a-9783-65a2fda6984e,7,5,2,Sergii Domanskyi,Sergii,Domanskyi,,0
https://entity.api.sennetconsortium.org/entities/f687c384134a84604edb5eaaf9c08c67,Tissue Block,"Registered 9/17/2025, Sergii Domanskyi, TMC - UConn Health","7 x 5 x 2 millimeter, 2 millimeter, 1 Sections",https://data.sennetconsortium.org/sample?uuid=f687c384134a84604edb5eaaf9c08c67,http://purl.org/ccf/1.5/89f465fc-35a8-440a-9783-65a2fda6984e,7,5,2,Sergii Domanskyi,Sergii,Domanskyi,,0
https://entity.api.sennetconsortium.org/entities/c8dc4ddadd7b66745471576b90dd4082,Tissue Block,"Registered 3/4/2025, Sergii Domanskyi, TMC - UConn Health","5 x 5 x 2 millimeter, 2 millimeter, 1 Sections",https://data.sennetconsortium.org/sample?uuid=c8dc4ddadd7b66745471576b90dd4082,http://purl.org/ccf/1.5/66d6bc1c-f87b-4156-a5ab-af13a7dcb2fd,5,5,2,Sergii Domanskyi,Sergii,Domanskyi,,0
https://entity.api.sennetconsortium.org/entities/f6667c0147a814db2613672d66d17880,Tissue Block,"Registered 3/4/2025, Sergii Domanskyi, TMC - UConn Health","5 x 5 x 2 millimeter, 2 millimeter, 1 Sections",https://data.sennetconsortium.org/sample?uuid=f6667c0147a814db2613672d66d17880,http://purl.org/ccf/1.5/66d6bc1c-f87b-4156-a5ab-af13a7dcb2fd,5,5,2,Sergii Domanskyi,Sergii,Domanskyi,,0
https://entity.api.sennetconsortium.org/entities/d357a5ace57f17b76174514496d93eca,Tissue Block,"Registered 6/4/2025, Sergii Domanskyi, TMC - UConn Health","4 x 18 x 25 millimeter, 4000 millimeter, 1 Sections",https://data.sennetconsortium.org/sample?uuid=d357a5ace57f17b76174514496d93eca,http://purl.org/ccf/1.5/6981071b-9424-4bfc-a2d6-a4413abe73c0,4,18,25,Sergii Domanskyi,Sergii,Domanskyi,,0
https://entity.api.sennetconsortium.org/entities/dd53dedfeb489340f72bfbc8dec3b12d,Tissue Block,"Registered 3/4/2025, Sergii Domanskyi, TMC - UConn Health","7 x 5 x 2 millimeter, 2 millimeter, 1 Sections",https://data.sennetconsortium.org/sample?uuid=dd53dedfeb489340f72bfbc8dec3b12d,http://purl.org/ccf/1.5/64d7bf1b-a51a-4d67-bc18-dee5be689e5a,7,5,2,Sergii Domanskyi,Sergii,Domanskyi,,0
https://entity.api.sennetconsortium.org/entities/fb68489d0abc13faa51b0927f38b6ee5,Tissue Block,"Registered 3/4/2025, Sergii Domanskyi, TMC - UConn Health","7 x 5 x 2 millimeter, 2 millimeter, 1 Sections",https://data.sennetconsortium.org/sample?uuid=fb68489d0abc13faa51b0927f38b6ee5,http://purl.org/ccf/1.5/64d7bf1b-a51a-4d67-bc18-dee5be689e5a,7,5,2,Sergii Domanskyi,Sergii,Domanskyi,,0
https://entity.api.sennetconsortium.org/entities/f1c7f702360a43699323877ebde2a763,Tissue Block,"Registered 6/4/2025, Sergii Domanskyi, TMC - UConn Health","4 x 18 x 25 millimeter, 4000 millimeter, 1 Sections",https://data.sennetconsortium.org/sample?uuid=f1c7f702360a43699323877ebde2a763,http://purl.org/ccf/1.5/cdccd59c-0596-431d-9765-8fcf544a6708,4,18,25,Sergii Domanskyi,Sergii,Domanskyi,,0
https://entity.api.sennetconsortium.org/entities/f8cddf6188472ee98410718eb0b25f05,Tissue Block,"Registered 3/4/2025, Sergii Domanskyi, TMC - UConn Health","5 x 5 x 2 millimeter, 2 millimeter, 1 Sections",https://data.sennetconsortium.org/sample?uuid=f8cddf6188472ee98410718eb0b25f05,http://purl.org/ccf/1.5/b5681c4d-b071-434a-b5a6-03f55c8dc7e4,5,5,2,Sergii Domanskyi,Sergii,Domanskyi,,0
https://entity.api.sennetconsortium.org/entities/fe63169ca35d1c61a68be65e627b2017,Tissue Block,"Registered 3/4/2025, Sergii Domanskyi, TMC - UConn Health","5 x 5 x 2 millimeter, 2 millimeter, 1 Sections",https://data.sennetconsortium.org/sample?uuid=fe63169ca35d1c61a68be65e627b2017,http://purl.org/ccf/1.5/b5681c4d-b071-434a-b5a6-03f55c8dc7e4,5,5,2,Sergii Domanskyi,Sergii,Domanskyi,,0
https://entity.api.hubmapconsortium.org/entities/2f06d89dc9a0fb76cc3e12ba16b5a75a,Tissue Block,"Registered 4/24/2026, Jing Chen, TMC - Pacific Northwest National Laboratory","5.730398187703205 x 17.616202280308773 x 20.37343979841318 millimeter, 20.4 millimeter, 1 Sections",https://portal.hubmapconsortium.org/browse/sample/2f06d89dc9a0fb76cc3e12ba16b5a75a,http://purl.org/ccf/1.5/bf8f5c01-93d5-4814-8a75-44aec78a8f5e,5.730398187703205,17.61620228030877,20.37343979841318,Antara Bhavsar,Antara,Bhavsar,,0
https://entity.api.hubmapconsortium.org/entities/3e0ebb9f67f8a412de5453f15f66401b,Tissue Block,"Registered 4/24/2026, Jing Chen, TMC - Pacific Northwest National Laboratory","4.836786199339888 x 8.483549590587309 x 21.352082289226395 millimeter, 21.4 millimeter, 1 Sections",https://portal.hubmapconsortium.org/browse/sample/3e0ebb9f67f8a412de5453f15f66401b,http://purl.org/ccf/1.5/d5cb6263-14f0-46a3-b18f-f50e4590c979,4.836786199339888,8.483549590587309,21.3520822892264,Antara Bhavsar,Antara,Bhavsar,,0
https://entity.api.hubmapconsortium.org/entities/571759f0f5a8dae5838a7c1911e5cb87,Tissue Block,"Registered 4/24/2026, Jing Chen, TMC - Pacific Northwest National Laboratory","10.923887098226794 x 18.154411134856247 x 42.55595258480508 millimeter, 42.6 millimeter, 1 Sections",https://portal.hubmapconsortium.org/browse/sample/571759f0f5a8dae5838a7c1911e5cb87,http://purl.org/ccf/1.5/d9c7000c-dea5-4a68-b91d-52d253e4c894,10.92388709822679,18.15441113485625,42.55595258480508,Antara Bhavsar,Antara,Bhavsar,,0
https://entity.api.hubmapconsortium.org/entities/8e9688ec287d9e80f963231e30dfe7dc,Tissue Block,"Registered 2/11/2026, C. NORDGREN, TMC - University of Pennsylvania","4.500160022652954 x 11.207233326726886 x 14.583975552436703 millimeter, 7.3 millimeter, 2 Sections",https://portal.hubmapconsortium.org/browse/sample/8e9688ec287d9e80f963231e30dfe7dc,http://purl.org/ccf/1.5/b2843d42-5296-4e38-a6a3-219442a3b08f,4.500160022652954,11.20723332672689,14.5839755524367,Antara Bhavsar,Antara,Bhavsar,,0
https://entity.api.hubmapconsortium.org/entities/ad3e61806f5ba9593787559560c050ea,Tissue Block,"Registered 4/24/2026, Jing Chen, TMC - Pacific Northwest National Laboratory","4.164702846310965 x 9.289576712064651 x 25.699128028785776 millimeter, 25.7 millimeter, 1 Sections",https://portal.hubmapconsortium.org/browse/sample/ad3e61806f5ba9593787559560c050ea,http://purl.org/ccf/1.5/cdef3735-6b34-4bf6-9835-e06ab96757fe,4.164702846310965,9.289576712064651,25.69912802878578,Antara Bhavsar,Antara,Bhavsar,,0
https://entity.api.hubmapconsortium.org/entities/c0de9cca87decbe94f944ea14f9aa064,Tissue Block,"Registered 4/24/2026, Jing Chen, TMC - Pacific Northwest National Laboratory","7.728642767307439 x 9.800318481048793 x 31.90903272797852 millimeter, 31.9 millimeter, 1 Sections",https://portal.hubmapconsortium.org/browse/sample/c0de9cca87decbe94f944ea14f9aa064,http://purl.org/ccf/1.5/c250e79e-359c-493b-b72f-a07a6ba5f202,7.728642767307439,9.800318481048793,31.90903272797852,Antara Bhavsar,Antara,Bhavsar,,0
https://entity.api.hubmapconsortium.org/entities/c2bbeaebdad85b7c3f0d64257b25f370,Tissue Block,"Registered 2/11/2026, C. NORDGREN, TMC - University of Pennsylvania","0.7262824612687263 x 3.8721673131660896 x 7.463564826877669 millimeter, 3.7 millimeter, 2 Sections",https://portal.hubmapconsortium.org/browse/sample/c2bbeaebdad85b7c3f0d64257b25f370,http://purl.org/ccf/1.5/edb2135f-57c1-4371-aa43-b74384aa22ef,0.7262824612687263,3.87216731316609,7.463564826877669,Antara Bhavsar,Antara,Bhavsar,,0
https://entity.api.hubmapconsortium.org/entities/e68e345199b25c1d6d94c2fa25e9b13b,Tissue Block,"Registered 4/24/2026, Jing Chen, TMC - Pacific Northwest National Laboratory","14.212026679691403 x 30.605366277087974 x 30.76805897488031 millimeter, 30.8 millimeter, 1 Sections",https://portal.hubmapconsortium.org/browse/sample/e68e345199b25c1d6d94c2fa25e9b13b,http://purl.org/ccf/1.5/fabbb82a-9722-4e47-b4f2-b309554264d2,14.2120266796914,30.60536627708797,30.76805897488031,Antara Bhavsar,Antara,Bhavsar,,0
https://entity.api.hubmapconsortium.org/entities/fecce9c24249d05363bff6e63292bbb8,Tissue Block,"Registered 4/24/2026, Jing Chen, TMC - Pacific Northwest National Laboratory","3.9478479325890103 x 10.492285853365507 x 19.921030792263696 millimeter, 19.9 millimeter, 1 Sections",https://portal.hubmapconsortium.org/browse/sample/fecce9c24249d05363bff6e63292bbb8,http://purl.org/ccf/1.5/b9f2c48d-0c69-4728-8db6-a4d5de2d6cb7,3.94784793258901,10.49228585336551,19.9210307922637,Antara Bhavsar,Antara,Bhavsar,,0
https://entity.api.hubmapconsortium.org/entities/00149d1450ae558e2354936b13045f1d,Tissue Block,"Registered 2/11/2026, C. NORDGREN, TMC - University of Pennsylvania","3.51955222842097 x 4.446170146553936 x 6.1035934165677235 millimeter, 6.1 millimeter, 1 Sections",https://portal.hubmapconsortium.org/browse/sample/00149d1450ae558e2354936b13045f1d,http://purl.org/ccf/1.5/8343be0c-0ada-4ba9-ac3e-65602604db5f,3.51955222842097,4.446170146553936,6.103593416567723,Antara Bhavsar,Antara,Bhavsar,,0
https://entity.api.hubmapconsortium.org/entities/0124d846cc36c40d3ce9b40cc697875f,Tissue Block,"Registered 2/11/2026, C. NORDGREN, TMC - University of Pennsylvania","1.30186137671472 x 3.0290542418267017 x 4.064248686662953 millimeter, 4.1 millimeter, 1 Sections",https://portal.hubmapconsortium.org/browse/sample/0124d846cc36c40d3ce9b40cc697875f,http://purl.org/ccf/1.5/a9ebc61d-a54b-494f-8cf1-e4b167e4ec40,1.30186137671472,3.029054241826702,4.064248686662953,Antara Bhavsar,Antara,Bhavsar,,0
https://entity.api.hubmapconsortium.org/entities/0129caf0e66fe67754475dc71e6706de,Tissue Block,"Registered 4/16/2026, C. NORDGREN, TMC - University of Pennsylvania","4.887974395084826 x 10.48136355182003 x 28.7029390414017 millimeter, 14.4 millimeter, 2 Sections",https://portal.hubmapconsortium.org/browse/sample/0129caf0e66fe67754475dc71e6706de,http://purl.org/ccf/1.5/8804cb53-d3f6-43a0-a301-f9b73a08d36a,4.887974395084826,10.48136355182003,28.7029390414017,Antara Bhavsar,Antara,Bhavsar,,0
https://entity.api.hubmapconsortium.org/entities/0270434921c8385547f5788e0a09244a,Tissue Block,"Registered 2/19/2026, Jamie Allen, TMC-Vanderbilt","10.714171998589421 x 10.959875645352575 x 26.844024565040918 millimeter, 5.4 millimeter, 5 Sections",https://portal.hubmapconsortium.org/browse/sample/0270434921c8385547f5788e0a09244a,http://purl.org/ccf/1.5/cc4484db-3cf8-41e7-826e-c56ddc08945a,10.71417199858942,10.95987564535258,26.84402456504092,Antara Bhavsar,Antara,Bhavsar,,0
https://entity.api.hubmapconsortium.org/entities/0369cc4727f10b7e3b986e60ad12d7c7,Tissue Block,"Registered 2/11/2026, C. NORDGREN, TMC - University of Pennsylvania","1.544871534140249 x 1.6907236526730656 x 2.929757979300311 millimeter, 2.9 millimeter, 0 Sections",https://portal.hubmapconsortium.org/browse/sample/0369cc4727f10b7e3b986e60ad12d7c7,http://purl.org/ccf/1.5/30104167-1652-4e3b-8c0f-2d9de7e022a7,1.544871534140249,1.690723652673066,2.929757979300311,Antara Bhavsar,Antara,Bhavsar,,0
https://entity.api.hubmapconsortium.org/entities/036b4b8383698bce1b43f870efc78899,Tissue Block,"Registered 2/11/2026, C. NORDGREN, TMC - University of Pennsylvania","2.678476849507758 x 3.4602462149877637 x 14.991796598784598 millimeter, 15 millimeter, 1 Sections",https://portal.hubmapconsortium.org/browse/sample/036b4b8383698bce1b43f870efc78899,http://purl.org/ccf/1.5/7d0f25ba-0278-489d-a8d7-e4bddaa9dbc1,2.678476849507758,3.460246214987764,14.9917965987846,Antara Bhavsar,Antara,Bhavsar,,0
https://entity.api.hubmapconsortium.org/entities/03b0a1a06b08994a8dfdb14f85233e29,Tissue Block,"Registered 4/24/2026, Jing Chen, TMC - Pacific Northwest National Laboratory","17.632604562950156 x 25.535065129908634 x 30.82926634683568 millimeter, 15.4 millimeter, 2 Sections",https://portal.hubmapconsortium.org/browse/sample/03b0a1a06b08994a8dfdb14f85233e29,http://purl.org/ccf/1.5/714182b0-dd38-4cf2-89b7-41d2df9fc8ff,17.63260456295016,25.53506512990863,30.82926634683568,Antara Bhavsar,Antara,Bhavsar,,0
https://entity.api.hubmapconsortium.org/entities/046ccee2025e7d63db4d8ce12861e9ac,Tissue Block,"Registered 2/11/2026, C. NORDGREN, TMC - University of Pennsylvania","1.0928143217274893 x 2.0348013538841174 x 3.004307879031994 millimeter, 1.5 millimeter, 2 Sections",https://portal.hubmapconsortium.org/browse/sample/046ccee2025e7d63db4d8ce12861e9ac,http://purl.org/ccf/1.5/6c703a47-9498-4de5-b4ea-682af8205fae,1.092814321727489,2.034801353884117,3.004307879031994,Antara Bhavsar,Antara,Bhavsar,,0
https://entity.api.hubmapconsortium.org/entities/05fad7134a50c799b72c006fe8e75e1a,Tissue Block,"Registered 2/11/2026, C. NORDGREN, TMC - University of Pennsylvania","5.658783925835347 x 10.915355545099068 x 15.315623566723005 millimeter, 15.3 millimeter, 1 Sections",https://portal.hubmapconsortium.org/browse/sample/05fad7134a50c799b72c006fe8e75e1a,http://purl.org/ccf/1.5/34a30ccb-1132-4efd-921c-30d0c830a6e1,5.658783925835347,10.91535554509907,15.315623566723,Antara Bhavsar,Antara,Bhavsar,,0
https://entity.api.hubmapconsortium.org/entities/0fa929b0691922bcaf8f5fadb3fd2025,Tissue Block,"Registered 4/16/2026, C. NORDGREN, TMC - University of Pennsylvania","1.1996963892987456 x 1.9373762286698906 x 3.1547311328387617 millimeter, 3.2 millimeter, 1 Sections",https://portal.hubmapconsortium.org/browse/sample/0fa929b0691922bcaf8f5fadb3fd2025,http://purl.org/ccf/1.5/c4bcdbf7-a729-452e-848e-1b5a2fc2ca64,1.199696389298746,1.937376228669891,3.154731132838762,Antara Bhavsar,Antara,Bhavsar,,0
https://entity.api.hubmapconsortium.org/entities/14fc3e3b7f5164edb7d6cf13e8bb7048,Tissue Block,"Registered 6/9/2026, Jing Chen, TMC - Pacific Northwest National Laboratory","4.051551206663584 x 11.630799671302878 x 21.554928999899087 millimeter, 5.4 millimeter, 4 Sections",https://portal.hubmapconsortium.org/browse/sample/14fc3e3b7f5164edb7d6cf13e8bb7048,http://purl.org/ccf/1.5/33c92bce-1a90-44af-b1ca-faf6fcb638ba,4.051551206663584,11.63079967130288,21.55492899989909,Antara Bhavsar,Antara,Bhavsar,,0
https://entity.api.hubmapconsortium.org/entities/173ba352676115f41fedce488a58a61a,Tissue Block,"Registered 2/11/2026, STEPHEN FISHER, TMC - University of Pennsylvania","3.51955222842097 x 4.446170146553936 x 6.1035934165677235 millimeter, 3.1 millimeter, 2 Sections",https://portal.hubmapconsortium.org/browse/sample/173ba352676115f41fedce488a58a61a,http://purl.org/ccf/1.5/9996f089-4111-470a-9095-96bae261f019,3.51955222842097,4.446170146553936,6.103593416567723,Antara Bhavsar,Antara,Bhavsar,,0
https://entity.api.hubmapconsortium.org/entities/183b112f104b07e5b837243f317cac99,Tissue Block,"Registered 2/11/2026, C. NORDGREN, TMC - University of Pennsylvania","1.3627376905425044 x 2.7263518842258803 x 3.580283941963252 millimeter, 1.8 millimeter, 2 Sections",https://portal.hubmapconsortium.org/browse/sample/183b112f104b07e5b837243f317cac99,http://purl.org/ccf/1.5/5f7eff80-daf0-4375-9998-fdf468584174,1.362737690542504,2.72635188422588,3.580283941963252,Antara Bhavsar,Antara,Bhavsar,,0
https://entity.api.hubmapconsortium.org/entities/189a3aae26d73aca7f2275c67d6e3f16,Tissue Block,"Registered 2/11/2026, C. NORDGREN, TMC - University of Pennsylvania","1.8786281401633915 x 1.9547815578738088 x 2.8788078011589695 millimeter, 2.9 millimeter, 0 Sections",https://portal.hubmapconsortium.org/browse/sample/189a3aae26d73aca7f2275c67d6e3f16,http://purl.org/ccf/1.5/68bbc0b8-1856-4233-a0e6-e4de4b300961,1.878628140163392,1.954781557873809,2.87880780115897,Antara Bhavsar,Antara,Bhavsar,,0
https://entity.api.hubmapconsortium.org/entities/1ab8ea4bfabb7fb3fe5ceaba1e12ac8c,Tissue Block,"Registered 2/11/2026, C. NORDGREN, TMC - University of Pennsylvania","3.9227552800098278 x 6.145069763367837 x 7.234201046873853 millimeter, 7.2 millimeter, 1 Sections",https://portal.hubmapconsortium.org/browse/sample/1ab8ea4bfabb7fb3fe5ceaba1e12ac8c,http://purl.org/ccf/1.5/2ceea781-91fa-40d6-9fdd-e410ff1919bb,3.922755280009828,6.145069763367837,7.234201046873853,Antara Bhavsar,Antara,Bhavsar,,0
https://entity.api.hubmapconsortium.org/entities/1d4dd0c82ab32855591e011eff28794c,Tissue Block,"Registered 2/11/2026, C. NORDGREN, TMC - University of Pennsylvania","2.3826213453049 x 4.805193318999852 x 10.144408780679743 millimeter, 10.1 millimeter, 1 Sections",https://portal.hubmapconsortium.org/browse/sample/1d4dd0c82ab32855591e011eff28794c,http://purl.org/ccf/1.5/50c09d5b-7394-498c-9b68-ee004d0f959d,2.3826213453049,4.805193318999852,10.14440878067974,Antara Bhavsar,Antara,Bhavsar,,0
https://entity.api.hubmapconsortium.org/entities/24c7b9a03c96c9807b9b370f55bc9a84,Tissue Block,"Registered 2/11/2026, C. NORDGREN, TMC - University of Pennsylvania","5.672807475631609 x 7.639830010532863 x 8.30759955730273 millimeter, 8.3 millimeter, 1 Sections",https://portal.hubmapconsortium.org/browse/sample/24c7b9a03c96c9807b9b370f55bc9a84,http://purl.org/ccf/1.5/1c76d871-e7a9-4b94-bc46-b5e644566500,5.672807475631609,7.639830010532863,8.30759955730273,Antara Bhavsar,Antara,Bhavsar,,0
https://entity.api.hubmapconsortium.org/entities/25869cc536079d9470e092fb7642d780,Tissue Block,"Registered 2/11/2026, C. NORDGREN, TMC - University of Pennsylvania","3.9227552800098278 x 6.145069763367837 x 7.234201046873853 millimeter, 7.2 millimeter, 1 Sections",https://portal.hubmapconsortium.org/browse/sample/25869cc536079d9470e092fb7642d780,http://purl.org/ccf/1.5/a2e48e04-6587-4fb4-bec3-34b3c4b80a0b,3.922755280009828,6.145069763367837,7.234201046873853,Antara Bhavsar,Antara,Bhavsar,,0
https://entity.api.hubmapconsortium.org/entities/26e282ccc66545288f3d1e400d418b93,Tissue Block,"Registered 2/11/2026, C. NORDGREN, TMC - University of Pennsylvania","5.538265384031811 x 7.6854351352691825 x 26.04693235422768 millimeter, 26 millimeter, 1 Sections",https://portal.hubmapconsortium.org/browse/sample/26e282ccc66545288f3d1e400d418b93,http://purl.org/ccf/1.5/71a8f3bd-5c04-41ef-93ef-72f791394ee2,5.538265384031811,7.685435135269183,26.04693235422768,Antara Bhavsar,Antara,Bhavsar,,0
https://entity.api.hubmapconsortium.org/entities/273cf409b3b9e4b63916fdbbe156aba8,Tissue Block,"Registered 2/11/2026, C. NORDGREN, TMC - University of Pennsylvania","3.7388589130847363 x 3.75908759853826 x 3.794994515294733 millimeter, 1.9 millimeter, 2 Sections",https://portal.hubmapconsortium.org/browse/sample/273cf409b3b9e4b63916fdbbe156aba8,http://purl.org/ccf/1.5/4a242bcc-fc9d-4686-b317-54531a864951,3.738858913084736,3.75908759853826,3.794994515294733,Antara Bhavsar,Antara,Bhavsar,,0
https://entity.api.hubmapconsortium.org/entities/28b425e5dda83f0a6bf02e141f93ec53,Tissue Block,"Registered 2/11/2026, C. NORDGREN, TMC - University of Pennsylvania","1.5803103589697303 x 1.61141198837137 x 2.1721122092030822 millimeter, 1.1 millimeter, 2 Sections",https://portal.hubmapconsortium.org/browse/sample/28b425e5dda83f0a6bf02e141f93ec53,http://purl.org/ccf/1.5/069e7b8c-5f0f-40dd-8ac0-113daac34b6a,1.58031035896973,1.61141198837137,2.172112209203082,Antara Bhavsar,Antara,Bhavsar,,0
https://entity.api.hubmapconsortium.org/entities/2fd3e97060385365900de69b5f8b8c2f,Tissue Block,"Registered 2/11/2026, C. NORDGREN, TMC - University of Pennsylvania","3.3007780531618804 x 3.6731468659929605 x 4.954736828547252 millimeter, 5 millimeter, 0 Sections",https://portal.hubmapconsortium.org/browse/sample/2fd3e97060385365900de69b5f8b8c2f,http://purl.org/ccf/1.5/403011c4-a48f-4790-92b0-dd20e231c001,3.30077805316188,3.67314686599296,4.954736828547252,Antara Bhavsar,Antara,Bhavsar,,0
https://entity.api.hubmapconsortium.org/entities/30f1ef626f76d9f9609f472e0be68913,Tissue Block,"Registered 2/11/2026, C. NORDGREN, TMC - University of Pennsylvania","2.387034342983193 x 3.441427727377818 x 3.929115955296344 millimeter, 2 millimeter, 2 Sections",https://portal.hubmapconsortium.org/browse/sample/30f1ef626f76d9f9609f472e0be68913,http://purl.org/ccf/1.5/0cf26d63-b27e-4f94-9905-771f27869a8c,2.387034342983193,3.441427727377818,3.929115955296344,Antara Bhavsar,Antara,Bhavsar,,0
https://entity.api.hubmapconsortium.org/entities/3174e47ceb1e5914b748ff2dab33e9fc,Tissue Block,"Registered 2/11/2026, C. NORDGREN, TMC - University of Pennsylvania","3.0107969038114453 x 5.777116160983348 x 6.078388298592552 millimeter, 6.1 millimeter, 1 Sections",https://portal.hubmapconsortium.org/browse/sample/3174e47ceb1e5914b748ff2dab33e9fc,http://purl.org/ccf/1.5/cef0e8a3-e0f4-46cd-8381-694e8aae5bd9,3.010796903811445,5.777116160983348,6.078388298592552,Antara Bhavsar,Antara,Bhavsar,,0
https://entity.api.hubmapconsortium.org/entities/33c0fd1c5ef60f54a50c2e63720784f5,Tissue Block,"Registered 4/16/2026, C. NORDGREN, TMC - University of Pennsylvania","1.3339245381236655 x 2.302753657574614 x 8.161186924594617 millimeter, 8.2 millimeter, 1 Sections",https://portal.hubmapconsortium.org/browse/sample/33c0fd1c5ef60f54a50c2e63720784f5,http://purl.org/ccf/1.5/b1e2058c-a531-4998-814c-abe8e35717d0,1.333924538123666,2.302753657574614,8.161186924594617,Antara Bhavsar,Antara,Bhavsar,,0
https://entity.api.hubmapconsortium.org/entities/3a3a06766935c5fb37f4298863bb0681,Tissue Block,"Registered 2/11/2026, C. NORDGREN, TMC - University of Pennsylvania","2.099499678848482 x 3.4171450306338667 x 12.856246034447633 millimeter, 12.9 millimeter, 1 Sections",https://portal.hubmapconsortium.org/browse/sample/3a3a06766935c5fb37f4298863bb0681,http://purl.org/ccf/1.5/3f0afdf6-00d1-45bd-90e3-f7759207f0fb,2.099499678848482,3.417145030633867,12.85624603444763,Antara Bhavsar,Antara,Bhavsar,,0
https://entity.api.hubmapconsortium.org/entities/42db2b3605694275c8756c2b663ffc0c,Tissue Block,"Registered 2/11/2026, STEPHEN FISHER, TMC - University of Pennsylvania","3.1978570147236676 x 4.074149151616315 x 4.9026636707794236 millimeter, 4.9 millimeter, 1 Sections",https://portal.hubmapconsortium.org/browse/sample/42db2b3605694275c8756c2b663ffc0c,http://purl.org/ccf/1.5/b34dca4b-a94a-4b65-aa6d-8a1d9c2d8934,3.197857014723668,4.074149151616315,4.902663670779424,Antara Bhavsar,Antara,Bhavsar,,0
https://entity.api.hubmapconsortium.org/entities/447a73cbfaf4aeb0633237e923d1c22a,Tissue Block,"Registered 4/16/2026, C. NORDGREN, TMC - University of Pennsylvania","3.0008811051556146 x 3.18375384768128 x 4.436340380296262 millimeter, 4.4 millimeter, 1 Sections",https://portal.hubmapconsortium.org/browse/sample/447a73cbfaf4aeb0633237e923d1c22a,http://purl.org/ccf/1.5/249bb1b8-03b2-421d-8bdf-bf15bf023f74,3.000881105155615,3.18375384768128,4.436340380296262,Antara Bhavsar,Antara,Bhavsar,,0
https://entity.api.hubmapconsortium.org/entities/45b40131c54d168ffe550ea637bb1b43,Tissue Block,"Registered 2/11/2026, C. NORDGREN, TMC - University of Pennsylvania","1.7650757902904073 x 4.124955733285176 x 7.476691615256306 millimeter, 3.7 millimeter, 2 Sections",https://portal.hubmapconsortium.org/browse/sample/45b40131c54d168ffe550ea637bb1b43,http://purl.org/ccf/1.5/ea30e956-fc7e-43f7-a12a-e6e5b5b200f7,1.765075790290407,4.124955733285176,7.476691615256306,Antara Bhavsar,Antara,Bhavsar,,0
https://entity.api.hubmapconsortium.org/entities/469296098421f5c0d96468aa64df69dc,Tissue Block,"Registered 2/11/2026, C. NORDGREN, TMC - University of Pennsylvania","1.1996963892987456 x 1.9373762286698906 x 3.1547311328387617 millimeter, 3.2 millimeter, 1 Sections",https://portal.hubmapconsortium.org/browse/sample/469296098421f5c0d96468aa64df69dc,http://purl.org/ccf/1.5/5401f16b-2424-4b52-92f7-3d6b034b584b,1.199696389298746,1.937376228669891,3.154731132838762,Antara Bhavsar,Antara,Bhavsar,,0
https://entity.api.hubmapconsortium.org/entities/493f4ecfc830acde9ef2c97182ca67c3,Tissue Block,"Registered 2/11/2026, C. NORDGREN, TMC - University of Pennsylvania","3.09079567536285 x 4.458067249555283 x 7.581786232711465 millimeter, 7.6 millimeter, 1 Sections",https://portal.hubmapconsortium.org/browse/sample/493f4ecfc830acde9ef2c97182ca67c3,http://purl.org/ccf/1.5/0cbbf438-3118-4cc4-91f1-f28490f42655,3.09079567536285,4.458067249555283,7.581786232711465,Antara Bhavsar,Antara,Bhavsar,,0
https://entity.api.hubmapconsortium.org/entities/4b5430775e5cb4e8c9a664738db2f39b,Tissue Block,"Registered 2/11/2026, C. NORDGREN, TMC - University of Pennsylvania","4.121737051993847 x 5.314128165406793 x 6.543967861940638 millimeter, 6.5 millimeter, 1 Sections",https://portal.hubmapconsortium.org/browse/sample/4b5430775e5cb4e8c9a664738db2f39b,http://purl.org/ccf/1.5/63cd3c01-8ed1-4861-a2c0-7606857e3879,4.121737051993847,5.314128165406793,6.543967861940638,Antara Bhavsar,Antara,Bhavsar,,0
https://entity.api.hubmapconsortium.org/entities/4bd0dbd648ce125aa489fe8fe75ccc7d,Tissue Block,"Registered 2/11/2026, C. NORDGREN, TMC - University of Pennsylvania","1.280580597515777 x 2.3229488334478985 x 2.348389843158079 millimeter, 2.3 millimeter, 1 Sections",https://portal.hubmapconsortium.org/browse/sample/4bd0dbd648ce125aa489fe8fe75ccc7d,http://purl.org/ccf/1.5/3d31137f-f0f9-4119-b969-b1583576e1b3,1.280580597515777,2.322948833447898,2.348389843158079,Antara Bhavsar,Antara,Bhavsar,,0
https://entity.api.hubmapconsortium.org/entities/4ddcb18d3e987b8ff2dd676cd5e0e946,Tissue Block,"Registered 2/11/2026, C. NORDGREN, TMC - University of Pennsylvania","5.538265384031811 x 7.6854351352691825 x 26.04693235422768 millimeter, 26 millimeter, 1 Sections",https://portal.hubmapconsortium.org/browse/sample/4ddcb18d3e987b8ff2dd676cd5e0e946,http://purl.org/ccf/1.5/a4c55fda-7be7-4abc-b2b1-bfd270399851,5.538265384031811,7.685435135269183,26.04693235422768,Antara Bhavsar,Antara,Bhavsar,,0
https://entity.api.hubmapconsortium.org/entities/514b6e2573a84ca235982e19be2be41d,Tissue Block,"Registered 2/11/2026, C. NORDGREN, TMC - University of Pennsylvania","5.538265384031811 x 7.6854351352691825 x 26.04693235422768 millimeter, 26 millimeter, 1 Sections",https://portal.hubmapconsortium.org/browse/sample/514b6e2573a84ca235982e19be2be41d,http://purl.org/ccf/1.5/c14aee52-c8db-458b-aac4-d0ef1c682513,5.538265384031811,7.685435135269183,26.04693235422768,Antara Bhavsar,Antara,Bhavsar,,0
https://entity.api.hubmapconsortium.org/entities/51b99cc5ee080378f16d80ef672835e4,Tissue Block,"Registered 2/11/2026, STEPHEN FISHER, TMC - University of Pennsylvania","3.51955222842097 x 4.446170146553936 x 6.1035934165677235 millimeter, 6.1 millimeter, 1 Sections",https://portal.hubmapconsortium.org/browse/sample/51b99cc5ee080378f16d80ef672835e4,http://purl.org/ccf/1.5/c73c22a5-c4ca-4e8e-bdf1-310c06a1c620,3.51955222842097,4.446170146553936,6.103593416567723,Antara Bhavsar,Antara,Bhavsar,,0
https://entity.api.hubmapconsortium.org/entities/55125d3fcec99dccdb72b13a3961fd9c,Tissue Block,"Registered 2/11/2026, C. NORDGREN, TMC - University of Pennsylvania","6.54531560667372 x 6.824774781208045 x 14.958794260511791 millimeter, 7.5 millimeter, 2 Sections",https://portal.hubmapconsortium.org/browse/sample/55125d3fcec99dccdb72b13a3961fd9c,http://purl.org/ccf/1.5/6b11eda7-55e1-460a-995f-d3481a0a4255,6.54531560667372,6.824774781208045,14.95879426051179,Antara Bhavsar,Antara,Bhavsar,,0
https://entity.api.hubmapconsortium.org/entities/572310d9ed94cc4a255359720b6d1efe,Tissue Block,"Registered 2/11/2026, C. NORDGREN, TMC - University of Pennsylvania","3.3927048447035997 x 3.878374947472221 x 5.848863414572114 millimeter, 2.9 millimeter, 2 Sections",https://portal.hubmapconsortium.org/browse/sample/572310d9ed94cc4a255359720b6d1efe,http://purl.org/ccf/1.5/b7b71d73-365b-46e8-9d57-1c607faba91b,3.3927048447036,3.878374947472221,5.848863414572114,Antara Bhavsar,Antara,Bhavsar,,0
https://entity.api.hubmapconsortium.org/entities/58a3e44a26929001eba18db945d83df8,Tissue Block,"Registered 2/11/2026, C. NORDGREN, TMC - University of Pennsylvania","1.66648605240945 x 3.7296539706647356 x 6.610914935009314 millimeter, 6.6 millimeter, 1 Sections",https://portal.hubmapconsortium.org/browse/sample/58a3e44a26929001eba18db945d83df8,http://purl.org/ccf/1.5/819814af-fe89-4b8b-8bc9-e0006fc04929,1.66648605240945,3.729653970664736,6.610914935009314,Antara Bhavsar,Antara,Bhavsar,,0
https://entity.api.hubmapconsortium.org/entities/58fc721e2ac88bc4122c6c50295ded68,Tissue Block,"Registered 2/11/2026, C. NORDGREN, TMC - University of Pennsylvania","2.5062424475278884 x 2.5446856113041805 x 3.1657027785867085 millimeter, 3.2 millimeter, 1 Sections",https://portal.hubmapconsortium.org/browse/sample/58fc721e2ac88bc4122c6c50295ded68,http://purl.org/ccf/1.5/59cdb59a-96f6-4d3b-bbaf-e6666830a957,2.506242447527888,2.54468561130418,3.165702778586708,Antara Bhavsar,Antara,Bhavsar,,0
https://entity.api.hubmapconsortium.org/entities/5aa60dc6496d57ff72ec0c562da09961,Tissue Block,"Registered 2/11/2026, C. NORDGREN, TMC - University of Pennsylvania","4.010810033530504 x 4.606841465561218 x 7.667020340070146 millimeter, 3.8 millimeter, 2 Sections",https://portal.hubmapconsortium.org/browse/sample/5aa60dc6496d57ff72ec0c562da09961,http://purl.org/ccf/1.5/76963d91-e2a4-440d-b666-0eb0ed3726ce,4.010810033530504,4.606841465561218,7.667020340070146,Antara Bhavsar,Antara,Bhavsar,,0
https://entity.api.hubmapconsortium.org/entities/5af77c8af2252f678167de2c459aec4b,Tissue Block,"Registered 2/11/2026, C. NORDGREN, TMC - University of Pennsylvania","4.887974395084826 x 10.48136355182003 x 28.7029390414017 millimeter, 28.7 millimeter, 1 Sections",https://portal.hubmapconsortium.org/browse/sample/5af77c8af2252f678167de2c459aec4b,http://purl.org/ccf/1.5/85ceefa6-813e-4104-a8f7-3197b6dd53ea,4.887974395084826,10.48136355182003,28.7029390414017,Antara Bhavsar,Antara,Bhavsar,,0
https://entity.api.hubmapconsortium.org/entities/5cf7cf92ced5db2bcfe4d320b12fa3c8,Tissue Block,"Registered 2/11/2026, C. NORDGREN, TMC - University of Pennsylvania","3.1026862455205526 x 5.693135587231191 x 6.333375624854068 millimeter, 3.2 millimeter, 2 Sections",https://portal.hubmapconsortium.org/browse/sample/5cf7cf92ced5db2bcfe4d320b12fa3c8,http://purl.org/ccf/1.5/d3853a6c-b07b-45d9-9f9d-a56de77882cb,3.102686245520553,5.693135587231191,6.333375624854068,Antara Bhavsar,Antara,Bhavsar,,0
https://entity.api.hubmapconsortium.org/entities/679d00274f2ff3ead9bbd4f216d0f8fd,Tissue Block,"Registered 2/11/2026, C. NORDGREN, TMC - University of Pennsylvania","2.9574896194652087 x 3.2930488139365868 x 4.91078663516838 millimeter, 2.5 millimeter, 2 Sections",https://portal.hubmapconsortium.org/browse/sample/679d00274f2ff3ead9bbd4f216d0f8fd,http://purl.org/ccf/1.5/dc151950-b3ec-4028-9c7b-fd0fdb545057,2.957489619465209,3.293048813936587,4.91078663516838,Antara Bhavsar,Antara,Bhavsar,,0
https://entity.api.hubmapconsortium.org/entities/6837084b51e1ee58a850a29afce7c4f7,Tissue Block,"Registered 2/11/2026, C. NORDGREN, TMC - University of Pennsylvania","1.2550999488939267 x 2.8494751750279033 x 3.494694940345051 millimeter, 3.5 millimeter, 1 Sections",https://portal.hubmapconsortium.org/browse/sample/6837084b51e1ee58a850a29afce7c4f7,http://purl.org/ccf/1.5/18cfc553-0c93-42f4-8c29-d4fd890e5d78,1.255099948893927,2.849475175027903,3.494694940345051,Antara Bhavsar,Antara,Bhavsar,,0
https://entity.api.hubmapconsortium.org/entities/6b2395f14151514224930698997d2cca,Tissue Block,"Registered 2/11/2026, C. NORDGREN, TMC - University of Pennsylvania","5.750856867316214 x 9.726592939204107 x 28.86144628590931 millimeter, 28.9 millimeter, 1 Sections",https://portal.hubmapconsortium.org/browse/sample/6b2395f14151514224930698997d2cca,http://purl.org/ccf/1.5/a550b04c-d184-420b-9bb0-203a5c28c34a,5.750856867316214,9.726592939204107,28.86144628590931,Antara Bhavsar,Antara,Bhavsar,,0
https://entity.api.hubmapconsortium.org/entities/6f02330666b913dff9a82d89f8ea5628,Tissue Block,"Registered 2/11/2026, C. NORDGREN, TMC - University of Pennsylvania","3.1978570147236676 x 4.074149151616315 x 4.9026636707794236 millimeter, 4.9 millimeter, 1 Sections",https://portal.hubmapconsortium.org/browse/sample/6f02330666b913dff9a82d89f8ea5628,http://purl.org/ccf/1.5/67b34823-777c-46ad-9399-0aef768ce7b7,3.197857014723668,4.074149151616315,4.902663670779424,Antara Bhavsar,Antara,Bhavsar,,0
https://entity.api.hubmapconsortium.org/entities/6fe3d1282410e0d4e21f28e35f27e91b,Tissue Block,"Registered 2/11/2026, C. NORDGREN, TMC - University of Pennsylvania","3.0008811051556146 x 3.18375384768128 x 4.436340380296262 millimeter, 4.4 millimeter, 1 Sections",https://portal.hubmapconsortium.org/browse/sample/6fe3d1282410e0d4e21f28e35f27e91b,http://purl.org/ccf/1.5/df88cb60-54b1-464c-ab0d-df5d97b84806,3.000881105155615,3.18375384768128,4.436340380296262,Antara Bhavsar,Antara,Bhavsar,,0
https://entity.api.hubmapconsortium.org/entities/70826a861a00175ea1a89fdb0914272d,Tissue Block,"Registered 2/11/2026, C. NORDGREN, TMC - University of Pennsylvania","1.2550999488939267 x 2.8494751750279033 x 3.494694940345051 millimeter, 3.5 millimeter, 1 Sections",https://portal.hubmapconsortium.org/browse/sample/70826a861a00175ea1a89fdb0914272d,http://purl.org/ccf/1.5/4bf3074c-4062-4a35-8d78-4d843d7141d0,1.255099948893927,2.849475175027903,3.494694940345051,Antara Bhavsar,Antara,Bhavsar,,0
https://entity.api.hubmapconsortium.org/entities/73fec528cd2ab2e46cd783fcc51a2778,Tissue Block,"Registered 2/11/2026, C. NORDGREN, TMC - University of Pennsylvania","3.901051083541855 x 5.984473424272454 x 6.276918487160709 millimeter, 6.3 millimeter, 1 Sections",https://portal.hubmapconsortium.org/browse/sample/73fec528cd2ab2e46cd783fcc51a2778,http://purl.org/ccf/1.5/2a6704b8-5466-4f2c-867d-a589fd337b60,3.901051083541855,5.984473424272454,6.276918487160709,Antara Bhavsar,Antara,Bhavsar,,0
https://entity.api.hubmapconsortium.org/entities/7734ddb3eef068845ed5bdd3b64d1332,Tissue Block,"Registered 2/11/2026, C. NORDGREN, TMC - University of Pennsylvania","5.486679960870058 x 5.991808637733645 x 14.546052779743045 millimeter, 14.5 millimeter, 1 Sections",https://portal.hubmapconsortium.org/browse/sample/7734ddb3eef068845ed5bdd3b64d1332,http://purl.org/ccf/1.5/e36af809-319c-43aa-ae58-8c8e759aa485,5.486679960870058,5.991808637733645,14.54605277974304,Antara Bhavsar,Antara,Bhavsar,,0
https://entity.api.hubmapconsortium.org/entities/80ceb3080ccc80b5bcd319fd48f6ead9,Tissue Block,"Registered 4/24/2026, Jing Chen, TMC - Pacific Northwest National Laboratory","5.730398187703205 x 17.616202280308773 x 20.37343979841318 millimeter, 20.4 millimeter, 1 Sections",https://portal.hubmapconsortium.org/browse/sample/80ceb3080ccc80b5bcd319fd48f6ead9,http://purl.org/ccf/1.5/e030158a-120a-481a-8f02-2e9b4180040c,5.730398187703205,17.61620228030877,20.37343979841318,Antara Bhavsar,Antara,Bhavsar,,0
https://entity.api.hubmapconsortium.org/entities/832650bfb8c3631143439361f98508f5,Tissue Block,"Registered 2/11/2026, C. NORDGREN, TMC - University of Pennsylvania","2.099499678848482 x 3.4171450306338667 x 12.856246034447633 millimeter, 12.9 millimeter, 1 Sections",https://portal.hubmapconsortium.org/browse/sample/832650bfb8c3631143439361f98508f5,http://purl.org/ccf/1.5/b9f66b6e-c685-476a-828c-3624cb1080f3,2.099499678848482,3.417145030633867,12.85624603444763,Antara Bhavsar,Antara,Bhavsar,,0
https://entity.api.hubmapconsortium.org/entities/8d1aeac3a5c58c103b7202cfe247369e,Tissue Block,"Registered 2/11/2026, C. NORDGREN, TMC - University of Pennsylvania","1.905173241562268 x 3.059588670624447 x 6.5297973217769565 millimeter, 6.5 millimeter, 1 Sections",https://portal.hubmapconsortium.org/browse/sample/8d1aeac3a5c58c103b7202cfe247369e,http://purl.org/ccf/1.5/bdb284c1-1a89-4a6b-bde6-1dbcfea3c904,1.905173241562268,3.059588670624447,6.529797321776956,Antara Bhavsar,Antara,Bhavsar,,0
https://entity.api.hubmapconsortium.org/entities/9681d55578af572c25f9a3a389aeaf58,Tissue Block,"Registered 2/11/2026, C. NORDGREN, TMC - University of Pennsylvania","4.121737051993847 x 5.314128165406793 x 6.543967861940638 millimeter, 6.5 millimeter, 1 Sections",https://portal.hubmapconsortium.org/browse/sample/9681d55578af572c25f9a3a389aeaf58,http://purl.org/ccf/1.5/624adc0d-a562-42ed-a548-3b46699aebe2,4.121737051993847,5.314128165406793,6.543967861940638,Antara Bhavsar,Antara,Bhavsar,,0
https://entity.api.hubmapconsortium.org/entities/976bb7a105fcd1004bf69d39ab4da317,Tissue Block,"Registered 2/11/2026, C. NORDGREN, TMC - University of Pennsylvania","2.9414013331601345 x 3.462133130853969 x 5.895049127316206 millimeter, 2.9 millimeter, 2 Sections",https://portal.hubmapconsortium.org/browse/sample/976bb7a105fcd1004bf69d39ab4da317,http://purl.org/ccf/1.5/14843a69-abfa-4f24-9aef-f659bf80df3d,2.941401333160135,3.462133130853969,5.895049127316206,Antara Bhavsar,Antara,Bhavsar,,0
https://entity.api.hubmapconsortium.org/entities/9dcc761cdf9049b7290cb9a2cceff5e6,Tissue Block,"Registered 4/16/2026, C. NORDGREN, TMC - University of Pennsylvania","5.932841020194406 x 6.986650165244999 x 14.545212156120812 millimeter, 14.5 millimeter, 1 Sections",https://portal.hubmapconsortium.org/browse/sample/9dcc761cdf9049b7290cb9a2cceff5e6,http://purl.org/ccf/1.5/70b5ddb0-c538-49e5-9167-38e2a6d50e3f,5.932841020194406,6.986650165244999,14.54521215612081,Antara Bhavsar,Antara,Bhavsar,,0
https://entity.api.hubmapconsortium.org/entities/a252a2961d74fbaa0bc6d0e59f88d4e7,Tissue Block,"Registered 2/11/2026, C. NORDGREN, TMC - University of Pennsylvania","1.280580597515777 x 2.3229488334478985 x 2.348389843158079 millimeter, 2.3 millimeter, 1 Sections",https://portal.hubmapconsortium.org/browse/sample/a252a2961d74fbaa0bc6d0e59f88d4e7,http://purl.org/ccf/1.5/11a920d0-4aea-414d-9703-ebd715e8babb,1.280580597515777,2.322948833447898,2.348389843158079,Antara Bhavsar,Antara,Bhavsar,,0
https://entity.api.hubmapconsortium.org/entities/a39c3acb774317c95b6b2d423fc2055e,Tissue Block,"Registered 2/11/2026, C. NORDGREN, TMC - University of Pennsylvania","3.3007780531618804 x 3.6731468659929605 x 4.954736828547252 millimeter, 5 millimeter, 1 Sections",https://portal.hubmapconsortium.org/browse/sample/a39c3acb774317c95b6b2d423fc2055e,http://purl.org/ccf/1.5/a009558e-92a3-491b-84a7-65f690c438ea,3.30077805316188,3.67314686599296,4.954736828547252,Antara Bhavsar,Antara,Bhavsar,,0
https://entity.api.hubmapconsortium.org/entities/a7b56acd6851a3646c333aabecaf4f04,Tissue Block,"Registered 2/11/2026, C. NORDGREN, TMC - University of Pennsylvania","1.30186137671472 x 3.0290542418267017 x 4.064248686662953 millimeter, 4.1 millimeter, 1 Sections",https://portal.hubmapconsortium.org/browse/sample/a7b56acd6851a3646c333aabecaf4f04,http://purl.org/ccf/1.5/04f76d20-274a-4012-834f-b4e10a386c52,1.30186137671472,3.029054241826702,4.064248686662953,Antara Bhavsar,Antara,Bhavsar,,0
https://entity.api.hubmapconsortium.org/entities/a84d1c849c7ab34f0ee5e6feafd9eb35,Tissue Block,"Registered 2/11/2026, C. NORDGREN, TMC - University of Pennsylvania","1.2307688655002758 x 2.620653968322538 x 3.5257914860746276 millimeter, 1.8 millimeter, 2 Sections",https://portal.hubmapconsortium.org/browse/sample/a84d1c849c7ab34f0ee5e6feafd9eb35,http://purl.org/ccf/1.5/b5be6653-ea16-4491-bf7f-f5157416d78f,1.230768865500276,2.620653968322538,3.525791486074628,Antara Bhavsar,Antara,Bhavsar,,0
https://entity.api.hubmapconsortium.org/entities/a9fe09600deb2345bef7f024b574464e,Tissue Block,"Registered 2/11/2026, C. NORDGREN, TMC - University of Pennsylvania","2.766293714691788 x 8.16821487416456 x 8.697339877604666 millimeter, 8.7 millimeter, 1 Sections",https://portal.hubmapconsortium.org/browse/sample/a9fe09600deb2345bef7f024b574464e,http://purl.org/ccf/1.5/11c47abd-6013-47f1-aa6c-3008bd7a6f5e,2.766293714691788,8.16821487416456,8.697339877604666,Antara Bhavsar,Antara,Bhavsar,,0
https://entity.api.hubmapconsortium.org/entities/ac5393192e93f8a438228cf7d7eff4ca,Tissue Block,"Registered 2/11/2026, C. NORDGREN, TMC - University of Pennsylvania","3.6142512540943907 x 4.047209972023145 x 4.244806806297059 millimeter, 2.1 millimeter, 2 Sections",https://portal.hubmapconsortium.org/browse/sample/ac5393192e93f8a438228cf7d7eff4ca,http://purl.org/ccf/1.5/2be3f007-2510-45a7-9e10-0181f7a1c891,3.614251254094391,4.047209972023145,4.244806806297059,Antara Bhavsar,Antara,Bhavsar,,0
https://entity.api.hubmapconsortium.org/entities/aebc76fa86768544c983ef567254100c,Tissue Block,"Registered 2/11/2026, C. NORDGREN, TMC - University of Pennsylvania","1.8786281401633915 x 1.9547815578738088 x 2.8788078011589695 millimeter, 2.9 millimeter, 1 Sections",https://portal.hubmapconsortium.org/browse/sample/aebc76fa86768544c983ef567254100c,http://purl.org/ccf/1.5/09e3319b-6515-416e-adaf-f129a438d5ca,1.878628140163392,1.954781557873809,2.87880780115897,Antara Bhavsar,Antara,Bhavsar,,0
https://entity.api.hubmapconsortium.org/entities/b4e037a5c0557406c91aaa1622a0391a,Tissue Block,"Registered 2/11/2026, C. NORDGREN, TMC - University of Pennsylvania","2.4708067082408625 x 3.7932076958410326 x 17.67852687548764 millimeter, 8.8 millimeter, 2 Sections",https://portal.hubmapconsortium.org/browse/sample/b4e037a5c0557406c91aaa1622a0391a,http://purl.org/ccf/1.5/6a706744-afb6-4bef-b8e5-be7a4d829e39,2.470806708240862,3.793207695841033,17.67852687548764,Antara Bhavsar,Antara,Bhavsar,,0
https://entity.api.hubmapconsortium.org/entities/b59fc762b63cec2e46b810ac7d768174,Tissue Block,"Registered 2/11/2026, C. NORDGREN, TMC - University of Pennsylvania","3.4311688633983928 x 6.084321018476526 x 7.639337826886094 millimeter, 7.6 millimeter, 1 Sections",https://portal.hubmapconsortium.org/browse/sample/b59fc762b63cec2e46b810ac7d768174,http://purl.org/ccf/1.5/95b4fdeb-364c-4673-80ca-6620093e4810,3.431168863398393,6.084321018476526,7.639337826886094,Antara Bhavsar,Antara,Bhavsar,,0
https://entity.api.hubmapconsortium.org/entities/b6004e6704db940e31cd5c788b5544e3,Tissue Block,"Registered 4/16/2026, C. NORDGREN, TMC - University of Pennsylvania","1.3339245381236655 x 2.302753657574614 x 8.161186924594617 millimeter, 8.2 millimeter, 1 Sections",https://portal.hubmapconsortium.org/browse/sample/b6004e6704db940e31cd5c788b5544e3,http://purl.org/ccf/1.5/7b0870fe-a220-4d56-bedb-8424bbc40521,1.333924538123666,2.302753657574614,8.161186924594617,Antara Bhavsar,Antara,Bhavsar,,0
https://entity.api.hubmapconsortium.org/entities/b621211449ef7ec36fbac9c80863447f,Tissue Block,"Registered 2/11/2026, C. NORDGREN, TMC - University of Pennsylvania","3.0843285377252263 x 3.442119397401083 x 4.2228462427363755 millimeter, 4.2 millimeter, 1 Sections",https://portal.hubmapconsortium.org/browse/sample/b621211449ef7ec36fbac9c80863447f,http://purl.org/ccf/1.5/ea8c6e6a-ebab-4ff9-847e-0bff75bfdef6,3.084328537725226,3.442119397401083,4.222846242736376,Antara Bhavsar,Antara,Bhavsar,,0
https://entity.api.hubmapconsortium.org/entities/bd3b29d65157330c873c13dcff74fa3b,Tissue Block,"Registered 4/24/2026, Jing Chen, TMC - Pacific Northwest National Laboratory","6.244965523127845 x 12.948406854470692 x 20.950346424392237 millimeter, 21 millimeter, 1 Sections",https://portal.hubmapconsortium.org/browse/sample/bd3b29d65157330c873c13dcff74fa3b,http://purl.org/ccf/1.5/ac3fe61b-1951-4d9b-9dc6-116e863219fc,6.244965523127845,12.94840685447069,20.95034642439224,Antara Bhavsar,Antara,Bhavsar,,0
https://entity.api.hubmapconsortium.org/entities/bf7e9f64effe2e89599ed6cc4e29add4,Tissue Block,"Registered 2/11/2026, C. NORDGREN, TMC - University of Pennsylvania","3.479504711906976 x 4.13711306890799 x 6.106297721922843 millimeter, 3.1 millimeter, 2 Sections",https://portal.hubmapconsortium.org/browse/sample/bf7e9f64effe2e89599ed6cc4e29add4,http://purl.org/ccf/1.5/6242f658-f052-4e9c-97c2-f839e31381ce,3.479504711906976,4.13711306890799,6.106297721922843,Antara Bhavsar,Antara,Bhavsar,,0
https://entity.api.hubmapconsortium.org/entities/c49fe2856f3e106c0a0e6b3bd2fb2d8b,Tissue Block,"Registered 2/11/2026, C. NORDGREN, TMC - University of Pennsylvania","3.300450897141769 x 3.6777930944313644 x 5.880947026314491 millimeter, 5.9 millimeter, 1 Sections",https://portal.hubmapconsortium.org/browse/sample/c49fe2856f3e106c0a0e6b3bd2fb2d8b,http://purl.org/ccf/1.5/05e6861b-ec2b-42c1-8f4f-1d2d54894a31,3.300450897141769,3.677793094431364,5.880947026314491,Antara Bhavsar,Antara,Bhavsar,,0
https://entity.api.hubmapconsortium.org/entities/d1112bfafa84458a9a1f320b65e10dbc,Tissue Block,"Registered 2/11/2026, C. NORDGREN, TMC - University of Pennsylvania","3.8119288192717486 x 3.9266955636415526 x 4.604188395774835 millimeter, 4.6 millimeter, 1 Sections",https://portal.hubmapconsortium.org/browse/sample/d1112bfafa84458a9a1f320b65e10dbc,http://purl.org/ccf/1.5/518c186d-7daa-4ba2-bc89-062bc00c7091,3.811928819271749,3.926695563641553,4.604188395774835,Antara Bhavsar,Antara,Bhavsar,,0
https://entity.api.hubmapconsortium.org/entities/d16f4bf5e7c3ef542b6da7e990a43dfa,Tissue Block,"Registered 2/11/2026, C. NORDGREN, TMC - University of Pennsylvania","3.470766002778204 x 4.4256050702636935 x 4.556500991066938 millimeter, 4.6 millimeter, 1 Sections",https://portal.hubmapconsortium.org/browse/sample/d16f4bf5e7c3ef542b6da7e990a43dfa,http://purl.org/ccf/1.5/0c4b51b5-f1ab-40a8-a434-1b7a93faa141,3.470766002778204,4.425605070263694,4.556500991066938,Antara Bhavsar,Antara,Bhavsar,,0
https://entity.api.hubmapconsortium.org/entities/d3266ebd639c53e54de3dd02d01b6c24,Tissue Block,"Registered 2/11/2026, C. NORDGREN, TMC - University of Pennsylvania","3.6142512540943907 x 4.047209972023145 x 4.244806806297059 millimeter, 2.1 millimeter, 2 Sections",https://portal.hubmapconsortium.org/browse/sample/d3266ebd639c53e54de3dd02d01b6c24,http://purl.org/ccf/1.5/b0fc1796-9a35-44de-a790-d9494ffdcc5a,3.614251254094391,4.047209972023145,4.244806806297059,Antara Bhavsar,Antara,Bhavsar,,0
https://entity.api.hubmapconsortium.org/entities/d57bdfc722cfb9956385a8d575ee65c5,Tissue Block,"Registered 2/11/2026, C. NORDGREN, TMC - University of Pennsylvania","3.470766002778204 x 4.4256050702636935 x 4.556500991066938 millimeter, 4.6 millimeter, 1 Sections",https://portal.hubmapconsortium.org/browse/sample/d57bdfc722cfb9956385a8d575ee65c5,http://purl.org/ccf/1.5/a2d698c6-1db0-4f03-bc76-c5d091c1b1e0,3.470766002778204,4.425605070263694,4.556500991066938,Antara Bhavsar,Antara,Bhavsar,,0
https://entity.api.hubmapconsortium.org/entities/daf072e567fcb813f1614954e9ecc406,Tissue Block,"Registered 2/11/2026, C. NORDGREN, TMC - University of Pennsylvania","1.905173241562268 x 3.059588670624447 x 6.5297973217769565 millimeter, 6.5 millimeter, 0 Sections",https://portal.hubmapconsortium.org/browse/sample/daf072e567fcb813f1614954e9ecc406,http://purl.org/ccf/1.5/6a1e0918-48c4-4208-a9b6-e8b42e6ffc5f,1.905173241562268,3.059588670624447,6.529797321776956,Antara Bhavsar,Antara,Bhavsar,,0
https://entity.api.hubmapconsortium.org/entities/dba56622906eebe8221994d12809fd51,Tissue Block,"Registered 2/11/2026, C. NORDGREN, TMC - University of Pennsylvania","3.2356122597617927 x 4.082510054087742 x 4.333248615458046 millimeter, 2.2 millimeter, 2 Sections",https://portal.hubmapconsortium.org/browse/sample/dba56622906eebe8221994d12809fd51,http://purl.org/ccf/1.5/ada38a87-4543-4829-8c8d-930fe21e5ea1,3.235612259761793,4.082510054087742,4.333248615458046,Antara Bhavsar,Antara,Bhavsar,,0
https://entity.api.hubmapconsortium.org/entities/dc62b6c7069011784ba14f17f7703e5d,Tissue Block,"Registered 2/11/2026, C. NORDGREN, TMC - University of Pennsylvania","4.887974395084826 x 10.48136355182003 x 28.7029390414017 millimeter, 28.7 millimeter, 1 Sections",https://portal.hubmapconsortium.org/browse/sample/dc62b6c7069011784ba14f17f7703e5d,http://purl.org/ccf/1.5/65ec6af0-8a2d-48cd-8d21-c854f4f8fa95,4.887974395084826,10.48136355182003,28.7029390414017,Antara Bhavsar,Antara,Bhavsar,,0
https://entity.api.hubmapconsortium.org/entities/dd8daf0d82aca31e66133c5de341f086,Tissue Block,"Registered 2/11/2026, C. NORDGREN, TMC - University of Pennsylvania","1.8786281401633915 x 1.9547815578738088 x 2.8788078011589695 millimeter, 2.9 millimeter, 1 Sections",https://portal.hubmapconsortium.org/browse/sample/dd8daf0d82aca31e66133c5de341f086,http://purl.org/ccf/1.5/110ca8a8-47d0-41fb-973a-70262e39b947,1.878628140163392,1.954781557873809,2.87880780115897,Antara Bhavsar,Antara,Bhavsar,,0
https://entity.api.hubmapconsortium.org/entities/dd943ec6c1ae5c6956889ba483969833,Tissue Block,"Registered 2/11/2026, C. NORDGREN, TMC - University of Pennsylvania","1.4047242646262164 x 1.8015087224663526 x 2.547982900696015 millimeter, 2.5 millimeter, 1 Sections",https://portal.hubmapconsortium.org/browse/sample/dd943ec6c1ae5c6956889ba483969833,http://purl.org/ccf/1.5/c8500606-1253-4947-b2e1-3abe64f45176,1.404724264626216,1.801508722466353,2.547982900696015,Antara Bhavsar,Antara,Bhavsar,,0
https://entity.api.hubmapconsortium.org/entities/e0070d5d94af1fe3890e22d6318f9d47,Tissue Block,"Registered 2/11/2026, C. NORDGREN, TMC - University of Pennsylvania","2.766293714691788 x 8.16821487416456 x 8.697339877604666 millimeter, 8.7 millimeter, 1 Sections",https://portal.hubmapconsortium.org/browse/sample/e0070d5d94af1fe3890e22d6318f9d47,http://purl.org/ccf/1.5/aaaa6662-06f9-4cff-bb9b-2623e2700e8c,2.766293714691788,8.16821487416456,8.697339877604666,Antara Bhavsar,Antara,Bhavsar,,0
https://entity.api.hubmapconsortium.org/entities/e58cc57bc6885af6294c58b1b3ebb4fa,Tissue Block,"Registered 2/11/2026, C. NORDGREN, TMC - University of Pennsylvania","1.1996963892987456 x 1.9373762286698906 x 3.1547311328387617 millimeter, 3.2 millimeter, 1 Sections",https://portal.hubmapconsortium.org/browse/sample/e58cc57bc6885af6294c58b1b3ebb4fa,http://purl.org/ccf/1.5/612ba5c6-c505-4ef4-8dc8-0fc6ca588dc0,1.199696389298746,1.937376228669891,3.154731132838762,Antara Bhavsar,Antara,Bhavsar,,0
https://entity.api.hubmapconsortium.org/entities/e5f5d9d5ea72dd343b7cd76c0167a486,Tissue Block,"Registered 4/24/2026, Jing Chen, TMC - Pacific Northwest National Laboratory","11.329510265680586 x 29.143626504747417 x 45.25888312849871 millimeter, 45.3 millimeter, 1 Sections",https://portal.hubmapconsortium.org/browse/sample/e5f5d9d5ea72dd343b7cd76c0167a486,http://purl.org/ccf/1.5/6de1fa29-c11b-464d-b4c3-048e6e438e3e,11.32951026568059,29.14362650474742,45.25888312849871,Antara Bhavsar,Antara,Bhavsar,,0
https://entity.api.hubmapconsortium.org/entities/eb1087fcbeedebdc2200804d8ea19c37,Tissue Block,"Registered 2/11/2026, STEPHEN FISHER, TMC - University of Pennsylvania","3.1978570147236676 x 4.074149151616315 x 4.9026636707794236 millimeter, 2.5 millimeter, 2 Sections",https://portal.hubmapconsortium.org/browse/sample/eb1087fcbeedebdc2200804d8ea19c37,http://purl.org/ccf/1.5/07783929-ec93-44d2-8767-b58145525371,3.197857014723668,4.074149151616315,4.902663670779424,Antara Bhavsar,Antara,Bhavsar,,0
https://entity.api.hubmapconsortium.org/entities/ec275e8d73a0a81c6a8df0af00e28f8e,Tissue Block,"Registered 2/11/2026, C. NORDGREN, TMC - University of Pennsylvania","3.5273392014487763 x 4.225292958921748 x 7.5665283134283765 millimeter, 7.6 millimeter, 1 Sections",https://portal.hubmapconsortium.org/browse/sample/ec275e8d73a0a81c6a8df0af00e28f8e,http://purl.org/ccf/1.5/1f9b246d-bf2b-47c5-aa75-972180ae922a,3.527339201448776,4.225292958921748,7.566528313428377,Antara Bhavsar,Antara,Bhavsar,,0
https://entity.api.hubmapconsortium.org/entities/ecdfaf78a3a7ba008d36034d228e35c6,Tissue Block,"Registered 2/11/2026, C. NORDGREN, TMC - University of Pennsylvania","3.0843285377252263 x 3.442119397401083 x 4.2228462427363755 millimeter, 4.2 millimeter, 1 Sections",https://portal.hubmapconsortium.org/browse/sample/ecdfaf78a3a7ba008d36034d228e35c6,http://purl.org/ccf/1.5/ed9dd5ba-469e-42e8-ac7f-933720aed6d2,3.084328537725226,3.442119397401083,4.222846242736376,Antara Bhavsar,Antara,Bhavsar,,0
https://entity.api.hubmapconsortium.org/entities/edc95da9a8255c0be7a6e98784e6a6ed,Tissue Block,"Registered 2/11/2026, C. NORDGREN, TMC - University of Pennsylvania","2.099499678848482 x 3.4171450306338667 x 12.856246034447633 millimeter, 12.9 millimeter, 0 Sections",https://portal.hubmapconsortium.org/browse/sample/edc95da9a8255c0be7a6e98784e6a6ed,http://purl.org/ccf/1.5/83284421-bc0b-4cb2-bb6d-135ade7b608f,2.099499678848482,3.417145030633867,12.85624603444763,Antara Bhavsar,Antara,Bhavsar,,0
https://entity.api.hubmapconsortium.org/entities/f266defa3994d77e2a051bbf90b0ddc5,Tissue Block,"Registered 2/11/2026, C. NORDGREN, TMC - University of Pennsylvania","3.210168622875354 x 3.3614368838625412 x 3.8762405968154092 millimeter, 3.9 millimeter, 1 Sections",https://portal.hubmapconsortium.org/browse/sample/f266defa3994d77e2a051bbf90b0ddc5,http://purl.org/ccf/1.5/c42239b8-d17a-4c12-a2f6-18cd17e2b03f,3.210168622875354,3.361436883862541,3.876240596815409,Antara Bhavsar,Antara,Bhavsar,,0
https://entity.api.hubmapconsortium.org/entities/f4baefe89131510ecd76b27cfd7ad1cd,Tissue Block,"Registered 2/11/2026, C. NORDGREN, TMC - University of Pennsylvania","3.8119288192717486 x 3.9266955636415526 x 4.604188395774835 millimeter, 4.6 millimeter, 0 Sections",https://portal.hubmapconsortium.org/browse/sample/f4baefe89131510ecd76b27cfd7ad1cd,http://purl.org/ccf/1.5/08696ddf-9355-4d00-bba9-275daecc5afd,3.811928819271749,3.926695563641553,4.604188395774835,Antara Bhavsar,Antara,Bhavsar,,0
https://entity.api.hubmapconsortium.org/entities/f6fbc16b6a125e3fec9e12e1f4c5021d,Tissue Block,"Registered 2/11/2026, C. NORDGREN, TMC - University of Pennsylvania","3.9227552800098278 x 6.145069763367837 x 7.234201046873853 millimeter, 7.2 millimeter, 0 Sections",https://portal.hubmapconsortium.org/browse/sample/f6fbc16b6a125e3fec9e12e1f4c5021d,http://purl.org/ccf/1.5/94c1ad3f-fc72-4147-8584-2f124ac7331c,3.922755280009828,6.145069763367837,7.234201046873853,Antara Bhavsar,Antara,Bhavsar,,0
https://entity.api.hubmapconsortium.org/entities/f7def2f21683b6dbedd5f71857f58746,Tissue Block,"Registered 2/11/2026, C. NORDGREN, TMC - University of Pennsylvania","5.672807475631609 x 7.639830010532863 x 8.30759955730273 millimeter, 8.3 millimeter, 1 Sections",https://portal.hubmapconsortium.org/browse/sample/f7def2f21683b6dbedd5f71857f58746,http://purl.org/ccf/1.5/74e55164-db9a-42dd-a434-4a1b5ebc6c38,5.672807475631609,7.639830010532863,8.30759955730273,Antara Bhavsar,Antara,Bhavsar,,0
https://entity.api.sennetconsortium.org/entities/00510d148e4613f069065a574f84e3a9,Tissue Block,"Registered 8/30/2024, Sergii Domanskyi, TMC - UConn Health","10 x 10 x 5 millimeter, 5 millimeter, 1 Sections",https://data.sennetconsortium.org/sample?uuid=00510d148e4613f069065a574f84e3a9,http://purl.org/ccf/1.5/f308376b-519b-4593-b16d-17779beabea9,10,10,5,Sergii Domanskyi,Sergii,Domanskyi,,0
https://entity.api.sennetconsortium.org/entities/00aadf24059eb78b197a3d34abc4c9cc,Tissue Block,"Registered 3/4/2025, Sergii Domanskyi, TMC - UConn Health","5 x 5 x 2 millimeter, 1 millimeter, 2 Sections",https://data.sennetconsortium.org/sample?uuid=00aadf24059eb78b197a3d34abc4c9cc,http://purl.org/ccf/1.5/d54ff4d3-10f9-4315-901a-b8834820b0c0,5,5,2,Sergii Domanskyi,Sergii,Domanskyi,,0
https://entity.api.sennetconsortium.org/entities/79e19966746e724bc44d257a33f6bc94,Tissue Block,"Registered 3/4/2025, Sergii Domanskyi, TMC - UConn Health","5 x 5 x 2 millimeter, 1 millimeter, 2 Sections",https://data.sennetconsortium.org/sample?uuid=79e19966746e724bc44d257a33f6bc94,http://purl.org/ccf/1.5/d54ff4d3-10f9-4315-901a-b8834820b0c0,5,5,2,Sergii Domanskyi,Sergii,Domanskyi,,0
https://entity.api.sennetconsortium.org/entities/03cf872be9792de021404da62068df92,Tissue Block,"Registered 3/4/2025, Sergii Domanskyi, TMC - UConn Health","5 x 5 x 2 millimeter, 2 millimeter, 1 Sections",https://data.sennetconsortium.org/sample?uuid=03cf872be9792de021404da62068df92,http://purl.org/ccf/1.5/d3e8695c-13e0-46f0-bd84-f511c579ea0e,5,5,2,Sergii Domanskyi,Sergii,Domanskyi,,0
https://entity.api.sennetconsortium.org/entities/90e30f1a1d1c005ec979759b487e6e56,Tissue Block,"Registered 3/4/2025, Sergii Domanskyi, TMC - UConn Health","5 x 5 x 2 millimeter, 2 millimeter, 1 Sections",https://data.sennetconsortium.org/sample?uuid=90e30f1a1d1c005ec979759b487e6e56,http://purl.org/ccf/1.5/d3e8695c-13e0-46f0-bd84-f511c579ea0e,5,5,2,Sergii Domanskyi,Sergii,Domanskyi,,0
https://entity.api.sennetconsortium.org/entities/06b826e926b82459ee9c8266f600bd2f,Tissue Block,"Registered 6/6/2025, Ryan Thompson, TMC - Duke University","10 x 10 x 10 millimeter, 2.5 millimeter, 4 Sections",https://data.sennetconsortium.org/sample?uuid=06b826e926b82459ee9c8266f600bd2f,http://purl.org/ccf/1.5/fb3a68d2-e664-4bd4-92ff-b293bfe627c1,10,10,10,Sojin Kim,Sojin,Kim,,0
https://entity.api.sennetconsortium.org/entities/0e37313f156264acc0e615bcb950da53,Tissue Block,"Registered 6/6/2025, Ryan Thompson, TMC - Duke University","10 x 10 x 10 millimeter, 2.5 millimeter, 4 Sections",https://data.sennetconsortium.org/sample?uuid=0e37313f156264acc0e615bcb950da53,http://purl.org/ccf/1.5/7b856ea2-ec44-477e-a590-08e80ec48e34,10,10,10,Sojin Kim,Sojin,Kim,,0
https://entity.api.sennetconsortium.org/entities/34e63564c01eff2ccc32ff485e2e4223,Tissue Block,"Registered 6/6/2025, Ryan Thompson, TMC - Duke University","10 x 10 x 10 millimeter, 2.5 millimeter, 4 Sections",https://data.sennetconsortium.org/sample?uuid=34e63564c01eff2ccc32ff485e2e4223,http://purl.org/ccf/1.5/7b856ea2-ec44-477e-a590-08e80ec48e34,10,10,10,Sojin Kim,Sojin,Kim,,0
https://entity.api.sennetconsortium.org/entities/ed39c540e660a9078076df1750e21c5b,Tissue Block,"Registered 6/6/2025, Ryan Thompson, TMC - Duke University","10 x 10 x 10 millimeter, 2.5 millimeter, 4 Sections",https://data.sennetconsortium.org/sample?uuid=ed39c540e660a9078076df1750e21c5b,http://purl.org/ccf/1.5/7b856ea2-ec44-477e-a590-08e80ec48e34,10,10,10,Sojin Kim,Sojin,Kim,,0
https://entity.api.sennetconsortium.org/entities/0fe3a046a7945fe5e7922f11fbd5edd8,Tissue Block,"Registered 8/30/2024, Sergii Domanskyi, TMC - UConn Health","10 x 10 x 5 millimeter, 5 millimeter, 1 Sections",https://data.sennetconsortium.org/sample?uuid=0fe3a046a7945fe5e7922f11fbd5edd8,http://purl.org/ccf/1.5/fbd3c785-7788-4dc3-810e-8a8743ca4c44,10,10,5,Sergii Domanskyi,Sergii,Domanskyi,,0
https://entity.api.sennetconsortium.org/entities/1c0a4c6bb85d944851e18c66b31c29b7,Tissue Block,"Registered 9/17/2025, Sergii Domanskyi, TMC - UConn Health","5 x 5 x 2 millimeter, 2 millimeter, 1 Sections",https://data.sennetconsortium.org/sample?uuid=1c0a4c6bb85d944851e18c66b31c29b7,http://purl.org/ccf/1.5/e4290b19-a164-4533-af27-a939f034a692,5,5,2,Sergii Domanskyi,Sergii,Domanskyi,,0
https://entity.api.sennetconsortium.org/entities/8ea0d2fa2e002094206cc711bace5c96,Tissue Block,"Registered 9/9/2025, Sergii Domanskyi, TMC - UConn Health","5 x 5 x 2 millimeter, 2 millimeter, 1 Sections",https://data.sennetconsortium.org/sample?uuid=8ea0d2fa2e002094206cc711bace5c96,http://purl.org/ccf/1.5/e4290b19-a164-4533-af27-a939f034a692,5,5,2,Sergii Domanskyi,Sergii,Domanskyi,,0
https://entity.api.sennetconsortium.org/entities/1dfe6cbd1f29ff8305f08690ed21c562,Tissue Block,"Registered 6/6/2025, Ryan Thompson, TMC - Duke University","10 x 10 x 10 millimeter, 2.5 millimeter, 4 Sections",https://data.sennetconsortium.org/sample?uuid=1dfe6cbd1f29ff8305f08690ed21c562,http://purl.org/ccf/1.5/04ad00b5-a18c-40a4-b43f-30b7bdcf0a6b,10,10,10,Sojin Kim,Sojin,Kim,,0
https://entity.api.sennetconsortium.org/entities/4e8ddd64e00065042d00e77fcc942a45,Tissue Block,"Registered 6/6/2025, Ryan Thompson, TMC - Duke University","10 x 10 x 10 millimeter, 2.5 millimeter, 4 Sections",https://data.sennetconsortium.org/sample?uuid=4e8ddd64e00065042d00e77fcc942a45,http://purl.org/ccf/1.5/04ad00b5-a18c-40a4-b43f-30b7bdcf0a6b,10,10,10,Sojin Kim,Sojin,Kim,,0
https://entity.api.sennetconsortium.org/entities/21ea2b23846a378c33d583ecdc2060ad,Tissue Block,"Registered 6/2/2025, Sergii Domanskyi, TMC - UConn Health","5 x 5 x 2 millimeter, 2 millimeter, 1 Sections",https://data.sennetconsortium.org/sample?uuid=21ea2b23846a378c33d583ecdc2060ad,http://purl.org/ccf/1.5/e68821a6-0aef-4467-9971-3cb93d43bb09,5,5,2,Sergii Domanskyi,Sergii,Domanskyi,,0
https://entity.api.sennetconsortium.org/entities/b0d72ef7bd4fe57206a04e2f55004a28,Tissue Block,"Registered 6/2/2025, Sergii Domanskyi, TMC - UConn Health","5 x 5 x 2 millimeter, 2 millimeter, 1 Sections",https://data.sennetconsortium.org/sample?uuid=b0d72ef7bd4fe57206a04e2f55004a28,http://purl.org/ccf/1.5/e68821a6-0aef-4467-9971-3cb93d43bb09,5,5,2,Sergii Domanskyi,Sergii,Domanskyi,,0
https://entity.api.sennetconsortium.org/entities/28c58956e327f43a2881a98f8a9d1182,Tissue Block,"Registered 4/24/2025, Sergii Domanskyi, TMC - UConn Health","10 x 10 x 10 millimeter, 10 millimeter, 1 Sections",https://data.sennetconsortium.org/sample?uuid=28c58956e327f43a2881a98f8a9d1182,http://purl.org/ccf/1.5/f1b7c9a7-1115-4eb2-b944-71a446e6d097,10,10,10,Sergii Domanskyi,Sergii,Domanskyi,,0
https://entity.api.sennetconsortium.org/entities/2ec268211063a24f661ff2b8b2570a31,Tissue Block,"Registered 9/17/2025, Sergii Domanskyi, TMC - UConn Health","7 x 5 x 2 millimeter, 2 millimeter, 1 Sections",https://data.sennetconsortium.org/sample?uuid=2ec268211063a24f661ff2b8b2570a31,http://purl.org/ccf/1.5/f8ce90a2-4ddf-436a-b481-7eb0c4f744bf,7,5,2,Sergii Domanskyi,Sergii,Domanskyi,,0
https://entity.api.sennetconsortium.org/entities/62cdbfd927932db673d1b61e393a2a9a,Tissue Block,"Registered 9/9/2025, Sergii Domanskyi, TMC - UConn Health","7 x 5 x 2 millimeter, 2 millimeter, 1 Sections",https://data.sennetconsortium.org/sample?uuid=62cdbfd927932db673d1b61e393a2a9a,http://purl.org/ccf/1.5/f8ce90a2-4ddf-436a-b481-7eb0c4f744bf,7,5,2,Sergii Domanskyi,Sergii,Domanskyi,,0
https://entity.api.sennetconsortium.org/entities/2f9c019c5f908dbc200b536bc242cbbe,Tissue Block,"Registered 2/28/2025, Sergii Domanskyi, TMC - UConn Health","4 x 15 x 25 millimeter, 4000 millimeter, 1 Sections",https://data.sennetconsortium.org/sample?uuid=2f9c019c5f908dbc200b536bc242cbbe,http://purl.org/ccf/1.5/f4d4fca6-b509-4757-a900-b39c412e45dc,4,15,25,Sergii Domanskyi,Sergii,Domanskyi,,0
https://entity.api.sennetconsortium.org/entities/38437761a3b6a06f2d478aa1f68b38a6,Tissue Block,"Registered 4/24/2025, Sergii Domanskyi, TMC - UConn Health","10 x 10 x 10 millimeter, 10 millimeter, 1 Sections",https://data.sennetconsortium.org/sample?uuid=38437761a3b6a06f2d478aa1f68b38a6,http://purl.org/ccf/1.5/eff6a022-0c4b-4ea4-be47-16e8b548d022,10,10,10,Sergii Domanskyi,Sergii,Domanskyi,,0
https://entity.api.sennetconsortium.org/entities/3a72c6c5b8480fac429e3534fad742d3,Tissue Block,"Registered 11/21/2024, Sergii Domanskyi, TMC - UConn Health","4 x 18 x 25 millimeter, 4000 millimeter, 1 Sections",https://data.sennetconsortium.org/sample?uuid=3a72c6c5b8480fac429e3534fad742d3,http://purl.org/ccf/1.5/ee7d1253-4ab3-46ab-96ca-cef5c9863641,4,18,25,Sergii Domanskyi,Sergii,Domanskyi,,0
https://entity.api.sennetconsortium.org/entities/3b72d8b9839d53a10d1452d86d654865,Tissue Block,"Registered 3/4/2025, Sergii Domanskyi, TMC - UConn Health","5 x 5 x 2 millimeter, 2 millimeter, 1 Sections",https://data.sennetconsortium.org/sample?uuid=3b72d8b9839d53a10d1452d86d654865,http://purl.org/ccf/1.5/c94c23c4-c54a-42bd-984c-acc65b821679,5,5,2,Sergii Domanskyi,Sergii,Domanskyi,,0
https://entity.api.sennetconsortium.org/entities/6e9b2fed9b253e5ec02a26613139b3c1,Tissue Block,"Registered 3/4/2025, Sergii Domanskyi, TMC - UConn Health","5 x 5 x 2 millimeter, 2 millimeter, 1 Sections",https://data.sennetconsortium.org/sample?uuid=6e9b2fed9b253e5ec02a26613139b3c1,http://purl.org/ccf/1.5/c94c23c4-c54a-42bd-984c-acc65b821679,5,5,2,Sergii Domanskyi,Sergii,Domanskyi,,0
https://entity.api.sennetconsortium.org/entities/3dc4bd02a3e78c2ab6d4e2749880e37d,Tissue Block,"Registered 6/6/2025, Ryan Thompson, TMC - Duke University","10 x 10 x 10 millimeter, 2.5 millimeter, 4 Sections",https://data.sennetconsortium.org/sample?uuid=3dc4bd02a3e78c2ab6d4e2749880e37d,http://purl.org/ccf/1.5/a1f4e57f-3fae-42b2-bc16-72f206b7ca33,10,10,10,Sojin Kim,Sojin,Kim,,0
https://entity.api.sennetconsortium.org/entities/4628e4fb15d5e643ae42173ae9e31e99,Tissue Block,"Registered 4/24/2025, Sergii Domanskyi, TMC - UConn Health","10 x 10 x 10 millimeter, 10 millimeter, 1 Sections",https://data.sennetconsortium.org/sample?uuid=4628e4fb15d5e643ae42173ae9e31e99,http://purl.org/ccf/1.5/c7a1f0bc-46df-49cc-9aff-ad42cdaa1e8e,10,10,10,Sergii Domanskyi,Sergii,Domanskyi,,0
https://entity.api.sennetconsortium.org/entities/46700ec775cee1ef6f19d731a4e303e4,Tissue Block,"Registered 4/16/2025, Sergii Domanskyi, TMC - UConn Health","10 x 10 x 10 millimeter, 10 millimeter, 1 Sections",https://data.sennetconsortium.org/sample?uuid=46700ec775cee1ef6f19d731a4e303e4,http://purl.org/ccf/1.5/ff6d4a5a-0053-4cbb-b5b9-5411112d1cbe,10,10,10,Sergii Domanskyi,Sergii,Domanskyi,,0
https://entity.api.sennetconsortium.org/entities/483a5b8af70fb08ecfd5c1d33e805730,Tissue Block,"Registered 3/4/2025, Sergii Domanskyi, TMC - UConn Health","5 x 5 x 2 millimeter, 2 millimeter, 1 Sections",https://data.sennetconsortium.org/sample?uuid=483a5b8af70fb08ecfd5c1d33e805730,http://purl.org/ccf/1.5/c62be4fc-d0da-4bd1-8ab7-d9bb31546620,5,5,2,Sergii Domanskyi,Sergii,Domanskyi,,0
https://entity.api.sennetconsortium.org/entities/53a790973c133b5dcae2eb12b6d0b076,Tissue Block,"Registered 3/4/2025, Sergii Domanskyi, TMC - UConn Health","5 x 5 x 2 millimeter, 2 millimeter, 1 Sections",https://data.sennetconsortium.org/sample?uuid=53a790973c133b5dcae2eb12b6d0b076,http://purl.org/ccf/1.5/c62be4fc-d0da-4bd1-8ab7-d9bb31546620,5,5,2,Sergii Domanskyi,Sergii,Domanskyi,,0
https://entity.api.sennetconsortium.org/entities/4e9015acc1039c2561b10582209065c5,Tissue Block,"Registered 6/2/2025, Sergii Domanskyi, TMC - UConn Health","5 x 5 x 2 millimeter, 2 millimeter, 1 Sections",https://data.sennetconsortium.org/sample?uuid=4e9015acc1039c2561b10582209065c5,http://purl.org/ccf/1.5/d176c4ab-ab28-457e-8395-1a854f9377d3,5,5,2,Sergii Domanskyi,Sergii,Domanskyi,,0
https://entity.api.sennetconsortium.org/entities/e80eb120bd58f51785b2035a28a810a8,Tissue Block,"Registered 6/2/2025, Sergii Domanskyi, TMC - UConn Health","5 x 5 x 2 millimeter, 2 millimeter, 1 Sections",https://data.sennetconsortium.org/sample?uuid=e80eb120bd58f51785b2035a28a810a8,http://purl.org/ccf/1.5/d176c4ab-ab28-457e-8395-1a854f9377d3,5,5,2,Sergii Domanskyi,Sergii,Domanskyi,,0
https://entity.api.sennetconsortium.org/entities/53c4e332d2370fe971f691ae5bb79f95,Tissue Block,"Registered 6/6/2025, Ryan Thompson, TMC - Duke University","10 x 10 x 10 millimeter, 2.5 millimeter, 4 Sections",https://data.sennetconsortium.org/sample?uuid=53c4e332d2370fe971f691ae5bb79f95,http://purl.org/ccf/1.5/4542384c-a13d-4bfc-a271-9d4e1e648951,10,10,10,Sojin Kim,Sojin,Kim,,0
https://entity.api.sennetconsortium.org/entities/a1cc641031e2f953c3e9752ffd4a3788,Tissue Block,"Registered 6/6/2025, Ryan Thompson, TMC - Duke University","10 x 10 x 10 millimeter, 2.5 millimeter, 4 Sections",https://data.sennetconsortium.org/sample?uuid=a1cc641031e2f953c3e9752ffd4a3788,http://purl.org/ccf/1.5/4542384c-a13d-4bfc-a271-9d4e1e648951,10,10,10,Sojin Kim,Sojin,Kim,,0
https://entity.api.sennetconsortium.org/entities/d994fe2c95800fbbd2631949ebcfc1d4,Tissue Block,"Registered 6/6/2025, Ryan Thompson, TMC - Duke University","10 x 10 x 10 millimeter, 2.5 millimeter, 4 Sections",https://data.sennetconsortium.org/sample?uuid=d994fe2c95800fbbd2631949ebcfc1d4,http://purl.org/ccf/1.5/4542384c-a13d-4bfc-a271-9d4e1e648951,10,10,10,Sojin Kim,Sojin,Kim,,0
https://entity.api.sennetconsortium.org/entities/57a4e0735f711d269d8d3129ab253026,Tissue Block,"Registered 4/16/2025, Sergii Domanskyi, TMC - UConn Health","10 x 10 x 10 millimeter, 10 millimeter, 1 Sections",https://data.sennetconsortium.org/sample?uuid=57a4e0735f711d269d8d3129ab253026,http://purl.org/ccf/1.5/e9badaa9-68c3-4fdc-8cb9-2270bc388202,10,10,10,Sergii Domanskyi,Sergii,Domanskyi,,0
https://entity.api.sennetconsortium.org/entities/686a5558aa2fb4b1ee1078dfa94929c7,Tissue Block,"Registered 6/4/2025, Sergii Domanskyi, TMC - UConn Health","4 x 18 x 25 millimeter, 4000 millimeter, 1 Sections",https://data.sennetconsortium.org/sample?uuid=686a5558aa2fb4b1ee1078dfa94929c7,http://purl.org/ccf/1.5/ca78cd5e-0c21-49c1-88b6-5ad7a56db50b,4,18,25,Sergii Domanskyi,Sergii,Domanskyi,,0
https://entity.api.sennetconsortium.org/entities/851aed8c00afaed28cea38bcad98e3ee,Tissue Block,"Registered 2/28/2025, Sergii Domanskyi, TMC - UConn Health","4 x 15 x 25 millimeter, 4000 millimeter, 1 Sections",https://data.sennetconsortium.org/sample?uuid=851aed8c00afaed28cea38bcad98e3ee,http://purl.org/ccf/1.5/d131927f-6530-4410-82d6-705097b262b3,4,15,25,Sergii Domanskyi,Sergii,Domanskyi,,0
https://entity.api.sennetconsortium.org/entities/9e2937a187b9ec5dc8566fa239cfe3ba,Tissue Block,"Registered 4/24/2025, Sergii Domanskyi, TMC - UConn Health","10 x 10 x 10 millimeter, 10 millimeter, 1 Sections",https://data.sennetconsortium.org/sample?uuid=9e2937a187b9ec5dc8566fa239cfe3ba,http://purl.org/ccf/1.5/eb458b1f-dedf-498e-b276-d6761f4f4304,10,10,10,Sergii Domanskyi,Sergii,Domanskyi,,0
https://entity.api.sennetconsortium.org/entities/9efeccdb5ad43f14f8f974ba76335af7,Tissue Block,"Registered 9/5/2025, Sergii Domanskyi, TMC - UConn Health","4 x 18 x 25 millimeter, 4000 millimeter, 1 Sections",https://data.sennetconsortium.org/sample?uuid=9efeccdb5ad43f14f8f974ba76335af7,http://purl.org/ccf/1.5/e56cadc0-6046-41fe-b605-055e1e336ff1,4,18,25,Sergii Domanskyi,Sergii,Domanskyi,,0
https://entity.api.sennetconsortium.org/entities/a5ca97ea2b3534c7e72bb823c47db646,Tissue Block,"Registered 8/30/2024, Sergii Domanskyi, TMC - UConn Health","10 x 10 x 5 millimeter, 5 millimeter, 1 Sections",https://data.sennetconsortium.org/sample?uuid=a5ca97ea2b3534c7e72bb823c47db646,http://purl.org/ccf/1.5/d8814cb9-e2a2-4943-8e1a-367c0bcf7940,10,10,5,Sergii Domanskyi,Sergii,Domanskyi,,0
https://entity.api.sennetconsortium.org/entities/adc91541c852b80f31de05b5af654e89,Tissue Block,"Registered 9/5/2025, Sergii Domanskyi, TMC - UConn Health","4 x 18 x 25 millimeter, 4000 millimeter, 1 Sections",https://data.sennetconsortium.org/sample?uuid=adc91541c852b80f31de05b5af654e89,http://purl.org/ccf/1.5/e3c9c182-551a-400c-9614-9fc52a1d539c,4,18,25,Sergii Domanskyi,Sergii,Domanskyi,,0
https://entity.api.sennetconsortium.org/entities/ae6ae25a16babd8da0603efaf6f66646,Tissue Block,"Registered 4/16/2025, Sergii Domanskyi, TMC - UConn Health","10 x 10 x 10 millimeter, 10 millimeter, 1 Sections",https://data.sennetconsortium.org/sample?uuid=ae6ae25a16babd8da0603efaf6f66646,http://purl.org/ccf/1.5/e3c13220-101d-48e4-ae16-e2c7e3ec3ba5,10,10,10,Sergii Domanskyi,Sergii,Domanskyi,,0
https://entity.api.sennetconsortium.org/entities/b596ad1709225c732c24b587807ab5fd,Tissue Block,"Registered 4/24/2025, Sergii Domanskyi, TMC - UConn Health","10 x 10 x 10 millimeter, 5 millimeter, 2 Sections",https://data.sennetconsortium.org/sample?uuid=b596ad1709225c732c24b587807ab5fd,http://purl.org/ccf/1.5/c9f6df5b-1682-4c2d-8f18-2a93dd1cb099,10,10,10,Sergii Domanskyi,Sergii,Domanskyi,,0
https://entity.api.sennetconsortium.org/entities/b61a71409df468d325d1bb6ffe1b63c6,Tissue Block,"Registered 8/30/2024, Sergii Domanskyi, TMC - UConn Health","10 x 10 x 5 millimeter, 5 millimeter, 1 Sections",https://data.sennetconsortium.org/sample?uuid=b61a71409df468d325d1bb6ffe1b63c6,http://purl.org/ccf/1.5/f91ecdd4-5c2d-4ef6-a835-298be7fe03fe,10,10,5,Sergii Domanskyi,Sergii,Domanskyi,,0
https://entity.api.sennetconsortium.org/entities/c7ea137956ed2a754e70d1e3da1a547c,Tissue Block,"Registered 4/16/2025, Sergii Domanskyi, TMC - UConn Health","10 x 10 x 10 millimeter, 10 millimeter, 1 Sections",https://data.sennetconsortium.org/sample?uuid=c7ea137956ed2a754e70d1e3da1a547c,http://purl.org/ccf/1.5/f61cfc85-6c32-42e1-8ab6-53ec41afff87,10,10,10,Sergii Domanskyi,Sergii,Domanskyi,,0
https://entity.api.sennetconsortium.org/entities/c8fba8950477064aa4e68bf6a2227a44,Tissue Block,"Registered 9/5/2025, Sergii Domanskyi, TMC - UConn Health","4 x 18 x 25 millimeter, 4000 millimeter, 1 Sections",https://data.sennetconsortium.org/sample?uuid=c8fba8950477064aa4e68bf6a2227a44,http://purl.org/ccf/1.5/ef3c1697-065b-48f2-b67b-52f561a80f6a,4,18,25,Sergii Domanskyi,Sergii,Domanskyi,,0
https://entity.api.sennetconsortium.org/entities/ce524d05a805d3e108458cb718a11e64,Tissue Block,"Registered 8/30/2024, Sergii Domanskyi, TMC - UConn Health","10 x 10 x 5 millimeter, 5 millimeter, 1 Sections",https://data.sennetconsortium.org/sample?uuid=ce524d05a805d3e108458cb718a11e64,http://purl.org/ccf/1.5/c47a1ee7-74fe-475a-829c-ef49021771f8,10,10,5,Sergii Domanskyi,Sergii,Domanskyi,,0
https://entity.api.sennetconsortium.org/entities/cefcd30e9567333c056cbe64eb2c22ae,Tissue Block,"Registered 11/21/2024, Sergii Domanskyi, TMC - UConn Health","4 x 18 x 25 millimeter, 4000 millimeter, 1 Sections",https://data.sennetconsortium.org/sample?uuid=cefcd30e9567333c056cbe64eb2c22ae,http://purl.org/ccf/1.5/d1503c96-fc87-46a7-8a0f-72c2f35b53e1,4,18,25,Sergii Domanskyi,Sergii,Domanskyi,,0
https://entity.api.sennetconsortium.org/entities/d95f6be24c08c5ad6163513e886c0492,Tissue Block,"Registered 9/5/2024, Sergii Domanskyi, TMC - UConn Health","4 x 15 x 25 millimeter, 4000 millimeter, 1 Sections",https://data.sennetconsortium.org/sample?uuid=d95f6be24c08c5ad6163513e886c0492,http://purl.org/ccf/1.5/e7cded2f-3002-479d-8023-6a62d2f90840,4,15,25,Sergii Domanskyi,Sergii,Domanskyi,,0
https://entity.api.sennetconsortium.org/entities/e63df0f3fa0041f13cb3f69498b1497d,Tissue Block,"Registered 8/30/2024, Sergii Domanskyi, TMC - UConn Health","10 x 10 x 5 millimeter, 5 millimeter, 1 Sections",https://data.sennetconsortium.org/sample?uuid=e63df0f3fa0041f13cb3f69498b1497d,http://purl.org/ccf/1.5/d09dba18-dff2-4a6c-995b-b444f1f3232a,10,10,5,Sergii Domanskyi,Sergii,Domanskyi,,0
https://entity.api.sennetconsortium.org/entities/ec7852c8ca766c3a0edd045add77d4c0,Tissue Block,"Registered 11/20/2024, Sergii Domanskyi, TMC - UConn Health","4 x 18 x 25 millimeter, 4000 millimeter, 1 Sections",https://data.sennetconsortium.org/sample?uuid=ec7852c8ca766c3a0edd045add77d4c0,http://purl.org/ccf/1.5/dce8bf74-3b04-4745-90e0-9a445bbbbb46,4,18,25,Sergii Domanskyi,Sergii,Domanskyi,,0
https://entity.api.sennetconsortium.org/entities/f9092b8a8863250187413f63e4589c65,Tissue Block,"Registered 4/16/2025, Sergii Domanskyi, TMC - UConn Health","10 x 10 x 10 millimeter, 10 millimeter, 1 Sections",https://data.sennetconsortium.org/sample?uuid=f9092b8a8863250187413f63e4589c65,http://purl.org/ccf/1.5/f69c7e2b-a079-4b7a-9b3a-debc72688dce,10,10,10,Sergii Domanskyi,Sergii,Domanskyi,,0
http://purl.org/ccf/1.5/omap-6#Donor1_TissueBlock1,Tissue Block,"Registered 5/26/2023, Anna Martinez Casals, IsletCore","8.39 x 5.99 x 0.005 millimeter, 0.005 millimeter",https://zenodo.org/record/7742474,http://purl.org/ccf/1.5/168abaaf-f115-4606-a655-8821b294d8bb,8.39,5.99,0.005,Anna Martinez Casals,Anna Martinez,Casals,,0
http://purl.org/ccf/10.1016/j.ajt.2024.08.019#Donor1_TissueBlock1,Tissue Block,case_1_CIT,"10 x 4 x 1 millimeter, 1 millimeter",https://doi.org/10.1016/j.ajt.2024.08.019,http://purl.org/ccf/1.5/0ad9c9cb-2e1c-4ade-af38-96129906dc5c,10,4,1,Aaron Wong,Aaron,Wong,,0
http://purl.org/ccf/10.1016/j.ajt.2024.08.019#Donor2_TissueBlock2,Tissue Block,case_2_2hR,"10 x 4 x 1 millimeter, 1 millimeter",https://doi.org/10.1016/j.ajt.2024.08.019,http://purl.org/ccf/1.5/0ad9c9cb-2e1c-4ade-af38-96129906dc5c,10,4,1,Aaron Wong,Aaron,Wong,,0
http://purl.org/ccf/10.1016/j.ajt.2024.08.019#Donor3_TissueBlock1,Tissue Block,case_3_CIT,"10 x 4 x 1 millimeter, 1 millimeter",https://doi.org/10.1016/j.ajt.2024.08.019,http://purl.org/ccf/1.5/0ad9c9cb-2e1c-4ade-af38-96129906dc5c,10,4,1,Aaron Wong,Aaron,Wong,,0
http://purl.org/ccf/10.1016/j.ajt.2024.08.019#Donor2_TissueBlock1,Tissue Block,case_2_CIT,"10 x 4 x 1 millimeter, 1 millimeter",https://doi.org/10.1016/j.ajt.2024.08.019,http://purl.org/ccf/1.5/27b2953e-307e-4a54-a559-22c7cb2af913,10,4,1,Aaron Wong,Aaron,Wong,,0
http://purl.org/ccf/10.1016/j.ajt.2024.08.019#Donor6_TissueBlock2,Tissue Block,case_6_2hR,"10 x 4 x 1 millimeter, 1 millimeter",https://doi.org/10.1016/j.ajt.2024.08.019,http://purl.org/ccf/1.5/1df81967-569f-45a8-82d9-a76f72a1c83a,10,4,1,Aaron Wong,Aaron,Wong,,0
http://purl.org/ccf/10.1016/j.celrep.2022.111838#Donor1_TissueBlock1,Tissue Block,"Registered 2/11/2025, Anindita Basu, University of Chicago","7 x 33 x 7 millimeter, 7 millimeter",https://www.cell.com/cell-reports/fulltext/S2211-1247(22)01730-2,http://purl.org/ccf/1.5/043373cc-8063-40fe-95ed-d0bd5e17d4c3,7,33,7,Anindita Basu,Anindita,Basu,,0
http://purl.org/ccf/10.1016/j.celrep.2022.111838#Donor2_TissueBlock1,Tissue Block,"Registered 2/11/2025, Anindita Basu, University of Chicago","7 x 33 x 7 millimeter, 7 millimeter",https://www.cell.com/cell-reports/fulltext/S2211-1247(22)01730-2,http://purl.org/ccf/1.5/043373cc-8063-40fe-95ed-d0bd5e17d4c3,7,33,7,Anindita Basu,Anindita,Basu,,0
http://purl.org/ccf/10.1016/j.celrep.2022.111838#Donor3_TissueBlock1,Tissue Block,"Registered 2/11/2025, Anindita Basu, University of Chicago","7 x 33 x 7 millimeter, 7 millimeter",https://www.cell.com/cell-reports/fulltext/S2211-1247(22)01730-2,http://purl.org/ccf/1.5/043373cc-8063-40fe-95ed-d0bd5e17d4c3,7,33,7,Anindita Basu,Anindita,Basu,,0
http://purl.org/ccf/10.1016/j.celrep.2022.111838#Donor5_TissueBlock1,Tissue Block,"Registered 2/11/2025, Anindita Basu, University of Chicago","7 x 33 x 7 millimeter, 7 millimeter",https://www.cell.com/cell-reports/fulltext/S2211-1247(22)01730-2,http://purl.org/ccf/1.5/043373cc-8063-40fe-95ed-d0bd5e17d4c3,7,33,7,Anindita Basu,Anindita,Basu,,0
http://purl.org/ccf/10.1016/j.celrep.2022.111838#Donor6_TissueBlock1,Tissue Block,"Registered 2/11/2025, Anindita Basu, University of Chicago","7 x 33 x 7 millimeter, 7 millimeter",https://www.cell.com/cell-reports/fulltext/S2211-1247(22)01730-2,http://purl.org/ccf/1.5/043373cc-8063-40fe-95ed-d0bd5e17d4c3,7,33,7,Anindita Basu,Anindita,Basu,,0
http://purl.org/ccf/10.1016/j.celrep.2022.111838#Donor7_TissueBlock1,Tissue Block,"Registered 2/11/2025, Anindita Basu, University of Chicago","7 x 33 x 7 millimeter, 7 millimeter",https://www.cell.com/cell-reports/fulltext/S2211-1247(22)01730-2,http://purl.org/ccf/1.5/043373cc-8063-40fe-95ed-d0bd5e17d4c3,7,33,7,Anindita Basu,Anindita,Basu,,0
https://doi.org/10.1038/s41467-024-55440-2#Donor1_TissueBlock1,Tissue Block,"Registered 2/11/2025, Anindita Basu, University of Chicago","7 x 33 x 7 millimeter, 7 millimeter",https://www.nature.com/articles/s41467-024-55440-2,http://purl.org/ccf/1.5/043373cc-8063-40fe-95ed-d0bd5e17d4c3,7,33,7,Anindita Basu,Anindita,Basu,,0
https://doi.org/10.1038/s41467-024-55440-2#Donor10_TissueBlock1,Tissue Block,"Registered 2/11/2025, Anindita Basu, University of Chicago","7 x 33 x 7 millimeter, 7 millimeter",https://www.nature.com/articles/s41467-024-55440-2,http://purl.org/ccf/1.5/043373cc-8063-40fe-95ed-d0bd5e17d4c3,7,33,7,Anindita Basu,Anindita,Basu,,0
https://doi.org/10.1038/s41467-024-55440-2#Donor11_TissueBlock1,Tissue Block,"Registered 2/11/2025, Anindita Basu, University of Chicago","7 x 33 x 7 millimeter, 7 millimeter",https://www.nature.com/articles/s41467-024-55440-2,http://purl.org/ccf/1.5/043373cc-8063-40fe-95ed-d0bd5e17d4c3,7,33,7,Anindita Basu,Anindita,Basu,,0
https://doi.org/10.1038/s41467-024-55440-2#Donor12_TissueBlock1,Tissue Block,"Registered 2/11/2025, Anindita Basu, University of Chicago","7 x 33 x 7 millimeter, 7 millimeter",https://www.nature.com/articles/s41467-024-55440-2,http://purl.org/ccf/1.5/043373cc-8063-40fe-95ed-d0bd5e17d4c3,7,33,7,Anindita Basu,Anindita,Basu,,0
https://doi.org/10.1038/s41467-024-55440-2#Donor13_TissueBlock1,Tissue Block,"Registered 2/11/2025, Anindita Basu, University of Chicago","7 x 33 x 7 millimeter, 7 millimeter",https://www.nature.com/articles/s41467-024-55440-2,http://purl.org/ccf/1.5/043373cc-8063-40fe-95ed-d0bd5e17d4c3,7,33,7,Anindita Basu,Anindita,Basu,,0
https://doi.org/10.1038/s41467-024-55440-2#Donor14_TissueBlock1,Tissue Block,"Registered 2/11/2025, Anindita Basu, University of Chicago","7 x 33 x 7 millimeter, 7 millimeter",https://www.nature.com/articles/s41467-024-55440-2,http://purl.org/ccf/1.5/043373cc-8063-40fe-95ed-d0bd5e17d4c3,7,33,7,Anindita Basu,Anindita,Basu,,0
https://doi.org/10.1038/s41467-024-55440-2#Donor15_TissueBlock1,Tissue Block,"Registered 2/11/2025, Anindita Basu, University of Chicago","7 x 33 x 7 millimeter, 7 millimeter",https://www.nature.com/articles/s41467-024-55440-2,http://purl.org/ccf/1.5/043373cc-8063-40fe-95ed-d0bd5e17d4c3,7,33,7,Anindita Basu,Anindita,Basu,,0
https://doi.org/10.1038/s41467-024-55440-2#Donor16_TissueBlock1,Tissue Block,"Registered 2/11/2025, Anindita Basu, University of Chicago","7 x 33 x 7 millimeter, 7 millimeter",https://www.nature.com/articles/s41467-024-55440-2,http://purl.org/ccf/1.5/043373cc-8063-40fe-95ed-d0bd5e17d4c3,7,33,7,Anindita Basu,Anindita,Basu,,0
https://doi.org/10.1038/s41467-024-55440-2#Donor17_TissueBlock1,Tissue Block,"Registered 2/11/2025, Anindita Basu, University of Chicago","7 x 33 x 7 millimeter, 7 millimeter",https://www.nature.com/articles/s41467-024-55440-2,http://purl.org/ccf/1.5/043373cc-8063-40fe-95ed-d0bd5e17d4c3,7,33,7,Anindita Basu,Anindita,Basu,,0
https://doi.org/10.1038/s41467-024-55440-2#Donor2_TissueBlock1,Tissue Block,"Registered 2/11/2025, Anindita Basu, University of Chicago","7 x 33 x 7 millimeter, 7 millimeter",https://www.nature.com/articles/s41467-024-55440-2,http://purl.org/ccf/1.5/043373cc-8063-40fe-95ed-d0bd5e17d4c3,7,33,7,Anindita Basu,Anindita,Basu,,0
https://doi.org/10.1038/s41467-024-55440-2#Donor3_TissueBlock1,Tissue Block,"Registered 2/11/2025, Anindita Basu, University of Chicago","7 x 33 x 7 millimeter, 7 millimeter",https://www.nature.com/articles/s41467-024-55440-2,http://purl.org/ccf/1.5/043373cc-8063-40fe-95ed-d0bd5e17d4c3,7,33,7,Anindita Basu,Anindita,Basu,,0
https://doi.org/10.1038/s41467-024-55440-2#Donor5_TissueBlock1,Tissue Block,"Registered 2/11/2025, Anindita Basu, University of Chicago","7 x 33 x 7 millimeter, 7 millimeter",https://www.nature.com/articles/s41467-024-55440-2,http://purl.org/ccf/1.5/043373cc-8063-40fe-95ed-d0bd5e17d4c3,7,33,7,Anindita Basu,Anindita,Basu,,0
https://doi.org/10.1038/s41467-024-55440-2#Donor6_TissueBlock1,Tissue Block,"Registered 2/11/2025, Anindita Basu, University of Chicago","7 x 33 x 7 millimeter, 7 millimeter",https://www.nature.com/articles/s41467-024-55440-2,http://purl.org/ccf/1.5/043373cc-8063-40fe-95ed-d0bd5e17d4c3,7,33,7,Anindita Basu,Anindita,Basu,,0
https://doi.org/10.1038/s41467-024-55440-2#Donor7_TissueBlock1,Tissue Block,"Registered 2/11/2025, Anindita Basu, University of Chicago","7 x 33 x 7 millimeter, 7 millimeter",https://www.nature.com/articles/s41467-024-55440-2,http://purl.org/ccf/1.5/043373cc-8063-40fe-95ed-d0bd5e17d4c3,7,33,7,Anindita Basu,Anindita,Basu,,0
https://doi.org/10.1038/s41467-024-55440-2#Donor8_TissueBlock1,Tissue Block,"Registered 2/11/2025, Anindita Basu, University of Chicago","7 x 33 x 7 millimeter, 7 millimeter",https://www.nature.com/articles/s41467-024-55440-2,http://purl.org/ccf/1.5/043373cc-8063-40fe-95ed-d0bd5e17d4c3,7,33,7,Anindita Basu,Anindita,Basu,,0
https://doi.org/10.1038/s41467-024-55440-2#Donor9_TissueBlock1,Tissue Block,"Registered 2/11/2025, Anindita Basu, University of Chicago","7 x 33 x 7 millimeter, 7 millimeter",https://www.nature.com/articles/s41467-024-55440-2,http://purl.org/ccf/1.5/043373cc-8063-40fe-95ed-d0bd5e17d4c3,7,33,7,Anindita Basu,Anindita,Basu,,0
https://atlas.kpmp.org/#164-1_Donor1_TissueBlock1,Tissue Block,"Registered 7/12/2024, Jennifer Schaub, KPMP","1 x 11 x 1 millimeter, 1 millimeter",https://atlas.kpmp.org/#164-1,http://purl.org/ccf/1.5/1563c3a1-42bb-4695-99d1-fa3ab1c90a7a,1,11,1,Jennifer Schaub,Jennifer,Schaub,,0
https://atlas.kpmp.org/#164-14_Donor1_TissueBlock1,Tissue Block,"Registered 7/12/2024, Jennifer Schaub, KPMP","1 x 11 x 1 millimeter, 1 millimeter",https://atlas.kpmp.org/#164-14,http://purl.org/ccf/1.5/1563c3a1-42bb-4695-99d1-fa3ab1c90a7a,1,11,1,Jennifer Schaub,Jennifer,Schaub,,0
https://atlas.kpmp.org/#164-22_Donor1_TissueBlock1,Tissue Block,"Registered 7/12/2024, Jennifer Schaub, KPMP","1 x 11 x 1 millimeter, 1 millimeter",https://atlas.kpmp.org/#164-22,http://purl.org/ccf/1.5/1563c3a1-42bb-4695-99d1-fa3ab1c90a7a,1,11,1,Jennifer Schaub,Jennifer,Schaub,,0
https://atlas.kpmp.org/#164-3_Donor1_TissueBlock1,Tissue Block,"Registered 7/12/2024, Jennifer Schaub, KPMP","1 x 11 x 1 millimeter, 1 millimeter",https://atlas.kpmp.org/#164-3,http://purl.org/ccf/1.5/1563c3a1-42bb-4695-99d1-fa3ab1c90a7a,1,11,1,Jennifer Schaub,Jennifer,Schaub,,0
https://atlas.kpmp.org/#165-15_Donor1_TissueBlock1,Tissue Block,"Registered 7/12/2024, Jennifer Schaub, KPMP","1 x 11 x 1 millimeter, 1 millimeter",https://atlas.kpmp.org/#165-15,http://purl.org/ccf/1.5/1563c3a1-42bb-4695-99d1-fa3ab1c90a7a,1,11,1,Jennifer Schaub,Jennifer,Schaub,,0
https://atlas.kpmp.org/#164-17_Donor1_TissueBlock1,Tissue Block,"Registered 7/12/2024, Jennifer Schaub, KPMP","1 x 7 x 1 millimeter, 1 millimeter",https://atlas.kpmp.org/#164-17,http://purl.org/ccf/1.5/25cce27a-cdcd-4a2c-b38a-f3c30e6c59de,1,7,1,Jennifer Schaub,Jennifer,Schaub,,0
https://atlas.kpmp.org/#164-18_Donor1_TissueBlock1,Tissue Block,"Registered 7/12/2024, Jennifer Schaub, KPMP","1 x 7 x 1 millimeter, 1 millimeter",https://atlas.kpmp.org/#164-18,http://purl.org/ccf/1.5/25cce27a-cdcd-4a2c-b38a-f3c30e6c59de,1,7,1,Jennifer Schaub,Jennifer,Schaub,,0
https://atlas.kpmp.org/#164-5_Donor1_TissueBlock1,Tissue Block,"Registered 7/12/2024, Jennifer Schaub, KPMP","1 x 7 x 1 millimeter, 1 millimeter",https://atlas.kpmp.org/#164-5,http://purl.org/ccf/1.5/25cce27a-cdcd-4a2c-b38a-f3c30e6c59de,1,7,1,Jennifer Schaub,Jennifer,Schaub,,0
https://atlas.kpmp.org/#164-6_Donor1_TissueBlock1,Tissue Block,"Registered 7/12/2024, Jennifer Schaub, KPMP","1 x 7 x 1 millimeter, 1 millimeter",https://atlas.kpmp.org/#164-6,http://purl.org/ccf/1.5/25cce27a-cdcd-4a2c-b38a-f3c30e6c59de,1,7,1,Jennifer Schaub,Jennifer,Schaub,,0
https://atlas.kpmp.org/#164-7_Donor1_TissueBlock1,Tissue Block,"Registered 7/12/2024, Jennifer Schaub, KPMP","1 x 7 x 1 millimeter, 1 millimeter",https://atlas.kpmp.org/#164-7,http://purl.org/ccf/1.5/25cce27a-cdcd-4a2c-b38a-f3c30e6c59de,1,7,1,Jennifer Schaub,Jennifer,Schaub,,0
https://atlas.kpmp.org/#165-10_Donor1_TissueBlock1,Tissue Block,"Registered 7/12/2024, Jennifer Schaub, KPMP","1 x 7 x 1 millimeter, 1 millimeter",https://atlas.kpmp.org/#165-10,http://purl.org/ccf/1.5/25cce27a-cdcd-4a2c-b38a-f3c30e6c59de,1,7,1,Jennifer Schaub,Jennifer,Schaub,,0
https://atlas.kpmp.org/#164-20_Donor1_TissueBlock1,Tissue Block,"Registered 7/12/2024, Jennifer Schaub, KPMP","1 x 7 x 1 millimeter, 1 millimeter",https://atlas.kpmp.org/#164-20,http://purl.org/ccf/1.5/1b621ae0-d7a8-4bc6-acb1-75f898d07690,1,7,1,Jennifer Schaub,Jennifer,Schaub,,0
https://atlas.kpmp.org/#164-8_Donor1_TissueBlock1,Tissue Block,"Registered 7/12/2024, Jennifer Schaub, KPMP","1 x 7 x 1 millimeter, 1 millimeter",https://atlas.kpmp.org/#164-8,http://purl.org/ccf/1.5/1b621ae0-d7a8-4bc6-acb1-75f898d07690,1,7,1,Jennifer Schaub,Jennifer,Schaub,,0
https://atlas.kpmp.org/#165-7_Donor1_TissueBlock1,Tissue Block,"Registered 7/12/2024, Jennifer Schaub, KPMP","1 x 7 x 1 millimeter, 1 millimeter",https://atlas.kpmp.org/#165-7,http://purl.org/ccf/1.5/1b621ae0-d7a8-4bc6-acb1-75f898d07690,1,7,1,Jennifer Schaub,Jennifer,Schaub,,0
https://entity.api.sennetconsortium.org/entities/5c28117793fd590df32e038b4e2061fe,Tissue Block,"Registered 6/4/2025, Sergii Domanskyi, TMC - UConn Health","4 x 18 x 25 millimeter, 4000 millimeter, 1 Sections",https://data.sennetconsortium.org/sample?uuid=5c28117793fd590df32e038b4e2061fe,http://purl.org/ccf/1.5/015d52cd-a4fc-4a0c-8220-0f5a0393310a,4,18,25,Sergii Domanskyi,Sergii,Domanskyi,,0
https://entity.api.sennetconsortium.org/entities/667f34375b5b10288611038e34ec99ac,Tissue Block,"Registered 6/2/2025, Sergii Domanskyi, TMC - UConn Health","5 x 5 x 2 millimeter, 2 millimeter, 1 Sections",https://data.sennetconsortium.org/sample?uuid=667f34375b5b10288611038e34ec99ac,http://purl.org/ccf/1.5/28432298-f364-401e-b8c3-790484773c4d,5,5,2,Sergii Domanskyi,Sergii,Domanskyi,,0
https://entity.api.sennetconsortium.org/entities/b19e5a26b6883c895d26bf9942faac61,Tissue Block,"Registered 6/2/2025, Sergii Domanskyi, TMC - UConn Health","5 x 5 x 2 millimeter, 2 millimeter, 1 Sections",https://data.sennetconsortium.org/sample?uuid=b19e5a26b6883c895d26bf9942faac61,http://purl.org/ccf/1.5/28432298-f364-401e-b8c3-790484773c4d,5,5,2,Sergii Domanskyi,Sergii,Domanskyi,,0
https://entity.api.sennetconsortium.org/entities/9b31300036823386ed6b2fc8535b49db,Tissue Block,"Registered 4/16/2025, Sergii Domanskyi, TMC - UConn Health","10 x 10 x 10 millimeter, 10 millimeter, 1 Sections",https://data.sennetconsortium.org/sample?uuid=9b31300036823386ed6b2fc8535b49db,http://purl.org/ccf/1.5/089c037e-326b-47b9-a9ef-e2eef0adda7b,10,10,10,Sergii Domanskyi,Sergii,Domanskyi,,0
https://entity.api.sennetconsortium.org/entities/b28ccb2cbc0d4e791b5a39cdd57eb8fc,Tissue Block,"Registered 12/17/2025, Sergii Domanskyi, TMC - UConn Health","5 x 5 x 2 millimeter, 2 millimeter, 1 Sections",https://data.sennetconsortium.org/sample?uuid=b28ccb2cbc0d4e791b5a39cdd57eb8fc,http://purl.org/ccf/1.5/1f8b5298-e67b-4a94-bb80-f810523d5a5c,5,5,2,Sergii Domanskyi,Sergii,Domanskyi,,0
https://entity.api.sennetconsortium.org/entities/c7ae11a744466468b6dc80f8d18d9ab1,Tissue Block,"Registered 1/6/2026, Sergii Domanskyi, TMC - UConn Health","5 x 5 x 2 millimeter, 2 millimeter, 1 Sections",https://data.sennetconsortium.org/sample?uuid=c7ae11a744466468b6dc80f8d18d9ab1,http://purl.org/ccf/1.5/1f8b5298-e67b-4a94-bb80-f810523d5a5c,5,5,2,Sergii Domanskyi,Sergii,Domanskyi,,0
https://entity.api.hubmapconsortium.org/entities/01206b2e6fab172ad82d92ab6bff5e74,Tissue Block,"Registered 3/23/2026, Kyung Ahn, TMC - Children's Hospital of Philadelphia","10 x 16 x 5 millimeter, 5 millimeter, 3 Sections",https://portal.hubmapconsortium.org/browse/sample/01206b2e6fab172ad82d92ab6bff5e74,http://purl.org/ccf/1.5/e138c7bc-1a53-463b-a62b-d2728ffbec80,10,16,5,Kyung Ahn,Kyung,Ahn,,0
https://entity.api.hubmapconsortium.org/entities/034c9146fd1663a9d0c85c846cb085e1,Tissue Block,"Registered 3/23/2026, Kyung Ahn, TMC - Children's Hospital of Philadelphia","10 x 4 x 5 millimeter, 5 millimeter, 3 Sections",https://portal.hubmapconsortium.org/browse/sample/034c9146fd1663a9d0c85c846cb085e1,http://purl.org/ccf/1.5/93c94504-6842-4115-a296-877507d1f052,10,4,5,Kyung Ahn,Kyung,Ahn,,0
https://entity.api.hubmapconsortium.org/entities/039ce6e8d5fa342811a4b317846b7281,Tissue Block,"Registered 6/10/2020, Jamie Allen, TMC-Vanderbilt","35 x 19 x 3 millimeter, 0.6 millimeter, 5 Sections",https://portal.hubmapconsortium.org/browse/sample/039ce6e8d5fa342811a4b317846b7281,http://purl.org/ccf/0.5/43a81423-74d2-4803-a805-d745093c2376,35,19,3,Jeff Spraggins,Jeff,Spraggins,,0
https://entity.api.hubmapconsortium.org/entities/6af94c048315d5b7b8997229dbb48f1a,Tissue Block,"Registered 6/10/2020, Jamie Allen, TMC-Vanderbilt","35 x 19 x 3 millimeter, 1 millimeter, 3 Sections",https://portal.hubmapconsortium.org/browse/sample/6af94c048315d5b7b8997229dbb48f1a,http://purl.org/ccf/0.5/43a81423-74d2-4803-a805-d745093c2376,35,19,3,Jeff Spraggins,Jeff,Spraggins,,0
https://entity.api.hubmapconsortium.org/entities/a6255c16876d9c9d6229414c59fff534,Tissue Block,"Registered 6/10/2020, Jamie Allen, TMC-Vanderbilt","35 x 19 x 3 millimeter, 0.4 millimeter, 7 Sections",https://portal.hubmapconsortium.org/browse/sample/a6255c16876d9c9d6229414c59fff534,http://purl.org/ccf/0.5/43a81423-74d2-4803-a805-d745093c2376,35,19,3,Jeff Spraggins,Jeff,Spraggins,,0
https://entity.api.hubmapconsortium.org/entities/7a6a312a5f0b68e1f934fc9b38eedf4b,Tissue Block,"Registered 3/23/2026, Kyung Ahn, TMC - Children's Hospital of Philadelphia","10 x 4 x 5 millimeter, 5 millimeter, 3 Sections",https://portal.hubmapconsortium.org/browse/sample/7a6a312a5f0b68e1f934fc9b38eedf4b,http://purl.org/ccf/1.5/4ec91c30-6eed-4b89-ba3f-941add225c63,10,4,5,Kyung Ahn,Kyung,Ahn,,0
https://entity.api.hubmapconsortium.org/entities/7c3e18c723b52eed7cd421db8c4dada0,Tissue Block,"Registered 3/23/2026, Kyung Ahn, TMC - Children's Hospital of Philadelphia","8 x 2 x 4 millimeter, 5 millimeter, 3 Sections",https://portal.hubmapconsortium.org/browse/sample/7c3e18c723b52eed7cd421db8c4dada0,http://purl.org/ccf/1.5/8197a969-c010-4e5b-bc97-e2e3ca44d816,8,2,4,Kyung Ahn,Kyung,Ahn,,0
https://entity.api.hubmapconsortium.org/entities/063696011ee1e4bfac36a02adce8dd6b,Tissue Block,"Registered 2/19/2026, Jamie Allen, TMC-Vanderbilt","26 x 20 x 17 millimeter, 5.7 millimeter, 3 Sections",https://portal.hubmapconsortium.org/browse/sample/063696011ee1e4bfac36a02adce8dd6b,http://purl.org/ccf/1.5/fb820248-33a5-4923-8d4e-b9dd893104b1,26,20,17,Jamie Allen,Jamie,Allen,,0
https://entity.api.hubmapconsortium.org/entities/07c995983aac113b442c0dc0c0b42ae5,Tissue Block,"Registered 6/10/2020, Jamie Allen, TMC-Vanderbilt","20 x 8 x 4 millimeter, 0.6 millimeter, 7 Sections",https://portal.hubmapconsortium.org/browse/sample/07c995983aac113b442c0dc0c0b42ae5,http://purl.org/ccf/0.5/ddca4946-3dda-445a-9b7d-367780669123,20,8,4,Jeff Spraggins,Jeff,Spraggins,,0
https://entity.api.hubmapconsortium.org/entities/088adc477043f3970311122b0365bba8,Tissue Block,"Registered 6/10/2020, Elizabeth Neumann, TMC-Vanderbilt","20 x 15 x 4 millimeter, 1.3 millimeter, 3 Sections",https://portal.hubmapconsortium.org/browse/sample/088adc477043f3970311122b0365bba8,http://purl.org/ccf/0.5/004c977d-dc98-472b-b02e-4209f8b41387,20,15,4,Jeff Spraggins,Jeff,Spraggins,,0
https://entity.api.hubmapconsortium.org/entities/3a4b8bfca8e842cae400f49e19987c7c,Tissue Block,"Registered 6/10/2020, Elizabeth Neumann, TMC-Vanderbilt","20 x 15 x 4 millimeter, 4 millimeter, 1 Sections",https://portal.hubmapconsortium.org/browse/sample/3a4b8bfca8e842cae400f49e19987c7c,http://purl.org/ccf/0.5/004c977d-dc98-472b-b02e-4209f8b41387,20,15,4,Jeff Spraggins,Jeff,Spraggins,,0
https://entity.api.hubmapconsortium.org/entities/12453b2951a8cc7de5a9d670395dbbb2,Tissue Block,"Registered 3/23/2026, Kyung Ahn, TMC - Children's Hospital of Philadelphia","10 x 4 x 5 millimeter, 5 millimeter, 3 Sections",https://portal.hubmapconsortium.org/browse/sample/12453b2951a8cc7de5a9d670395dbbb2,http://purl.org/ccf/1.5/00d70bfc-b477-4131-a9ef-b0d0945ceffa,10,4,5,Kyung Ahn,Kyung,Ahn,,0
https://entity.api.hubmapconsortium.org/entities/16755fbe7dcb20e2cdcaeef386464643,Tissue Block,"Registered 6/10/2020, Jamie Allen, TMC-Vanderbilt","33 x 23 x 4 millimeter, 0.5 millimeter, 8 Sections",https://portal.hubmapconsortium.org/browse/sample/16755fbe7dcb20e2cdcaeef386464643,http://purl.org/ccf/0.5/812d2c8e-557a-48b9-8780-a5c1f53008cb,33,23,4,Jeff Spraggins,Jeff,Spraggins,,0
https://entity.api.hubmapconsortium.org/entities/9d1412bb63341df32e4851693cbfe409,Tissue Block,"Registered 6/10/2020, Jamie Allen, TMC-Vanderbilt","33 x 23 x 4 millimeter, 4 millimeter, 1 Sections",https://portal.hubmapconsortium.org/browse/sample/9d1412bb63341df32e4851693cbfe409,http://purl.org/ccf/0.5/812d2c8e-557a-48b9-8780-a5c1f53008cb,33,23,4,Jeff Spraggins,Jeff,Spraggins,,0
https://entity.api.hubmapconsortium.org/entities/16f984ebb41e334dc6bad00ff32a3083,Tissue Block,"Registered 7/10/2022, Jamie Allen, TMC-Vanderbilt","20 x 8 x 3 millimeter, 1.5 millimeter, 2 Sections",https://portal.hubmapconsortium.org/browse/sample/16f984ebb41e334dc6bad00ff32a3083,http://purl.org/ccf/1.5/ae63de43-3ab8-42c0-a6cd-81ca5de26e81,20,8,3,Jamie Allen,Jamie,Allen,,0
https://entity.api.hubmapconsortium.org/entities/19bc98de2e260bbe2377099b22d661d5,Tissue Block,"Registered 2/19/2026, Jamie Allen, TMC-Vanderbilt","20 x 18 x 10 millimeter, 3.3 millimeter, 3 Sections",https://portal.hubmapconsortium.org/browse/sample/19bc98de2e260bbe2377099b22d661d5,http://purl.org/ccf/1.5/96049563-0480-40d6-852a-7744eaf67ba6,20,18,10,Jamie Allen,Jamie,Allen,,0
https://entity.api.hubmapconsortium.org/entities/1c8ff05ce68e0a68a2b7b763a6879f25,Tissue Block,"Registered 4/11/2025, Jamie Allen, TMC-Vanderbilt","20 x 13 x 5 millimeter, 1 millimeter, 5 Sections",https://portal.hubmapconsortium.org/browse/sample/1c8ff05ce68e0a68a2b7b763a6879f25,http://purl.org/ccf/1.5/da9ec750-bfb8-4095-9456-fce3022cea66,20,13,5,Jamie Allen,Jamie,Allen,,0
https://entity.api.hubmapconsortium.org/entities/24b13fd3342a93b5c85bd2318434b2a4,Tissue Block,"Registered 6/10/2020, Elizabeth Neumann, TMC-Vanderbilt","18 x 10 x 2 millimeter, 0.3 millimeter, 7 Sections",https://portal.hubmapconsortium.org/browse/sample/24b13fd3342a93b5c85bd2318434b2a4,http://purl.org/ccf/0.5/a92ad611-c3c6-43d9-bfd6-00ff906fa541,18,10,2,Jeff Spraggins,Jeff,Spraggins,,0
https://entity.api.hubmapconsortium.org/entities/5f8bd79354b14fc35466221b875bb030,Tissue Block,"Registered 6/10/2020, Elizabeth Neumann, TMC-Vanderbilt","18 x 10 x 2 millimeter, 0.3 millimeter, 8 Sections",https://portal.hubmapconsortium.org/browse/sample/5f8bd79354b14fc35466221b875bb030,http://purl.org/ccf/0.5/a92ad611-c3c6-43d9-bfd6-00ff906fa541,18,10,2,Jeff Spraggins,Jeff,Spraggins,,0
https://entity.api.hubmapconsortium.org/entities/26baddfb2fab6aeb13a52c22636d7eca,Tissue Block,"Registered 2/19/2026, Jamie Allen, TMC-Vanderbilt","22 x 29 x 9 millimeter, 4.5 millimeter, 2 Sections",https://portal.hubmapconsortium.org/browse/sample/26baddfb2fab6aeb13a52c22636d7eca,http://purl.org/ccf/1.5/ac866b7c-d569-4b44-a578-4e6cefd99425,22,29,9,Jamie Allen,Jamie,Allen,,0
https://entity.api.hubmapconsortium.org/entities/27485b21a2285dbcae38f2d56d429dec,Tissue Block,"Registered 7/19/2022, Jamie Allen, TMC-Vanderbilt","10 x 18 x 20 millimeter, 6.7 millimeter, 3 Sections",https://portal.hubmapconsortium.org/browse/sample/27485b21a2285dbcae38f2d56d429dec,http://purl.org/ccf/1.5/aae4b64f-ffda-4c18-9db1-e5aa350b0d3b,10,18,20,Jamie Allen,Jamie,Allen,,0
https://entity.api.hubmapconsortium.org/entities/275266319973e45e54296cdc912d04c7,Tissue Block,"Registered 2/19/2026, Jamie Allen, TMC-Vanderbilt","22 x 11 x 13 millimeter, 4.3 millimeter, 3 Sections",https://portal.hubmapconsortium.org/browse/sample/275266319973e45e54296cdc912d04c7,http://purl.org/ccf/1.5/ca365682-09f2-4cfb-9da6-59de7e3b5637,22,11,13,Jamie Allen,Jamie,Allen,,0
https://entity.api.hubmapconsortium.org/entities/2a3b7a201db7e590f8578b2d7c558f9b,Tissue Block,"Registered 6/10/2020, Jamie Allen, TMC-Vanderbilt","21 x 11 x 8 millimeter, 1.6 millimeter, 5 Sections",https://portal.hubmapconsortium.org/browse/sample/2a3b7a201db7e590f8578b2d7c558f9b,http://purl.org/ccf/0.5/7f350668-6a99-433b-81e7-56f17c4cdb70,21,11,8,Jeff Spraggins,Jeff,Spraggins,,0
https://entity.api.hubmapconsortium.org/entities/2ce02a8007277336b4522db806cedafd,Tissue Block,"Registered 6/10/2020, Jamie Allen, TMC-Vanderbilt","19 x 10 x 13 millimeter, 2.6 millimeter, 5 Sections",https://portal.hubmapconsortium.org/browse/sample/2ce02a8007277336b4522db806cedafd,http://purl.org/ccf/0.5/a92f535f-e679-47ed-ad8d-329b12554af7,19,10,13,Jeff Spraggins,Jeff,Spraggins,,0
https://entity.api.hubmapconsortium.org/entities/2d3a82aa3180b216081bbb0ae7bbe521,Tissue Block,"Registered 7/25/2022, Jamie Allen, TMC-Vanderbilt","29 x 15 x 14 millimeter, 4.7 millimeter, 3 Sections",https://portal.hubmapconsortium.org/browse/sample/2d3a82aa3180b216081bbb0ae7bbe521,http://purl.org/ccf/1.5/ba018414-bb8f-4ddb-9586-9d955939f17e,29,15,14,Jamie Allen,Jamie,Allen,,0
https://entity.api.hubmapconsortium.org/entities/2eb0aa95b1c1476852ca2971e55765db,Tissue Block,"Registered 6/10/2020, Jamie Allen, TMC-Vanderbilt","17 x 18 x 3 millimeter, 1 millimeter, 3 Sections",https://portal.hubmapconsortium.org/browse/sample/2eb0aa95b1c1476852ca2971e55765db,http://purl.org/ccf/0.5/6264c640-fadc-4852-b395-8a0bdc3d99bf,17,18,3,Jeff Spraggins,Jeff,Spraggins,,0
https://entity.api.hubmapconsortium.org/entities/9cab477791e415a4b4ceed2c7211a152,Tissue Block,"Registered 6/10/2020, Jamie Allen, TMC-Vanderbilt","17 x 18 x 3 millimeter, 1 millimeter, 3 Sections",https://portal.hubmapconsortium.org/browse/sample/9cab477791e415a4b4ceed2c7211a152,http://purl.org/ccf/0.5/6264c640-fadc-4852-b395-8a0bdc3d99bf,17,18,3,Jeff Spraggins,Jeff,Spraggins,,0
https://entity.api.hubmapconsortium.org/entities/a216f4fd6f96b64de6f3242eceebf4c6,Tissue Block,"Registered 6/10/2020, Jamie Allen, TMC-Vanderbilt","17 x 18 x 3 millimeter, 0.3 millimeter, 11 Sections",https://portal.hubmapconsortium.org/browse/sample/a216f4fd6f96b64de6f3242eceebf4c6,http://purl.org/ccf/0.5/6264c640-fadc-4852-b395-8a0bdc3d99bf,17,18,3,Jeff Spraggins,Jeff,Spraggins,,0
https://entity.api.hubmapconsortium.org/entities/2fab79a9358f15654f985c2be471c45f,Tissue Block,"Registered 2/19/2026, Elizabeth Neumann, TMC-Vanderbilt","20 x 11 x 3 millimeter, 0.8 millimeter, 4 Sections",https://portal.hubmapconsortium.org/browse/sample/2fab79a9358f15654f985c2be471c45f,http://purl.org/ccf/1.5/c3a8772d-3c06-4f2b-8882-2f8cba7e57aa,20,11,3,Jamie Allen,Jamie,Allen,,0
https://entity.api.hubmapconsortium.org/entities/30910e837384294c01ed873f138c1cac,Tissue Block,"Registered 6/14/2022, Jamie Allen, TMC-Vanderbilt","25 x 17 x 5 millimeter, 1.3 millimeter, 4 Sections",https://portal.hubmapconsortium.org/browse/sample/30910e837384294c01ed873f138c1cac,http://purl.org/ccf/1.5/9623319d-6ae6-4f5a-a89a-163395215137,25,17,5,Jamie Allen,Jamie,Allen,,0
https://entity.api.hubmapconsortium.org/entities/3622b5c2175f28d7f6323208b7b1d93c,Tissue Block,"Registered 6/10/2020, Jamie Allen, TMC-Vanderbilt","16 x 12 x 5 millimeter, 1 millimeter, 5 Sections",https://portal.hubmapconsortium.org/browse/sample/3622b5c2175f28d7f6323208b7b1d93c,http://purl.org/ccf/0.5/3022bdb2-5548-4d64-8c20-139999148d67,16,12,5,Jeff Spraggins,Jeff,Spraggins,,0
https://entity.api.hubmapconsortium.org/entities/6890cd54f99e6396694e64ee2bb53b3c,Tissue Block,"Registered 6/10/2020, Jamie Allen, TMC-Vanderbilt","16 x 12 x 5 millimeter, 1 millimeter, 5 Sections",https://portal.hubmapconsortium.org/browse/sample/6890cd54f99e6396694e64ee2bb53b3c,http://purl.org/ccf/0.5/3022bdb2-5548-4d64-8c20-139999148d67,16,12,5,Jeff Spraggins,Jeff,Spraggins,,0
https://entity.api.hubmapconsortium.org/entities/4100e14966a899756bfd2aef447f8f14,Tissue Block,"Registered 2/19/2026, Jamie Allen, TMC-Vanderbilt","10 x 27 x 4 millimeter, 1.3 millimeter, 3 Sections",https://portal.hubmapconsortium.org/browse/sample/4100e14966a899756bfd2aef447f8f14,http://purl.org/ccf/1.5/d68afcd6-9629-4be6-9b24-de162a16b12b,10,27,4,Jamie Allen,Jamie,Allen,,0
https://entity.api.hubmapconsortium.org/entities/414abf452403edbecb91fb9d05647829,Tissue Block,"Registered 7/18/2022, Jamie Allen, TMC-Vanderbilt","32 x 9 x 20 millimeter, 6.7 millimeter, 3 Sections",https://portal.hubmapconsortium.org/browse/sample/414abf452403edbecb91fb9d05647829,http://purl.org/ccf/1.5/d9722c2f-1591-4e93-a214-377a5646e6d8,32,9,20,Jamie Allen,Jamie,Allen,,0
https://entity.api.hubmapconsortium.org/entities/4183d2843c53482e94455468c7264de8,Tissue Block,"Registered 6/20/2022, Jamie Allen, TMC-Vanderbilt","13 x 12 x 11 millimeter, 1 millimeter, 11 Sections",https://portal.hubmapconsortium.org/browse/sample/4183d2843c53482e94455468c7264de8,http://purl.org/ccf/1.5/bf36d893-81ff-4f38-a6ba-97c9d870c841,13,12,11,Jamie Allen,Jamie,Allen,,0
https://entity.api.hubmapconsortium.org/entities/4238035279fa6b84092f5a48e230a300,Tissue Block,"Registered 6/10/2020, Jamie Allen, TMC-Vanderbilt","18 x 12 x 10 millimeter, 0.9 millimeter, 11 Sections",https://portal.hubmapconsortium.org/browse/sample/4238035279fa6b84092f5a48e230a300,http://purl.org/ccf/0.5/89386c4b-280e-4656-86c8-9dfd6b7de99a,18,12,10,Jeff Spraggins,Jeff,Spraggins,,0
https://entity.api.hubmapconsortium.org/entities/76a721f5c92163e02bf2811ed276ed0b,Tissue Block,"Registered 6/10/2020, Jamie Allen, TMC-Vanderbilt","18 x 12 x 10 millimeter, 1.1 millimeter, 9 Sections",https://portal.hubmapconsortium.org/browse/sample/76a721f5c92163e02bf2811ed276ed0b,http://purl.org/ccf/0.5/89386c4b-280e-4656-86c8-9dfd6b7de99a,18,12,10,Jeff Spraggins,Jeff,Spraggins,,0
https://entity.api.hubmapconsortium.org/entities/4fd5a971eb171344a8d1e2b629e95541,Tissue Block,"Registered 6/10/2020, Jamie Allen, TMC-Vanderbilt","15 x 13 x 10 millimeter, 1.7 millimeter, 6 Sections",https://portal.hubmapconsortium.org/browse/sample/4fd5a971eb171344a8d1e2b629e95541,http://purl.org/ccf/0.5/ad6486c5-ee24-4c25-8c74-677ffb35a189,15,13,10,Jeff Spraggins,Jeff,Spraggins,,0
https://entity.api.hubmapconsortium.org/entities/512108a2c671e73858834cb5a7b8db80,Tissue Block,"Registered 6/10/2020, Jamie Allen, TMC-Vanderbilt","15 x 13 x 10 millimeter, 1 millimeter, 10 Sections",https://portal.hubmapconsortium.org/browse/sample/512108a2c671e73858834cb5a7b8db80,http://purl.org/ccf/0.5/ad6486c5-ee24-4c25-8c74-677ffb35a189,15,13,10,Jeff Spraggins,Jeff,Spraggins,,0
https://entity.api.hubmapconsortium.org/entities/dc0f7635a17dfaa243fe384020ced902,Tissue Block,"Registered 6/10/2020, Jamie Allen, TMC-Vanderbilt","15 x 13 x 10 millimeter, 5 millimeter, 2 Sections",https://portal.hubmapconsortium.org/browse/sample/dc0f7635a17dfaa243fe384020ced902,http://purl.org/ccf/0.5/ad6486c5-ee24-4c25-8c74-677ffb35a189,15,13,10,Jeff Spraggins,Jeff,Spraggins,,0
https://entity.api.hubmapconsortium.org/entities/5193f0b7dc1c38be66651d545b314b12,Tissue Block,"Registered 6/10/2020, Jamie Allen, TMC-Vanderbilt","25 x 15 x 4 millimeter, 1.3 millimeter, 3 Sections",https://portal.hubmapconsortium.org/browse/sample/5193f0b7dc1c38be66651d545b314b12,http://purl.org/ccf/0.5/d49fc7d2-4dfa-4a4c-9d91-737cdaf2c4d7,25,15,4,Jeff Spraggins,Jeff,Spraggins,,0
https://entity.api.hubmapconsortium.org/entities/b6283c0391ae1f184e1b818af81ea52d,Tissue Block,"Registered 6/10/2020, Jamie Allen, TMC-Vanderbilt","25 x 15 x 4 millimeter, 0.6 millimeter, 7 Sections",https://portal.hubmapconsortium.org/browse/sample/b6283c0391ae1f184e1b818af81ea52d,http://purl.org/ccf/0.5/d49fc7d2-4dfa-4a4c-9d91-737cdaf2c4d7,25,15,4,Jeff Spraggins,Jeff,Spraggins,,0
https://entity.api.hubmapconsortium.org/entities/6e6aa82966b84161eaa6ef6e98494433,Tissue Block,"Registered 6/9/2022, Jamie Allen, TMC-Vanderbilt","20 x 15 x 7 millimeter, 2.3 millimeter, 3 Sections",https://portal.hubmapconsortium.org/browse/sample/6e6aa82966b84161eaa6ef6e98494433,http://purl.org/ccf/1.5/a2d58db6-2ca6-45ee-a0da-3c11e2f436cf,20,15,7,Jamie Allen,Jamie,Allen,,0
https://entity.api.hubmapconsortium.org/entities/81b7f516090a53507dcaaf82674896f6,Tissue Block,"Registered 4/11/2025, Elizabeth Neumann, TMC-Vanderbilt","27 x 17 x 3 millimeter, 0.6 millimeter, 5 Sections",https://portal.hubmapconsortium.org/browse/sample/81b7f516090a53507dcaaf82674896f6,http://purl.org/ccf/1.5/c6d06de1-f72e-48e8-ab5a-b25a2449a4cf,27,17,3,Jamie Allen,Jamie,Allen,,0
https://entity.api.hubmapconsortium.org/entities/8c84b4f8c8bf312308bc43959e369b50,Tissue Block,"Registered 7/26/2022, Jamie Allen, TMC-Vanderbilt","24 x 10 x 10 millimeter, 2.5 millimeter, 4 Sections",https://portal.hubmapconsortium.org/browse/sample/8c84b4f8c8bf312308bc43959e369b50,http://purl.org/ccf/1.5/99ea85ea-c75a-4660-a9d1-b5f58441a0a4,24,10,10,Jamie Allen,Jamie,Allen,,0
https://entity.api.hubmapconsortium.org/entities/bb88211c52f33fbfb03f593ea6175729,Tissue Block,"Registered 3/23/2026, Kyung Ahn, TMC - Children's Hospital of Philadelphia","10 x 16 x 5 millimeter, 5 millimeter, 3 Sections",https://portal.hubmapconsortium.org/browse/sample/bb88211c52f33fbfb03f593ea6175729,http://purl.org/ccf/1.5/0d259343-bb9b-4ed9-b4af-e298893bf2a4,10,16,5,Kyung Ahn,Kyung,Ahn,,0
https://entity.api.hubmapconsortium.org/entities/bbddf229fe06be8c7fd22c46af7e835b,Tissue Block,"Registered 6/15/2022, Jamie Allen, TMC-Vanderbilt","15 x 12 x 9 millimeter, 0.9 millimeter, 10 Sections",https://portal.hubmapconsortium.org/browse/sample/bbddf229fe06be8c7fd22c46af7e835b,http://purl.org/ccf/1.5/ba54628b-f2ab-4ce0-a767-32123813092f,15,12,9,Jamie Allen,Jamie,Allen,,0
https://entity.api.hubmapconsortium.org/entities/c5bd4ae9a43b580f821c5d499953bdec,Tissue Block,"Registered 6/10/2020, Elizabeth Neumann, TMC-Vanderbilt","24 x 20 x 7 millimeter, 0.8 millimeter, 9 Sections",https://portal.hubmapconsortium.org/browse/sample/c5bd4ae9a43b580f821c5d499953bdec,http://purl.org/ccf/0.5/1a6f4e15-83cc-4505-a059-55038690c33d,24,20,7,Jeff Spraggins,Jeff,Spraggins,,0
https://entity.api.hubmapconsortium.org/entities/c644c81e927edbcff4e835c20dc1b650,Tissue Block,"Registered 4/11/2025, Jamie Allen, TMC-Vanderbilt","31 x 18 x 6 millimeter, 1.5 millimeter, 4 Sections",https://portal.hubmapconsortium.org/browse/sample/c644c81e927edbcff4e835c20dc1b650,http://purl.org/ccf/1.5/d8c6ae8a-cbcc-4a81-b6ea-055b481c98a4,31,18,6,Jamie Allen,Jamie,Allen,,0
https://entity.api.hubmapconsortium.org/entities/db346f684630db7e89c270e49cbca723,Tissue Block,"Registered 4/14/2025, Elizabeth Neumann, TMC-Vanderbilt","16 x 12 x 7 millimeter, 1.4 millimeter, 5 Sections",https://portal.hubmapconsortium.org/browse/sample/db346f684630db7e89c270e49cbca723,http://purl.org/ccf/1.5/e9d111d9-5ff9-48f2-85b7-3b03b8a2feea,16,12,7,Jamie Allen,Jamie,Allen,,0
https://entity.api.hubmapconsortium.org/entities/dba36d47aef324348db8c2031cd750f1,Tissue Block,"Registered 4/11/2025, Jamie Allen, TMC-Vanderbilt","20 x 10 x 10 millimeter, 1.7 millimeter, 6 Sections",https://portal.hubmapconsortium.org/browse/sample/dba36d47aef324348db8c2031cd750f1,http://purl.org/ccf/1.5/e310ff11-8001-4dde-99dc-621f017f2887,20,10,10,Jamie Allen,Jamie,Allen,,0
https://entity.api.hubmapconsortium.org/entities/ddc6db704d6b031979c121d2a5f15b0b,Tissue Block,"Registered 7/11/2022, Jamie Allen, TMC-Vanderbilt","40 x 9 x 15 millimeter, 5 millimeter, 3 Sections",https://portal.hubmapconsortium.org/browse/sample/ddc6db704d6b031979c121d2a5f15b0b,http://purl.org/ccf/1.5/b5ba9c77-bf58-49bd-b686-7868f9a5c05a,40,9,15,Jamie Allen,Jamie,Allen,,0
https://entity.api.hubmapconsortium.org/entities/ea2cfa5b4d1ed386d4c447a06a6149ec,Tissue Block,"Registered 4/14/2025, Jamie Allen, TMC-Vanderbilt","22 x 13 x 7 millimeter, 1.2 millimeter, 6 Sections",https://portal.hubmapconsortium.org/browse/sample/ea2cfa5b4d1ed386d4c447a06a6149ec,http://purl.org/ccf/1.5/db3b0086-cdfa-44c1-a77d-d8762ae6fd49,22,13,7,Jamie Allen,Jamie,Allen,,0
https://entity.api.hubmapconsortium.org/entities/eb2a4ecf50547ce9da8c39ea31e0e6a6,Tissue Block,"Registered 2/19/2026, Jamie Allen, TMC-Vanderbilt","22 x 10 x 10 millimeter, 3.3 millimeter, 3 Sections",https://portal.hubmapconsortium.org/browse/sample/eb2a4ecf50547ce9da8c39ea31e0e6a6,http://purl.org/ccf/1.5/e3c21227-c1a7-4197-acaa-5dd6d22a832b,22,10,10,Jamie Allen,Jamie,Allen,,0
https://entity.api.hubmapconsortium.org/entities/54e7365b6264290f4e452da9d8584a86,Tissue Block,"Registered 8/9/2021, Elizabeth Neumann, TMC-Vanderbilt","28 x 17 x 2 millimeter, 0.7 millimeter, 3 Sections",https://portal.hubmapconsortium.org/browse/sample/54e7365b6264290f4e452da9d8584a86,http://purl.org/ccf/0.5/5d8e6e56-ce20-4550-9639-8d149c3d5838,28,17,2,Jeff Spraggins,Jeff,Spraggins,,0
https://entity.api.hubmapconsortium.org/entities/5e878eb0192414dee7be45d7d5610a84,Tissue Block,"Registered 6/10/2020, Elizabeth Neumann, TMC-Vanderbilt","28 x 17 x 2 millimeter, 0.3 millimeter, 6 Sections",https://portal.hubmapconsortium.org/browse/sample/5e878eb0192414dee7be45d7d5610a84,http://purl.org/ccf/0.5/5d8e6e56-ce20-4550-9639-8d149c3d5838,28,17,2,Jeff Spraggins,Jeff,Spraggins,,0
https://entity.api.hubmapconsortium.org/entities/a481a72a4f0877f177b5c47f033bea88,Tissue Block,"Registered 6/10/2020, Elizabeth Neumann, TMC-Vanderbilt","28 x 17 x 2 millimeter, 2 millimeter, 1 Sections",https://portal.hubmapconsortium.org/browse/sample/a481a72a4f0877f177b5c47f033bea88,http://purl.org/ccf/0.5/5d8e6e56-ce20-4550-9639-8d149c3d5838,28,17,2,Jeff Spraggins,Jeff,Spraggins,,0
https://entity.api.hubmapconsortium.org/entities/550bae4c2b3005ad5d258287d0c6ff6b,Tissue Block,"Registered 2/19/2026, Jamie Allen, TMC-Vanderbilt","19 x 18 x 11 millimeter, 3.7 millimeter, 3 Sections",https://portal.hubmapconsortium.org/browse/sample/550bae4c2b3005ad5d258287d0c6ff6b,http://purl.org/ccf/1.5/869b2d5e-27c6-403c-878b-9bd93c84a2e9,19,18,11,Jamie Allen,Jamie,Allen,,0
https://entity.api.hubmapconsortium.org/entities/57fa69929e3783349109129a15e5e131,Tissue Block,"Registered 2/19/2026, Jamie Allen, TMC-Vanderbilt","23 x 18 x 10 millimeter, 2.5 millimeter, 4 Sections",https://portal.hubmapconsortium.org/browse/sample/57fa69929e3783349109129a15e5e131,http://purl.org/ccf/1.5/9c7d2e2a-99cd-465f-8d06-1128818bc46e,23,18,10,Jamie Allen,Jamie,Allen,,0
https://entity.api.hubmapconsortium.org/entities/5c638b02d249cc8560f12a754005767c,Tissue Block,"Registered 4/15/2025, Jamie Allen, TMC-Vanderbilt","20 x 14 x 6 millimeter, 1.2 millimeter, 5 Sections",https://portal.hubmapconsortium.org/browse/sample/5c638b02d249cc8560f12a754005767c,http://purl.org/ccf/1.5/5a546d93-9a67-4d3c-964c-3a809c373841,20,14,6,Jamie Allen,Jamie,Allen,,0
https://entity.api.hubmapconsortium.org/entities/647db48ac7407caf7c3fb8ef0c6da12e,Tissue Block,"Registered 6/10/2020, Jamie Allen, TMC-Vanderbilt","27 x 10 x 3 millimeter, 0.6 millimeter, 5 Sections",https://portal.hubmapconsortium.org/browse/sample/647db48ac7407caf7c3fb8ef0c6da12e,http://purl.org/ccf/0.5/b8a1b2bf-5cc2-49d3-810f-c2b7e06d2f8b,27,10,3,Jeff Spraggins,Jeff,Spraggins,,0
https://entity.api.hubmapconsortium.org/entities/973161d3138555f8705d9fcbbcedd144,Tissue Block,"Registered 6/10/2020, Jamie Allen, TMC-Vanderbilt","27 x 10 x 3 millimeter, 1.5 millimeter, 2 Sections",https://portal.hubmapconsortium.org/browse/sample/973161d3138555f8705d9fcbbcedd144,http://purl.org/ccf/0.5/b8a1b2bf-5cc2-49d3-810f-c2b7e06d2f8b,27,10,3,Jeff Spraggins,Jeff,Spraggins,,0
https://entity.api.hubmapconsortium.org/entities/6585f87d93fe9621d151f0f225a8edc2,Tissue Block,"Registered 6/10/2020, Jamie Allen, TMC-Vanderbilt","19 x 14 x 7 millimeter, 1.8 millimeter, 4 Sections",https://portal.hubmapconsortium.org/browse/sample/6585f87d93fe9621d151f0f225a8edc2,http://purl.org/ccf/0.5/28769c20-7852-48e9-8579-d06ce74bb2cd,19,14,7,Jeff Spraggins,Jeff,Spraggins,,0
https://entity.api.hubmapconsortium.org/entities/682ab44e00e97bd81b17b0004601c8da,Tissue Block,"Registered 6/10/2020, Jamie Allen, TMC-Vanderbilt","15 x 10 x 6 millimeter, 0.7 millimeter, 9 Sections",https://portal.hubmapconsortium.org/browse/sample/682ab44e00e97bd81b17b0004601c8da,http://purl.org/ccf/0.5/24ce75c0-6272-4a15-82ff-ab5e023bb771,15,10,6,Jeff Spraggins,Jeff,Spraggins,,0
https://entity.api.hubmapconsortium.org/entities/7697e16bf3f778036b56ca8aec068ae9,Tissue Block,"Registered 6/10/2020, Jamie Allen, TMC-Vanderbilt","15 x 10 x 6 millimeter, 3 millimeter, 2 Sections",https://portal.hubmapconsortium.org/browse/sample/7697e16bf3f778036b56ca8aec068ae9,http://purl.org/ccf/0.5/24ce75c0-6272-4a15-82ff-ab5e023bb771,15,10,6,Jeff Spraggins,Jeff,Spraggins,,0
https://entity.api.hubmapconsortium.org/entities/edab3ca46dcfa25aab40d2afdd5d19ec,Tissue Block,"Registered 6/10/2020, Jamie Allen, TMC-Vanderbilt","15 x 10 x 6 millimeter, 1.2 millimeter, 5 Sections",https://portal.hubmapconsortium.org/browse/sample/edab3ca46dcfa25aab40d2afdd5d19ec,http://purl.org/ccf/0.5/24ce75c0-6272-4a15-82ff-ab5e023bb771,15,10,6,Jeff Spraggins,Jeff,Spraggins,,0
https://entity.api.hubmapconsortium.org/entities/6b5d9fd27eeff032ee1da94066de5390,Tissue Block,"Registered 2/19/2026, Jamie Allen, TMC-Vanderbilt","17 x 20 x 9 millimeter, 3 millimeter, 3 Sections",https://portal.hubmapconsortium.org/browse/sample/6b5d9fd27eeff032ee1da94066de5390,http://purl.org/ccf/1.5/4359b4ea-c6b5-46ff-8675-3d29150ae470,17,20,9,Jamie Allen,Jamie,Allen,,0
https://entity.api.hubmapconsortium.org/entities/77039339a537647d8d3e439d29e25811,Tissue Block,"Registered 7/10/2022, Jamie Allen, TMC-Vanderbilt","18 x 15 x 13 millimeter, 2.6 millimeter, 5 Sections",https://portal.hubmapconsortium.org/browse/sample/77039339a537647d8d3e439d29e25811,http://purl.org/ccf/1.5/a213a66f-2f98-4b49-b288-5a764fb9e1a1,18,15,13,Jamie Allen,Jamie,Allen,,0
https://entity.api.hubmapconsortium.org/entities/82f8ca025a918872d7b3bec389e3b9e7,Tissue Block,"Registered 6/10/2020, Jamie Allen, TMC-Vanderbilt","20 x 10 x 7 millimeter, 0.8 millimeter, 9 Sections",https://portal.hubmapconsortium.org/browse/sample/82f8ca025a918872d7b3bec389e3b9e7,http://purl.org/ccf/0.5/ddbe72b3-09e3-48dc-9a75-e5ed70e12a01,20,10,7,Jeff Spraggins,Jeff,Spraggins,,0
https://entity.api.hubmapconsortium.org/entities/8fbe80b2e817d6a318e2e447df617151,Tissue Block,"Registered 2/19/2026, Jamie Allen, TMC-Vanderbilt","25 x 6 x 21 millimeter, 7 millimeter, 3 Sections",https://portal.hubmapconsortium.org/browse/sample/8fbe80b2e817d6a318e2e447df617151,http://purl.org/ccf/1.5/520d410c-e75e-4623-a721-3819ca3976c0,25,6,21,Jamie Allen,Jamie,Allen,,0
https://entity.api.hubmapconsortium.org/entities/940f409ea5b96ff8d98a87d185cc28e2,Tissue Block,"Registered 6/15/2022, Jamie Allen, TMC-Vanderbilt","16 x 14 x 14 millimeter, 2.8 millimeter, 5 Sections",https://portal.hubmapconsortium.org/browse/sample/940f409ea5b96ff8d98a87d185cc28e2,http://purl.org/ccf/1.5/a619c5f7-b1b1-427d-b76d-846caab056d0,16,14,14,Jamie Allen,Jamie,Allen,,0
https://entity.api.hubmapconsortium.org/entities/98f875a5ccd63f5c070219576c5425d1,Tissue Block,"Registered 2/19/2026, Jamie Allen, TMC-Vanderbilt","26 x 18 x 18 millimeter, 6 millimeter, 3 Sections",https://portal.hubmapconsortium.org/browse/sample/98f875a5ccd63f5c070219576c5425d1,http://purl.org/ccf/1.5/7214dba3-b224-4445-a89e-30c640691d05,26,18,18,Jamie Allen,Jamie,Allen,,0
https://entity.api.hubmapconsortium.org/entities/9affaeb6324cca964f5d613560f3d08d,Tissue Block,"Registered 4/15/2025, Jamie Allen, TMC-Vanderbilt","18 x 18 x 5 millimeter, 1.3 millimeter, 4 Sections",https://portal.hubmapconsortium.org/browse/sample/9affaeb6324cca964f5d613560f3d08d,http://purl.org/ccf/1.5/061040fe-9bd3-4c39-a53b-0668085b4e11,18,18,5,Jamie Allen,Jamie,Allen,,0
https://entity.api.hubmapconsortium.org/entities/9f975a83b38ca44e78679a59e344adf8,Tissue Block,"Registered 4/11/2025, Jamie Allen, TMC-Vanderbilt","19 x 15 x 3 millimeter, 0.8 millimeter, 4 Sections",https://portal.hubmapconsortium.org/browse/sample/9f975a83b38ca44e78679a59e344adf8,http://purl.org/ccf/1.5/10276a17-f008-4dfc-915d-9aee5c2adba0,19,15,3,Jamie Allen,Jamie,Allen,,0
https://entity.api.hubmapconsortium.org/entities/a2cc35adf80400c16f940b3707ff3c40,Tissue Block,"Registered 6/10/2020, Jeffrey Spraggins, TMC-Vanderbilt","23 x 18 x 5 millimeter, 1 millimeter, 5 Sections",https://portal.hubmapconsortium.org/browse/sample/a2cc35adf80400c16f940b3707ff3c40,http://purl.org/ccf/0.5/c62cd431-dd48-4c1b-9c7b-ca4a683fe084,23,18,5,Jeff Spraggins,Jeff,Spraggins,,0
https://entity.api.hubmapconsortium.org/entities/a90f1880982cff8bd1628a6e0bac564c,Tissue Block,"Registered 6/10/2020, Jamie Allen, TMC-Vanderbilt","15 x 10 x 10 millimeter, 5 millimeter, 2 Sections",https://portal.hubmapconsortium.org/browse/sample/a90f1880982cff8bd1628a6e0bac564c,http://purl.org/ccf/0.5/2ee6c4a3-c11a-4395-a42b-bca1c6bfbb6b,15,10,10,Jeff Spraggins,Jeff,Spraggins,,0
https://entity.api.hubmapconsortium.org/entities/be517ee3aa5ba9af89713915ffec203e,Tissue Block,"Registered 6/10/2020, Jamie Allen, TMC-Vanderbilt","15 x 10 x 10 millimeter, 1.3 millimeter, 8 Sections",https://portal.hubmapconsortium.org/browse/sample/be517ee3aa5ba9af89713915ffec203e,http://purl.org/ccf/0.5/2ee6c4a3-c11a-4395-a42b-bca1c6bfbb6b,15,10,10,Jeff Spraggins,Jeff,Spraggins,,0
https://entity.api.hubmapconsortium.org/entities/ae4e5da78fa4040d2f0c9af451611218,Tissue Block,"Registered 2/19/2026, Jamie Allen, TMC-Vanderbilt","15 x 21 x 10 millimeter, 3.3 millimeter, 3 Sections",https://portal.hubmapconsortium.org/browse/sample/ae4e5da78fa4040d2f0c9af451611218,http://purl.org/ccf/1.5/9283345b-2ef7-4d2f-8c84-24d094c1ca55,15,21,10,Jamie Allen,Jamie,Allen,,0
https://entity.api.hubmapconsortium.org/entities/b11b594c12a2f8f09e6caf9b82823d34,Tissue Block,"Registered 2/19/2026, Jamie Allen, TMC-Vanderbilt","30 x 10 x 20 millimeter, 10 millimeter, 2 Sections",https://portal.hubmapconsortium.org/browse/sample/b11b594c12a2f8f09e6caf9b82823d34,http://purl.org/ccf/1.5/07e0b3c1-5119-4a10-9e61-53b8052145be,30,10,20,Jamie Allen,Jamie,Allen,,0
https://entity.api.hubmapconsortium.org/entities/b1f6c178a7387d7c40f2530bda9c1586,Tissue Block,"Registered 2/19/2026, Elizabeth Neumann, TMC-Vanderbilt","18 x 14 x 7 millimeter, 2.3 millimeter, 3 Sections",https://portal.hubmapconsortium.org/browse/sample/b1f6c178a7387d7c40f2530bda9c1586,http://purl.org/ccf/1.5/2990fdd1-6a28-460d-bc92-804e58a829f6,18,14,7,Jamie Allen,Jamie,Allen,,0
https://entity.api.hubmapconsortium.org/entities/b8c0ec0c03177c6c37ce279014a901a3,Tissue Block,"Registered 2/19/2026, Jamie Allen, TMC-Vanderbilt","21 x 38 x 14 millimeter, 2.8 millimeter, 5 Sections",https://portal.hubmapconsortium.org/browse/sample/b8c0ec0c03177c6c37ce279014a901a3,http://purl.org/ccf/1.5/495bb7d2-fd4d-42f1-9b9e-d75d6363fb2e,21,38,14,Jamie Allen,Jamie,Allen,,0
https://entity.api.hubmapconsortium.org/entities/b9d2f84102c7e3640c50fc9608018a67,Tissue Block,"Registered 7/10/2022, Jamie Allen, TMC-Vanderbilt","18 x 18 x 10 millimeter, 3.3 millimeter, 3 Sections",https://portal.hubmapconsortium.org/browse/sample/b9d2f84102c7e3640c50fc9608018a67,http://purl.org/ccf/1.5/1c7f8f09-2f17-48ca-8922-c03adf82b66f,18,18,10,Jamie Allen,Jamie,Allen,,0
https://entity.api.hubmapconsortium.org/entities/bb84038863395001e16a0bc771568457,Tissue Block,"Registered 2/19/2026, Jamie Allen, TMC-Vanderbilt","29 x 14 x 3 millimeter, 0.8 millimeter, 4 Sections",https://portal.hubmapconsortium.org/browse/sample/bb84038863395001e16a0bc771568457,http://purl.org/ccf/1.5/4545dbb9-f1c7-48ab-9d9d-a474922f7bc0,29,14,3,Jamie Allen,Jamie,Allen,,0
https://entity.api.hubmapconsortium.org/entities/be1ae8d9b3205f25b79e10082fa71de0,Tissue Block,"Registered 6/10/2020, Jamie Allen, TMC-Vanderbilt","27 x 10 x 3 millimeter, 0.3 millimeter, 10 Sections",https://portal.hubmapconsortium.org/browse/sample/be1ae8d9b3205f25b79e10082fa71de0,http://purl.org/ccf/0.5/a0c0a248-61eb-4b39-9340-358e725d235a,27,10,3,Jeff Spraggins,Jeff,Spraggins,,0
https://entity.api.hubmapconsortium.org/entities/d79ce93ac1dd690ebf8e486f43b4fa0f,Tissue Block,"Registered 6/10/2020, Jamie Allen, TMC-Vanderbilt","27 x 10 x 3 millimeter, 0.4 millimeter, 7 Sections",https://portal.hubmapconsortium.org/browse/sample/d79ce93ac1dd690ebf8e486f43b4fa0f,http://purl.org/ccf/0.5/a0c0a248-61eb-4b39-9340-358e725d235a,27,10,3,Jeff Spraggins,Jeff,Spraggins,,0
https://entity.api.hubmapconsortium.org/entities/c40774aa2f52a2811db15c5ca1949314,Tissue Block,"Registered 5/30/2023, Jamie Allen, TMC-Vanderbilt","30 x 10 x 25 millimeter, 8.3 millimeter, 3 Sections",https://portal.hubmapconsortium.org/browse/sample/c40774aa2f52a2811db15c5ca1949314,http://purl.org/ccf/1.5/2c92be72-25c2-438c-bd40-b85cc7190211,30,10,25,Jamie Allen,Jamie,Allen,,0
https://entity.api.hubmapconsortium.org/entities/c4691a285587be3ce7e5d33eb3862e15,Tissue Block,"Registered 7/10/2022, Jamie Allen, TMC-Vanderbilt","19 x 18 x 13 millimeter, 4.3 millimeter, 3 Sections",https://portal.hubmapconsortium.org/browse/sample/c4691a285587be3ce7e5d33eb3862e15,http://purl.org/ccf/1.5/416ed966-ee69-40c1-ac36-e44c34164f7d,19,18,13,Jamie Allen,Jamie,Allen,,0
https://entity.api.hubmapconsortium.org/entities/ccd3b854d3eb4c13ba07932250ffc8c8,Tissue Block,"Registered 7/25/2022, Jamie Allen, TMC-Vanderbilt","29 x 16 x 14 millimeter, 4.7 millimeter, 3 Sections",https://portal.hubmapconsortium.org/browse/sample/ccd3b854d3eb4c13ba07932250ffc8c8,http://purl.org/ccf/1.5/7751603d-80fa-4bc7-b8b0-9e7176bed3e6,29,16,14,Jamie Allen,Jamie,Allen,,0
https://entity.api.hubmapconsortium.org/entities/cd3593c7956a699cc5ddf47c01d3b749,Tissue Block,"Registered 2/19/2026, Jamie Allen, TMC-Vanderbilt","22 x 11 x 15 millimeter, 3 millimeter, 5 Sections",https://portal.hubmapconsortium.org/browse/sample/cd3593c7956a699cc5ddf47c01d3b749,http://purl.org/ccf/1.5/36f9fd9d-7ef5-433e-8576-852ca219d96a,22,11,15,Jamie Allen,Jamie,Allen,,0
https://entity.api.hubmapconsortium.org/entities/cebd83c466eec4ec7929a84956b10133,Tissue Block,"Registered 6/10/2020, Jamie Allen, TMC-Vanderbilt","17 x 16 x 4 millimeter, 0.7 millimeter, 6 Sections",https://portal.hubmapconsortium.org/browse/sample/cebd83c466eec4ec7929a84956b10133,http://purl.org/ccf/0.5/47f89696-e96a-41cc-8a88-cf4c4b3b8967,17,16,4,Jeff Spraggins,Jeff,Spraggins,,0
https://entity.api.hubmapconsortium.org/entities/e5f2cb399e7e8885134c1b1a2b6acc9a,Tissue Block,"Registered 6/10/2020, Jamie Allen, TMC-Vanderbilt","17 x 16 x 4 millimeter, 2 millimeter, 2 Sections",https://portal.hubmapconsortium.org/browse/sample/e5f2cb399e7e8885134c1b1a2b6acc9a,http://purl.org/ccf/0.5/47f89696-e96a-41cc-8a88-cf4c4b3b8967,17,16,4,Jeff Spraggins,Jeff,Spraggins,,0
https://entity.api.hubmapconsortium.org/entities/d1a6c08673e5d707d2f06ef75b8e6594,Tissue Block,"Registered 6/15/2022, Jamie Allen, TMC-Vanderbilt","16 x 14 x 2 millimeter, 2 millimeter, 1 Sections",https://portal.hubmapconsortium.org/browse/sample/d1a6c08673e5d707d2f06ef75b8e6594,http://purl.org/ccf/1.5/3bcbcc3c-ad26-411d-b4c1-5d5a37971000,16,14,2,Jamie Allen,Jamie,Allen,,0
https://entity.api.hubmapconsortium.org/entities/dc34c65ae6cad1d72bf8d834519990be,Tissue Block,"Registered 7/10/2022, Jamie Allen, TMC-Vanderbilt","20 x 11 x 18 millimeter, 3.6 millimeter, 5 Sections",https://portal.hubmapconsortium.org/browse/sample/dc34c65ae6cad1d72bf8d834519990be,http://purl.org/ccf/1.5/a483a45e-e5fb-475d-9743-69cc616f6894,20,11,18,Jamie Allen,Jamie,Allen,,0
https://entity.api.hubmapconsortium.org/entities/e3e181fc0fdcd1498ea8e046f8acbb17,Tissue Block,"Registered 2/19/2026, Jamie Allen, TMC-Vanderbilt","20 x 28 x 17 millimeter, 5.7 millimeter, 3 Sections",https://portal.hubmapconsortium.org/browse/sample/e3e181fc0fdcd1498ea8e046f8acbb17,http://purl.org/ccf/1.5/50b10b2a-587c-452c-989c-8f09ece2489a,20,28,17,Jamie Allen,Jamie,Allen,,0
https://entity.api.hubmapconsortium.org/entities/e7cfa168d20491b741d1d59dd4f20f58,Tissue Block,"Registered 4/14/2025, Jamie Allen, TMC-Vanderbilt","12 x 14 x 5 millimeter, 1 millimeter, 5 Sections",https://portal.hubmapconsortium.org/browse/sample/e7cfa168d20491b741d1d59dd4f20f58,http://purl.org/ccf/1.5/7bd7c5ce-7a02-4df0-af63-d6afad804341,12,14,5,Jamie Allen,Jamie,Allen,,0
https://entity.api.hubmapconsortium.org/entities/f09ce9d45b7d311019769044ddeee0a3,Tissue Block,"Registered 7/29/2022, Jamie Allen, TMC-Vanderbilt","22 x 20 x 13 millimeter, 4.3 millimeter, 3 Sections",https://portal.hubmapconsortium.org/browse/sample/f09ce9d45b7d311019769044ddeee0a3,http://purl.org/ccf/1.5/47f52d3a-21fd-464c-bfe7-dce1df5662be,22,20,13,Jamie Allen,Jamie,Allen,,0
https://entity.api.hubmapconsortium.org/entities/f1ab48ee91e18d504c30c723daf3503b,Tissue Block,"Registered 2/19/2026, Jamie Allen, TMC-Vanderbilt","19 x 13 x 6 millimeter, 2 millimeter, 3 Sections",https://portal.hubmapconsortium.org/browse/sample/f1ab48ee91e18d504c30c723daf3503b,http://purl.org/ccf/1.5/2594d6ea-d82b-42a5-9fc1-e98d9b25446b,19,13,6,Jamie Allen,Jamie,Allen,,0
https://entity.api.hubmapconsortium.org/entities/f3406a8958fa8cbac26307725316362d,Tissue Block,"Registered 6/10/2020, Jamie Allen, TMC-Vanderbilt","19 x 15 x 6 millimeter, 0.9 millimeter, 7 Sections",https://portal.hubmapconsortium.org/browse/sample/f3406a8958fa8cbac26307725316362d,http://purl.org/ccf/0.5/422a9dca-943a-40f3-967b-c3971d0ec823,19,15,6,Jeff Spraggins,Jeff,Spraggins,,0
https://entity.api.hubmapconsortium.org/entities/f41ceddc9c221437eaa4b0ed00f43fe9,Tissue Block,"Registered 2/19/2026, Jamie Allen, TMC-Vanderbilt","19 x 15 x 5 millimeter, 1.7 millimeter, 3 Sections",https://portal.hubmapconsortium.org/browse/sample/f41ceddc9c221437eaa4b0ed00f43fe9,http://purl.org/ccf/1.5/5ff7ce04-9fcd-4baf-bd79-cb572f83b20a,19,15,5,Jamie Allen,Jamie,Allen,,0
https://entity.api.hubmapconsortium.org/entities/fbc2a3c2689708eb045b3892e9fe5005,Tissue Block,"Registered 6/15/2022, Jamie Allen, TMC-Vanderbilt","10 x 10 x 10 millimeter, 1.3 millimeter, 8 Sections",https://portal.hubmapconsortium.org/browse/sample/fbc2a3c2689708eb045b3892e9fe5005,http://purl.org/ccf/1.5/02ae63f0-4a35-4ff5-858e-689242c26828,10,10,10,Jamie Allen,Jamie,Allen,,0
https://entity.api.hubmapconsortium.org/entities/05eae5d5018cf4b09434aaadf5f8a387,Tissue Block,"Registered 2/16/2022, daniel Cotter, TMC-Stanford","20 x 50 x 5 millimeter, 1 millimeter, 1 Sections",https://portal.hubmapconsortium.org/browse/sample/05eae5d5018cf4b09434aaadf5f8a387,http://purl.org/ccf/1.5/6bbdd96b-5fae-406c-a0a5-8e20e1bd0d8e,20,50,5,Yiing Lin,Yiing,Lin,,0
https://entity.api.hubmapconsortium.org/entities/062bd84696d51e02f670f064879b562d,Tissue Block,"Registered 2/17/2022, Yiing Lin, TMC-Stanford","3 x 30 x 15 millimeter, 7.5 millimeter, 2 Sections",https://portal.hubmapconsortium.org/browse/sample/062bd84696d51e02f670f064879b562d,http://purl.org/ccf/1.5/502f175c-9d55-4341-b6ff-0f04d76522d5,3,30,15,Yiing Lin,Yiing,Lin,,0
https://entity.api.hubmapconsortium.org/entities/07178a55104fc2f8a6fda839b83198ca,Tissue Block,"Registered 10/19/2021, daniel cotter, TMC-Stanford","20 x 50 x 5 millimeter, 1 millimeter, 1 Sections",https://portal.hubmapconsortium.org/browse/sample/07178a55104fc2f8a6fda839b83198ca,http://purl.org/ccf/1.5/7f0bfe51-5458-4ef8-8641-c3d9a5fbd538,20,50,5,Yiing Lin,Yiing,Lin,,0
https://entity.api.hubmapconsortium.org/entities/0aae451b843a6ac8de1794b2b093ecc5,Tissue Block,"Registered 2/16/2022, daniel Cotter, TMC-Stanford","3 x 30 x 15 millimeter, 15 millimeter, 0 Sections",https://portal.hubmapconsortium.org/browse/sample/0aae451b843a6ac8de1794b2b093ecc5,http://purl.org/ccf/1.5/b09f5826-e6fa-4bec-8054-2fb6e6f202ae,3,30,15,Yiing Lin,Yiing,Lin,,0
https://entity.api.hubmapconsortium.org/entities/0b43d8d0dbbc5e3923a8b963650ab8e3,Tissue Block,"Registered 2/16/2022, amir Bahmani, TMC-Stanford","3 x 30 x 15 millimeter, 7.5 millimeter, 2 Sections",https://portal.hubmapconsortium.org/browse/sample/0b43d8d0dbbc5e3923a8b963650ab8e3,http://purl.org/ccf/1.5/e240c0a4-5e53-4464-8320-ad775f2c4bf7,3,30,15,Yiing Lin,Yiing,Lin,,0
https://entity.api.hubmapconsortium.org/entities/0cd6c870d7af957300eb309f4e98fc7b,Tissue Block,"Registered 6/8/2022, Daniel Cotter, TMC-Stanford","20 x 50 x 5 millimeter, 1 millimeter, 1 Sections",https://portal.hubmapconsortium.org/browse/sample/0cd6c870d7af957300eb309f4e98fc7b,http://purl.org/ccf/1.5/91009a1d-ddea-4489-af88-3e32ca47cde7,20,50,5,Yiing Lin,Yiing,Lin,,0
https://entity.api.hubmapconsortium.org/entities/10159dd4cc20e6ec4a61e6f289bfa61f,Tissue Block,"Registered 6/8/2022, Daniel Cotter, TMC-Stanford","20 x 50 x 5 millimeter, 5 millimeter, 0 Sections",https://portal.hubmapconsortium.org/browse/sample/10159dd4cc20e6ec4a61e6f289bfa61f,http://purl.org/ccf/1.5/d3b5feb6-910f-4309-a6a8-42c0477227c9,20,50,5,Yiing Lin,Yiing,Lin,,0
https://entity.api.hubmapconsortium.org/entities/1a97071a7f69470a96ce45cae97b1876,Tissue Block,"Registered 10/19/2021, daniel cotter, TMC-Stanford","20 x 50 x 5 millimeter, 1 millimeter, 1 Sections",https://portal.hubmapconsortium.org/browse/sample/1a97071a7f69470a96ce45cae97b1876,http://purl.org/ccf/1.5/23e9d58a-c93f-414b-baf9-3692ea20fd1c,20,50,5,Yiing Lin,Yiing,Lin,,0
https://entity.api.hubmapconsortium.org/entities/1c1745a49b81662ab955765cb1159bab,Tissue Block,"Registered 2/16/2022, daniel cotter, TMC-Stanford","3 x 30 x 15 millimeter, 15 millimeter, 1 Sections",https://portal.hubmapconsortium.org/browse/sample/1c1745a49b81662ab955765cb1159bab,http://purl.org/ccf/1.5/3177d8d7-3b26-4aa3-9984-3c112d461446,3,30,15,Yiing Lin,Yiing,Lin,,0
https://entity.api.hubmapconsortium.org/entities/1de4ad9bd516660043b8e190e8978045,Tissue Block,"Registered 10/19/2021, Yiing Lin, TMC-Stanford","20 x 50 x 5 millimeter, 2.5 millimeter, 2 Sections",https://portal.hubmapconsortium.org/browse/sample/1de4ad9bd516660043b8e190e8978045,http://purl.org/ccf/1.5/df58ff32-e4db-41fe-9a25-47dbde90c694,20,50,5,Yiing Lin,Yiing,Lin,,0
https://entity.api.hubmapconsortium.org/entities/251e2e18951b2be556fcb756f1806f03,Tissue Block,"Registered 6/8/2022, Daniel Cotter, TMC-Stanford","20 x 50 x 5 millimeter, 1 millimeter, 1 Sections",https://portal.hubmapconsortium.org/browse/sample/251e2e18951b2be556fcb756f1806f03,http://purl.org/ccf/1.5/48f6aab3-8d58-4675-806c-3fd7d5b7336f,20,50,5,Yiing Lin,Yiing,Lin,,0
https://entity.api.hubmapconsortium.org/entities/26d28342879bc2b31983c4083a46bc1f,Tissue Block,"Registered 2/16/2022, daniel Cotter, TMC-Stanford","3 x 30 x 15 millimeter, 15 millimeter, 0 Sections",https://portal.hubmapconsortium.org/browse/sample/26d28342879bc2b31983c4083a46bc1f,http://purl.org/ccf/1.5/6f89860a-30df-4b79-8e6d-dd209c959374,3,30,15,Yiing Lin,Yiing,Lin,,0
https://entity.api.hubmapconsortium.org/entities/2a70c0c2648986e08b8c5b81e6561f68,Tissue Block,"Registered 9/13/2022, Daniel Cotter, TMC-Stanford","20 x 50 x 5 millimeter, 1 millimeter, 1 Sections",https://portal.hubmapconsortium.org/browse/sample/2a70c0c2648986e08b8c5b81e6561f68,http://purl.org/ccf/1.5/32214c14-bf21-4bf6-aea9-58ab721128ab,20,50,5,Yiing Lin,Yiing,Lin,,0
https://entity.api.hubmapconsortium.org/entities/2b269613d21a845988d12a344fa89e54,Tissue Block,"Registered 6/8/2022, Daniel Cotter, TMC-Stanford","20 x 50 x 5 millimeter, 5 millimeter, 0 Sections",https://portal.hubmapconsortium.org/browse/sample/2b269613d21a845988d12a344fa89e54,http://purl.org/ccf/1.5/abab52f8-6fd4-4e3f-8f9c-bb9f5f62785f,20,50,5,Yiing Lin,Yiing,Lin,,0
https://entity.api.hubmapconsortium.org/entities/2b8dcc2d1a81515562b8d3ed6e221586,Tissue Block,"Registered 6/8/2022, Daniel Cotter, TMC-Stanford","20 x 50 x 5 millimeter, 1 millimeter, 1 Sections",https://portal.hubmapconsortium.org/browse/sample/2b8dcc2d1a81515562b8d3ed6e221586,http://purl.org/ccf/1.5/8e8d9121-3a47-4c89-9e63-aec6659075d2,20,50,5,Yiing Lin,Yiing,Lin,,0
https://entity.api.hubmapconsortium.org/entities/2c4ed25579a369af5ae8f7523038235f,Tissue Block,"Registered 10/19/2021, Yiing Lin, TMC-Stanford","20 x 50 x 5 millimeter, 1 millimeter, 1 Sections",https://portal.hubmapconsortium.org/browse/sample/2c4ed25579a369af5ae8f7523038235f,http://purl.org/ccf/1.5/37248725-6ed5-4589-ac5a-9951d1a783e7,20,50,5,Yiing Lin,Yiing,Lin,,0
https://entity.api.hubmapconsortium.org/entities/2ea69d0db6a46a1fca6a6a7049856edb,Tissue Block,"Registered 6/8/2022, Daniel Cotter, TMC-Stanford","20 x 50 x 5 millimeter, 5 millimeter, 0 Sections",https://portal.hubmapconsortium.org/browse/sample/2ea69d0db6a46a1fca6a6a7049856edb,http://purl.org/ccf/1.5/cd304e60-3de4-4dd9-b289-ce1a0efae4d7,20,50,5,Yiing Lin,Yiing,Lin,,0
https://entity.api.hubmapconsortium.org/entities/2ef7c7f89e172641c5f7c643d8a9c13d,Tissue Block,"Registered 10/19/2021, daniel cotter, TMC-Stanford","20 x 50 x 5 millimeter, 1 millimeter, 1 Sections",https://portal.hubmapconsortium.org/browse/sample/2ef7c7f89e172641c5f7c643d8a9c13d,http://purl.org/ccf/1.5/aab5a316-7fbc-4a57-8b3a-3fc1958c5292,20,50,5,Yiing Lin,Yiing,Lin,,0
https://entity.api.hubmapconsortium.org/entities/3135de0b9f359f09f9e6891784b88cae,Tissue Block,"Registered 6/8/2022, Daniel Cotter, TMC-Stanford","3 x 30 x 20 millimeter, 20 millimeter, 0 Sections",https://portal.hubmapconsortium.org/browse/sample/3135de0b9f359f09f9e6891784b88cae,http://purl.org/ccf/1.5/5d35eae0-82df-40c7-952c-6fbab03034b2,3,30,20,Yiing Lin,Yiing,Lin,,0
https://entity.api.hubmapconsortium.org/entities/34e59e465916de982dbd2444fad3277a,Tissue Block,"Registered 6/8/2022, Daniel Cotter, TMC-Stanford","20 x 50 x 5 millimeter, 1 millimeter, 1 Sections",https://portal.hubmapconsortium.org/browse/sample/34e59e465916de982dbd2444fad3277a,http://purl.org/ccf/1.5/9a6cb9d5-afdd-429d-98ba-f157a42c7937,20,50,5,Yiing Lin,Yiing,Lin,,0
https://entity.api.hubmapconsortium.org/entities/365739c4dd46f4b7b9b44ede902677fb,Tissue Block,"Registered 6/8/2022, Daniel Cotter, TMC-Stanford","20 x 50 x 5 millimeter, 1 millimeter, 1 Sections",https://portal.hubmapconsortium.org/browse/sample/365739c4dd46f4b7b9b44ede902677fb,http://purl.org/ccf/1.5/3b2cb9ee-2a6f-4fb3-bc1b-dbd192d3163c,20,50,5,Yiing Lin,Yiing,Lin,,0
https://entity.api.hubmapconsortium.org/entities/3838f4672dd3d3d1ee6cb0809cf1ea03,Tissue Block,"Registered 10/19/2021, amir Bahmani, TMC-Stanford","20 x 50 x 5 millimeter, 1 millimeter, 1 Sections",https://portal.hubmapconsortium.org/browse/sample/3838f4672dd3d3d1ee6cb0809cf1ea03,http://purl.org/ccf/1.5/f9e28182-3ed3-4a3f-bd45-66ebce1efafb,20,50,5,Yiing Lin,Yiing,Lin,,0
https://entity.api.hubmapconsortium.org/entities/3ed9afdc57afaf994670afccb55f3aad,Tissue Block,"Registered 6/8/2022, Daniel Cotter, TMC-Stanford","20 x 50 x 5 millimeter, 1 millimeter, 1 Sections",https://portal.hubmapconsortium.org/browse/sample/3ed9afdc57afaf994670afccb55f3aad,http://purl.org/ccf/1.5/82566926-7a8f-43a7-9f6a-ae0c463d7a1d,20,50,5,Yiing Lin,Yiing,Lin,,0
https://entity.api.hubmapconsortium.org/entities/409aca4cacf7542734d56af77622986f,Tissue Block,"Registered 2/16/2022, daniel cotter, TMC-Stanford","3 x 30 x 15 millimeter, 15 millimeter, 1 Sections",https://portal.hubmapconsortium.org/browse/sample/409aca4cacf7542734d56af77622986f,http://purl.org/ccf/1.5/5fa952b1-a5a7-4089-bdc2-7208f71f45be,3,30,15,Yiing Lin,Yiing,Lin,,0
https://entity.api.hubmapconsortium.org/entities/4325cc3fefa49b6b6d099527bb01bdab,Tissue Block,"Registered 6/8/2022, Daniel Cotter, TMC-Stanford","20 x 50 x 5 millimeter, 5 millimeter, 0 Sections",https://portal.hubmapconsortium.org/browse/sample/4325cc3fefa49b6b6d099527bb01bdab,http://purl.org/ccf/1.5/e7d386a6-d4fb-43b2-9737-fdc6f7508d79,20,50,5,Yiing Lin,Yiing,Lin,,0
https://entity.api.hubmapconsortium.org/entities/497f8aa9cb247e825e8227d6fa70f7a1,Tissue Block,"Registered 2/16/2022, daniel cotter, TMC-Stanford","3 x 30 x 15 millimeter, 15 millimeter, 1 Sections",https://portal.hubmapconsortium.org/browse/sample/497f8aa9cb247e825e8227d6fa70f7a1,http://purl.org/ccf/1.5/fd76b9bb-85b0-4dd0-8e60-7c6ec7c95d73,3,30,15,Yiing Lin,Yiing,Lin,,0
https://entity.api.hubmapconsortium.org/entities/4bd2712dc425591bef6d255e952664e0,Tissue Block,"Registered 3/23/2026, Kyung Ahn, TMC - Children's Hospital of Philadelphia","50 x 50 x 5 millimeter, 5 millimeter, 1 Sections",https://portal.hubmapconsortium.org/browse/sample/4bd2712dc425591bef6d255e952664e0,http://purl.org/ccf/1.5/1bdefd98-d1af-40c0-9849-3f34518cdf80,50,50,5,Shovik Bandyopadhyay,Shovik,Bandyopadhyay,,0
https://entity.api.hubmapconsortium.org/entities/5c5e3ab7f87dba17cd431bd954634b6f,Tissue Block,"Registered 9/1/2025, Shovik Bandyopadhyay, CHOP","50 x 50 x 5 millimeter, 5 millimeter",https://portal.hubmapconsortium.org/browse/sample/5c5e3ab7f87dba17cd431bd954634b6f,http://purl.org/ccf/1.5/1bdefd98-d1af-40c0-9849-3f34518cdf80,50,50,5,Shovik Bandyopadhyay,Shovik,Bandyopadhyay,,0
https://entity.api.hubmapconsortium.org/entities/d313783485d02db1eee19687e24c3a27,Tissue Block,"Registered 3/23/2026, Kyung Ahn, TMC - Children's Hospital of Philadelphia","50 x 50 x 5 millimeter, 5 millimeter, 1 Sections",https://portal.hubmapconsortium.org/browse/sample/d313783485d02db1eee19687e24c3a27,http://purl.org/ccf/1.5/1bdefd98-d1af-40c0-9849-3f34518cdf80,50,50,5,Shovik Bandyopadhyay,Shovik,Bandyopadhyay,,0
https://entity.api.hubmapconsortium.org/entities/e901da904d00079b497c9dfbe248f609,Tissue Block,"Registered 3/23/2026, Kyung Ahn, TMC - Children's Hospital of Philadelphia","50 x 50 x 5 millimeter, 5 millimeter, 1 Sections",https://portal.hubmapconsortium.org/browse/sample/e901da904d00079b497c9dfbe248f609,http://purl.org/ccf/1.5/1bdefd98-d1af-40c0-9849-3f34518cdf80,50,50,5,Shovik Bandyopadhyay,Shovik,Bandyopadhyay,,0
https://entity.api.hubmapconsortium.org/entities/b973795cbcff95abda181f4b188b7e26,Tissue Block,"Registered 9/1/2025, Shovik Bandyopadhyay, CHOP","50 x 50 x 5 millimeter, 5 millimeter",https://portal.hubmapconsortium.org/browse/sample/b973795cbcff95abda181f4b188b7e26,http://purl.org/ccf/1.5/1bdefd98-d1af-40c0-9849-3f34518cdf80,50,50,5,Shovik Bandyopadhyay,Shovik,Bandyopadhyay,,0
https://entity.api.hubmapconsortium.org/entities/27076b03fd6f9c67cbaa2eae208beedb,Tissue Block,"Registered 9/1/2025, Shovik Bandyopadhyay, CHOP","50 x 50 x 5 millimeter, 5 millimeter",https://portal.hubmapconsortium.org/browse/sample/27076b03fd6f9c67cbaa2eae208beedb,http://purl.org/ccf/1.5/1bdefd98-d1af-40c0-9849-3f34518cdf80,50,50,5,Shovik Bandyopadhyay,Shovik,Bandyopadhyay,,0
https://entity.api.hubmapconsortium.org/entities/32d089a27e862f1dc3416e7f32da1297,Tissue Block,"Registered 9/1/2025, Shovik Bandyopadhyay, CHOP","50 x 50 x 5 millimeter, 5 millimeter",https://portal.hubmapconsortium.org/browse/sample/32d089a27e862f1dc3416e7f32da1297,http://purl.org/ccf/1.5/1bdefd98-d1af-40c0-9849-3f34518cdf80,50,50,5,Shovik Bandyopadhyay,Shovik,Bandyopadhyay,,0
https://entity.api.hubmapconsortium.org/entities/4cdc311cdb07ab1a49cc4ad1e4e8d4da,Tissue Block,"Registered 10/19/2021, daniel cotter, TMC-Stanford","20 x 50 x 5 millimeter, 1 millimeter, 1 Sections",https://portal.hubmapconsortium.org/browse/sample/4cdc311cdb07ab1a49cc4ad1e4e8d4da,http://purl.org/ccf/1.5/82d414d4-59a7-4a61-9d86-278cb73a3ddd,20,50,5,Yiing Lin,Yiing,Lin,,0
https://entity.api.hubmapconsortium.org/entities/4d09d8397267240454e948505d22b5ff,Tissue Block,"Registered 6/8/2022, Daniel Cotter, TMC-Stanford","3 x 30 x 15 millimeter, 15 millimeter, 0 Sections",https://portal.hubmapconsortium.org/browse/sample/4d09d8397267240454e948505d22b5ff,http://purl.org/ccf/1.5/d9aed544-4c6e-42c2-a137-9a9381d8f8c8,3,30,15,Yiing Lin,Yiing,Lin,,0
https://entity.api.hubmapconsortium.org/entities/4d750b2cdad1579bb3bd5d89b9223431,Tissue Block,"Registered 2/18/2022, daniel Cotter, TMC-Stanford","3 x 30 x 15 millimeter, 15 millimeter, 0 Sections",https://portal.hubmapconsortium.org/browse/sample/4d750b2cdad1579bb3bd5d89b9223431,http://purl.org/ccf/1.5/74c8746d-be53-493d-9a2a-1edbe24f0d16,3,30,15,Yiing Lin,Yiing,Lin,,0
https://entity.api.hubmapconsortium.org/entities/5058beb6cdf7e9445d3e3d944822762e,Tissue Block,"Registered 6/8/2022, Daniel Cotter, TMC-Stanford","3 x 30 x 15 millimeter, 15 millimeter, 0 Sections",https://portal.hubmapconsortium.org/browse/sample/5058beb6cdf7e9445d3e3d944822762e,http://purl.org/ccf/1.5/9d795171-ba1f-4ae2-9b98-9a285280ebf6,3,30,15,Yiing Lin,Yiing,Lin,,0
https://entity.api.hubmapconsortium.org/entities/507bb20f36adc8a513fe31a913bcfde6,Tissue Block,"Registered 2/16/2022, amir Bahmani, TMC-Stanford","3 x 30 x 15 millimeter, 5 millimeter, 3 Sections",https://portal.hubmapconsortium.org/browse/sample/507bb20f36adc8a513fe31a913bcfde6,http://purl.org/ccf/1.5/65f3b03b-1eb1-487d-8c02-c4d107cc9400,3,30,15,Yiing Lin,Yiing,Lin,,0
https://entity.api.hubmapconsortium.org/entities/5311a67981ea3e5053d60c825195f729,Tissue Block,"Registered 3/23/2026, Kyung Ahn, TMC - Children's Hospital of Philadelphia","50 x 50 x 5 millimeter, 5 millimeter, 1 Sections",https://portal.hubmapconsortium.org/browse/sample/5311a67981ea3e5053d60c825195f729,http://purl.org/ccf/1.5/d073cee2-e62f-42de-bd5a-e9d20bc9d435,50,50,5,Shovik Bandyopadhyay,Shovik,Bandyopadhyay,,0
https://entity.api.hubmapconsortium.org/entities/e13a5346468bfca86cf8e9195527e279,Tissue Block,"Registered 3/23/2026, Kyung Ahn, TMC - Children's Hospital of Philadelphia","50 x 50 x 5 millimeter, 5 millimeter, 1 Sections",https://portal.hubmapconsortium.org/browse/sample/e13a5346468bfca86cf8e9195527e279,http://purl.org/ccf/1.5/d073cee2-e62f-42de-bd5a-e9d20bc9d435,50,50,5,Shovik Bandyopadhyay,Shovik,Bandyopadhyay,,0
https://entity.api.hubmapconsortium.org/entities/356eb43af76c2eae651db36ea4f72a3e,Tissue Block,"Registered 9/1/2025, Shovik Bandyopadhyay, CHOP","50 x 50 x 5 millimeter, 5 millimeter",https://portal.hubmapconsortium.org/browse/sample/356eb43af76c2eae651db36ea4f72a3e,http://purl.org/ccf/1.5/d073cee2-e62f-42de-bd5a-e9d20bc9d435,50,50,5,Shovik Bandyopadhyay,Shovik,Bandyopadhyay,,0
https://entity.api.hubmapconsortium.org/entities/e2b0ca1e5fc5449f35e05f7c0e7dc37d,Tissue Block,"Registered 9/1/2025, Shovik Bandyopadhyay, CHOP","50 x 50 x 5 millimeter, 5 millimeter",https://portal.hubmapconsortium.org/browse/sample/e2b0ca1e5fc5449f35e05f7c0e7dc37d,http://purl.org/ccf/1.5/d073cee2-e62f-42de-bd5a-e9d20bc9d435,50,50,5,Shovik Bandyopadhyay,Shovik,Bandyopadhyay,,0
https://entity.api.hubmapconsortium.org/entities/be5e63054893e54b27042ef189e04b32,Tissue Block,"Registered 9/1/2025, Shovik Bandyopadhyay, CHOP","50 x 50 x 5 millimeter, 5 millimeter",https://portal.hubmapconsortium.org/browse/sample/be5e63054893e54b27042ef189e04b32,http://purl.org/ccf/1.5/d073cee2-e62f-42de-bd5a-e9d20bc9d435,50,50,5,Shovik Bandyopadhyay,Shovik,Bandyopadhyay,,0
https://entity.api.hubmapconsortium.org/entities/539f15ce78fc8696e99c9d575be864be,Tissue Block,"Registered 2/16/2022, daniel cotter, TMC-Stanford","20 x 50 x 5 millimeter, 1 millimeter, 1 Sections",https://portal.hubmapconsortium.org/browse/sample/539f15ce78fc8696e99c9d575be864be,http://purl.org/ccf/1.5/3425fa0c-c5cb-4493-b6ba-41520334b13e,20,50,5,Yiing Lin,Yiing,Lin,,0
https://entity.api.hubmapconsortium.org/entities/5ded68dde822d1c03ee04fe58b978a7e,Tissue Block,"Registered 2/16/2022, daniel Cotter, TMC-Stanford","3 x 30 x 15 millimeter, 15 millimeter, 0 Sections",https://portal.hubmapconsortium.org/browse/sample/5ded68dde822d1c03ee04fe58b978a7e,http://purl.org/ccf/1.5/4af4b1bd-c71d-4ade-a9f6-47b2ccc9f5bb,3,30,15,Yiing Lin,Yiing,Lin,,0
https://entity.api.hubmapconsortium.org/entities/60ca84d81d1d5e0f3628311bcd39d04c,Tissue Block,"Registered 6/8/2022, Daniel Cotter, TMC-Stanford","3 x 30 x 15 millimeter, 15 millimeter, 0 Sections",https://portal.hubmapconsortium.org/browse/sample/60ca84d81d1d5e0f3628311bcd39d04c,http://purl.org/ccf/1.5/79a10f00-84e0-4b8e-8622-485973df3773,3,30,15,Yiing Lin,Yiing,Lin,,0
https://entity.api.hubmapconsortium.org/entities/69b7f03c30bc3489a0b827864f7933c9,Tissue Block,"Registered 2/16/2022, daniel Cotter, TMC-Stanford","20 x 50 x 5 millimeter, 5 millimeter, 0 Sections",https://portal.hubmapconsortium.org/browse/sample/69b7f03c30bc3489a0b827864f7933c9,http://purl.org/ccf/1.5/dfb35d10-65a1-48f9-94a0-baf36ce8a78b,20,50,5,Yiing Lin,Yiing,Lin,,0
https://entity.api.hubmapconsortium.org/entities/6da8a421d9dc69e25764adb94c3ab39b,Tissue Block,"Registered 6/8/2022, Daniel Cotter, TMC-Stanford","20 x 50 x 5 millimeter, 1 millimeter, 1 Sections",https://portal.hubmapconsortium.org/browse/sample/6da8a421d9dc69e25764adb94c3ab39b,http://purl.org/ccf/1.5/c89a4a3c-52d7-4508-86fb-b7e5610cb1e0,20,50,5,Yiing Lin,Yiing,Lin,,0
https://entity.api.hubmapconsortium.org/entities/7055f185034f03b22983b8950c783905,Tissue Block,"Registered 6/8/2022, Daniel Cotter, TMC-Stanford","3 x 30 x 15 millimeter, 15 millimeter, 0 Sections",https://portal.hubmapconsortium.org/browse/sample/7055f185034f03b22983b8950c783905,http://purl.org/ccf/1.5/6f055461-adb2-41fe-86c1-50d3afdf9360,3,30,15,Yiing Lin,Yiing,Lin,,0
https://entity.api.hubmapconsortium.org/entities/71a16ffbc1b34bc9901369f2f23bb567,Tissue Block,"Registered 3/23/2026, Kyung Ahn, TMC - Children's Hospital of Philadelphia","50 x 50 x 5 millimeter, 5 millimeter, 1 Sections",https://portal.hubmapconsortium.org/browse/sample/71a16ffbc1b34bc9901369f2f23bb567,http://purl.org/ccf/1.5/bef32c60-2261-4e08-b7a8-451de78d3a38,50,50,5,Shovik Bandyopadhyay,Shovik,Bandyopadhyay,,0
https://entity.api.hubmapconsortium.org/entities/86d2aeb7d11d6de91c0b7895a39a9035,Tissue Block,"Registered 3/23/2026, Kyung Ahn, TMC - Children's Hospital of Philadelphia","50 x 50 x 5 millimeter, 5 millimeter, 1 Sections",https://portal.hubmapconsortium.org/browse/sample/86d2aeb7d11d6de91c0b7895a39a9035,http://purl.org/ccf/1.5/bef32c60-2261-4e08-b7a8-451de78d3a38,50,50,5,Shovik Bandyopadhyay,Shovik,Bandyopadhyay,,0
https://entity.api.hubmapconsortium.org/entities/a7e09cf4a6df94b3262cdbe4180db550,Tissue Block,"Registered 3/23/2026, Kyung Ahn, TMC - Children's Hospital of Philadelphia","50 x 50 x 5 millimeter, 5 millimeter, 1 Sections",https://portal.hubmapconsortium.org/browse/sample/a7e09cf4a6df94b3262cdbe4180db550,http://purl.org/ccf/1.5/bef32c60-2261-4e08-b7a8-451de78d3a38,50,50,5,Shovik Bandyopadhyay,Shovik,Bandyopadhyay,,0
https://entity.api.hubmapconsortium.org/entities/ae70d4f87c27d3f40f45fc2f8c798d0d,Tissue Block,"Registered 9/1/2025, Shovik Bandyopadhyay, CHOP","50 x 50 x 5 millimeter, 5 millimeter",https://portal.hubmapconsortium.org/browse/sample/ae70d4f87c27d3f40f45fc2f8c798d0d,http://purl.org/ccf/1.5/bef32c60-2261-4e08-b7a8-451de78d3a38,50,50,5,Shovik Bandyopadhyay,Shovik,Bandyopadhyay,,0
https://entity.api.hubmapconsortium.org/entities/00be8765f2765e05041705bd9f2e6084,Tissue Block,"Registered 9/1/2025, Shovik Bandyopadhyay, CHOP","50 x 50 x 5 millimeter, 5 millimeter",https://portal.hubmapconsortium.org/browse/sample/00be8765f2765e05041705bd9f2e6084,http://purl.org/ccf/1.5/bef32c60-2261-4e08-b7a8-451de78d3a38,50,50,5,Shovik Bandyopadhyay,Shovik,Bandyopadhyay,,0
https://entity.api.hubmapconsortium.org/entities/31095f945ba8a4c5c8006dbbf0417ff6,Tissue Block,"Registered 9/1/2025, Shovik Bandyopadhyay, CHOP","50 x 50 x 5 millimeter, 5 millimeter",https://portal.hubmapconsortium.org/browse/sample/31095f945ba8a4c5c8006dbbf0417ff6,http://purl.org/ccf/1.5/bef32c60-2261-4e08-b7a8-451de78d3a38,50,50,5,Shovik Bandyopadhyay,Shovik,Bandyopadhyay,,0
https://entity.api.hubmapconsortium.org/entities/c47c1cd4dd917b3c83ec9d5ea4e1c8aa,Tissue Block,"Registered 9/1/2025, Shovik Bandyopadhyay, CHOP","50 x 50 x 5 millimeter, 5 millimeter",https://portal.hubmapconsortium.org/browse/sample/c47c1cd4dd917b3c83ec9d5ea4e1c8aa,http://purl.org/ccf/1.5/bef32c60-2261-4e08-b7a8-451de78d3a38,50,50,5,Shovik Bandyopadhyay,Shovik,Bandyopadhyay,,0
https://entity.api.hubmapconsortium.org/entities/72a8b86172b9dbc973e788c3223e4e35,Tissue Block,"Registered 3/23/2026, Kyung Ahn, TMC - Children's Hospital of Philadelphia","50 x 50 x 5 millimeter, 5 millimeter, 1 Sections",https://portal.hubmapconsortium.org/browse/sample/72a8b86172b9dbc973e788c3223e4e35,http://purl.org/ccf/1.5/6b4d596d-3b01-4896-8234-75a6a72aebe7,50,50,5,Shovik Bandyopadhyay,Shovik,Bandyopadhyay,,0
https://entity.api.hubmapconsortium.org/entities/b0de466ec725aff86a6abfdcb20b9c69,Tissue Block,"Registered 3/23/2026, Kyung Ahn, TMC - Children's Hospital of Philadelphia","50 x 50 x 5 millimeter, 5 millimeter, 1 Sections",https://portal.hubmapconsortium.org/browse/sample/b0de466ec725aff86a6abfdcb20b9c69,http://purl.org/ccf/1.5/6b4d596d-3b01-4896-8234-75a6a72aebe7,50,50,5,Shovik Bandyopadhyay,Shovik,Bandyopadhyay,,0
https://entity.api.hubmapconsortium.org/entities/7226fd83d5e82213bcb10aca20d293ea,Tissue Block,"Registered 9/1/2025, Shovik Bandyopadhyay, CHOP","50 x 50 x 5 millimeter, 5 millimeter",https://portal.hubmapconsortium.org/browse/sample/7226fd83d5e82213bcb10aca20d293ea,http://purl.org/ccf/1.5/6b4d596d-3b01-4896-8234-75a6a72aebe7,50,50,5,Shovik Bandyopadhyay,Shovik,Bandyopadhyay,,0
https://entity.api.hubmapconsortium.org/entities/5fb7f16d5d927efd5d698b721b5753ec,Tissue Block,"Registered 9/1/2025, Shovik Bandyopadhyay, CHOP","50 x 50 x 5 millimeter, 5 millimeter",https://portal.hubmapconsortium.org/browse/sample/5fb7f16d5d927efd5d698b721b5753ec,http://purl.org/ccf/1.5/6b4d596d-3b01-4896-8234-75a6a72aebe7,50,50,5,Shovik Bandyopadhyay,Shovik,Bandyopadhyay,,0
https://entity.api.hubmapconsortium.org/entities/e1844e2788db7b1c1bfeda01a2dbadc3,Tissue Block,"Registered 9/1/2025, Shovik Bandyopadhyay, CHOP","50 x 50 x 5 millimeter, 5 millimeter",https://portal.hubmapconsortium.org/browse/sample/e1844e2788db7b1c1bfeda01a2dbadc3,http://purl.org/ccf/1.5/6b4d596d-3b01-4896-8234-75a6a72aebe7,50,50,5,Shovik Bandyopadhyay,Shovik,Bandyopadhyay,,0
https://entity.api.hubmapconsortium.org/entities/750691876232b043dd3b6e2b0098bdbf,Tissue Block,"Registered 2/16/2022, amir Bahmani, TMC-Stanford","3 x 30 x 15 millimeter, 5 millimeter, 3 Sections",https://portal.hubmapconsortium.org/browse/sample/750691876232b043dd3b6e2b0098bdbf,http://purl.org/ccf/1.5/4ecffbfc-dc50-4140-95e8-4f97d5804f4f,3,30,15,Yiing Lin,Yiing,Lin,,0
https://entity.api.hubmapconsortium.org/entities/76fd5ac2f9eb53ceae50f0440a9cef9e,Tissue Block,"Registered 6/8/2022, Daniel Cotter, TMC-Stanford","3 x 30 x 15 millimeter, 15 millimeter, 0 Sections",https://portal.hubmapconsortium.org/browse/sample/76fd5ac2f9eb53ceae50f0440a9cef9e,http://purl.org/ccf/1.5/27c90961-5430-4217-ad97-4feaa91cede7,3,30,15,Yiing Lin,Yiing,Lin,,0
https://entity.api.hubmapconsortium.org/entities/783690d1f6449bc1042c1c0295d40190,Tissue Block,"Registered 6/8/2022, daniel cotter, TMC-Stanford","3 x 30 x 20 millimeter, 20 millimeter, 0 Sections",https://portal.hubmapconsortium.org/browse/sample/783690d1f6449bc1042c1c0295d40190,http://purl.org/ccf/1.5/2b38ef86-7e4d-4e27-b9c6-d2015ec49692,3,30,20,Yiing Lin,Yiing,Lin,,0
https://entity.api.hubmapconsortium.org/entities/7de2b4da1bcc1df5eb305cedb30a20c6,Tissue Block,"Registered 6/8/2022, Daniel Cotter, TMC-Stanford","20 x 50 x 5 millimeter, 1 millimeter, 1 Sections",https://portal.hubmapconsortium.org/browse/sample/7de2b4da1bcc1df5eb305cedb30a20c6,http://purl.org/ccf/1.5/db4f3eca-e9f8-4f9c-88a1-795a20dd0f84,20,50,5,Yiing Lin,Yiing,Lin,,0
https://entity.api.hubmapconsortium.org/entities/7fd7eedb4f588e7c7da4dbf91024bcab,Tissue Block,"Registered 2/16/2022, daniel cotter, TMC-Stanford","20 x 50 x 5 millimeter, 1 millimeter, 1 Sections",https://portal.hubmapconsortium.org/browse/sample/7fd7eedb4f588e7c7da4dbf91024bcab,http://purl.org/ccf/1.5/bceacee1-bc17-49ba-ab6f-833a9ccde436,20,50,5,Yiing Lin,Yiing,Lin,,0
https://entity.api.hubmapconsortium.org/entities/804aa1a7fcdf319c206808c106f67008,Tissue Block,"Registered 10/19/2021, daniel cotter, TMC-Stanford","20 x 50 x 5 millimeter, 5 millimeter, 1 Sections",https://portal.hubmapconsortium.org/browse/sample/804aa1a7fcdf319c206808c106f67008,http://purl.org/ccf/1.5/8b652088-8c73-466d-b59c-3fbb8c01e399,20,50,5,Yiing Lin,Yiing,Lin,,0
https://entity.api.hubmapconsortium.org/entities/8113a08108f2d3174b7baf988aa18c95,Tissue Block,"Registered 2/16/2022, daniel Cotter, TMC-Stanford","20 x 50 x 5 millimeter, 1 millimeter, 1 Sections",https://portal.hubmapconsortium.org/browse/sample/8113a08108f2d3174b7baf988aa18c95,http://purl.org/ccf/1.5/5df04f61-5fcc-4035-92c3-631f772a6ce0,20,50,5,Yiing Lin,Yiing,Lin,,0
https://entity.api.hubmapconsortium.org/entities/819a5b3b5c325452ae3c650e50209125,Tissue Block,"Registered 6/8/2022, Daniel Cotter, TMC-Stanford","3 x 30 x 20 millimeter, 20 millimeter, 0 Sections",https://portal.hubmapconsortium.org/browse/sample/819a5b3b5c325452ae3c650e50209125,http://purl.org/ccf/1.5/85765dd5-2197-4361-b4c6-c9d30186044a,3,30,20,Yiing Lin,Yiing,Lin,,0
https://entity.api.hubmapconsortium.org/entities/83954762a668b4e81c3707717bdad297,Tissue Block,"Registered 6/8/2022, daniel cotter, TMC-Stanford","3 x 30 x 15 millimeter, 15 millimeter, 0 Sections",https://portal.hubmapconsortium.org/browse/sample/83954762a668b4e81c3707717bdad297,http://purl.org/ccf/1.5/6fe91946-48bb-485f-9ad0-5f0550d1f2b3,3,30,15,Yiing Lin,Yiing,Lin,,0
https://entity.api.hubmapconsortium.org/entities/852dae577b0393aa888f8c3c66cd38ac,Tissue Block,"Registered 6/8/2022, Daniel Cotter, TMC-Stanford","3 x 30 x 15 millimeter, 15 millimeter, 0 Sections",https://portal.hubmapconsortium.org/browse/sample/852dae577b0393aa888f8c3c66cd38ac,http://purl.org/ccf/1.5/78ee24bb-4ae4-49e9-bad2-d6f13166b89e,3,30,15,Yiing Lin,Yiing,Lin,,0
https://entity.api.hubmapconsortium.org/entities/87683a35dac84b19c757a72ac9ebe7d6,Tissue Block,"Registered 6/8/2022, Daniel Cotter, TMC-Stanford","3 x 30 x 20 millimeter, 20 millimeter, 0 Sections",https://portal.hubmapconsortium.org/browse/sample/87683a35dac84b19c757a72ac9ebe7d6,http://purl.org/ccf/1.5/470a6b74-a31b-4a50-bfff-da1b475c945b,3,30,20,Yiing Lin,Yiing,Lin,,0
https://entity.api.hubmapconsortium.org/entities/8b675fffca25c82c530bea18d7b6294e,Tissue Block,"Registered 2/16/2022, daniel cotter, TMC-Stanford","20 x 50 x 5 millimeter, 1 millimeter, 1 Sections",https://portal.hubmapconsortium.org/browse/sample/8b675fffca25c82c530bea18d7b6294e,http://purl.org/ccf/1.5/fb4cec06-b147-4277-a6cf-8aa21e294183,20,50,5,Yiing Lin,Yiing,Lin,,0
https://entity.api.hubmapconsortium.org/entities/8cdf44a106338aada6da04c71eeb767e,Tissue Block,"Registered 10/19/2021, amir Bahmani, TMC-Stanford","20 x 50 x 5 millimeter, 1.7 millimeter, 3 Sections",https://portal.hubmapconsortium.org/browse/sample/8cdf44a106338aada6da04c71eeb767e,http://purl.org/ccf/1.5/93286ce3-669a-4f3f-a85a-7eaaedc15c59,20,50,5,Yiing Lin,Yiing,Lin,,0
https://entity.api.hubmapconsortium.org/entities/9ca2e95cb56ac36d43dcbb3dc4e7860d,Tissue Block,"Registered 2/16/2022, daniel Cotter, TMC-Stanford","3 x 30 x 20 millimeter, 20 millimeter, 0 Sections",https://portal.hubmapconsortium.org/browse/sample/9ca2e95cb56ac36d43dcbb3dc4e7860d,http://purl.org/ccf/1.5/1f53fe4d-d77b-4508-ba36-22b6b3ac0e53,3,30,20,Yiing Lin,Yiing,Lin,,0
https://entity.api.hubmapconsortium.org/entities/a03dd72e182cd1c996b88ecdee09c0e0,Tissue Block,"Registered 6/8/2022, daniel cotter, TMC-Stanford","3 x 30 x 15 millimeter, 15 millimeter, 0 Sections",https://portal.hubmapconsortium.org/browse/sample/a03dd72e182cd1c996b88ecdee09c0e0,http://purl.org/ccf/1.5/75ff443d-c177-4dab-a866-89e9141b73a4,3,30,15,Yiing Lin,Yiing,Lin,,0
https://entity.api.hubmapconsortium.org/entities/a50c780f728db8108ff92926b50670d5,Tissue Block,"Registered 6/8/2022, Daniel Cotter, TMC-Stanford","3 x 30 x 15 millimeter, 15 millimeter, 0 Sections",https://portal.hubmapconsortium.org/browse/sample/a50c780f728db8108ff92926b50670d5,http://purl.org/ccf/1.5/d8c8faa2-7e2a-4b74-9531-cd08be659c10,3,30,15,Yiing Lin,Yiing,Lin,,0
https://entity.api.hubmapconsortium.org/entities/acdb17a3cd92f28a6eb8ab5904c37dd3,Tissue Block,"Registered 6/8/2022, Daniel Cotter, TMC-Stanford","20 x 50 x 5 millimeter, 1 millimeter, 1 Sections",https://portal.hubmapconsortium.org/browse/sample/acdb17a3cd92f28a6eb8ab5904c37dd3,http://purl.org/ccf/1.5/ba9d007b-c5c7-4231-80f9-42403a98a6df,20,50,5,Yiing Lin,Yiing,Lin,,0
https://entity.api.hubmapconsortium.org/entities/af99fe7abd9466881e22d3b8b9107bd5,Tissue Block,"Registered 2/16/2022, daniel Cotter, TMC-Stanford","3 x 30 x 15 millimeter, 15 millimeter, 0 Sections",https://portal.hubmapconsortium.org/browse/sample/af99fe7abd9466881e22d3b8b9107bd5,http://purl.org/ccf/1.5/a1fc9d45-5af9-4fc4-b2be-340ef0716e09,3,30,15,Yiing Lin,Yiing,Lin,,0
https://entity.api.hubmapconsortium.org/entities/b086daf9da374bb5422e64326c26012e,Tissue Block,"Registered 2/16/2022, daniel cotter, TMC-Stanford","3 x 30 x 20 millimeter, 20 millimeter, 1 Sections",https://portal.hubmapconsortium.org/browse/sample/b086daf9da374bb5422e64326c26012e,http://purl.org/ccf/1.5/63b2f5a9-5914-4c45-9239-139948a93498,3,30,20,Yiing Lin,Yiing,Lin,,0
https://entity.api.hubmapconsortium.org/entities/b33d1dff93bd4a19fb0e7280ad180928,Tissue Block,"Registered 6/8/2022, Daniel Cotter, TMC-Stanford","3 x 30 x 15 millimeter, 15 millimeter, 0 Sections",https://portal.hubmapconsortium.org/browse/sample/b33d1dff93bd4a19fb0e7280ad180928,http://purl.org/ccf/1.5/bddd9066-3f8c-4330-8e33-23be89ee8a0b,3,30,15,Yiing Lin,Yiing,Lin,,0
https://entity.api.hubmapconsortium.org/entities/b72a7631dbd906e64dc1bcdd754c0aba,Tissue Block,"Registered 6/8/2022, Daniel Cotter, TMC-Stanford","3 x 30 x 15 millimeter, 15 millimeter, 0 Sections",https://portal.hubmapconsortium.org/browse/sample/b72a7631dbd906e64dc1bcdd754c0aba,http://purl.org/ccf/1.5/42b97dcb-2033-40ea-82a2-319a1e30dca2,3,30,15,Yiing Lin,Yiing,Lin,,0
https://entity.api.hubmapconsortium.org/entities/b80365d202504a722373d912eb35c695,Tissue Block,"Registered 6/8/2022, Daniel Cotter, TMC-Stanford","20 x 50 x 5 millimeter, 1 millimeter, 1 Sections",https://portal.hubmapconsortium.org/browse/sample/b80365d202504a722373d912eb35c695,http://purl.org/ccf/1.5/76a8931b-1c06-4646-8a17-ac7828b6e879,20,50,5,Yiing Lin,Yiing,Lin,,0
https://entity.api.hubmapconsortium.org/entities/bf1db74f40506e87055eda7b84a79174,Tissue Block,"Registered 2/16/2022, amir Bahmani, TMC-Stanford","3 x 30 x 15 millimeter, 5 millimeter, 3 Sections",https://portal.hubmapconsortium.org/browse/sample/bf1db74f40506e87055eda7b84a79174,http://purl.org/ccf/1.5/7f4ad752-8a2d-4088-b91e-4e0d1a724d98,3,30,15,Yiing Lin,Yiing,Lin,,0
https://entity.api.hubmapconsortium.org/entities/c1a9f7ac0babf65af4a280846c91b7f7,Tissue Block,"Registered 6/8/2022, Daniel Cotter, TMC-Stanford","3 x 30 x 15 millimeter, 15 millimeter, 0 Sections",https://portal.hubmapconsortium.org/browse/sample/c1a9f7ac0babf65af4a280846c91b7f7,http://purl.org/ccf/1.5/d1085194-4902-4252-95fd-faf03afd9288,3,30,15,Yiing Lin,Yiing,Lin,,0
https://entity.api.hubmapconsortium.org/entities/c21fb09022b6695ba8e29bf82e5315e9,Tissue Block,"Registered 6/8/2022, Daniel Cotter, TMC-Stanford","3 x 30 x 15 millimeter, 15 millimeter, 0 Sections",https://portal.hubmapconsortium.org/browse/sample/c21fb09022b6695ba8e29bf82e5315e9,http://purl.org/ccf/1.5/d194f593-af76-4ee7-84a6-00f7531d47cf,3,30,15,Yiing Lin,Yiing,Lin,,0
https://entity.api.hubmapconsortium.org/entities/c46f3ffa2ad148019ee983453d06b745,Tissue Block,"Registered 2/16/2022, daniel cotter, TMC-Stanford","20 x 50 x 5 millimeter, 1 millimeter, 1 Sections",https://portal.hubmapconsortium.org/browse/sample/c46f3ffa2ad148019ee983453d06b745,http://purl.org/ccf/1.5/43e195fb-0f50-4b67-bff1-b74f68290fc6,20,50,5,Yiing Lin,Yiing,Lin,,0
https://entity.api.hubmapconsortium.org/entities/db4171ae4cb6ebcfca6479bc2090fd64,Tissue Block,"Registered 6/8/2022, daniel cotter, TMC-Stanford","3 x 30 x 15 millimeter, 15 millimeter, 0 Sections",https://portal.hubmapconsortium.org/browse/sample/db4171ae4cb6ebcfca6479bc2090fd64,http://purl.org/ccf/1.5/8023d0ab-338a-43c4-9f9b-d637220f1b8e,3,30,15,Yiing Lin,Yiing,Lin,,0
https://entity.api.hubmapconsortium.org/entities/dbca13174e2a90f499151158b7faab7b,Tissue Block,"Registered 10/19/2021, daniel cotter, TMC-Stanford","20 x 50 x 5 millimeter, 5 millimeter, 1 Sections",https://portal.hubmapconsortium.org/browse/sample/dbca13174e2a90f499151158b7faab7b,http://purl.org/ccf/1.5/2ae3cef9-6621-46da-b056-da7bfbadc13b,20,50,5,Yiing Lin,Yiing,Lin,,0
https://entity.api.hubmapconsortium.org/entities/e54d820ce002802fa5964b2a2ee841bb,Tissue Block,"Registered 6/8/2022, Daniel Cotter, TMC-Stanford","3 x 30 x 15 millimeter, 15 millimeter, 0 Sections",https://portal.hubmapconsortium.org/browse/sample/e54d820ce002802fa5964b2a2ee841bb,http://purl.org/ccf/1.5/e4a44b76-53fd-4c88-9ccf-ba095fcb9673,3,30,15,Yiing Lin,Yiing,Lin,,0
https://entity.api.hubmapconsortium.org/entities/e84915dd0319a303057a37a7796d428b,Tissue Block,"Registered 10/19/2021, daniel cotter, TMC-Stanford","20 x 50 x 5 millimeter, 1 millimeter, 1 Sections",https://portal.hubmapconsortium.org/browse/sample/e84915dd0319a303057a37a7796d428b,http://purl.org/ccf/1.5/3c695f26-b7ed-44ad-8e11-894932defa86,20,50,5,Yiing Lin,Yiing,Lin,,0
https://entity.api.hubmapconsortium.org/entities/f7b37eff8a36eb3852a373cc4878f50e,Tissue Block,"Registered 9/23/2024, daniel cotter, TMC-Stanford","3 x 30 x 15 millimeter, 15 millimeter, 1 Sections",https://portal.hubmapconsortium.org/browse/sample/f7b37eff8a36eb3852a373cc4878f50e,http://purl.org/ccf/1.5/b195f78a-28c0-48d3-8b23-a92d38131d55,3,30,15,Yiing Lin,Yiing,Lin,,0
https://entity.api.hubmapconsortium.org/entities/fbb2c6cd239b1978e74ffd00e93ff7db,Tissue Block,"Registered 6/8/2022, Daniel Cotter, TMC-Stanford","3 x 30 x 15 millimeter, 15 millimeter, 0 Sections",https://portal.hubmapconsortium.org/browse/sample/fbb2c6cd239b1978e74ffd00e93ff7db,http://purl.org/ccf/1.5/ea1d468d-e988-42cd-8e34-71701e568878,3,30,15,Yiing Lin,Yiing,Lin,,0
https://entity.api.hubmapconsortium.org/entities/fe1fc10cedb9ef2f97986da71c42a1b7,Tissue Block,"Registered 6/8/2022, Daniel Cotter, TMC-Stanford","20 x 50 x 5 millimeter, 1 millimeter, 1 Sections",https://portal.hubmapconsortium.org/browse/sample/fe1fc10cedb9ef2f97986da71c42a1b7,http://purl.org/ccf/1.5/09681d25-f08d-40ff-81cb-a731610aa84d,20,50,5,Yiing Lin,Yiing,Lin,,0
https://entity.api.sennetconsortium.org/entities/7024d33d0675505567e3fcd260bad26c,Tissue Block,"Registered 9/20/2024, Yao Lu, TMC - Yale University - Fan","5 x 6.5 x 6.5 millimeter, 7 millimeter, 3 Sections",https://data.sennetconsortium.org/sample?uuid=7024d33d0675505567e3fcd260bad26c,http://purl.org/ccf/1.5/e30fdc54-9fd4-4b57-ad9f-1c121c9c9a1c,5,6.5,6.5,Yao Lu,Yao,Lu,,0
https://entity.api.sennetconsortium.org/entities/a3a696cf307169994bcdb61ec23fe828,Tissue Block,"Registered 9/20/2024, Yao Lu, TMC - Yale University - Fan","10 x 15 x 6.5 millimeter, 7 millimeter, 1 Sections",https://data.sennetconsortium.org/sample?uuid=a3a696cf307169994bcdb61ec23fe828,http://purl.org/ccf/1.5/6ed1eb65-077b-4c7d-925a-14fb1d6b66ae,10,15,6.5,Yao Lu,Yao,Lu,,0
https://entity.api.sennetconsortium.org/entities/a927f7e84d7ebb444e45f744dade5d9e,Tissue Block,"Registered 9/20/2024, Yao Lu, TMC - Yale University - Fan","10 x 15 x 6.5 millimeter, 7 millimeter, 2 Sections",https://data.sennetconsortium.org/sample?uuid=a927f7e84d7ebb444e45f744dade5d9e,http://purl.org/ccf/1.5/513a5005-f9e5-4a00-a08a-15b5d47c5ea0,10,15,6.5,Yao Lu,Yao,Lu,,0
https://entity.api.sennetconsortium.org/entities/c2af14a9891047237a2a2457fa4b9d07,Tissue Block,"Registered 9/20/2024, Yao Lu, TMC - Yale University - Fan","15 x 7 x 6.5 millimeter, 7 millimeter, 2 Sections",https://data.sennetconsortium.org/sample?uuid=c2af14a9891047237a2a2457fa4b9d07,http://purl.org/ccf/1.5/d498378e-8682-45f3-9bfd-11b48023125c,15,7,6.5,Yao Lu,Yao,Lu,,0
https://entity.api.sennetconsortium.org/entities/cc99ff6b3fbad7c3408492bac0032533,Tissue Block,"Registered 9/20/2024, Yao Lu, TMC - Yale University - Fan","14 x 11 x 6.5 millimeter, 7 millimeter, 1 Sections",https://data.sennetconsortium.org/sample?uuid=cc99ff6b3fbad7c3408492bac0032533,http://purl.org/ccf/1.5/f5f662ff-2ba4-4442-b7ae-0f48fcadb79e,14,11,6.5,Yao Lu,Yao,Lu,,0
https://hubmapconsortium.github.io/hra-registrations/htan-colon-snyder-2024#Donor1_TissueBlock1,Tissue Block,"Registered 0/15/2024, Thomas V Karathanos, Stanford University","1 x 4 x 5 millimeter, 5 millimeter",https://data.humantumoratlas.org/publications/hta10_2025_tbd_rongduo-han?tab=participants,http://purl.org/ccf/1.5/73f8bc08-60e7-4450-99d8-b303cd4687d8,1,4,5,Thomas V Karathanos,Thomas,Karathanos,,0
http://purl.org/ccf/10.1038/s41556-023-01337-z#Donor1_TissueBlock10,Tissue Block,"Registered 4/5/2025, Rachel Zwick, Rachel Zwick","6 x 6 x 2 millimeter, 2 millimeter",https://doi.org/10.1038/s41556-023-01337-z,http://purl.org/ccf/1.5/5c6d6cab-4aef-4c93-8334-08606677faa8,6,6,2,Rachel Zwick,Rachel,Zwick,,0
http://purl.org/ccf/10.1038/s41556-023-01337-z#Donor1_TissueBlock18,Tissue Block,"Registered 4/5/2025, Rachel Zwick, Rachel Zwick","6 x 6 x 2 millimeter, 2 millimeter",https://doi.org/10.1038/s41556-023-01337-z,http://purl.org/ccf/1.5/63f92f6d-ebf4-4d50-b66a-aded2a26d8b5,6,6,2,Rachel Zwick,Rachel,Zwick,,0
http://purl.org/ccf/10.1038/s41556-023-01337-z#Donor1_TissueBlock2,Tissue Block,"Registered 4/5/2025, Rachel Zwick, Rachel Zwick","6 x 6 x 2 millimeter, 2 millimeter",https://doi.org/10.1038/s41556-023-01337-z,http://purl.org/ccf/1.5/8ce5b6e9-49e9-4499-9aeb-6ebea15cfddb,6,6,2,Rachel Zwick,Rachel,Zwick,,0
http://purl.org/ccf/10.1038/s41556-023-01337-z#Donor1_TissueBlock27,Tissue Block,"Registered 4/5/2025, Rachel Zwick, Rachel Zwick","6 x 6 x 2 millimeter, 2 millimeter",https://doi.org/10.1038/s41556-023-01337-z,http://purl.org/ccf/1.5/97a63c6d-072b-4f69-82d0-ec934066911d,6,6,2,Rachel Zwick,Rachel,Zwick,,0
http://purl.org/ccf/10.1038/s41556-023-01337-z#Donor1_TissueBlock4,Tissue Block,"Registered 4/5/2025, Rachel Zwick, Rachel Zwick","6 x 6 x 2 millimeter, 2 millimeter",https://doi.org/10.1038/s41556-023-01337-z,http://purl.org/ccf/1.5/595a8bcb-e5f5-48eb-a023-afca8a222c24,6,6,2,Rachel Zwick,Rachel,Zwick,,0
http://purl.org/ccf/10.1038/s41556-023-01337-z#Donor1_TissueBlock9,Tissue Block,"Registered 4/5/2025, Rachel Zwick, Rachel Zwick","6 x 6 x 2 millimeter, 2 millimeter",https://doi.org/10.1038/s41556-023-01337-z,http://purl.org/ccf/1.5/7d23fcc9-6773-446b-9d5a-f3236e92fe56,6,6,2,Rachel Zwick,Rachel,Zwick,,0
http://purl.org/ccf/10.1038/s41556-023-01337-z#Donor2_TissueBlock12,Tissue Block,"Registered 3/24/2025, Rachel    Zwick, Rachel Zwick","6 x 6 x 2 millimeter, 2 millimeter",https://doi.org/10.1038/s41556-023-01337-z,http://purl.org/ccf/1.5/6b6fb92e-8985-44c4-95f3-289fb6debd35,6,6,2,Rachel    Zwick,Rachel," Zwick",,0
http://purl.org/ccf/10.1038/s41556-023-01337-z#Donor2_TissueBlock15,Tissue Block,"Registered 3/24/2025, Rachel    Zwick, Rachel Zwick","6 x 6 x 2 millimeter, 2 millimeter",https://doi.org/10.1038/s41556-023-01337-z,http://purl.org/ccf/1.5/5a1d286b-e813-4e5f-bf4a-82c15e7f18ff,6,6,2,Rachel    Zwick,Rachel," Zwick",,0
http://purl.org/ccf/10.1038/s41556-023-01337-z#Donor2_TissueBlock16,Tissue Block,"Registered 3/24/2025, Rachel    Zwick, Rachel Zwick","6 x 6 x 2 millimeter, 2 millimeter",https://doi.org/10.1038/s41556-023-01337-z,http://purl.org/ccf/1.5/68e7423a-d9c6-43f3-aa86-cd428fb7eae0,6,6,2,Rachel    Zwick,Rachel," Zwick",,0
http://purl.org/ccf/10.1038/s41556-023-01337-z#Donor2_TissueBlock2,Tissue Block,"Registered 3/24/2025, Rachel    Zwick, Rachel Zwick","6 x 6 x 2 millimeter, 2 millimeter",https://doi.org/10.1038/s41556-023-01337-z,http://purl.org/ccf/1.5/7dfb5b9a-efad-4b70-a110-a17ca74e7f08,6,6,2,Rachel    Zwick,Rachel," Zwick",,0
http://purl.org/ccf/10.1038/s41556-023-01337-z#Donor2_TissueBlock21,Tissue Block,"Registered 3/24/2025, Rachel    Zwick, Rachel Zwick","6 x 6 x 2 millimeter, 2 millimeter",https://doi.org/10.1038/s41556-023-01337-z,http://purl.org/ccf/1.5/61d0e116-5ab7-4e9e-a325-9713df847eb8,6,6,2,Rachel    Zwick,Rachel," Zwick",,0
http://purl.org/ccf/10.1038/s41556-023-01337-z#Donor2_TissueBlock23,Tissue Block,"Registered 3/24/2025, Rachel    Zwick, Rachel Zwick","6 x 6 x 2 millimeter, 2 millimeter",https://doi.org/10.1038/s41556-023-01337-z,http://purl.org/ccf/1.5/6a78cb1b-8809-4ee5-bfaa-1abb3f70e610,6,6,2,Rachel    Zwick,Rachel," Zwick",,0
http://purl.org/ccf/10.1038/s41556-023-01337-z#Donor2_TissueBlock26,Tissue Block,"Registered 3/24/2025, Rachel    Zwick, Rachel Zwick","6 x 6 x 2 millimeter, 2 millimeter",https://doi.org/10.1038/s41556-023-01337-z,http://purl.org/ccf/1.5/605ce6a9-84ce-4afc-a879-ba0d37295a12,6,6,2,Rachel    Zwick,Rachel," Zwick",,0
http://purl.org/ccf/10.1038/s41556-023-01337-z#Donor2_TissueBlock28,Tissue Block,"Registered 3/24/2025, Rachel    Zwick, Rachel Zwick","6 x 6 x 2 millimeter, 2 millimeter",https://doi.org/10.1038/s41556-023-01337-z,http://purl.org/ccf/1.5/4a13b61f-58dd-4eb2-a304-4141a169aee0,6,6,2,Rachel    Zwick,Rachel," Zwick",,0
http://purl.org/ccf/10.1038/s41556-023-01337-z#Donor2_TissueBlock29,Tissue Block,"Registered 3/24/2025, Rachel    Zwick, Rachel Zwick","6 x 6 x 2 millimeter, 2 millimeter",https://doi.org/10.1038/s41556-023-01337-z,http://purl.org/ccf/1.5/8d25b89e-c164-4cf9-a202-1bb69f584ba8,6,6,2,Rachel    Zwick,Rachel," Zwick",,0
http://purl.org/ccf/10.1038/s41556-023-01337-z#Donor2_TissueBlock3,Tissue Block,"Registered 3/24/2025, Rachel    Zwick, Rachel Zwick","6 x 6 x 2 millimeter, 2 millimeter",https://doi.org/10.1038/s41556-023-01337-z,http://purl.org/ccf/1.5/9aca7940-5636-45c6-b04d-000a63adfc31,6,6,2,Rachel    Zwick,Rachel," Zwick",,0
http://purl.org/ccf/10.1038/s41556-023-01337-z#Donor2_TissueBlock4,Tissue Block,"Registered 3/24/2025, Rachel    Zwick, Rachel Zwick","6 x 6 x 2 millimeter, 2 millimeter",https://doi.org/10.1038/s41556-023-01337-z,http://purl.org/ccf/1.5/8cdc58bb-0bb8-47f4-9d04-dcabcafe8680,6,6,2,Rachel    Zwick,Rachel," Zwick",,0
http://purl.org/ccf/10.1038/s41556-023-01337-z#Donor2_TissueBlock5,Tissue Block,"Registered 3/24/2025, Rachel    Zwick, Rachel Zwick","6 x 6 x 2 millimeter, 2 millimeter",https://doi.org/10.1038/s41556-023-01337-z,http://purl.org/ccf/1.5/4ad9db5d-01de-4eb5-9b2f-c6d7de4ff9d7,6,6,2,Rachel    Zwick,Rachel," Zwick",,0
http://purl.org/ccf/10.1038/s41556-023-01337-z#Donor2_TissueBlock6,Tissue Block,"Registered 3/24/2025, Rachel    Zwick, Rachel Zwick","6 x 6 x 2 millimeter, 2 millimeter",https://doi.org/10.1038/s41556-023-01337-z,http://purl.org/ccf/1.5/5e1c5a76-00b1-496f-8754-1a14165ea3ed,6,6,2,Rachel    Zwick,Rachel," Zwick",,0
http://purl.org/ccf/10.1038/s41556-023-01337-z#Donor2_TissueBlock9,Tissue Block,"Registered 3/24/2025, Rachel    Zwick, Rachel Zwick","6 x 6 x 2 millimeter, 2 millimeter",https://doi.org/10.1038/s41556-023-01337-z,http://purl.org/ccf/1.5/6099d1dc-102b-4aeb-aa7e-8aebe7180ba2,6,6,2,Rachel    Zwick,Rachel," Zwick",,0
http://purl.org/ccf/APAP1#TissueBlock1,Tissue Block,"Registered 8/24/2023, Jordan Portman, UEdinburgh",Diseased tissue block,https://www.biorxiv.org/content/10.1101/2023.02.24.529873v1,http://purl.org/ccf/1.5/62381536-7923-43da-8703-c744e4de0b25,10,10,10,Jordan Portman,Jordan,Portman,,0
http://purl.org/ccf/APAP3#TissueBlock1,Tissue Block,"Registered 8/24/2023, Jordan Portman, UEdinburgh",Diseased tissue block,https://www.biorxiv.org/content/10.1101/2023.02.24.529873v1,http://purl.org/ccf/1.5/62381536-7923-43da-8703-c744e4de0b25,10,10,10,Jordan Portman,Jordan,Portman,,0
http://purl.org/ccf/APAP4#TissueBlock1,Tissue Block,"Registered 8/24/2023, Jordan Portman, UEdinburgh",Diseased tissue block,https://www.biorxiv.org/content/10.1101/2023.02.24.529873v1,http://purl.org/ccf/1.5/62381536-7923-43da-8703-c744e4de0b25,10,10,10,Jordan Portman,Jordan,Portman,,0
http://purl.org/ccf/APAP9#TissueBlock1,Tissue Block,"Registered 8/24/2023, Jordan Portman, UEdinburgh",Diseased tissue block,https://www.biorxiv.org/content/10.1101/2023.02.24.529873v1,http://purl.org/ccf/1.5/62381536-7923-43da-8703-c744e4de0b25,10,10,10,Jordan Portman,Jordan,Portman,,0
http://purl.org/ccf/NAE1#TissueBlock1,Tissue Block,"Registered 8/24/2023, Jordan Portman, UEdinburgh",Diseased tissue block,https://www.biorxiv.org/content/10.1101/2023.02.24.529873v1,http://purl.org/ccf/1.5/62381536-7923-43da-8703-c744e4de0b25,10,10,10,Jordan Portman,Jordan,Portman,,0
http://purl.org/ccf/NAE2#TissueBlock1,Tissue Block,"Registered 8/24/2023, Jordan Portman, UEdinburgh",Diseased tissue block,https://www.biorxiv.org/content/10.1101/2023.02.24.529873v1,http://purl.org/ccf/1.5/62381536-7923-43da-8703-c744e4de0b25,10,10,10,Jordan Portman,Jordan,Portman,,0
http://purl.org/ccf/NAE6#TissueBlock1,Tissue Block,"Registered 8/24/2023, Jordan Portman, UEdinburgh",Diseased tissue block,https://www.biorxiv.org/content/10.1101/2023.02.24.529873v1,http://purl.org/ccf/1.5/62381536-7923-43da-8703-c744e4de0b25,10,10,10,Jordan Portman,Jordan,Portman,,0
http://purl.org/ccf/APAP10#TissueBlock1,Tissue Block,"Registered 8/24/2023, Jordan Portman, UEdinburgh",Diseased tissue block,https://www.biorxiv.org/content/10.1101/2023.02.24.529873v1,http://purl.org/ccf/1.5/92c7d973-67c3-4548-b386-51591184367e,10,10,10,Jordan Portman,Jordan,Portman,,0
http://purl.org/ccf/APAP2#TissueBlock1,Tissue Block,"Registered 8/24/2023, Jordan Portman, UEdinburgh",Diseased tissue block,https://www.biorxiv.org/content/10.1101/2023.02.24.529873v1,http://purl.org/ccf/1.5/92c7d973-67c3-4548-b386-51591184367e,10,10,10,Jordan Portman,Jordan,Portman,,0
http://purl.org/ccf/APAP5#TissueBlock1,Tissue Block,"Registered 8/24/2023, Jordan Portman, UEdinburgh",Diseased tissue block,https://www.biorxiv.org/content/10.1101/2023.02.24.529873v1,http://purl.org/ccf/1.5/92c7d973-67c3-4548-b386-51591184367e,10,10,10,Jordan Portman,Jordan,Portman,,0
http://purl.org/ccf/APAP6#TissueBlock1,Tissue Block,"Registered 8/24/2023, Jordan Portman, UEdinburgh",Diseased tissue block,https://www.biorxiv.org/content/10.1101/2023.02.24.529873v1,http://purl.org/ccf/1.5/92c7d973-67c3-4548-b386-51591184367e,10,10,10,Jordan Portman,Jordan,Portman,,0
http://purl.org/ccf/APAP7#TissueBlock1,Tissue Block,"Registered 8/24/2023, Jordan Portman, UEdinburgh",Diseased tissue block,https://www.biorxiv.org/content/10.1101/2023.02.24.529873v1,http://purl.org/ccf/1.5/92c7d973-67c3-4548-b386-51591184367e,10,10,10,Jordan Portman,Jordan,Portman,,0
http://purl.org/ccf/APAP8#TissueBlock1,Tissue Block,"Registered 8/24/2023, Jordan Portman, UEdinburgh",Diseased tissue block,https://www.biorxiv.org/content/10.1101/2023.02.24.529873v1,http://purl.org/ccf/1.5/92c7d973-67c3-4548-b386-51591184367e,10,10,10,Jordan Portman,Jordan,Portman,,0
http://purl.org/ccf/NAE10#TissueBlock1,Tissue Block,"Registered 8/24/2023, Jordan Portman, UEdinburgh",Diseased tissue block,https://www.biorxiv.org/content/10.1101/2023.02.24.529873v1,http://purl.org/ccf/1.5/92c7d973-67c3-4548-b386-51591184367e,10,10,10,Jordan Portman,Jordan,Portman,,0
http://purl.org/ccf/NAE11#TissueBlock1,Tissue Block,"Registered 8/24/2023, Jordan Portman, UEdinburgh",Diseased tissue block,https://www.biorxiv.org/content/10.1101/2023.02.24.529873v1,http://purl.org/ccf/1.5/92c7d973-67c3-4548-b386-51591184367e,10,10,10,Jordan Portman,Jordan,Portman,,0
http://purl.org/ccf/NAE12#TissueBlock1,Tissue Block,"Registered 8/24/2023, Jordan Portman, UEdinburgh",Diseased tissue block,https://www.biorxiv.org/content/10.1101/2023.02.24.529873v1,http://purl.org/ccf/1.5/92c7d973-67c3-4548-b386-51591184367e,10,10,10,Jordan Portman,Jordan,Portman,,0
http://purl.org/ccf/NAE3#TissueBlock1,Tissue Block,"Registered 8/24/2023, Jordan Portman, UEdinburgh",Diseased tissue block,https://www.biorxiv.org/content/10.1101/2023.02.24.529873v1,http://purl.org/ccf/1.5/92c7d973-67c3-4548-b386-51591184367e,10,10,10,Jordan Portman,Jordan,Portman,,0
http://purl.org/ccf/NAE4#TissueBlock1,Tissue Block,"Registered 8/24/2023, Jordan Portman, UEdinburgh",Diseased tissue block,https://www.biorxiv.org/content/10.1101/2023.02.24.529873v1,http://purl.org/ccf/1.5/92c7d973-67c3-4548-b386-51591184367e,10,10,10,Jordan Portman,Jordan,Portman,,0
http://purl.org/ccf/NAE5#TissueBlock1,Tissue Block,"Registered 8/24/2023, Jordan Portman, UEdinburgh",Diseased tissue block,https://www.biorxiv.org/content/10.1101/2023.02.24.529873v1,http://purl.org/ccf/1.5/92c7d973-67c3-4548-b386-51591184367e,10,10,10,Jordan Portman,Jordan,Portman,,0
http://purl.org/ccf/NAE7#TissueBlock1,Tissue Block,"Registered 8/24/2023, Jordan Portman, UEdinburgh",Diseased tissue block,https://www.biorxiv.org/content/10.1101/2023.02.24.529873v1,http://purl.org/ccf/1.5/92c7d973-67c3-4548-b386-51591184367e,10,10,10,Jordan Portman,Jordan,Portman,,0
http://purl.org/ccf/NAE8#TissueBlock1,Tissue Block,"Registered 8/24/2023, Jordan Portman, UEdinburgh",Diseased tissue block,https://www.biorxiv.org/content/10.1101/2023.02.24.529873v1,http://purl.org/ccf/1.5/92c7d973-67c3-4548-b386-51591184367e,10,10,10,Jordan Portman,Jordan,Portman,,0
http://purl.org/ccf/NAE9#TissueBlock1,Tissue Block,"Registered 8/24/2023, Jordan Portman, UEdinburgh",Diseased tissue block,https://www.biorxiv.org/content/10.1101/2023.02.24.529873v1,http://purl.org/ccf/1.5/92c7d973-67c3-4548-b386-51591184367e,10,10,10,Jordan Portman,Jordan,Portman,,0
http://purl.org/ccf/HEA1#TissueBlock1,Tissue Block,"Registered 8/24/2023, Jordan Portman, UEdinburgh",Healthy tissue block,https://www.biorxiv.org/content/10.1101/2023.02.24.529873v1,http://purl.org/ccf/1.5/952347f5-d5fc-4fa8-9bdf-5488ec52a511,10,10,10,Jordan Portman,Jordan,Portman,,0
http://purl.org/ccf/HEA8#TissueBlock1,Tissue Block,"Registered 8/24/2023, Jordan Portman, UEdinburgh",Healthy tissue block,https://www.biorxiv.org/content/10.1101/2023.02.24.529873v1,http://purl.org/ccf/1.5/952347f5-d5fc-4fa8-9bdf-5488ec52a511,10,10,10,Jordan Portman,Jordan,Portman,,0
http://purl.org/ccf/HEA9#TissueBlock1,Tissue Block,"Registered 8/24/2023, Jordan Portman, UEdinburgh",Healthy tissue block,https://www.biorxiv.org/content/10.1101/2023.02.24.529873v1,http://purl.org/ccf/1.5/952347f5-d5fc-4fa8-9bdf-5488ec52a511,10,10,10,Jordan Portman,Jordan,Portman,,0
https://api.cellxgene.cziscience.com/dp/v1/collections/367d95c0-0eb0-4dae-8276-9407239421ee#Donor4_TissueBlock2,Tissue Block,"Registered 7/28/2022, Raymond Sanchez, Allen Institute","10 x 10 x 10 millimeter, 10 millimeter",https://www.nature.com/articles/s41586-021-03465-8,http://purl.org/ccf/1.5/4d483843-3032-4e1d-8edb-b75d2e2377dd,10,10,10,Raymond Sanchez,Raymond,Sanchez,,0
https://api.cellxgene.cziscience.com/dp/v1/collections/4d74781b-8186-4c9a-b659-ff4dc4601d91#Donor1_TissueBlock2,Tissue Block,"Registered 7/7/2023, Kerstin Meyer, Wellcome Sanger Institute","10 x 10 x 10 millimeter, 10 millimeter",https://cellxgene.cziscience.com/collections/4d74781b-8186-4c9a-b659-ff4dc4601d91,http://purl.org/ccf/1.5/9d66ed32-46ad-4848-af78-a3178e19ca87,10,10,10,Kerstin Meyer,Kerstin,Meyer,,0
https://api.cellxgene.cziscience.com/dp/v1/collections/4d74781b-8186-4c9a-b659-ff4dc4601d91#Donor2_TissueBlock2,Tissue Block,"Registered 7/7/2023, Kerstin Meyer, Wellcome Sanger Institute","10 x 10 x 10 millimeter, 10 millimeter",https://cellxgene.cziscience.com/collections/4d74781b-8186-4c9a-b659-ff4dc4601d91,http://purl.org/ccf/1.5/9d66ed32-46ad-4848-af78-a3178e19ca87,10,10,10,Kerstin Meyer,Kerstin,Meyer,,0
https://api.cellxgene.cziscience.com/dp/v1/collections/4d74781b-8186-4c9a-b659-ff4dc4601d91#Donor5_TissueBlock2,Tissue Block,"Registered 7/7/2023, Kerstin Meyer, Wellcome Sanger Institute","10 x 10 x 10 millimeter, 10 millimeter",https://cellxgene.cziscience.com/collections/4d74781b-8186-4c9a-b659-ff4dc4601d91,http://purl.org/ccf/1.5/9d66ed32-46ad-4848-af78-a3178e19ca87,10,10,10,Kerstin Meyer,Kerstin,Meyer,,0
https://api.cellxgene.cziscience.com/dp/v1/collections/4d74781b-8186-4c9a-b659-ff4dc4601d91#Donor1_TissueBlock3,Tissue Block,"Registered 7/7/2023, Kerstin Meyer, Wellcome Sanger Institute","10 x 10 x 10 millimeter, 10 millimeter",https://cellxgene.cziscience.com/collections/4d74781b-8186-4c9a-b659-ff4dc4601d91,http://purl.org/ccf/1.5/65bf9340-50c8-4e50-b1d0-72b58bf5505a,10,10,10,Kerstin Meyer,Kerstin,Meyer,,0
https://api.cellxgene.cziscience.com/dp/v1/collections/4d74781b-8186-4c9a-b659-ff4dc4601d91#Donor2_TissueBlock3,Tissue Block,"Registered 7/7/2023, Kerstin Meyer, Wellcome Sanger Institute","10 x 10 x 10 millimeter, 10 millimeter",https://cellxgene.cziscience.com/collections/4d74781b-8186-4c9a-b659-ff4dc4601d91,http://purl.org/ccf/1.5/65bf9340-50c8-4e50-b1d0-72b58bf5505a,10,10,10,Kerstin Meyer,Kerstin,Meyer,,0
https://api.cellxgene.cziscience.com/dp/v1/collections/4d74781b-8186-4c9a-b659-ff4dc4601d91#Donor5_TissueBlock3,Tissue Block,"Registered 7/7/2023, Kerstin Meyer, Wellcome Sanger Institute","10 x 10 x 10 millimeter, 10 millimeter",https://cellxgene.cziscience.com/collections/4d74781b-8186-4c9a-b659-ff4dc4601d91,http://purl.org/ccf/1.5/65bf9340-50c8-4e50-b1d0-72b58bf5505a,10,10,10,Kerstin Meyer,Kerstin,Meyer,,0
https://api.cellxgene.cziscience.com/dp/v1/collections/4d74781b-8186-4c9a-b659-ff4dc4601d91#Donor3_TissueBlock3,Tissue Block,"Registered 7/7/2023, Kerstin Meyer, Wellcome Sanger Institute","10 x 10 x 10 millimeter, 10 millimeter",https://cellxgene.cziscience.com/collections/4d74781b-8186-4c9a-b659-ff4dc4601d91,http://purl.org/ccf/1.5/7eccd441-ce5a-4fcd-af0c-776916848c67,10,10,10,Kerstin Meyer,Kerstin,Meyer,,0
https://api.cellxgene.cziscience.com/dp/v1/collections/4d74781b-8186-4c9a-b659-ff4dc4601d91#Donor4_TissueBlock3,Tissue Block,"Registered 7/7/2023, Kerstin Meyer, Wellcome Sanger Institute","10 x 10 x 10 millimeter, 10 millimeter",https://cellxgene.cziscience.com/collections/4d74781b-8186-4c9a-b659-ff4dc4601d91,http://purl.org/ccf/1.5/7eccd441-ce5a-4fcd-af0c-776916848c67,10,10,10,Kerstin Meyer,Kerstin,Meyer,,0
https://api.cellxgene.cziscience.com/dp/v1/collections/4d74781b-8186-4c9a-b659-ff4dc4601d91#Donor3_TissueBlock4,Tissue Block,"Registered 7/7/2023, Kerstin Meyer, Wellcome Sanger Institute","10 x 10 x 10 millimeter, 10 millimeter",https://cellxgene.cziscience.com/collections/4d74781b-8186-4c9a-b659-ff4dc4601d91,http://purl.org/ccf/1.5/6f16b6f5-e1d7-486d-b4fa-d5378d80612b,10,10,10,Kerstin Meyer,Kerstin,Meyer,,0
https://api.cellxgene.cziscience.com/dp/v1/collections/4d74781b-8186-4c9a-b659-ff4dc4601d91#Donor4_TissueBlock4,Tissue Block,"Registered 7/7/2023, Kerstin Meyer, Wellcome Sanger Institute","10 x 10 x 10 millimeter, 10 millimeter",https://cellxgene.cziscience.com/collections/4d74781b-8186-4c9a-b659-ff4dc4601d91,http://purl.org/ccf/1.5/6f16b6f5-e1d7-486d-b4fa-d5378d80612b,10,10,10,Kerstin Meyer,Kerstin,Meyer,,0
https://doi.org/10.1016/j.jcmgh.2022.02.007#Donor1_TissueBlock5,Tissue Block,"Registered 2/4/2025, Joseph Burclaff, UNC","30 x 30 x 10 millimeter, 10 millimeter",https://www.sciencedirect.com/science/article/pii/S2352345X22000340?via%3Dihub,http://purl.org/ccf/1.5/7d5ef335-8c53-4950-9cee-b0517b8c127b,30,30,10,Joseph Burclaff,Joseph,Burclaff,,0
https://doi.org/10.1016/j.jcmgh.2022.02.007#Donor2_TissueBlock5,Tissue Block,"Registered 2/4/2025, Joseph Burclaff, UNC","30 x 30 x 10 millimeter, 10 millimeter",https://www.sciencedirect.com/science/article/pii/S2352345X22000340?via%3Dihub,http://purl.org/ccf/1.5/7d5ef335-8c53-4950-9cee-b0517b8c127b,30,30,10,Joseph Burclaff,Joseph,Burclaff,,0
https://doi.org/10.1016/j.jcmgh.2022.02.007#Donor3_TissueBlock5,Tissue Block,"Registered 2/4/2025, Joseph Burclaff, UNC","30 x 30 x 10 millimeter, 10 millimeter",https://www.sciencedirect.com/science/article/pii/S2352345X22000340?via%3Dihub,http://purl.org/ccf/1.5/7d5ef335-8c53-4950-9cee-b0517b8c127b,30,30,10,Joseph Burclaff,Joseph,Burclaff,,0
https://doi.org/10.1038/s44161-022-00028-6#Donor1_TissueBlock1,Tissue Block,"Registered 3/15/2026, Junedh Amrute, Junedh Amrute","20 x 20 x 20 millimeter, 20 millimeter",https://www.nature.com/articles/s44161-022-00028-6#citeas,http://purl.org/ccf/1.5/75ecd311-6051-4af9-8add-b5e702956ef3,20,20,20,Junedh Amrute,Junedh,Amrute,,0
https://doi.org/10.1038/s44161-022-00028-6#Donor10_TissueBlock1,Tissue Block,"Registered 3/15/2026, Junedh Amrute, Junedh Amrute","20 x 20 x 20 millimeter, 20 millimeter",https://www.nature.com/articles/s44161-022-00028-6#citeas,http://purl.org/ccf/1.5/75ecd311-6051-4af9-8add-b5e702956ef3,20,20,20,Junedh Amrute,Junedh,Amrute,,0
https://doi.org/10.1038/s44161-022-00028-6#Donor11_TissueBlock1,Tissue Block,"Registered 3/15/2026, Junedh Amrute, Junedh Amrute","20 x 20 x 20 millimeter, 20 millimeter",https://www.nature.com/articles/s44161-022-00028-6#citeas,http://purl.org/ccf/1.5/75ecd311-6051-4af9-8add-b5e702956ef3,20,20,20,Junedh Amrute,Junedh,Amrute,,0
https://doi.org/10.1038/s44161-022-00028-6#Donor13_TissueBlock1,Tissue Block,"Registered 3/15/2026, Junedh Amrute, Junedh Amrute","20 x 20 x 20 millimeter, 20 millimeter",https://www.nature.com/articles/s44161-022-00028-6#citeas,http://purl.org/ccf/1.5/75ecd311-6051-4af9-8add-b5e702956ef3,20,20,20,Junedh Amrute,Junedh,Amrute,,0
https://doi.org/10.1038/s44161-022-00028-6#Donor19_TissueBlock1,Tissue Block,"Registered 3/15/2026, Junedh Amrute, Junedh Amrute","20 x 20 x 20 millimeter, 20 millimeter",https://www.nature.com/articles/s44161-022-00028-6#citeas,http://purl.org/ccf/1.5/75ecd311-6051-4af9-8add-b5e702956ef3,20,20,20,Junedh Amrute,Junedh,Amrute,,0
https://doi.org/10.1038/s44161-022-00028-6#Donor2_TissueBlock1,Tissue Block,"Registered 3/15/2026, Junedh Amrute, Junedh Amrute","20 x 20 x 20 millimeter, 20 millimeter",https://www.nature.com/articles/s44161-022-00028-6#citeas,http://purl.org/ccf/1.5/75ecd311-6051-4af9-8add-b5e702956ef3,20,20,20,Junedh Amrute,Junedh,Amrute,,0
https://doi.org/10.1038/s44161-022-00028-6#Donor20_TissueBlock1,Tissue Block,"Registered 3/15/2026, Junedh Amrute, Junedh Amrute","20 x 20 x 20 millimeter, 20 millimeter",https://www.nature.com/articles/s44161-022-00028-6#citeas,http://purl.org/ccf/1.5/75ecd311-6051-4af9-8add-b5e702956ef3,20,20,20,Junedh Amrute,Junedh,Amrute,,0
https://doi.org/10.1038/s44161-022-00028-6#Donor21_TissueBlock1,Tissue Block,"Registered 3/15/2026, Junedh Amrute, Junedh Amrute","20 x 20 x 20 millimeter, 20 millimeter",https://www.nature.com/articles/s44161-022-00028-6#citeas,http://purl.org/ccf/1.5/75ecd311-6051-4af9-8add-b5e702956ef3,20,20,20,Junedh Amrute,Junedh,Amrute,,0
https://doi.org/10.1038/s44161-022-00028-6#Donor24_TissueBlock1,Tissue Block,"Registered 3/15/2026, Junedh Amrute, Junedh Amrute","20 x 20 x 20 millimeter, 20 millimeter",https://www.nature.com/articles/s44161-022-00028-6#citeas,http://purl.org/ccf/1.5/75ecd311-6051-4af9-8add-b5e702956ef3,20,20,20,Junedh Amrute,Junedh,Amrute,,0
https://doi.org/10.1038/s44161-022-00028-6#Donor27_TissueBlock1,Tissue Block,"Registered 3/15/2026, Junedh Amrute, Junedh Amrute","20 x 20 x 20 millimeter, 20 millimeter",https://www.nature.com/articles/s44161-022-00028-6#citeas,http://purl.org/ccf/1.5/75ecd311-6051-4af9-8add-b5e702956ef3,20,20,20,Junedh Amrute,Junedh,Amrute,,0
https://doi.org/10.1038/s44161-022-00028-6#Donor28_TissueBlock1,Tissue Block,"Registered 3/15/2026, Junedh Amrute, Junedh Amrute","20 x 20 x 20 millimeter, 20 millimeter",https://www.nature.com/articles/s44161-022-00028-6#citeas,http://purl.org/ccf/1.5/75ecd311-6051-4af9-8add-b5e702956ef3,20,20,20,Junedh Amrute,Junedh,Amrute,,0
https://doi.org/10.1038/s44161-022-00028-6#Donor30_TissueBlock1,Tissue Block,"Registered 3/15/2026, Junedh Amrute, Junedh Amrute","20 x 20 x 20 millimeter, 20 millimeter",https://www.nature.com/articles/s44161-022-00028-6#citeas,http://purl.org/ccf/1.5/75ecd311-6051-4af9-8add-b5e702956ef3,20,20,20,Junedh Amrute,Junedh,Amrute,,0
https://doi.org/10.1038/s44161-022-00028-6#Donor31_TissueBlock1,Tissue Block,"Registered 3/15/2026, Junedh Amrute, Junedh Amrute","20 x 20 x 20 millimeter, 20 millimeter",https://www.nature.com/articles/s44161-022-00028-6#citeas,http://purl.org/ccf/1.5/75ecd311-6051-4af9-8add-b5e702956ef3,20,20,20,Junedh Amrute,Junedh,Amrute,,0
https://doi.org/10.1038/s44161-022-00028-6#Donor32_TissueBlock1,Tissue Block,"Registered 3/15/2026, Junedh Amrute, Junedh Amrute","20 x 20 x 20 millimeter, 20 millimeter",https://www.nature.com/articles/s44161-022-00028-6#citeas,http://purl.org/ccf/1.5/75ecd311-6051-4af9-8add-b5e702956ef3,20,20,20,Junedh Amrute,Junedh,Amrute,,0
https://doi.org/10.1038/s44161-022-00028-6#Donor37_TissueBlock1,Tissue Block,"Registered 3/15/2026, Junedh Amrute, Junedh Amrute","20 x 20 x 20 millimeter, 20 millimeter",https://www.nature.com/articles/s44161-022-00028-6#citeas,http://purl.org/ccf/1.5/75ecd311-6051-4af9-8add-b5e702956ef3,20,20,20,Junedh Amrute,Junedh,Amrute,,0
https://doi.org/10.1038/s44161-022-00028-6#Donor5_TissueBlock1,Tissue Block,"Registered 3/15/2026, Junedh Amrute, Junedh Amrute","20 x 20 x 20 millimeter, 20 millimeter",https://www.nature.com/articles/s44161-022-00028-6#citeas,http://purl.org/ccf/1.5/75ecd311-6051-4af9-8add-b5e702956ef3,20,20,20,Junedh Amrute,Junedh,Amrute,,0
https://doi.org/10.1038/s44161-022-00028-6#Donor7_TissueBlock1,Tissue Block,"Registered 3/15/2026, Junedh Amrute, Junedh Amrute","20 x 20 x 20 millimeter, 20 millimeter",https://www.nature.com/articles/s44161-022-00028-6#citeas,http://purl.org/ccf/1.5/75ecd311-6051-4af9-8add-b5e702956ef3,20,20,20,Junedh Amrute,Junedh,Amrute,,0
https://doi.org/10.1038/s44161-022-00028-6#Donor8_TissueBlock1,Tissue Block,"Registered 3/15/2026, Junedh Amrute, Junedh Amrute","20 x 20 x 20 millimeter, 20 millimeter",https://www.nature.com/articles/s44161-022-00028-6#citeas,http://purl.org/ccf/1.5/75ecd311-6051-4af9-8add-b5e702956ef3,20,20,20,Junedh Amrute,Junedh,Amrute,,0
https://doi.org/10.1038/s44161-022-00028-6#Donor9_TissueBlock1,Tissue Block,"Registered 3/15/2026, Junedh Amrute, Junedh Amrute","20 x 20 x 20 millimeter, 20 millimeter",https://www.nature.com/articles/s44161-022-00028-6#citeas,http://purl.org/ccf/1.5/75ecd311-6051-4af9-8add-b5e702956ef3,20,20,20,Junedh Amrute,Junedh,Amrute,,0
https://doi.org/10.1038/s44161-022-00028-6#Donor12_TissueBlock1,Tissue Block,"Registered 3/15/2026, Junedh Amrute, Junedh Amrute","20 x 20 x 20 millimeter, 20 millimeter",https://www.nature.com/articles/s44161-022-00028-6#citeas,http://purl.org/ccf/1.5/9ac494e7-cc89-40c8-ab45-c88a1d80cb3b,20,20,20,Junedh Amrute,Junedh,Amrute,,0
https://doi.org/10.1038/s44161-022-00028-6#Donor14_TissueBlock1,Tissue Block,"Registered 3/15/2026, Junedh Amrute, Junedh Amrute","20 x 20 x 20 millimeter, 20 millimeter",https://www.nature.com/articles/s44161-022-00028-6#citeas,http://purl.org/ccf/1.5/9ac494e7-cc89-40c8-ab45-c88a1d80cb3b,20,20,20,Junedh Amrute,Junedh,Amrute,,0
https://doi.org/10.1038/s44161-022-00028-6#Donor15_TissueBlock1,Tissue Block,"Registered 3/15/2026, Junedh Amrute, Junedh Amrute","20 x 20 x 20 millimeter, 20 millimeter",https://www.nature.com/articles/s44161-022-00028-6#citeas,http://purl.org/ccf/1.5/9ac494e7-cc89-40c8-ab45-c88a1d80cb3b,20,20,20,Junedh Amrute,Junedh,Amrute,,0
https://doi.org/10.1038/s44161-022-00028-6#Donor16_TissueBlock1,Tissue Block,"Registered 3/15/2026, Junedh Amrute, Junedh Amrute","20 x 20 x 20 millimeter, 20 millimeter",https://www.nature.com/articles/s44161-022-00028-6#citeas,http://purl.org/ccf/1.5/9ac494e7-cc89-40c8-ab45-c88a1d80cb3b,20,20,20,Junedh Amrute,Junedh,Amrute,,0
https://doi.org/10.1038/s44161-022-00028-6#Donor17_TissueBlock1,Tissue Block,"Registered 3/15/2026, Junedh Amrute, Junedh Amrute","20 x 20 x 20 millimeter, 20 millimeter",https://www.nature.com/articles/s44161-022-00028-6#citeas,http://purl.org/ccf/1.5/9ac494e7-cc89-40c8-ab45-c88a1d80cb3b,20,20,20,Junedh Amrute,Junedh,Amrute,,0
https://doi.org/10.1038/s44161-022-00028-6#Donor18_TissueBlock1,Tissue Block,"Registered 3/15/2026, Junedh Amrute, Junedh Amrute","20 x 20 x 20 millimeter, 20 millimeter",https://www.nature.com/articles/s44161-022-00028-6#citeas,http://purl.org/ccf/1.5/9ac494e7-cc89-40c8-ab45-c88a1d80cb3b,20,20,20,Junedh Amrute,Junedh,Amrute,,0
https://doi.org/10.1038/s44161-022-00028-6#Donor22_TissueBlock1,Tissue Block,"Registered 3/15/2026, Junedh Amrute, Junedh Amrute","20 x 20 x 20 millimeter, 20 millimeter",https://www.nature.com/articles/s44161-022-00028-6#citeas,http://purl.org/ccf/1.5/9ac494e7-cc89-40c8-ab45-c88a1d80cb3b,20,20,20,Junedh Amrute,Junedh,Amrute,,0
https://doi.org/10.1038/s44161-022-00028-6#Donor23_TissueBlock1,Tissue Block,"Registered 3/15/2026, Junedh Amrute, Junedh Amrute","20 x 20 x 20 millimeter, 20 millimeter",https://www.nature.com/articles/s44161-022-00028-6#citeas,http://purl.org/ccf/1.5/9ac494e7-cc89-40c8-ab45-c88a1d80cb3b,20,20,20,Junedh Amrute,Junedh,Amrute,,0
https://doi.org/10.1038/s44161-022-00028-6#Donor25_TissueBlock1,Tissue Block,"Registered 3/15/2026, Junedh Amrute, Junedh Amrute","20 x 20 x 20 millimeter, 20 millimeter",https://www.nature.com/articles/s44161-022-00028-6#citeas,http://purl.org/ccf/1.5/9ac494e7-cc89-40c8-ab45-c88a1d80cb3b,20,20,20,Junedh Amrute,Junedh,Amrute,,0
https://doi.org/10.1038/s44161-022-00028-6#Donor26_TissueBlock1,Tissue Block,"Registered 3/15/2026, Junedh Amrute, Junedh Amrute","20 x 20 x 20 millimeter, 20 millimeter",https://www.nature.com/articles/s44161-022-00028-6#citeas,http://purl.org/ccf/1.5/9ac494e7-cc89-40c8-ab45-c88a1d80cb3b,20,20,20,Junedh Amrute,Junedh,Amrute,,0
https://doi.org/10.1038/s44161-022-00028-6#Donor29_TissueBlock1,Tissue Block,"Registered 3/15/2026, Junedh Amrute, Junedh Amrute","20 x 20 x 20 millimeter, 20 millimeter",https://www.nature.com/articles/s44161-022-00028-6#citeas,http://purl.org/ccf/1.5/9ac494e7-cc89-40c8-ab45-c88a1d80cb3b,20,20,20,Junedh Amrute,Junedh,Amrute,,0
https://doi.org/10.1038/s44161-022-00028-6#Donor3_TissueBlock1,Tissue Block,"Registered 3/15/2026, Junedh Amrute, Junedh Amrute","20 x 20 x 20 millimeter, 20 millimeter",https://www.nature.com/articles/s44161-022-00028-6#citeas,http://purl.org/ccf/1.5/9ac494e7-cc89-40c8-ab45-c88a1d80cb3b,20,20,20,Junedh Amrute,Junedh,Amrute,,0
https://doi.org/10.1038/s44161-022-00028-6#Donor33_TissueBlock1,Tissue Block,"Registered 3/15/2026, Junedh Amrute, Junedh Amrute","20 x 20 x 20 millimeter, 20 millimeter",https://www.nature.com/articles/s44161-022-00028-6#citeas,http://purl.org/ccf/1.5/9ac494e7-cc89-40c8-ab45-c88a1d80cb3b,20,20,20,Junedh Amrute,Junedh,Amrute,,0
https://doi.org/10.1038/s44161-022-00028-6#Donor34_TissueBlock1,Tissue Block,"Registered 3/15/2026, Junedh Amrute, Junedh Amrute","20 x 20 x 20 millimeter, 20 millimeter",https://www.nature.com/articles/s44161-022-00028-6#citeas,http://purl.org/ccf/1.5/9ac494e7-cc89-40c8-ab45-c88a1d80cb3b,20,20,20,Junedh Amrute,Junedh,Amrute,,0
https://doi.org/10.1038/s44161-022-00028-6#Donor35_TissueBlock1,Tissue Block,"Registered 3/15/2026, Junedh Amrute, Junedh Amrute","20 x 20 x 20 millimeter, 20 millimeter",https://www.nature.com/articles/s44161-022-00028-6#citeas,http://purl.org/ccf/1.5/9ac494e7-cc89-40c8-ab45-c88a1d80cb3b,20,20,20,Junedh Amrute,Junedh,Amrute,,0
https://doi.org/10.1038/s44161-022-00028-6#Donor36_TissueBlock1,Tissue Block,"Registered 3/15/2026, Junedh Amrute, Junedh Amrute","20 x 20 x 20 millimeter, 20 millimeter",https://www.nature.com/articles/s44161-022-00028-6#citeas,http://purl.org/ccf/1.5/9ac494e7-cc89-40c8-ab45-c88a1d80cb3b,20,20,20,Junedh Amrute,Junedh,Amrute,,0
https://doi.org/10.1038/s44161-022-00028-6#Donor4_TissueBlock1,Tissue Block,"Registered 3/15/2026, Junedh Amrute, Junedh Amrute","20 x 20 x 20 millimeter, 20 millimeter",https://www.nature.com/articles/s44161-022-00028-6#citeas,http://purl.org/ccf/1.5/9ac494e7-cc89-40c8-ab45-c88a1d80cb3b,20,20,20,Junedh Amrute,Junedh,Amrute,,0
https://doi.org/10.1038/s44161-022-00028-6#Donor6_TissueBlock1,Tissue Block,"Registered 3/15/2026, Junedh Amrute, Junedh Amrute","20 x 20 x 20 millimeter, 20 millimeter",https://www.nature.com/articles/s44161-022-00028-6#citeas,http://purl.org/ccf/1.5/9ac494e7-cc89-40c8-ab45-c88a1d80cb3b,20,20,20,Junedh Amrute,Junedh,Amrute,,0
https://doi.org/10.1161/CIRCULATIONAHA.119.045401#P1221_LV_TissueBlock,Tissue Block,"Registered 3/19/2023, Nathan Tucker, Broad Institute","5 x 5 x 6 millimeter, 6 millimeter",https://doi.org/10.1161/CIRCULATIONAHA.119.045401,http://purl.org/ccf/1.5/60d98bd4-122b-485f-b55e-444065091e23,5,5,6,Nathan Tucker,Nathan,Tucker,,0
https://doi.org/10.1161/CIRCULATIONAHA.119.045401#P1708_LV_TissueBlock,Tissue Block,"Registered 3/19/2023, Nathan Tucker, Broad Institute","5 x 5 x 6 millimeter, 6 millimeter",https://doi.org/10.1161/CIRCULATIONAHA.119.045401,http://purl.org/ccf/1.5/60d98bd4-122b-485f-b55e-444065091e23,5,5,6,Nathan Tucker,Nathan,Tucker,,0
https://doi.org/10.1161/CIRCULATIONAHA.119.045401#P1723_LV_TissueBlock,Tissue Block,"Registered 3/19/2023, Nathan Tucker, Broad Institute","5 x 5 x 6 millimeter, 6 millimeter",https://doi.org/10.1161/CIRCULATIONAHA.119.045401,http://purl.org/ccf/1.5/60d98bd4-122b-485f-b55e-444065091e23,5,5,6,Nathan Tucker,Nathan,Tucker,,0
https://doi.org/10.1161/CIRCULATIONAHA.119.045401#P1600_LA_TissueBlock,Tissue Block,"Registered 3/19/2023, Nathan Tucker, Broad Institute","5 x 5 x 4 millimeter, 4 millimeter",https://doi.org/10.1161/CIRCULATIONAHA.119.045401,http://purl.org/ccf/1.5/817b4f43-5cb7-47c7-8e5d-db6e2d52fa68,5,5,4,Nathan Tucker,Nathan,Tucker,,0
https://doi.org/10.1161/CIRCULATIONAHA.119.045401#P1708_LA_TissueBlock,Tissue Block,"Registered 3/19/2023, Nathan Tucker, Broad Institute","5 x 5 x 4 millimeter, 4 millimeter",https://doi.org/10.1161/CIRCULATIONAHA.119.045401,http://purl.org/ccf/1.5/817b4f43-5cb7-47c7-8e5d-db6e2d52fa68,5,5,4,Nathan Tucker,Nathan,Tucker,,0
https://doi.org/10.1161/CIRCULATIONAHA.119.045401#P1723_LA_TissueBlock,Tissue Block,"Registered 3/19/2023, Nathan Tucker, Broad Institute","5 x 5 x 4 millimeter, 4 millimeter",https://doi.org/10.1161/CIRCULATIONAHA.119.045401,http://purl.org/ccf/1.5/817b4f43-5cb7-47c7-8e5d-db6e2d52fa68,5,5,4,Nathan Tucker,Nathan,Tucker,,0
http://purl.org/ccf/10.1038/s41556-023-01337-z#Donor1_TissueBlock11,Tissue Block,"Registered 4/5/2025, Rachel Zwick, Rachel Zwick","6 x 6 x 2 millimeter, 2 millimeter",https://doi.org/10.1038/s41556-023-01337-z,http://purl.org/ccf/1.5/9e19b05c-0326-4a0b-96df-7bc05f4764c0,6,6,2,Rachel Zwick,Rachel,Zwick,,0
http://purl.org/ccf/10.1038/s41556-023-01337-z#Donor1_TissueBlock12,Tissue Block,"Registered 4/5/2025, Rachel Zwick, Rachel Zwick","6 x 6 x 2 millimeter, 2 millimeter",https://doi.org/10.1038/s41556-023-01337-z,http://purl.org/ccf/1.5/ecffff86-ba26-4f9d-a7c3-c8a59047cd22,6,6,2,Rachel Zwick,Rachel,Zwick,,0
http://purl.org/ccf/10.1038/s41556-023-01337-z#Donor1_TissueBlock14,Tissue Block,"Registered 4/5/2025, Rachel Zwick, Rachel Zwick","6 x 6 x 2 millimeter, 2 millimeter",https://doi.org/10.1038/s41556-023-01337-z,http://purl.org/ccf/1.5/e852ebea-a83a-496e-9eed-722d73be7deb,6,6,2,Rachel Zwick,Rachel,Zwick,,0
http://purl.org/ccf/10.1038/s41556-023-01337-z#Donor1_TissueBlock16,Tissue Block,"Registered 4/5/2025, Rachel Zwick, Rachel Zwick","6 x 6 x 2 millimeter, 2 millimeter",https://doi.org/10.1038/s41556-023-01337-z,http://purl.org/ccf/1.5/d8bd4977-6e98-4b7d-a1b9-17969beff548,6,6,2,Rachel Zwick,Rachel,Zwick,,0
http://purl.org/ccf/10.1038/s41556-023-01337-z#Donor1_TissueBlock17,Tissue Block,"Registered 4/5/2025, Rachel Zwick, Rachel Zwick","6 x 6 x 2 millimeter, 2 millimeter",https://doi.org/10.1038/s41556-023-01337-z,http://purl.org/ccf/1.5/ac946085-4b09-4b87-8192-b1e46a7d0137,6,6,2,Rachel Zwick,Rachel,Zwick,,0
http://purl.org/ccf/10.1038/s41556-023-01337-z#Donor1_TissueBlock20,Tissue Block,"Registered 4/5/2025, Rachel Zwick, Rachel Zwick","6 x 6 x 2 millimeter, 2 millimeter",https://doi.org/10.1038/s41556-023-01337-z,http://purl.org/ccf/1.5/b0192163-6b87-4ea3-86e8-a624f1adc078,6,6,2,Rachel Zwick,Rachel,Zwick,,0
http://purl.org/ccf/10.1038/s41556-023-01337-z#Donor1_TissueBlock21,Tissue Block,"Registered 4/5/2025, Rachel Zwick, Rachel Zwick","6 x 6 x 2 millimeter, 2 millimeter",https://doi.org/10.1038/s41556-023-01337-z,http://purl.org/ccf/1.5/a141def1-7f0f-4ece-872c-b050dfc41674,6,6,2,Rachel Zwick,Rachel,Zwick,,0
http://purl.org/ccf/10.1038/s41556-023-01337-z#Donor1_TissueBlock22,Tissue Block,"Registered 4/5/2025, Rachel Zwick, Rachel Zwick","6 x 6 x 2 millimeter, 2 millimeter",https://doi.org/10.1038/s41556-023-01337-z,http://purl.org/ccf/1.5/d179ac72-3a4c-4751-913e-7e8cedb09a4a,6,6,2,Rachel Zwick,Rachel,Zwick,,0
http://purl.org/ccf/10.1038/s41556-023-01337-z#Donor1_TissueBlock24,Tissue Block,"Registered 4/5/2025, Rachel Zwick, Rachel Zwick","6 x 6 x 2 millimeter, 2 millimeter",https://doi.org/10.1038/s41556-023-01337-z,http://purl.org/ccf/1.5/c2b08ce1-b751-4abd-8fd1-4e8db9ea4aa1,6,6,2,Rachel Zwick,Rachel,Zwick,,0
http://purl.org/ccf/10.1038/s41556-023-01337-z#Donor1_TissueBlock26,Tissue Block,"Registered 4/5/2025, Rachel Zwick, Rachel Zwick","6 x 6 x 2 millimeter, 2 millimeter",https://doi.org/10.1038/s41556-023-01337-z,http://purl.org/ccf/1.5/e0d17b96-86e5-4295-81fc-a0810c07a347,6,6,2,Rachel Zwick,Rachel,Zwick,,0
http://purl.org/ccf/10.1038/s41556-023-01337-z#Donor1_TissueBlock3,Tissue Block,"Registered 4/5/2025, Rachel Zwick, Rachel Zwick","6 x 6 x 2 millimeter, 2 millimeter",https://doi.org/10.1038/s41556-023-01337-z,http://purl.org/ccf/1.5/9dac781f-55f1-4160-b2b3-0c3eee3bbf03,6,6,2,Rachel Zwick,Rachel,Zwick,,0
http://purl.org/ccf/10.1038/s41556-023-01337-z#Donor1_TissueBlock30,Tissue Block,"Registered 4/5/2025, Rachel Zwick, Rachel Zwick","6 x 6 x 2 millimeter, 2 millimeter",https://doi.org/10.1038/s41556-023-01337-z,http://purl.org/ccf/1.5/b6be5381-691c-402d-aa88-06922b2daca3,6,6,2,Rachel Zwick,Rachel,Zwick,,0
http://purl.org/ccf/10.1038/s41556-023-01337-z#Donor1_TissueBlock6,Tissue Block,"Registered 4/5/2025, Rachel Zwick, Rachel Zwick","6 x 6 x 2 millimeter, 2 millimeter",https://doi.org/10.1038/s41556-023-01337-z,http://purl.org/ccf/1.5/a9025559-e1a7-4aef-b01e-22ec8c9a0fd6,6,6,2,Rachel Zwick,Rachel,Zwick,,0
http://purl.org/ccf/10.1038/s41556-023-01337-z#Donor1_TissueBlock7,Tissue Block,"Registered 4/5/2025, Rachel Zwick, Rachel Zwick","6 x 6 x 2 millimeter, 2 millimeter",https://doi.org/10.1038/s41556-023-01337-z,http://purl.org/ccf/1.5/ab078005-6f58-4451-89db-aa089b9d5aa8,6,6,2,Rachel Zwick,Rachel,Zwick,,0
http://purl.org/ccf/10.1038/s41556-023-01337-z#Donor1_TissueBlock8,Tissue Block,"Registered 4/5/2025, Rachel Zwick, Rachel Zwick","6 x 6 x 2 millimeter, 2 millimeter",https://doi.org/10.1038/s41556-023-01337-z,http://purl.org/ccf/1.5/aac7bdcc-86e2-4a8a-8868-87be516beb8a,6,6,2,Rachel Zwick,Rachel,Zwick,,0
http://purl.org/ccf/10.1038/s41556-023-01337-z#Donor2_TissueBlock10,Tissue Block,"Registered 3/24/2025, Rachel    Zwick, Rachel Zwick","6 x 6 x 2 millimeter, 2 millimeter",https://doi.org/10.1038/s41556-023-01337-z,http://purl.org/ccf/1.5/b619a365-a3e2-4985-ad2b-946597d4653f,6,6,2,Rachel    Zwick,Rachel," Zwick",,0
http://purl.org/ccf/10.1038/s41556-023-01337-z#Donor2_TissueBlock11,Tissue Block,"Registered 3/24/2025, Rachel    Zwick, Rachel Zwick","6 x 6 x 2 millimeter, 2 millimeter",https://doi.org/10.1038/s41556-023-01337-z,http://purl.org/ccf/1.5/ad94afb7-aa51-40d6-85ad-cd16c03194af,6,6,2,Rachel    Zwick,Rachel," Zwick",,0
http://purl.org/ccf/10.1038/s41556-023-01337-z#Donor2_TissueBlock13,Tissue Block,"Registered 3/24/2025, Rachel    Zwick, Rachel Zwick","6 x 6 x 2 millimeter, 2 millimeter",https://doi.org/10.1038/s41556-023-01337-z,http://purl.org/ccf/1.5/c1913c9d-d975-4ee4-a97e-8aa47927e1a1,6,6,2,Rachel    Zwick,Rachel," Zwick",,0
http://purl.org/ccf/10.1038/s41556-023-01337-z#Donor2_TissueBlock14,Tissue Block,"Registered 3/24/2025, Rachel    Zwick, Rachel Zwick","6 x 6 x 2 millimeter, 2 millimeter",https://doi.org/10.1038/s41556-023-01337-z,http://purl.org/ccf/1.5/c5135738-05c0-4f55-b2ea-4d5b575b26b4,6,6,2,Rachel    Zwick,Rachel," Zwick",,0
http://purl.org/ccf/10.1038/s41556-023-01337-z#Donor2_TissueBlock17,Tissue Block,"Registered 3/24/2025, Rachel    Zwick, Rachel Zwick","6 x 6 x 2 millimeter, 2 millimeter",https://doi.org/10.1038/s41556-023-01337-z,http://purl.org/ccf/1.5/ddec051e-b04f-44c4-acd9-f426fb55f90e,6,6,2,Rachel    Zwick,Rachel," Zwick",,0
http://purl.org/ccf/10.1038/s41556-023-01337-z#Donor2_TissueBlock18,Tissue Block,"Registered 3/24/2025, Rachel    Zwick, Rachel Zwick","6 x 6 x 2 millimeter, 2 millimeter",https://doi.org/10.1038/s41556-023-01337-z,http://purl.org/ccf/1.5/faf8502d-678f-4ebf-b576-158f54b1d60d,6,6,2,Rachel    Zwick,Rachel," Zwick",,0
http://purl.org/ccf/10.1038/s41556-023-01337-z#Donor2_TissueBlock19,Tissue Block,"Registered 3/24/2025, Rachel    Zwick, Rachel Zwick","6 x 6 x 2 millimeter, 2 millimeter",https://doi.org/10.1038/s41556-023-01337-z,http://purl.org/ccf/1.5/c8b9c732-ab48-4fb9-a4c2-fcbda72de4b2,6,6,2,Rachel    Zwick,Rachel," Zwick",,0
http://purl.org/ccf/10.1038/s41556-023-01337-z#Donor2_TissueBlock22,Tissue Block,"Registered 3/24/2025, Rachel    Zwick, Rachel Zwick","6 x 6 x 2 millimeter, 2 millimeter",https://doi.org/10.1038/s41556-023-01337-z,http://purl.org/ccf/1.5/d6cfeb1d-eec7-4717-b7ec-858edf8ae5b3,6,6,2,Rachel    Zwick,Rachel," Zwick",,0
http://purl.org/ccf/10.1038/s41556-023-01337-z#Donor2_TissueBlock30,Tissue Block,"Registered 3/24/2025, Rachel    Zwick, Rachel Zwick","6 x 6 x 2 millimeter, 2 millimeter",https://doi.org/10.1038/s41556-023-01337-z,http://purl.org/ccf/1.5/9fcd8ea1-fdf1-4c29-9679-48dd73874aad,6,6,2,Rachel    Zwick,Rachel," Zwick",,0
http://purl.org/ccf/10.1038/s41556-023-01337-z#Donor2_TissueBlock8,Tissue Block,"Registered 3/24/2025, Rachel    Zwick, Rachel Zwick","6 x 6 x 2 millimeter, 2 millimeter",https://doi.org/10.1038/s41556-023-01337-z,http://purl.org/ccf/1.5/eeac35c7-8bbc-4ced-b6a2-41d495cb2cf8,6,6,2,Rachel    Zwick,Rachel," Zwick",,0
http://purl.org/ccf/16-WMEG,Tissue Block,"Registered 8/10/2023, John Lafin, UT Southwestern/GUDMAP","55 x 45 x 5 millimeter, 5 millimeter",https://www.gudmap.org/chaise/record/#2/Gene_Expression:Specimen/RID=16-WMEG,http://purl.org/ccf/1.5/d4eb2628-b446-4597-bfb8-a53b5e69a649,55,45,5,John Lafin,John,Lafin,,0
https://api.cellxgene.cziscience.com/dp/v1/collections/4d74781b-8186-4c9a-b659-ff4dc4601d91#343B_Donor_TissueBlock1,Tissue Block,"Registered 7/7/2023, Kerstin Meyer, Wellcome Sanger Institute","10 x 10 x 10 millimeter, 10 millimeter",https://cellxgene.cziscience.com/collections/4d74781b-8186-4c9a-b659-ff4dc4601d91,http://purl.org/ccf/1.5/b871beb6-4f8a-447a-91dc-99f1b4696a8e,10,10,10,Kerstin Meyer,Kerstin,Meyer,,0
https://api.cellxgene.cziscience.com/dp/v1/collections/4d74781b-8186-4c9a-b659-ff4dc4601d91#356C_Donor_TissueBlock1,Tissue Block,"Registered 7/7/2023, Kerstin Meyer, Wellcome Sanger Institute","10 x 10 x 10 millimeter, 10 millimeter",https://cellxgene.cziscience.com/collections/4d74781b-8186-4c9a-b659-ff4dc4601d91,http://purl.org/ccf/1.5/b871beb6-4f8a-447a-91dc-99f1b4696a8e,10,10,10,Kerstin Meyer,Kerstin,Meyer,,0
https://api.cellxgene.cziscience.com/dp/v1/collections/4d74781b-8186-4c9a-b659-ff4dc4601d91#390C_Donor_TissueBlock1,Tissue Block,"Registered 7/7/2023, Kerstin Meyer, Wellcome Sanger Institute","10 x 10 x 10 millimeter, 10 millimeter",https://cellxgene.cziscience.com/collections/4d74781b-8186-4c9a-b659-ff4dc4601d91,http://purl.org/ccf/1.5/b871beb6-4f8a-447a-91dc-99f1b4696a8e,10,10,10,Kerstin Meyer,Kerstin,Meyer,,0
https://api.cellxgene.cziscience.com/dp/v1/collections/4d74781b-8186-4c9a-b659-ff4dc4601d91#367C_Donor_TissueBlock1,Tissue Block,"Registered 7/7/2023, Kerstin Meyer, Wellcome Sanger Institute","10 x 10 x 10 millimeter, 10 millimeter",https://cellxgene.cziscience.com/collections/4d74781b-8186-4c9a-b659-ff4dc4601d91,http://purl.org/ccf/1.5/ed8525a0-a2c5-4818-ad53-5a0cf430966a,10,10,10,Kerstin Meyer,Kerstin,Meyer,,0
https://api.cellxgene.cziscience.com/dp/v1/collections/4d74781b-8186-4c9a-b659-ff4dc4601d91#368C_Donor_TissueBlock1,Tissue Block,"Registered 7/7/2023, Kerstin Meyer, Wellcome Sanger Institute","10 x 10 x 10 millimeter, 10 millimeter",https://cellxgene.cziscience.com/collections/4d74781b-8186-4c9a-b659-ff4dc4601d91,http://purl.org/ccf/1.5/ed8525a0-a2c5-4818-ad53-5a0cf430966a,10,10,10,Kerstin Meyer,Kerstin,Meyer,,0
https://api.cellxgene.cziscience.com/dp/v1/collections/4d74781b-8186-4c9a-b659-ff4dc4601d91#Donor1_TissueBlock4,Tissue Block,"Registered 7/7/2023, Kerstin Meyer, Wellcome Sanger Institute","10 x 10 x 10 millimeter, 10 millimeter",https://cellxgene.cziscience.com/collections/4d74781b-8186-4c9a-b659-ff4dc4601d91,http://purl.org/ccf/1.5/a920acfd-0d42-458d-84f5-f942e5319e92,10,10,10,Kerstin Meyer,Kerstin,Meyer,,0
https://api.cellxgene.cziscience.com/dp/v1/collections/4d74781b-8186-4c9a-b659-ff4dc4601d91#Donor2_TissueBlock4,Tissue Block,"Registered 7/7/2023, Kerstin Meyer, Wellcome Sanger Institute","10 x 10 x 10 millimeter, 10 millimeter",https://cellxgene.cziscience.com/collections/4d74781b-8186-4c9a-b659-ff4dc4601d91,http://purl.org/ccf/1.5/a920acfd-0d42-458d-84f5-f942e5319e92,10,10,10,Kerstin Meyer,Kerstin,Meyer,,0
https://api.cellxgene.cziscience.com/dp/v1/collections/4d74781b-8186-4c9a-b659-ff4dc4601d91#Donor5_TissueBlock4,Tissue Block,"Registered 7/7/2023, Kerstin Meyer, Wellcome Sanger Institute","10 x 10 x 10 millimeter, 10 millimeter",https://cellxgene.cziscience.com/collections/4d74781b-8186-4c9a-b659-ff4dc4601d91,http://purl.org/ccf/1.5/a920acfd-0d42-458d-84f5-f942e5319e92,10,10,10,Kerstin Meyer,Kerstin,Meyer,,0
https://api.cellxgene.cziscience.com/dp/v1/collections/4d74781b-8186-4c9a-b659-ff4dc4601d91#Donor3_TissueBlock2,Tissue Block,"Registered 7/7/2023, Kerstin Meyer, Wellcome Sanger Institute","10 x 10 x 10 millimeter, 10 millimeter",https://cellxgene.cziscience.com/collections/4d74781b-8186-4c9a-b659-ff4dc4601d91,http://purl.org/ccf/1.5/f0929253-c143-486e-a1dd-d2d8aa14eadd,10,10,10,Kerstin Meyer,Kerstin,Meyer,,0
https://api.cellxgene.cziscience.com/dp/v1/collections/4d74781b-8186-4c9a-b659-ff4dc4601d91#Donor4_TissueBlock2,Tissue Block,"Registered 7/7/2023, Kerstin Meyer, Wellcome Sanger Institute","10 x 10 x 10 millimeter, 10 millimeter",https://cellxgene.cziscience.com/collections/4d74781b-8186-4c9a-b659-ff4dc4601d91,http://purl.org/ccf/1.5/f0929253-c143-486e-a1dd-d2d8aa14eadd,10,10,10,Kerstin Meyer,Kerstin,Meyer,,0
https://atlas.kpmp.org/#164-10_Donor1_TissueBlock1,Tissue Block,"Registered 2/17/2026, Jennifer Schaub, KPMP","1 x 7 x 1 millimeter, 1 millimeter",https://atlas.kpmp.org/#164-10,http://purl.org/ccf/1.5/d3c1a8c8-3f58-4a51-a868-8ee242cbe2ee,1,7,1,Jennifer Schaub,Jennifer,Schaub,,0
https://atlas.kpmp.org/#164-12_Donor1_TissueBlock1,Tissue Block,"Registered 2/17/2026, Jennifer Schaub, KPMP","1 x 7 x 1 millimeter, 1 millimeter",https://atlas.kpmp.org/#164-12,http://purl.org/ccf/1.5/d3c1a8c8-3f58-4a51-a868-8ee242cbe2ee,1,7,1,Jennifer Schaub,Jennifer,Schaub,,0
https://atlas.kpmp.org/#164-13_Donor1_TissueBlock1,Tissue Block,"Registered 2/17/2026, Jennifer Schaub, KPMP","1 x 7 x 1 millimeter, 1 millimeter",https://atlas.kpmp.org/#164-13,http://purl.org/ccf/1.5/d3c1a8c8-3f58-4a51-a868-8ee242cbe2ee,1,7,1,Jennifer Schaub,Jennifer,Schaub,,0
https://atlas.kpmp.org/#164-15_Donor1_TissueBlock1,Tissue Block,"Registered 2/17/2026, Jennifer Schaub, KPMP","1 x 7 x 1 millimeter, 1 millimeter",https://atlas.kpmp.org/#164-15,http://purl.org/ccf/1.5/d3c1a8c8-3f58-4a51-a868-8ee242cbe2ee,1,7,1,Jennifer Schaub,Jennifer,Schaub,,0
https://atlas.kpmp.org/#164-19_Donor1_TissueBlock1,Tissue Block,"Registered 2/17/2026, Jennifer Schaub, KPMP","1 x 7 x 1 millimeter, 1 millimeter",https://atlas.kpmp.org/#164-19,http://purl.org/ccf/1.5/d3c1a8c8-3f58-4a51-a868-8ee242cbe2ee,1,7,1,Jennifer Schaub,Jennifer,Schaub,,0
https://atlas.kpmp.org/#164-21_Donor1_TissueBlock1,Tissue Block,"Registered 2/17/2026, Jennifer Schaub, KPMP","1 x 7 x 1 millimeter, 1 millimeter",https://atlas.kpmp.org/#164-21,http://purl.org/ccf/1.5/d3c1a8c8-3f58-4a51-a868-8ee242cbe2ee,1,7,1,Jennifer Schaub,Jennifer,Schaub,,0
https://doi.org/10.1016/j.devcel.2024.09.011#Donor1_TissueBlock1,Tissue Block,T086,"10 x 10 x 10 millimeter, 10 millimeter",https://www.sciencedirect.com/science/article/pii/S1534580724005392?via%3Dihub#abs0020,http://purl.org/ccf/1.5/a6081793-082e-4783-b5ee-ca7a6ce9a992,10,10,10,Laura Stankiewicz,Laura,Stankiewicz,,0
https://doi.org/10.1016/j.devcel.2024.09.011#Donor3_TissueBlock1,Tissue Block,T096,"10 x 10 x 10 millimeter, 10 millimeter",https://www.sciencedirect.com/science/article/pii/S1534580724005392?via%3Dihub#abs0020,http://purl.org/ccf/1.5/a6081793-082e-4783-b5ee-ca7a6ce9a992,10,10,10,Laura Stankiewicz,Laura,Stankiewicz,,0
https://doi.org/10.1016/j.devcel.2024.09.011#Donor5_TissueBlock1,Tissue Block,T098,"10 x 10 x 10 millimeter, 10 millimeter",https://www.sciencedirect.com/science/article/pii/S1534580724005392?via%3Dihub#abs0020,http://purl.org/ccf/1.5/a6081793-082e-4783-b5ee-ca7a6ce9a992,10,10,10,Laura Stankiewicz,Laura,Stankiewicz,,0
https://doi.org/10.1016/j.devcel.2024.09.011#Donor7_TissueBlock1,Tissue Block,T100,"10 x 10 x 10 millimeter, 10 millimeter",https://www.sciencedirect.com/science/article/pii/S1534580724005392?via%3Dihub#abs0020,http://purl.org/ccf/1.5/a6081793-082e-4783-b5ee-ca7a6ce9a992,10,10,10,Laura Stankiewicz,Laura,Stankiewicz,,0
https://doi.org/10.1016/j.devcel.2024.09.011#Donor2_TissueBlock1,Tissue Block,T087,"10 x 10 x 10 millimeter, 10 millimeter",https://www.sciencedirect.com/science/article/pii/S1534580724005392?via%3Dihub#abs0020,http://purl.org/ccf/1.5/a976c4e1-9d01-4509-8e34-6448bc5a7fa8,10,10,10,Laura Stankiewicz,Laura,Stankiewicz,,0
https://doi.org/10.1016/j.devcel.2024.09.011#Donor4_TissueBlock1,Tissue Block,T097,"10 x 10 x 10 millimeter, 10 millimeter",https://www.sciencedirect.com/science/article/pii/S1534580724005392?via%3Dihub#abs0020,http://purl.org/ccf/1.5/a976c4e1-9d01-4509-8e34-6448bc5a7fa8,10,10,10,Laura Stankiewicz,Laura,Stankiewicz,,0
https://doi.org/10.1016/j.devcel.2024.09.011#Donor6_TissueBlock1,Tissue Block,T099,"10 x 10 x 10 millimeter, 10 millimeter",https://www.sciencedirect.com/science/article/pii/S1534580724005392?via%3Dihub#abs0020,http://purl.org/ccf/1.5/a976c4e1-9d01-4509-8e34-6448bc5a7fa8,10,10,10,Laura Stankiewicz,Laura,Stankiewicz,,0
https://doi.org/10.1016/j.jcmgh.2022.02.007#Donor1_TissueBlock1,Tissue Block,"Registered 2/4/2025, Joseph Burclaff, UNC","30 x 30 x 10 millimeter, 10 millimeter",https://www.sciencedirect.com/science/article/pii/S2352345X22000340?via%3Dihub,http://purl.org/ccf/1.5/da614245-6f9f-4448-91cf-783bc01cfa55,30,30,10,Joseph Burclaff,Joseph,Burclaff,,0
https://doi.org/10.1016/j.jcmgh.2022.02.007#Donor2_TissueBlock1,Tissue Block,"Registered 2/4/2025, Joseph Burclaff, UNC","30 x 30 x 10 millimeter, 10 millimeter",https://www.sciencedirect.com/science/article/pii/S2352345X22000340?via%3Dihub,http://purl.org/ccf/1.5/da614245-6f9f-4448-91cf-783bc01cfa55,30,30,10,Joseph Burclaff,Joseph,Burclaff,,0
https://doi.org/10.1016/j.jcmgh.2022.02.007#Donor3_TissueBlock1,Tissue Block,"Registered 2/4/2025, Joseph Burclaff, UNC","30 x 30 x 10 millimeter, 10 millimeter",https://www.sciencedirect.com/science/article/pii/S2352345X22000340?via%3Dihub,http://purl.org/ccf/1.5/da614245-6f9f-4448-91cf-783bc01cfa55,30,30,10,Joseph Burclaff,Joseph,Burclaff,,0
https://doi.org/10.1016/j.jcmgh.2022.02.007#Donor1_TissueBlock3,Tissue Block,"Registered 2/4/2025, Joseph Burclaff, UNC","30 x 30 x 10 millimeter, 10 millimeter",https://www.sciencedirect.com/science/article/pii/S2352345X22000340?via%3Dihub,http://purl.org/ccf/1.5/bcb6402e-0da0-4dc1-bf6a-c251caa6e247,30,30,10,Joseph Burclaff,Joseph,Burclaff,,0
https://doi.org/10.1016/j.jcmgh.2022.02.007#Donor2_TissueBlock3,Tissue Block,"Registered 2/4/2025, Joseph Burclaff, UNC","30 x 30 x 10 millimeter, 10 millimeter",https://www.sciencedirect.com/science/article/pii/S2352345X22000340?via%3Dihub,http://purl.org/ccf/1.5/bcb6402e-0da0-4dc1-bf6a-c251caa6e247,30,30,10,Joseph Burclaff,Joseph,Burclaff,,0
https://doi.org/10.1016/j.jcmgh.2022.02.007#Donor3_TissueBlock3,Tissue Block,"Registered 2/4/2025, Joseph Burclaff, UNC","30 x 30 x 10 millimeter, 10 millimeter",https://www.sciencedirect.com/science/article/pii/S2352345X22000340?via%3Dihub,http://purl.org/ccf/1.5/bcb6402e-0da0-4dc1-bf6a-c251caa6e247,30,30,10,Joseph Burclaff,Joseph,Burclaff,,0
https://doi.org/10.1016/j.jcmgh.2022.02.007#Donor1_TissueBlock4,Tissue Block,"Registered 2/4/2025, Joseph Burclaff, UNC","30 x 30 x 10 millimeter, 10 millimeter",https://www.sciencedirect.com/science/article/pii/S2352345X22000340?via%3Dihub,http://purl.org/ccf/1.5/ea69603c-9dbc-4725-b53c-9c80f69f3e00,30,30,10,Joseph Burclaff,Joseph,Burclaff,,0
https://doi.org/10.1016/j.jcmgh.2022.02.007#Donor2_TissueBlock4,Tissue Block,"Registered 2/4/2025, Joseph Burclaff, UNC","30 x 30 x 10 millimeter, 10 millimeter",https://www.sciencedirect.com/science/article/pii/S2352345X22000340?via%3Dihub,http://purl.org/ccf/1.5/ea69603c-9dbc-4725-b53c-9c80f69f3e00,30,30,10,Joseph Burclaff,Joseph,Burclaff,,0
https://doi.org/10.1016/j.jcmgh.2022.02.007#Donor3_TissueBlock4,Tissue Block,"Registered 2/4/2025, Joseph Burclaff, UNC","30 x 30 x 10 millimeter, 10 millimeter",https://www.sciencedirect.com/science/article/pii/S2352345X22000340?via%3Dihub,http://purl.org/ccf/1.5/ea69603c-9dbc-4725-b53c-9c80f69f3e00,30,30,10,Joseph Burclaff,Joseph,Burclaff,,0
https://doi.org/10.1161/CIRCULATIONAHA.119.045401#P1221_RA_TissueBlock,Tissue Block,"Registered 3/24/2023, Nathan Tucker, Broad Institute","5 x 5 x 4 millimeter, 4 millimeter",https://doi.org/10.1161/CIRCULATIONAHA.119.045401,http://purl.org/ccf/1.5/e306f975-0649-40fe-96f8-43ac7a3a9a1d,5,5,4,Nathan Tucker,Nathan,Tucker,,0
https://doi.org/10.1161/CIRCULATIONAHA.119.045401#P1600_RA_TissueBlock,Tissue Block,"Registered 3/24/2023, Nathan Tucker, Broad Institute","5 x 5 x 4 millimeter, 4 millimeter",https://doi.org/10.1161/CIRCULATIONAHA.119.045401,http://purl.org/ccf/1.5/e306f975-0649-40fe-96f8-43ac7a3a9a1d,5,5,4,Nathan Tucker,Nathan,Tucker,,0
https://doi.org/10.1161/CIRCULATIONAHA.119.045401#P1708_RA_TissueBlock,Tissue Block,"Registered 3/24/2023, Nathan Tucker, Broad Institute","5 x 5 x 4 millimeter, 4 millimeter",https://doi.org/10.1161/CIRCULATIONAHA.119.045401,http://purl.org/ccf/1.5/e306f975-0649-40fe-96f8-43ac7a3a9a1d,5,5,4,Nathan Tucker,Nathan,Tucker,,0
https://doi.org/10.1161/CIRCULATIONAHA.119.045401#P1723_RA_TissueBlock,Tissue Block,"Registered 3/24/2023, Nathan Tucker, Broad Institute","5 x 5 x 4 millimeter, 4 millimeter",https://doi.org/10.1161/CIRCULATIONAHA.119.045401,http://purl.org/ccf/1.5/e306f975-0649-40fe-96f8-43ac7a3a9a1d,5,5,4,Nathan Tucker,Nathan,Tucker,,0
https://doi.org/10.1161/CIRCULATIONAHA.119.045401#P1221_RV_TissueBlock,Tissue Block,"Registered 3/19/2023, Nathan Tucker, Broad Institute","5 x 5 x 4 millimeter, 4 millimeter",https://doi.org/10.1161/CIRCULATIONAHA.119.045401,http://purl.org/ccf/1.5/aefbf9c4-7f7f-494d-bdad-708aa232d02b,5,5,4,Nathan Tucker,Nathan,Tucker,,0
https://doi.org/10.1161/CIRCULATIONAHA.119.045401#P1708_RV_TissueBlock,Tissue Block,"Registered 3/19/2023, Nathan Tucker, Broad Institute","5 x 5 x 4 millimeter, 4 millimeter",https://doi.org/10.1161/CIRCULATIONAHA.119.045401,http://purl.org/ccf/1.5/aefbf9c4-7f7f-494d-bdad-708aa232d02b,5,5,4,Nathan Tucker,Nathan,Tucker,,0
https://doi.org/10.1161/CIRCULATIONAHA.119.045401#P1723_RV_TissueBlock,Tissue Block,"Registered 3/19/2023, Nathan Tucker, Broad Institute","5 x 5 x 4 millimeter, 4 millimeter",https://doi.org/10.1161/CIRCULATIONAHA.119.045401,http://purl.org/ccf/1.5/aefbf9c4-7f7f-494d-bdad-708aa232d02b,5,5,4,Nathan Tucker,Nathan,Tucker,,0
https://doi.org/10.1161/CIRCULATIONAHA.119.045401#P1666_RV_TissueBlock,Tissue Block,"Registered 3/19/2023, Nathan Tucker, Broad Institute","5 x 5 x 5 millimeter, 5 millimeter",https://doi.org/10.1161/CIRCULATIONAHA.119.045401,http://purl.org/ccf/1.5/c127016f-4de6-41ce-a314-56ad21390e0b,5,5,5,Nathan Tucker,Nathan,Tucker,,0
https://doi.org/10.1161/CIRCULATIONAHA.119.045401#P1702_RV_TissueBlock,Tissue Block,"Registered 3/19/2023, Nathan Tucker, Broad Institute","5 x 5 x 5 millimeter, 5 millimeter",https://doi.org/10.1161/CIRCULATIONAHA.119.045401,http://purl.org/ccf/1.5/c127016f-4de6-41ce-a314-56ad21390e0b,5,5,5,Nathan Tucker,Nathan,Tucker,,0
https://gtexportal.org/home/tissue/Spleen#MDonors_TissueBlock1,Tissue Block,"Registered 8/16/2021, Kristin  Ardlie, GTEx","10 x 10 x 8 millimeter, 8 millimeter",https://gtexportal.org/home/tissue/Spleen,http://purl.org/ccf/1.5/ec2488fb-6ff5-4f43-82b5-9704a650d00a,10,10,8,Kristin  Ardlie,"Kristin ",Ardlie,,0
https://entity.api.hubmapconsortium.org/entities/0236e72a6ce04abc0008ac2a40cf1b35,Tissue Block,"Registered 7/20/2022, Valentina Stanley, TMC - University of California San Diego focusing on female reproduction","5 x 5 x 5 millimeter, 5 millimeter, 0 Sections",https://portal.hubmapconsortium.org/browse/sample/0236e72a6ce04abc0008ac2a40cf1b35,http://purl.org/ccf/1.5/f38448cc-f739-477c-a366-4861dd987dbc,5,5,5,Valentina Stanley,Valentina,Stanley,,0
https://entity.api.hubmapconsortium.org/entities/05d5ada0db7a0c97e0aab2bf19ebc9a4,Tissue Block,"Registered 7/20/2022, Valentina Stanley, TMC - University of California San Diego focusing on female reproduction","5 x 5 x 5 millimeter, 5 millimeter, 0 Sections",https://portal.hubmapconsortium.org/browse/sample/05d5ada0db7a0c97e0aab2bf19ebc9a4,http://purl.org/ccf/1.5/22bf85ef-85cf-411b-8227-3ba08414a1bf,5,5,5,Valentina Stanley,Valentina,Stanley,,0
https://entity.api.hubmapconsortium.org/entities/0e940d352e7bab7f67da55341091aca5,Tissue Block,"Registered 8/31/2022, Valentina Stanley, TMC - University of California San Diego focusing on female reproduction","3 x 6 x 2 millimeter, 2 millimeter, 0 Sections",https://portal.hubmapconsortium.org/browse/sample/0e940d352e7bab7f67da55341091aca5,http://purl.org/ccf/1.5/a17166d6-f0f4-4b93-8aec-7c7bcdd27c74,3,6,2,Valentina Stanley,Valentina,Stanley,,0
https://entity.api.hubmapconsortium.org/entities/10af8262d168e8bb3739e89e404ebbf4,Tissue Block,"Registered 7/21/2022, Valentina Stanley, TMC - University of California San Diego focusing on female reproduction","5 x 5 x 5 millimeter, 5 millimeter, 0 Sections",https://portal.hubmapconsortium.org/browse/sample/10af8262d168e8bb3739e89e404ebbf4,http://purl.org/ccf/1.5/995ba5b1-8908-4ff2-8025-077c590ec4b0,5,5,5,Valentina Stanley,Valentina,Stanley,,0
https://entity.api.hubmapconsortium.org/entities/2fd3bd7791ec7dc6f680af94cf60dd54,Tissue Block,"Registered 8/7/2023, Valentina Stanley, TMC - University of California San Diego focusing on female reproduction","5 x 5 x 5 millimeter, 5 millimeter, 0 Sections",https://portal.hubmapconsortium.org/browse/sample/2fd3bd7791ec7dc6f680af94cf60dd54,http://purl.org/ccf/1.5/91389c45-1a5b-402f-bb31-7201fec98adf,5,5,5,Valentina Stanley,Valentina,Stanley,,0
https://entity.api.hubmapconsortium.org/entities/3340b9fe1f2667287e8c09a5afc5dcde,Tissue Block,"Registered 4/16/2026, Valentina Stanley, TMC - University of California San Diego focusing on female reproduction","5 x 5 x 5 millimeter, 2.5 millimeter, 2 Sections",https://portal.hubmapconsortium.org/browse/sample/3340b9fe1f2667287e8c09a5afc5dcde,http://purl.org/ccf/1.5/36390538-757b-4bf7-9591-58ebe3c5798e,5,5,5,Valentina Stanley,Valentina,Stanley,,0
https://entity.api.hubmapconsortium.org/entities/0a1b5112627d1f8028dd0c5097caa101,Tissue Block,"Registered 4/21/2026, Valentina Stanley, TMC - University of California San Diego focusing on female reproduction","5 x 5 x 5 millimeter, 2.5 millimeter, 2 Sections",https://portal.hubmapconsortium.org/browse/sample/0a1b5112627d1f8028dd0c5097caa101,http://purl.org/ccf/1.5/36390538-757b-4bf7-9591-58ebe3c5798e,5,5,5,Valentina Stanley,Valentina,Stanley,,0
https://entity.api.hubmapconsortium.org/entities/0ff2cae75f8f2ad0839f528b7ee3fd8e,Tissue Block,"Registered 4/21/2026, Valentina Stanley, TMC - University of California San Diego focusing on female reproduction","5 x 5 x 5 millimeter, 2.5 millimeter, 2 Sections",https://portal.hubmapconsortium.org/browse/sample/0ff2cae75f8f2ad0839f528b7ee3fd8e,http://purl.org/ccf/1.5/36390538-757b-4bf7-9591-58ebe3c5798e,5,5,5,Valentina Stanley,Valentina,Stanley,,0
https://entity.api.hubmapconsortium.org/entities/217091ea7d376b9a8ed8abe50bf77606,Tissue Block,"Registered 4/21/2026, Valentina Stanley, TMC - University of California San Diego focusing on female reproduction","5 x 5 x 5 millimeter, 2.5 millimeter, 2 Sections",https://portal.hubmapconsortium.org/browse/sample/217091ea7d376b9a8ed8abe50bf77606,http://purl.org/ccf/1.5/36390538-757b-4bf7-9591-58ebe3c5798e,5,5,5,Valentina Stanley,Valentina,Stanley,,0
https://entity.api.hubmapconsortium.org/entities/3c53320e03bebcb21e39eff73259a8c2,Tissue Block,"Registered 4/21/2026, Valentina Stanley, TMC - University of California San Diego focusing on female reproduction","5 x 5 x 5 millimeter, 2.5 millimeter, 2 Sections",https://portal.hubmapconsortium.org/browse/sample/3c53320e03bebcb21e39eff73259a8c2,http://purl.org/ccf/1.5/36390538-757b-4bf7-9591-58ebe3c5798e,5,5,5,Valentina Stanley,Valentina,Stanley,,0
https://entity.api.hubmapconsortium.org/entities/40c2b3c91d7e02be0ac20698f51d1037,Tissue Block,"Registered 4/21/2026, Valentina Stanley, TMC - University of California San Diego focusing on female reproduction","5 x 5 x 5 millimeter, 5 millimeter, 1 Sections",https://portal.hubmapconsortium.org/browse/sample/40c2b3c91d7e02be0ac20698f51d1037,http://purl.org/ccf/1.5/36390538-757b-4bf7-9591-58ebe3c5798e,5,5,5,Valentina Stanley,Valentina,Stanley,,0
https://entity.api.hubmapconsortium.org/entities/41b19b58b0049636bd293ee087fd8913,Tissue Block,"Registered 4/21/2026, Valentina Stanley, TMC - University of California San Diego focusing on female reproduction","5 x 5 x 5 millimeter, 5 millimeter, 1 Sections",https://portal.hubmapconsortium.org/browse/sample/41b19b58b0049636bd293ee087fd8913,http://purl.org/ccf/1.5/36390538-757b-4bf7-9591-58ebe3c5798e,5,5,5,Valentina Stanley,Valentina,Stanley,,0
https://entity.api.hubmapconsortium.org/entities/56475e86796f55bbfce4bd24943939f1,Tissue Block,"Registered 4/21/2026, Valentina Stanley, TMC - University of California San Diego focusing on female reproduction","5 x 5 x 5 millimeter, 2.5 millimeter, 2 Sections",https://portal.hubmapconsortium.org/browse/sample/56475e86796f55bbfce4bd24943939f1,http://purl.org/ccf/1.5/36390538-757b-4bf7-9591-58ebe3c5798e,5,5,5,Valentina Stanley,Valentina,Stanley,,0
https://entity.api.hubmapconsortium.org/entities/c5398e73415574b950c14a37e74e42e9,Tissue Block,"Registered 4/21/2026, Valentina Stanley, TMC - University of California San Diego focusing on female reproduction","5 x 5 x 5 millimeter, 2.5 millimeter, 2 Sections",https://portal.hubmapconsortium.org/browse/sample/c5398e73415574b950c14a37e74e42e9,http://purl.org/ccf/1.5/36390538-757b-4bf7-9591-58ebe3c5798e,5,5,5,Valentina Stanley,Valentina,Stanley,,0
https://entity.api.hubmapconsortium.org/entities/daa5a34bfdce46e899db763d7c418b58,Tissue Block,"Registered 4/21/2026, Valentina Stanley, TMC - University of California San Diego focusing on female reproduction","5 x 5 x 5 millimeter, 5 millimeter, 1 Sections",https://portal.hubmapconsortium.org/browse/sample/daa5a34bfdce46e899db763d7c418b58,http://purl.org/ccf/1.5/36390538-757b-4bf7-9591-58ebe3c5798e,5,5,5,Valentina Stanley,Valentina,Stanley,,0
https://entity.api.hubmapconsortium.org/entities/f0353e5f0b916e0f2c9b06b0a20afb58,Tissue Block,"Registered 4/21/2026, Valentina Stanley, TMC - University of California San Diego focusing on female reproduction","5 x 5 x 5 millimeter, 2.5 millimeter, 2 Sections",https://portal.hubmapconsortium.org/browse/sample/f0353e5f0b916e0f2c9b06b0a20afb58,http://purl.org/ccf/1.5/36390538-757b-4bf7-9591-58ebe3c5798e,5,5,5,Valentina Stanley,Valentina,Stanley,,0
https://entity.api.hubmapconsortium.org/entities/7e08a87a6c19e029e6e7f44c2f88f585,Tissue Block,"Registered 4/21/2026, Valentina Stanley, TMC - University of California San Diego focusing on female reproduction","5 x 5 x 5 millimeter, 5 millimeter, 1 Sections",https://portal.hubmapconsortium.org/browse/sample/7e08a87a6c19e029e6e7f44c2f88f585,http://purl.org/ccf/1.5/36390538-757b-4bf7-9591-58ebe3c5798e,5,5,5,Valentina Stanley,Valentina,Stanley,,0
https://entity.api.hubmapconsortium.org/entities/461a60c01e2cd39e6c685491335e2c46,Tissue Block,"Registered 4/16/2026, Valentina Stanley, TMC - University of California San Diego focusing on female reproduction","5 x 5 x 5 millimeter, 2.5 millimeter, 2 Sections",https://portal.hubmapconsortium.org/browse/sample/461a60c01e2cd39e6c685491335e2c46,http://purl.org/ccf/1.5/52d65eff-63c4-40c8-a9f0-c83f9f027b15,5,5,5,Valentina Stanley,Valentina,Stanley,,0
https://entity.api.hubmapconsortium.org/entities/39caa17d2d7a924b52053e5b0ed41122,Tissue Block,"Registered 4/21/2026, Valentina Stanley, TMC - University of California San Diego focusing on female reproduction","5 x 5 x 5 millimeter, 2.5 millimeter, 2 Sections",https://portal.hubmapconsortium.org/browse/sample/39caa17d2d7a924b52053e5b0ed41122,http://purl.org/ccf/1.5/52d65eff-63c4-40c8-a9f0-c83f9f027b15,5,5,5,Valentina Stanley,Valentina,Stanley,,0
https://entity.api.hubmapconsortium.org/entities/453e319ff7c6a2ffdd11f8fd2c04ec54,Tissue Block,"Registered 4/21/2026, Valentina Stanley, TMC - University of California San Diego focusing on female reproduction","5 x 5 x 5 millimeter, 5 millimeter, 1 Sections",https://portal.hubmapconsortium.org/browse/sample/453e319ff7c6a2ffdd11f8fd2c04ec54,http://purl.org/ccf/1.5/52d65eff-63c4-40c8-a9f0-c83f9f027b15,5,5,5,Valentina Stanley,Valentina,Stanley,,0
https://entity.api.hubmapconsortium.org/entities/51235ea73a4e8943a0708bfce1cfe0d7,Tissue Block,"Registered 4/21/2026, Valentina Stanley, TMC - University of California San Diego focusing on female reproduction","5 x 5 x 5 millimeter, 1.7 millimeter, 3 Sections",https://portal.hubmapconsortium.org/browse/sample/51235ea73a4e8943a0708bfce1cfe0d7,http://purl.org/ccf/1.5/52d65eff-63c4-40c8-a9f0-c83f9f027b15,5,5,5,Valentina Stanley,Valentina,Stanley,,0
https://entity.api.hubmapconsortium.org/entities/5502e1472ba17ba915381d76928ad1ab,Tissue Block,"Registered 4/21/2026, Valentina Stanley, TMC - University of California San Diego focusing on female reproduction","5 x 5 x 5 millimeter, 2.5 millimeter, 2 Sections",https://portal.hubmapconsortium.org/browse/sample/5502e1472ba17ba915381d76928ad1ab,http://purl.org/ccf/1.5/52d65eff-63c4-40c8-a9f0-c83f9f027b15,5,5,5,Valentina Stanley,Valentina,Stanley,,0
https://entity.api.hubmapconsortium.org/entities/679e3477db6ce4a40a767e864cae0bd5,Tissue Block,"Registered 4/21/2026, Valentina Stanley, TMC - University of California San Diego focusing on female reproduction","5 x 5 x 5 millimeter, 2.5 millimeter, 2 Sections",https://portal.hubmapconsortium.org/browse/sample/679e3477db6ce4a40a767e864cae0bd5,http://purl.org/ccf/1.5/52d65eff-63c4-40c8-a9f0-c83f9f027b15,5,5,5,Valentina Stanley,Valentina,Stanley,,0
https://entity.api.hubmapconsortium.org/entities/68f6cc87878e1a1b179b9cf3ea52763c,Tissue Block,"Registered 4/21/2026, Valentina Stanley, TMC - University of California San Diego focusing on female reproduction","5 x 5 x 5 millimeter, 2.5 millimeter, 2 Sections",https://portal.hubmapconsortium.org/browse/sample/68f6cc87878e1a1b179b9cf3ea52763c,http://purl.org/ccf/1.5/52d65eff-63c4-40c8-a9f0-c83f9f027b15,5,5,5,Valentina Stanley,Valentina,Stanley,,0
https://entity.api.hubmapconsortium.org/entities/8cd2368506cee246a3b4ece1a8cb2dae,Tissue Block,"Registered 4/21/2026, Valentina Stanley, TMC - University of California San Diego focusing on female reproduction","5 x 5 x 5 millimeter, 2.5 millimeter, 2 Sections",https://portal.hubmapconsortium.org/browse/sample/8cd2368506cee246a3b4ece1a8cb2dae,http://purl.org/ccf/1.5/52d65eff-63c4-40c8-a9f0-c83f9f027b15,5,5,5,Valentina Stanley,Valentina,Stanley,,0
https://entity.api.hubmapconsortium.org/entities/b80dadade4f129b398337da1952f043e,Tissue Block,"Registered 4/21/2026, Valentina Stanley, TMC - University of California San Diego focusing on female reproduction","5 x 5 x 5 millimeter, 2.5 millimeter, 2 Sections",https://portal.hubmapconsortium.org/browse/sample/b80dadade4f129b398337da1952f043e,http://purl.org/ccf/1.5/52d65eff-63c4-40c8-a9f0-c83f9f027b15,5,5,5,Valentina Stanley,Valentina,Stanley,,0
https://entity.api.hubmapconsortium.org/entities/f3b3949e256dfde5541af85893546360,Tissue Block,"Registered 4/21/2026, Valentina Stanley, TMC - University of California San Diego focusing on female reproduction","5 x 5 x 5 millimeter, 5 millimeter, 1 Sections",https://portal.hubmapconsortium.org/browse/sample/f3b3949e256dfde5541af85893546360,http://purl.org/ccf/1.5/52d65eff-63c4-40c8-a9f0-c83f9f027b15,5,5,5,Valentina Stanley,Valentina,Stanley,,0
https://entity.api.hubmapconsortium.org/entities/7e1545b56266bda199e3abbdc2d87c08,Tissue Block,"Registered 4/21/2026, Valentina Stanley, TMC - University of California San Diego focusing on female reproduction","5 x 5 x 5 millimeter, 5 millimeter, 1 Sections",https://portal.hubmapconsortium.org/browse/sample/7e1545b56266bda199e3abbdc2d87c08,http://purl.org/ccf/1.5/52d65eff-63c4-40c8-a9f0-c83f9f027b15,5,5,5,Valentina Stanley,Valentina,Stanley,,0
https://entity.api.hubmapconsortium.org/entities/e1f1ad5ac356e9b9ba9120f9419a1bca,Tissue Block,"Registered 4/21/2026, Valentina Stanley, TMC - University of California San Diego focusing on female reproduction","5 x 5 x 5 millimeter, 5 millimeter, 1 Sections",https://portal.hubmapconsortium.org/browse/sample/e1f1ad5ac356e9b9ba9120f9419a1bca,http://purl.org/ccf/1.5/52d65eff-63c4-40c8-a9f0-c83f9f027b15,5,5,5,Valentina Stanley,Valentina,Stanley,,0
https://entity.api.hubmapconsortium.org/entities/e26284a97a000dbe2a96e847b5ee2dfb,Tissue Block,"Registered 4/21/2026, Valentina Stanley, TMC - University of California San Diego focusing on female reproduction","5 x 5 x 5 millimeter, 5 millimeter, 1 Sections",https://portal.hubmapconsortium.org/browse/sample/e26284a97a000dbe2a96e847b5ee2dfb,http://purl.org/ccf/1.5/52d65eff-63c4-40c8-a9f0-c83f9f027b15,5,5,5,Valentina Stanley,Valentina,Stanley,,0
https://entity.api.hubmapconsortium.org/entities/4b3f4939c124186d2aca71e95eebba74,Tissue Block,"Registered 7/21/2022, Valentina Stanley, TMC - University of California San Diego focusing on female reproduction","5 x 5 x 5 millimeter, 5 millimeter, 0 Sections",https://portal.hubmapconsortium.org/browse/sample/4b3f4939c124186d2aca71e95eebba74,http://purl.org/ccf/1.5/2b5c9f4e-d493-4b9f-9e3e-465c9f91a1ec,5,5,5,Valentina Stanley,Valentina,Stanley,,0
https://entity.api.hubmapconsortium.org/entities/50c104ef6898c12c89eecc5e64cb47c5,Tissue Block,"Registered 7/21/2022, Valentina Stanley, TMC - University of California San Diego focusing on female reproduction","5 x 5 x 5 millimeter, 5 millimeter, 0 Sections",https://portal.hubmapconsortium.org/browse/sample/50c104ef6898c12c89eecc5e64cb47c5,http://purl.org/ccf/1.5/70516ba2-4550-472e-ab13-78c6341a46bf,5,5,5,Valentina Stanley,Valentina,Stanley,,0
https://entity.api.hubmapconsortium.org/entities/54097bf6d9a5d237da17a936684ca4a0,Tissue Block,"Registered 8/7/2023, Valentina Stanley, TMC - University of California San Diego focusing on female reproduction","5 x 5 x 5 millimeter, 5 millimeter, 0 Sections",https://portal.hubmapconsortium.org/browse/sample/54097bf6d9a5d237da17a936684ca4a0,http://purl.org/ccf/1.5/625523eb-0886-4096-9e03-bb6252f879f2,5,5,5,Valentina Stanley,Valentina,Stanley,,0
https://entity.api.hubmapconsortium.org/entities/5f5866120d5983d422d54347df0e192c,Tissue Block,"Registered 7/21/2022, Valentina Stanley, TMC - University of California San Diego focusing on female reproduction","5 x 5 x 5 millimeter, 5 millimeter, 0 Sections",https://portal.hubmapconsortium.org/browse/sample/5f5866120d5983d422d54347df0e192c,http://purl.org/ccf/1.5/bf8974c4-7b1c-4c4d-8078-794808b3b166,5,5,5,Valentina Stanley,Valentina,Stanley,,0
https://entity.api.hubmapconsortium.org/entities/65c5718979ad02582c7a98abc82a0242,Tissue Block,"Registered 7/21/2022, Valentina Stanley, TMC - University of California San Diego focusing on female reproduction","5 x 5 x 5 millimeter, 5 millimeter, 0 Sections",https://portal.hubmapconsortium.org/browse/sample/65c5718979ad02582c7a98abc82a0242,http://purl.org/ccf/1.5/f3691616-367e-486e-87f8-9634170f7c14,5,5,5,Valentina Stanley,Valentina,Stanley,,0
https://entity.api.hubmapconsortium.org/entities/6fe7305be4fc928d32e0b062665f1eb4,Tissue Block,"Registered 7/20/2022, Valentina Stanley, TMC - University of California San Diego focusing on female reproduction","5 x 5 x 5 millimeter, 5 millimeter, 0 Sections",https://portal.hubmapconsortium.org/browse/sample/6fe7305be4fc928d32e0b062665f1eb4,http://purl.org/ccf/1.5/aa937c06-5f26-4965-831e-19df780be7b7,5,5,5,Valentina Stanley,Valentina,Stanley,,0
https://entity.api.hubmapconsortium.org/entities/700a3bd5eef92a6be2ebe5f71b93ded6,Tissue Block,"Registered 7/21/2022, Valentina Stanley, TMC - University of California San Diego focusing on female reproduction","5 x 5 x 5 millimeter, 5 millimeter, 0 Sections",https://portal.hubmapconsortium.org/browse/sample/700a3bd5eef92a6be2ebe5f71b93ded6,http://purl.org/ccf/1.5/fd3c0bcc-d3c3-4662-a4b7-42d18d0c2d73,5,5,5,Valentina Stanley,Valentina,Stanley,,0
https://entity.api.hubmapconsortium.org/entities/800dfa30ad42c77761b1ed2d74fd2997,Tissue Block,"Registered 7/20/2022, Valentina Stanley, TMC - University of California San Diego focusing on female reproduction","5 x 5 x 5 millimeter, 5 millimeter, 0 Sections",https://portal.hubmapconsortium.org/browse/sample/800dfa30ad42c77761b1ed2d74fd2997,http://purl.org/ccf/1.5/107fec8d-b7c1-41a1-86fd-6627e2f1c4dc,5,5,5,Valentina Stanley,Valentina,Stanley,,0
https://entity.api.hubmapconsortium.org/entities/85b2c93d4419ce04d5bd507e88c9018c,Tissue Block,"Registered 8/7/2023, Valentina Stanley, TMC - University of California San Diego focusing on female reproduction","5 x 5 x 5 millimeter, 5 millimeter, 0 Sections",https://portal.hubmapconsortium.org/browse/sample/85b2c93d4419ce04d5bd507e88c9018c,http://purl.org/ccf/1.5/603bb1c0-e504-417a-ae82-3de75e150cc4,5,5,5,Valentina Stanley,Valentina,Stanley,,0
https://entity.api.hubmapconsortium.org/entities/97750bf6767fc8382711098e758ead47,Tissue Block,"Registered 7/20/2022, Valentina Stanley, TMC - University of California San Diego focusing on female reproduction","5 x 5 x 5 millimeter, 5 millimeter, 0 Sections",https://portal.hubmapconsortium.org/browse/sample/97750bf6767fc8382711098e758ead47,http://purl.org/ccf/1.5/a4c3926f-b1e3-4c0a-8e3a-b700c79dc5f0,5,5,5,Valentina Stanley,Valentina,Stanley,,0
https://entity.api.hubmapconsortium.org/entities/a1b225e9f285dfef8101094f4c98b43f,Tissue Block,"Registered 7/21/2022, Valentina Stanley, TMC - University of California San Diego focusing on female reproduction","5 x 5 x 5 millimeter, 5 millimeter, 0 Sections",https://portal.hubmapconsortium.org/browse/sample/a1b225e9f285dfef8101094f4c98b43f,http://purl.org/ccf/1.5/3177cc39-b658-4f7c-84ba-f057e023ad12,5,5,5,Valentina Stanley,Valentina,Stanley,,0
https://entity.api.hubmapconsortium.org/entities/a1bbc1b9c04bf0f876f36953db6faf29,Tissue Block,"Registered 7/21/2022, Valentina Stanley, TMC - University of California San Diego focusing on female reproduction","5 x 5 x 5 millimeter, 5 millimeter, 0 Sections",https://portal.hubmapconsortium.org/browse/sample/a1bbc1b9c04bf0f876f36953db6faf29,http://purl.org/ccf/1.5/61c4b3a5-0190-4586-bfd7-1c3a9a25fc15,5,5,5,Valentina Stanley,Valentina,Stanley,,0
https://entity.api.hubmapconsortium.org/entities/ad308855b742420505ecfa67644b1af8,Tissue Block,"Registered 7/20/2022, Valentina Stanley, TMC - University of California San Diego focusing on female reproduction","5 x 5 x 5 millimeter, 5 millimeter, 0 Sections",https://portal.hubmapconsortium.org/browse/sample/ad308855b742420505ecfa67644b1af8,http://purl.org/ccf/1.5/dbdf6625-327a-4a74-bcf7-0843573b3280,5,5,5,Valentina Stanley,Valentina,Stanley,,0
https://entity.api.hubmapconsortium.org/entities/bb80ce00f4dbdea9d9cffee0a3d72a7f,Tissue Block,"Registered 7/21/2022, Valentina Stanley, TMC - University of California San Diego focusing on female reproduction","5 x 5 x 5 millimeter, 5 millimeter, 0 Sections",https://portal.hubmapconsortium.org/browse/sample/bb80ce00f4dbdea9d9cffee0a3d72a7f,http://purl.org/ccf/1.5/6c78fb5d-a676-4c5a-ad24-9c70ccd2d5a4,5,5,5,Valentina Stanley,Valentina,Stanley,,0
https://entity.api.hubmapconsortium.org/entities/bf7bb9afdef02134ef5025b7ef9d9ab5,Tissue Block,"Registered 7/21/2022, Valentina Stanley, TMC - University of California San Diego focusing on female reproduction","5 x 5 x 5 millimeter, 5 millimeter, 0 Sections",https://portal.hubmapconsortium.org/browse/sample/bf7bb9afdef02134ef5025b7ef9d9ab5,http://purl.org/ccf/1.5/4c9be191-af0a-419f-af4f-63816bb93adc,5,5,5,Valentina Stanley,Valentina,Stanley,,0
https://entity.api.hubmapconsortium.org/entities/c5436574a052bcd61679b0c660b8b9d0,Tissue Block,"Registered 4/16/2026, Valentina Stanley, TMC - University of California San Diego focusing on female reproduction","5 x 5 x 5 millimeter, 2.5 millimeter, 2 Sections",https://portal.hubmapconsortium.org/browse/sample/c5436574a052bcd61679b0c660b8b9d0,http://purl.org/ccf/1.5/e42936fd-c727-466d-b55a-21d1e2f4f338,5,5,5,Valentina Stanley,Valentina,Stanley,,0
https://entity.api.hubmapconsortium.org/entities/37779557291688dd883d588d5f69af9d,Tissue Block,"Registered 4/21/2026, Valentina Stanley, TMC - University of California San Diego focusing on female reproduction","5 x 5 x 5 millimeter, 2.5 millimeter, 2 Sections",https://portal.hubmapconsortium.org/browse/sample/37779557291688dd883d588d5f69af9d,http://purl.org/ccf/1.5/e42936fd-c727-466d-b55a-21d1e2f4f338,5,5,5,Valentina Stanley,Valentina,Stanley,,0
https://entity.api.hubmapconsortium.org/entities/3b291945bacb33f67f48bfd73d70d6c8,Tissue Block,"Registered 4/21/2026, Valentina Stanley, TMC - University of California San Diego focusing on female reproduction","5 x 5 x 5 millimeter, 5 millimeter, 1 Sections",https://portal.hubmapconsortium.org/browse/sample/3b291945bacb33f67f48bfd73d70d6c8,http://purl.org/ccf/1.5/e42936fd-c727-466d-b55a-21d1e2f4f338,5,5,5,Valentina Stanley,Valentina,Stanley,,0
https://entity.api.hubmapconsortium.org/entities/53bdbdef43a90969872171a855d94186,Tissue Block,"Registered 4/21/2026, Valentina Stanley, TMC - University of California San Diego focusing on female reproduction","5 x 5 x 5 millimeter, 2.5 millimeter, 2 Sections",https://portal.hubmapconsortium.org/browse/sample/53bdbdef43a90969872171a855d94186,http://purl.org/ccf/1.5/e42936fd-c727-466d-b55a-21d1e2f4f338,5,5,5,Valentina Stanley,Valentina,Stanley,,0
https://entity.api.hubmapconsortium.org/entities/62f503417adf641d1202874c40e8826b,Tissue Block,"Registered 4/21/2026, Valentina Stanley, TMC - University of California San Diego focusing on female reproduction","5 x 5 x 5 millimeter, 2.5 millimeter, 2 Sections",https://portal.hubmapconsortium.org/browse/sample/62f503417adf641d1202874c40e8826b,http://purl.org/ccf/1.5/e42936fd-c727-466d-b55a-21d1e2f4f338,5,5,5,Valentina Stanley,Valentina,Stanley,,0
https://entity.api.hubmapconsortium.org/entities/6812338bffed42dfd3134f7f50e14a3e,Tissue Block,"Registered 4/21/2026, Valentina Stanley, TMC - University of California San Diego focusing on female reproduction","5 x 5 x 5 millimeter, 5 millimeter, 1 Sections",https://portal.hubmapconsortium.org/browse/sample/6812338bffed42dfd3134f7f50e14a3e,http://purl.org/ccf/1.5/e42936fd-c727-466d-b55a-21d1e2f4f338,5,5,5,Valentina Stanley,Valentina,Stanley,,0
https://entity.api.hubmapconsortium.org/entities/75e677413a4cee82af912095347c2bf2,Tissue Block,"Registered 4/21/2026, Valentina Stanley, TMC - University of California San Diego focusing on female reproduction","5 x 5 x 5 millimeter, 1.7 millimeter, 3 Sections",https://portal.hubmapconsortium.org/browse/sample/75e677413a4cee82af912095347c2bf2,http://purl.org/ccf/1.5/e42936fd-c727-466d-b55a-21d1e2f4f338,5,5,5,Valentina Stanley,Valentina,Stanley,,0
https://entity.api.hubmapconsortium.org/entities/c627b42e2451197483b43af68f511ef2,Tissue Block,"Registered 4/21/2026, Valentina Stanley, TMC - University of California San Diego focusing on female reproduction","5 x 5 x 5 millimeter, 2.5 millimeter, 2 Sections",https://portal.hubmapconsortium.org/browse/sample/c627b42e2451197483b43af68f511ef2,http://purl.org/ccf/1.5/e42936fd-c727-466d-b55a-21d1e2f4f338,5,5,5,Valentina Stanley,Valentina,Stanley,,0
https://entity.api.hubmapconsortium.org/entities/dbce8eb82b5f6acf83e68352064492dc,Tissue Block,"Registered 4/21/2026, Valentina Stanley, TMC - University of California San Diego focusing on female reproduction","5 x 5 x 5 millimeter, 2.5 millimeter, 2 Sections",https://portal.hubmapconsortium.org/browse/sample/dbce8eb82b5f6acf83e68352064492dc,http://purl.org/ccf/1.5/e42936fd-c727-466d-b55a-21d1e2f4f338,5,5,5,Valentina Stanley,Valentina,Stanley,,0
https://entity.api.hubmapconsortium.org/entities/fcad78e8cd82a78a16241a3324a7723b,Tissue Block,"Registered 4/21/2026, Valentina Stanley, TMC - University of California San Diego focusing on female reproduction","5 x 5 x 5 millimeter, 2.5 millimeter, 2 Sections",https://portal.hubmapconsortium.org/browse/sample/fcad78e8cd82a78a16241a3324a7723b,http://purl.org/ccf/1.5/e42936fd-c727-466d-b55a-21d1e2f4f338,5,5,5,Valentina Stanley,Valentina,Stanley,,0
https://entity.api.hubmapconsortium.org/entities/b727fcef42b7ed3cdf5cdb99c3a554df,Tissue Block,"Registered 4/21/2026, Valentina Stanley, TMC - University of California San Diego focusing on female reproduction","5 x 5 x 5 millimeter, 5 millimeter, 1 Sections",https://portal.hubmapconsortium.org/browse/sample/b727fcef42b7ed3cdf5cdb99c3a554df,http://purl.org/ccf/1.5/e42936fd-c727-466d-b55a-21d1e2f4f338,5,5,5,Valentina Stanley,Valentina,Stanley,,0
https://entity.api.hubmapconsortium.org/entities/c7373441247b4dd2680cb13a2570637d,Tissue Block,"Registered 7/20/2022, Valentina Stanley, TMC - University of California San Diego focusing on female reproduction","5 x 5 x 5 millimeter, 5 millimeter, 0 Sections",https://portal.hubmapconsortium.org/browse/sample/c7373441247b4dd2680cb13a2570637d,http://purl.org/ccf/1.5/379c39a2-bc1e-40e5-b640-f32c270ce0bd,5,5,5,Valentina Stanley,Valentina,Stanley,,0
https://entity.api.hubmapconsortium.org/entities/c97c86db1d6c7f62445c06d70289c87a,Tissue Block,"Registered 7/20/2022, Valentina Stanley, TMC - University of California San Diego focusing on female reproduction","5 x 5 x 5 millimeter, 5 millimeter, 0 Sections",https://portal.hubmapconsortium.org/browse/sample/c97c86db1d6c7f62445c06d70289c87a,http://purl.org/ccf/1.5/762e73ee-a834-47a3-9e4e-0d2017a1c486,5,5,5,Valentina Stanley,Valentina,Stanley,,0
https://entity.api.hubmapconsortium.org/entities/cbf3e47ea211640eec1e52a2627363b1,Tissue Block,"Registered 8/31/2022, Valentina Stanley, TMC - University of California San Diego focusing on female reproduction","2.5 x 1 x 1 millimeter, 1 millimeter, 0 Sections",https://portal.hubmapconsortium.org/browse/sample/cbf3e47ea211640eec1e52a2627363b1,http://purl.org/ccf/1.5/b326961c-17df-4146-91e2-585dd365bfcc,2.5,1,1,Valentina Stanley,Valentina,Stanley,,0
https://entity.api.hubmapconsortium.org/entities/de25f136c5cfb5e9d1d465cafcb8754a,Tissue Block,"Registered 8/7/2023, Valentina Stanley, TMC - University of California San Diego focusing on female reproduction","5 x 5 x 5 millimeter, 5 millimeter, 0 Sections",https://portal.hubmapconsortium.org/browse/sample/de25f136c5cfb5e9d1d465cafcb8754a,http://purl.org/ccf/1.5/a8ff4274-812f-4ec2-95d7-08d3d6f654dc,5,5,5,Valentina Stanley,Valentina,Stanley,,0
https://entity.api.hubmapconsortium.org/entities/e4f9274c28aecab3e70adbf17f3c8333,Tissue Block,"Registered 7/20/2022, Valentina Stanley, TMC - University of California San Diego focusing on female reproduction","5 x 5 x 5 millimeter, 5 millimeter, 0 Sections",https://portal.hubmapconsortium.org/browse/sample/e4f9274c28aecab3e70adbf17f3c8333,http://purl.org/ccf/1.5/f754c655-34da-42bc-98c1-b1a6244c560d,5,5,5,Valentina Stanley,Valentina,Stanley,,0
https://entity.api.hubmapconsortium.org/entities/ee79f63e2749dafd4821a44e6ffb8b0f,Tissue Block,"Registered 4/16/2026, Valentina Stanley, TMC - University of California San Diego focusing on female reproduction","5 x 5 x 5 millimeter, 2.5 millimeter, 2 Sections",https://portal.hubmapconsortium.org/browse/sample/ee79f63e2749dafd4821a44e6ffb8b0f,http://purl.org/ccf/1.5/3b9fe06b-aaf8-4d31-971e-289160ddf6e8,5,5,5,Valentina Stanley,Valentina,Stanley,,0
https://entity.api.hubmapconsortium.org/entities/0761ce97ec22f37db159cccb429b0b0f,Tissue Block,"Registered 4/21/2026, Valentina Stanley, TMC - University of California San Diego focusing on female reproduction","5 x 5 x 5 millimeter, 5 millimeter, 1 Sections",https://portal.hubmapconsortium.org/browse/sample/0761ce97ec22f37db159cccb429b0b0f,http://purl.org/ccf/1.5/3b9fe06b-aaf8-4d31-971e-289160ddf6e8,5,5,5,Valentina Stanley,Valentina,Stanley,,0
https://entity.api.hubmapconsortium.org/entities/2a68c0ee7c8236c88ea87a68cc341557,Tissue Block,"Registered 4/21/2026, Valentina Stanley, TMC - University of California San Diego focusing on female reproduction","5 x 5 x 5 millimeter, 2.5 millimeter, 2 Sections",https://portal.hubmapconsortium.org/browse/sample/2a68c0ee7c8236c88ea87a68cc341557,http://purl.org/ccf/1.5/3b9fe06b-aaf8-4d31-971e-289160ddf6e8,5,5,5,Valentina Stanley,Valentina,Stanley,,0
https://entity.api.hubmapconsortium.org/entities/32d030aa8dd61a1b4fe4f7ca8e28f1d6,Tissue Block,"Registered 4/21/2026, Valentina Stanley, TMC - University of California San Diego focusing on female reproduction","5 x 5 x 5 millimeter, 5 millimeter, 1 Sections",https://portal.hubmapconsortium.org/browse/sample/32d030aa8dd61a1b4fe4f7ca8e28f1d6,http://purl.org/ccf/1.5/3b9fe06b-aaf8-4d31-971e-289160ddf6e8,5,5,5,Valentina Stanley,Valentina,Stanley,,0
https://entity.api.hubmapconsortium.org/entities/3603814517547f47154a3bc3bb417a2d,Tissue Block,"Registered 4/23/2026, Valentina Stanley, TMC - University of California San Diego focusing on female reproduction","5 x 5 x 5 millimeter, 5 millimeter, 1 Sections",https://portal.hubmapconsortium.org/browse/sample/3603814517547f47154a3bc3bb417a2d,http://purl.org/ccf/1.5/3b9fe06b-aaf8-4d31-971e-289160ddf6e8,5,5,5,Valentina Stanley,Valentina,Stanley,,0
https://entity.api.hubmapconsortium.org/entities/36982a4e8b061a2d9e49e3e442afb96e,Tissue Block,"Registered 4/21/2026, Valentina Stanley, TMC - University of California San Diego focusing on female reproduction","5 x 5 x 5 millimeter, 2.5 millimeter, 2 Sections",https://portal.hubmapconsortium.org/browse/sample/36982a4e8b061a2d9e49e3e442afb96e,http://purl.org/ccf/1.5/3b9fe06b-aaf8-4d31-971e-289160ddf6e8,5,5,5,Valentina Stanley,Valentina,Stanley,,0
https://entity.api.hubmapconsortium.org/entities/61bdc50184a79252206d0e2b7395e0b6,Tissue Block,"Registered 4/21/2026, Valentina Stanley, TMC - University of California San Diego focusing on female reproduction","5 x 5 x 5 millimeter, 2.5 millimeter, 2 Sections",https://portal.hubmapconsortium.org/browse/sample/61bdc50184a79252206d0e2b7395e0b6,http://purl.org/ccf/1.5/3b9fe06b-aaf8-4d31-971e-289160ddf6e8,5,5,5,Valentina Stanley,Valentina,Stanley,,0
https://entity.api.hubmapconsortium.org/entities/6601d19e3845258d2aa35961269f8370,Tissue Block,"Registered 4/21/2026, Valentina Stanley, TMC - University of California San Diego focusing on female reproduction","5 x 5 x 5 millimeter, 5 millimeter, 1 Sections",https://portal.hubmapconsortium.org/browse/sample/6601d19e3845258d2aa35961269f8370,http://purl.org/ccf/1.5/3b9fe06b-aaf8-4d31-971e-289160ddf6e8,5,5,5,Valentina Stanley,Valentina,Stanley,,0
https://entity.api.hubmapconsortium.org/entities/6bfeba682d55d3494ee598fc383839c5,Tissue Block,"Registered 4/21/2026, Valentina Stanley, TMC - University of California San Diego focusing on female reproduction","5 x 5 x 5 millimeter, 2.5 millimeter, 2 Sections",https://portal.hubmapconsortium.org/browse/sample/6bfeba682d55d3494ee598fc383839c5,http://purl.org/ccf/1.5/3b9fe06b-aaf8-4d31-971e-289160ddf6e8,5,5,5,Valentina Stanley,Valentina,Stanley,,0
https://entity.api.hubmapconsortium.org/entities/9592a325c172ac38b51cfaf06514d68b,Tissue Block,"Registered 4/21/2026, Valentina Stanley, TMC - University of California San Diego focusing on female reproduction","5 x 5 x 5 millimeter, 2.5 millimeter, 2 Sections",https://portal.hubmapconsortium.org/browse/sample/9592a325c172ac38b51cfaf06514d68b,http://purl.org/ccf/1.5/3b9fe06b-aaf8-4d31-971e-289160ddf6e8,5,5,5,Valentina Stanley,Valentina,Stanley,,0
https://entity.api.hubmapconsortium.org/entities/dfb1f723fea7efe78da79151c8939480,Tissue Block,"Registered 4/21/2026, Valentina Stanley, TMC - University of California San Diego focusing on female reproduction","5 x 5 x 5 millimeter, 2.5 millimeter, 2 Sections",https://portal.hubmapconsortium.org/browse/sample/dfb1f723fea7efe78da79151c8939480,http://purl.org/ccf/1.5/3b9fe06b-aaf8-4d31-971e-289160ddf6e8,5,5,5,Valentina Stanley,Valentina,Stanley,,0
https://entity.api.hubmapconsortium.org/entities/e51d686c37d1b0158c4075ce82963341,Tissue Block,"Registered 4/21/2026, Valentina Stanley, TMC - University of California San Diego focusing on female reproduction","5 x 5 x 5 millimeter, 2.5 millimeter, 2 Sections",https://portal.hubmapconsortium.org/browse/sample/e51d686c37d1b0158c4075ce82963341,http://purl.org/ccf/1.5/3b9fe06b-aaf8-4d31-971e-289160ddf6e8,5,5,5,Valentina Stanley,Valentina,Stanley,,0
https://entity.api.hubmapconsortium.org/entities/6b45504ebdc03ead9b06b475fdce2b34,Tissue Block,"Registered 4/21/2026, Valentina Stanley, TMC - University of California San Diego focusing on female reproduction","5 x 5 x 5 millimeter, 5 millimeter, 1 Sections",https://portal.hubmapconsortium.org/browse/sample/6b45504ebdc03ead9b06b475fdce2b34,http://purl.org/ccf/1.5/3b9fe06b-aaf8-4d31-971e-289160ddf6e8,5,5,5,Valentina Stanley,Valentina,Stanley,,0
https://entity.api.hubmapconsortium.org/entities/94f7ac3d7ddef2dd7c4da0ee0df7234f,Tissue Block,"Registered 4/21/2026, Valentina Stanley, TMC - University of California San Diego focusing on female reproduction","5 x 5 x 5 millimeter, 5 millimeter, 1 Sections",https://portal.hubmapconsortium.org/browse/sample/94f7ac3d7ddef2dd7c4da0ee0df7234f,http://purl.org/ccf/1.5/3b9fe06b-aaf8-4d31-971e-289160ddf6e8,5,5,5,Valentina Stanley,Valentina,Stanley,,0
https://entity.api.hubmapconsortium.org/entities/a2ed0a7a13e59a5f97d6b3a4a800ab40,Tissue Block,"Registered 4/21/2026, Valentina Stanley, TMC - University of California San Diego focusing on female reproduction","5 x 5 x 5 millimeter, 5 millimeter, 1 Sections",https://portal.hubmapconsortium.org/browse/sample/a2ed0a7a13e59a5f97d6b3a4a800ab40,http://purl.org/ccf/1.5/3b9fe06b-aaf8-4d31-971e-289160ddf6e8,5,5,5,Valentina Stanley,Valentina,Stanley,,0
https://entity.api.hubmapconsortium.org/entities/bf012530bbe2825761c26ed7dd07b73c,Tissue Block,"Registered 4/21/2026, Valentina Stanley, TMC - University of California San Diego focusing on female reproduction","5 x 5 x 5 millimeter, 5 millimeter, 1 Sections",https://portal.hubmapconsortium.org/browse/sample/bf012530bbe2825761c26ed7dd07b73c,http://purl.org/ccf/1.5/3b9fe06b-aaf8-4d31-971e-289160ddf6e8,5,5,5,Valentina Stanley,Valentina,Stanley,,0
https://entity.api.hubmapconsortium.org/entities/cc5b9ab6480974580ce537a36d478d89,Tissue Block,"Registered 4/21/2026, Valentina Stanley, TMC - University of California San Diego focusing on female reproduction","5 x 5 x 5 millimeter, 5 millimeter, 1 Sections",https://portal.hubmapconsortium.org/browse/sample/cc5b9ab6480974580ce537a36d478d89,http://purl.org/ccf/1.5/3b9fe06b-aaf8-4d31-971e-289160ddf6e8,5,5,5,Valentina Stanley,Valentina,Stanley,,0
https://entity.api.hubmapconsortium.org/entities/e30aaaf21827b6eaa156da57a12c401d,Tissue Block,"Registered 4/21/2026, Valentina Stanley, TMC - University of California San Diego focusing on female reproduction","5 x 5 x 5 millimeter, 5 millimeter, 1 Sections",https://portal.hubmapconsortium.org/browse/sample/e30aaaf21827b6eaa156da57a12c401d,http://purl.org/ccf/1.5/3b9fe06b-aaf8-4d31-971e-289160ddf6e8,5,5,5,Valentina Stanley,Valentina,Stanley,,0
https://entity.api.hubmapconsortium.org/entities/f844425d313b3679fe0e5e7a0222f586,Tissue Block,"Registered 7/20/2022, Valentina Stanley, TMC - University of California San Diego focusing on female reproduction","5 x 5 x 5 millimeter, 5 millimeter, 0 Sections",https://portal.hubmapconsortium.org/browse/sample/f844425d313b3679fe0e5e7a0222f586,http://purl.org/ccf/1.5/2ab3bdb6-09ef-4906-a229-1d088803de52,5,5,5,Valentina Stanley,Valentina,Stanley,,0
https://entity.api.hubmapconsortium.org/entities/0a8ab5e6a21dea4c91d0ebe24bc0821b,Tissue Block,"Registered 7/21/2022, Valentina Stanley, TMC - University of California San Diego focusing on female reproduction","5 x 5 x 5 millimeter, 5 millimeter, 0 Sections",https://portal.hubmapconsortium.org/browse/sample/0a8ab5e6a21dea4c91d0ebe24bc0821b,http://purl.org/ccf/1.5/259e4f9f-d24d-4f1f-a0d7-337a46f8dbad,5,5,5,Valentina Stanley,Valentina,Stanley,,0
https://entity.api.hubmapconsortium.org/entities/1aa4c67ea149e89603194826fccf69d2,Tissue Block,"Registered 8/2/2022, Valentina Stanley, TMC - University of California San Diego focusing on female reproduction","5 x 5 x 5 millimeter, 5 millimeter, 0 Sections",https://portal.hubmapconsortium.org/browse/sample/1aa4c67ea149e89603194826fccf69d2,http://purl.org/ccf/1.5/20f2a36f-cd3c-4ce7-b11f-ef2fea1f50b3,5,5,5,Valentina Stanley,Valentina,Stanley,,0
https://entity.api.hubmapconsortium.org/entities/1e8d7c8207edb08dc5a37e7c2df24200,Tissue Block,"Registered 7/20/2022, Valentina Stanley, TMC - University of California San Diego focusing on female reproduction","5 x 5 x 5 millimeter, 5 millimeter, 0 Sections",https://portal.hubmapconsortium.org/browse/sample/1e8d7c8207edb08dc5a37e7c2df24200,http://purl.org/ccf/1.5/088e9e83-4fc1-43fc-9c80-42df5f0d56ba,5,5,5,Valentina Stanley,Valentina,Stanley,,0
https://entity.api.hubmapconsortium.org/entities/2a570b63d76b107b391a736dea92e26b,Tissue Block,"Registered 3/23/2026, Kyung Ahn, TMC - Children's Hospital of Philadelphia","10 x 4 x 5 millimeter, 5 millimeter, 3 Sections",https://portal.hubmapconsortium.org/browse/sample/2a570b63d76b107b391a736dea92e26b,http://purl.org/ccf/1.5/0daa56a0-f534-415a-8e60-e299fd540030,10,4,5,Kyung Ahn,Kyung,Ahn,,0
https://entity.api.hubmapconsortium.org/entities/34ea54d8150e9109ccceffe2eafb1766,Tissue Block,"Registered 7/21/2022, Valentina Stanley, TMC - University of California San Diego focusing on female reproduction","5 x 5 x 5 millimeter, 5 millimeter, 0 Sections",https://portal.hubmapconsortium.org/browse/sample/34ea54d8150e9109ccceffe2eafb1766,http://purl.org/ccf/1.5/0adb3436-02a9-4af1-b836-47fef0a827a5,5,5,5,Valentina Stanley,Valentina,Stanley,,0
https://entity.api.hubmapconsortium.org/entities/408d5dcba123cda371d67a57914dd1cb,Tissue Block,"Registered 8/31/2022, Valentina Stanley, TMC - University of California San Diego focusing on female reproduction","2.5 x 1 x 1 millimeter, 1 millimeter, 0 Sections",https://portal.hubmapconsortium.org/browse/sample/408d5dcba123cda371d67a57914dd1cb,http://purl.org/ccf/1.5/0a1b1df3-324b-4cd3-a371-6f84a78ca498,2.5,1,1,Valentina Stanley,Valentina,Stanley,,0
https://entity.api.hubmapconsortium.org/entities/4601a3a2d6430d46053e6fe015303d0e,Tissue Block,"Registered 3/23/2026, Kyung Ahn, TMC - Children's Hospital of Philadelphia","10 x 16 x 5 millimeter, 5 millimeter, 3 Sections",https://portal.hubmapconsortium.org/browse/sample/4601a3a2d6430d46053e6fe015303d0e,http://purl.org/ccf/1.5/1024fef2-b7a4-4160-aacf-a8774e65fcca,10,16,5,Kyung Ahn,Kyung,Ahn,,0
https://entity.api.hubmapconsortium.org/entities/4f25a211adffa73cf340cfa3e11a6c33,Tissue Block,"Registered 7/20/2022, Valentina Stanley, TMC - University of California San Diego focusing on female reproduction","5 x 5 x 5 millimeter, 5 millimeter, 0 Sections",https://portal.hubmapconsortium.org/browse/sample/4f25a211adffa73cf340cfa3e11a6c33,http://purl.org/ccf/1.5/0cd75af9-e9e6-4f17-8eb1-b69fce22e30b,5,5,5,Valentina Stanley,Valentina,Stanley,,0
https://entity.api.hubmapconsortium.org/entities/53436fc88f2f793d788caaf65052b7c0,Tissue Block,"Registered 7/21/2022, Valentina Stanley, TMC - University of California San Diego focusing on female reproduction","5 x 5 x 5 millimeter, 5 millimeter, 0 Sections",https://portal.hubmapconsortium.org/browse/sample/53436fc88f2f793d788caaf65052b7c0,http://purl.org/ccf/1.5/2451c3c7-fb05-4b77-8162-2eca223c82c3,5,5,5,Valentina Stanley,Valentina,Stanley,,0
https://entity.api.hubmapconsortium.org/entities/5b66157f0837b7484089652b71eb1404,Tissue Block,"Registered 7/20/2022, Valentina Stanley, TMC - University of California San Diego focusing on female reproduction","5 x 5 x 5 millimeter, 5 millimeter, 0 Sections",https://portal.hubmapconsortium.org/browse/sample/5b66157f0837b7484089652b71eb1404,http://purl.org/ccf/1.5/24ed999a-bf55-4a7f-97a4-74281a32fd63,5,5,5,Valentina Stanley,Valentina,Stanley,,0
https://entity.api.hubmapconsortium.org/entities/614a82871f675dfc9a12c8af2aefadac,Tissue Block,"Registered 7/20/2022, Valentina Stanley, TMC - University of California San Diego focusing on female reproduction","5 x 5 x 5 millimeter, 5 millimeter, 0 Sections",https://portal.hubmapconsortium.org/browse/sample/614a82871f675dfc9a12c8af2aefadac,http://purl.org/ccf/1.5/007d7918-2909-4b8a-b082-87cc4f7979f5,5,5,5,Valentina Stanley,Valentina,Stanley,,0
https://entity.api.hubmapconsortium.org/entities/6ec3621983000c38fa510135d6f70f66,Tissue Block,"Registered 8/2/2022, Valentina Stanley, TMC - University of California San Diego focusing on female reproduction","5 x 5 x 5 millimeter, 5 millimeter, 0 Sections",https://portal.hubmapconsortium.org/browse/sample/6ec3621983000c38fa510135d6f70f66,http://purl.org/ccf/1.5/1529fffd-6e0e-4fea-bb32-8d6d0ddff52e,5,5,5,Valentina Stanley,Valentina,Stanley,,0
https://entity.api.hubmapconsortium.org/entities/a6ba3f54842159755283bd957bd99a08,Tissue Block,"Registered 7/21/2022, Valentina Stanley, TMC - University of California San Diego focusing on female reproduction","5 x 5 x 5 millimeter, 5 millimeter, 0 Sections",https://portal.hubmapconsortium.org/browse/sample/a6ba3f54842159755283bd957bd99a08,http://purl.org/ccf/1.5/06b81c36-7765-4261-b872-f4aae8f7a522,5,5,5,Valentina Stanley,Valentina,Stanley,,0
https://entity.api.hubmapconsortium.org/entities/abf4dab49b3c8338bf356c5d1f0c5bcc,Tissue Block,"Registered 8/2/2022, Valentina Stanley, TMC - University of California San Diego focusing on female reproduction","5 x 5 x 5 millimeter, 5 millimeter, 0 Sections",https://portal.hubmapconsortium.org/browse/sample/abf4dab49b3c8338bf356c5d1f0c5bcc,http://purl.org/ccf/1.5/23a2a9a5-8bd5-4052-93b4-fadbae561db2,5,5,5,Valentina Stanley,Valentina,Stanley,,0
https://entity.api.hubmapconsortium.org/entities/ac52d1a8e7dcb875c529c216fa8fd55a,Tissue Block,"Registered 9/2/2022, Valentina Stanley, TMC - University of California San Diego focusing on female reproduction","5 x 5 x 5 millimeter, 5 millimeter, 0 Sections",https://portal.hubmapconsortium.org/browse/sample/ac52d1a8e7dcb875c529c216fa8fd55a,http://purl.org/ccf/1.5/15a1b81b-8fe1-4bd3-b2ac-d4e6109e235c,5,5,5,Valentina Stanley,Valentina,Stanley,,0
https://entity.api.hubmapconsortium.org/entities/c681ae8c8a1ed5a8c2f8fd56a6b81cc3,Tissue Block,"Registered 7/21/2022, Valentina Stanley, TMC - University of California San Diego focusing on female reproduction","5 x 5 x 5 millimeter, 5 millimeter, 0 Sections",https://portal.hubmapconsortium.org/browse/sample/c681ae8c8a1ed5a8c2f8fd56a6b81cc3,http://purl.org/ccf/1.5/24e5c050-8c52-48fe-816e-46bfa83693d6,5,5,5,Valentina Stanley,Valentina,Stanley,,0
https://entity.api.hubmapconsortium.org/entities/d615c4bc1897c367f120c8c993c2ecbc,Tissue Block,"Registered 7/20/2022, Valentina Stanley, TMC - University of California San Diego focusing on female reproduction","5 x 5 x 5 millimeter, 5 millimeter, 0 Sections",https://portal.hubmapconsortium.org/browse/sample/d615c4bc1897c367f120c8c993c2ecbc,http://purl.org/ccf/1.5/0476eb1c-2aed-430d-a3db-620c7afca92e,5,5,5,Valentina Stanley,Valentina,Stanley,,0
https://entity.api.hubmapconsortium.org/entities/e1d9ebc33bc5d396c4d663eca150e725,Tissue Block,"Registered 8/18/2022, Valentina Stanley, TMC - University of California San Diego focusing on female reproduction","1.5 x 1 x 1 millimeter, 1 millimeter, 0 Sections",https://portal.hubmapconsortium.org/browse/sample/e1d9ebc33bc5d396c4d663eca150e725,http://purl.org/ccf/1.5/1228b6a1-75e0-4851-b63b-848e66b1e3cb,1.5,1,1,Valentina Stanley,Valentina,Stanley,,0
https://entity.api.hubmapconsortium.org/entities/ea051617d57dff2c099c2e15c0f35a6f,Tissue Block,"Registered 7/20/2022, Valentina Stanley, TMC - University of California San Diego focusing on female reproduction","5 x 5 x 5 millimeter, 5 millimeter, 0 Sections",https://portal.hubmapconsortium.org/browse/sample/ea051617d57dff2c099c2e15c0f35a6f,http://purl.org/ccf/1.5/120e8f25-2a87-404e-a730-f4d56237f144,5,5,5,Valentina Stanley,Valentina,Stanley,,0
https://entity.api.hubmapconsortium.org/entities/f33858d68a2f4e5e50410fccd86afed4,Tissue Block,"Registered 7/20/2022, Valentina Stanley, TMC - University of California San Diego focusing on female reproduction","5 x 5 x 5 millimeter, 5 millimeter, 0 Sections",https://portal.hubmapconsortium.org/browse/sample/f33858d68a2f4e5e50410fccd86afed4,http://purl.org/ccf/1.5/007fa0e1-0ab3-40db-a9e9-a1965d74dcf5,5,5,5,Valentina Stanley,Valentina,Stanley,,0
https://entity.api.sennetconsortium.org/entities/0477054cb84a7df1a3d26a3e42aac84c,Tissue Block,"Registered 6/23/2025, Sergii Domanskyi, TMC - UConn Health","10 x 10 x 10 millimeter, 10 millimeter, 1 Sections",https://data.sennetconsortium.org/sample?uuid=0477054cb84a7df1a3d26a3e42aac84c,http://purl.org/ccf/1.5/52f0fcc9-a4a6-4ca1-91dd-b97e64feb210,10,10,10,Ramalakshmi Ramasamy,Ramalakshmi,Ramasamy,,0
https://entity.api.sennetconsortium.org/entities/0578c15a47bc152b72ff73280475bc89,Tissue Block,"Registered 10/22/2024, Sergii Domanskyi, TMC - UConn Health","4 x 15 x 25 millimeter, 4000 millimeter, 1 Sections",https://data.sennetconsortium.org/sample?uuid=0578c15a47bc152b72ff73280475bc89,http://purl.org/ccf/1.5/9fa88434-ec74-4328-a894-07f8d9f213cc,4,15,25,Kanako Iwasaki,Kanako,Iwasaki,,0
https://entity.api.sennetconsortium.org/entities/06c5e541d00939f27612ae3bd4181807,Tissue Block,"Registered 12/9/2024, Sergii Domanskyi, TMC - UConn Health","4 x 20 x 18 millimeter, 4000 millimeter, 1 Sections",https://data.sennetconsortium.org/sample?uuid=06c5e541d00939f27612ae3bd4181807,http://purl.org/ccf/1.5/ee91b4a1-de53-44b9-b0e6-dd23605e2652,4,20,18,Kanako Iwasaki,Kanako,Iwasaki,,0
https://entity.api.sennetconsortium.org/entities/076a754644cb9294e268efb86f849884,Tissue Block,"Registered 12/9/2024, Sergii Domanskyi, TMC - UConn Health","4 x 15 x 25 millimeter, 4000 millimeter, 1 Sections",https://data.sennetconsortium.org/sample?uuid=076a754644cb9294e268efb86f849884,http://purl.org/ccf/1.5/569e97c9-901f-40a3-b5bf-942dc4a7c4e1,4,15,25,Kanako Iwasaki,Kanako,Iwasaki,,0
https://entity.api.sennetconsortium.org/entities/08c7ff1822c61199e63fd0acc91b2d60,Tissue Block,"Registered 12/9/2024, Sergii Domanskyi, TMC - UConn Health","4 x 25 x 18 millimeter, 4000 millimeter, 1 Sections",https://data.sennetconsortium.org/sample?uuid=08c7ff1822c61199e63fd0acc91b2d60,http://purl.org/ccf/1.5/c657ec7b-8c67-4c73-8ad8-b6f13bb368f5,4,25,18,Kanako Iwasaki,Kanako,Iwasaki,,0
https://entity.api.sennetconsortium.org/entities/098f9efd482d22ce4d5dd1906494f01b,Tissue Block,"Registered 10/22/2024, Sergii Domanskyi, TMC - UConn Health","4 x 15 x 25 millimeter, 4000 millimeter, 1 Sections",https://data.sennetconsortium.org/sample?uuid=098f9efd482d22ce4d5dd1906494f01b,http://purl.org/ccf/1.5/1145456c-a7fc-49b0-87ce-c91037ad66e9,4,15,25,Kanako Iwasaki,Kanako,Iwasaki,,0
https://entity.api.sennetconsortium.org/entities/09dce01ae6ec802eb6ba95dfeccaf3a5,Tissue Block,"Registered 12/9/2024, Sergii Domanskyi, TMC - UConn Health","4 x 25 x 18 millimeter, 4000 millimeter, 1 Sections",https://data.sennetconsortium.org/sample?uuid=09dce01ae6ec802eb6ba95dfeccaf3a5,http://purl.org/ccf/1.5/eaa8b4d9-1cee-4aa8-aa73-fe67b544365a,4,25,18,Kanako Iwasaki,Kanako,Iwasaki,,0
https://entity.api.sennetconsortium.org/entities/0bd26825c1eecf3e2bb947f7638dc2a3,Tissue Block,"Registered 12/9/2024, Sergii Domanskyi, TMC - UConn Health","4 x 18 x 25 millimeter, 4000 millimeter, 1 Sections",https://data.sennetconsortium.org/sample?uuid=0bd26825c1eecf3e2bb947f7638dc2a3,http://purl.org/ccf/1.5/d5713b2b-ad15-4225-850e-a8efa16a597c,4,18,25,Kanako Iwasaki,Kanako,Iwasaki,,0
https://entity.api.sennetconsortium.org/entities/0c0fde441d9809b036e54ced66cf678c,Tissue Block,"Registered 6/23/2025, Sergii Domanskyi, TMC - UConn Health","10 x 10 x 10 millimeter, 10 millimeter, 1 Sections",https://data.sennetconsortium.org/sample?uuid=0c0fde441d9809b036e54ced66cf678c,http://purl.org/ccf/1.5/4603bbd3-b8dd-4c48-b127-f72c2120fc57,10,10,10,Ramalakshmi Ramasamy,Ramalakshmi,Ramasamy,,0
https://entity.api.sennetconsortium.org/entities/0e9180038a97747767914d574031f367,Tissue Block,"Registered 12/9/2024, Sergii Domanskyi, TMC - UConn Health","4 x 18 x 25 millimeter, 4000 millimeter, 1 Sections",https://data.sennetconsortium.org/sample?uuid=0e9180038a97747767914d574031f367,http://purl.org/ccf/1.5/1cbd9283-2d58-4a2d-88fe-effb18c3f14f,4,18,25,Kanako Iwasaki,Kanako,Iwasaki,,0
https://entity.api.sennetconsortium.org/entities/0f435cfca5cb421346a2575f356a78a5,Tissue Block,"Registered 6/23/2025, Sergii Domanskyi, TMC - UConn Health","10 x 10 x 10 millimeter, 10 millimeter, 1 Sections",https://data.sennetconsortium.org/sample?uuid=0f435cfca5cb421346a2575f356a78a5,http://purl.org/ccf/1.5/0aff65ab-adb5-4088-8264-849c5a362462,10,10,10,Ramalakshmi Ramasamy,Ramalakshmi,Ramasamy,,0
https://entity.api.sennetconsortium.org/entities/0fb40a7a7107979696cb4ef568afacdd,Tissue Block,"Registered 12/18/2025, Sergii Domanskyi, TMC - UConn Health","4 x 18 x 25 millimeter, 4000 millimeter, 1 Sections",https://data.sennetconsortium.org/sample?uuid=0fb40a7a7107979696cb4ef568afacdd,http://purl.org/ccf/1.5/4830f612-8562-41bd-ba6b-ebc273ed2aeb,4,18,25,Kanako Iwasaki,Kanako,Iwasaki,,0
https://entity.api.sennetconsortium.org/entities/1240f3ccd2cfef8dd4870bc406caf5be,Tissue Block,"Registered 12/9/2024, Sergii Domanskyi, TMC - UConn Health","4 x 25 x 18 millimeter, 4000 millimeter, 1 Sections",https://data.sennetconsortium.org/sample?uuid=1240f3ccd2cfef8dd4870bc406caf5be,http://purl.org/ccf/1.5/006cb235-3d41-4998-8866-0737924068b0,4,25,18,Kanako Iwasaki,Kanako,Iwasaki,,0
https://entity.api.sennetconsortium.org/entities/12604779c96226b93b1d121b3fa963fb,Tissue Block,"Registered 12/9/2024, Sergii Domanskyi, TMC - UConn Health","4 x 18 x 25 millimeter, 4000 millimeter, 1 Sections",https://data.sennetconsortium.org/sample?uuid=12604779c96226b93b1d121b3fa963fb,http://purl.org/ccf/1.5/4afc7c70-d7b5-457b-8cc7-e84e9fa786a0,4,18,25,Kanako Iwasaki,Kanako,Iwasaki,,0
https://entity.api.sennetconsortium.org/entities/12d11f9d5360e584d2481787bd6a51cb,Tissue Block,"Registered 12/18/2025, Sergii Domanskyi, TMC - UConn Health","4 x 18 x 25 millimeter, 4000 millimeter, 1 Sections",https://data.sennetconsortium.org/sample?uuid=12d11f9d5360e584d2481787bd6a51cb,http://purl.org/ccf/1.5/83f1e29b-25f4-4e9f-9c03-fd43d63a56bc,4,18,25,Kanako Iwasaki,Kanako,Iwasaki,,0
https://entity.api.sennetconsortium.org/entities/134e2b3d18971dd281aa33c8ae5a9ff4,Tissue Block,"Registered 6/23/2025, Sergii Domanskyi, TMC - UConn Health","10 x 10 x 10 millimeter, 10 millimeter, 1 Sections",https://data.sennetconsortium.org/sample?uuid=134e2b3d18971dd281aa33c8ae5a9ff4,http://purl.org/ccf/1.5/848922d6-37c2-4365-86e3-d8355286b158,10,10,10,Ramalakshmi Ramasamy,Ramalakshmi,Ramasamy,,0
https://entity.api.sennetconsortium.org/entities/21d3ac6ad21dc42e47fb31647c108a01,Tissue Block,"Registered 6/23/2025, Sergii Domanskyi, TMC - UConn Health","10 x 10 x 10 millimeter, 10 millimeter, 1 Sections",https://data.sennetconsortium.org/sample?uuid=21d3ac6ad21dc42e47fb31647c108a01,http://purl.org/ccf/1.5/0306c733-3664-4e13-941c-66a1d74d3e1e,10,10,10,Ramalakshmi Ramasamy,Ramalakshmi,Ramasamy,,0
https://entity.api.sennetconsortium.org/entities/2376c58f65838fc99d6fa69fd7ec7bc2,Tissue Block,"Registered 12/9/2024, Sergii Domanskyi, TMC - UConn Health","4 x 18 x 25 millimeter, 4000 millimeter, 1 Sections",https://data.sennetconsortium.org/sample?uuid=2376c58f65838fc99d6fa69fd7ec7bc2,http://purl.org/ccf/1.5/56e375c9-bbf5-458d-8d64-b9791be0e7d3,4,18,25,Kanako Iwasaki,Kanako,Iwasaki,,0
https://entity.api.sennetconsortium.org/entities/2524bd4dc58bc5f4a6688f6f1ab728c5,Tissue Block,"Registered 12/9/2024, Sergii Domanskyi, TMC - UConn Health","4 x 18 x 25 millimeter, 4000 millimeter, 1 Sections",https://data.sennetconsortium.org/sample?uuid=2524bd4dc58bc5f4a6688f6f1ab728c5,http://purl.org/ccf/1.5/d77268ef-1df2-4b9f-87d1-1b9a51b0e11a,4,18,25,Kanako Iwasaki,Kanako,Iwasaki,,0
https://entity.api.sennetconsortium.org/entities/2712dfa995feb019e13a71964c0346de,Tissue Block,"Registered 12/9/2024, Sergii Domanskyi, TMC - UConn Health","4 x 18 x 25 millimeter, 4000 millimeter, 1 Sections",https://data.sennetconsortium.org/sample?uuid=2712dfa995feb019e13a71964c0346de,http://purl.org/ccf/1.5/4154a974-b347-4af7-ab5e-e66911484e1f,4,18,25,Kanako Iwasaki,Kanako,Iwasaki,,0
https://entity.api.sennetconsortium.org/entities/2bda4d40bd7ff60919e01355af1ef739,Tissue Block,"Registered 12/9/2024, Sergii Domanskyi, TMC - UConn Health","4 x 18 x 25 millimeter, 4000 millimeter, 14 Sections",https://data.sennetconsortium.org/sample?uuid=2bda4d40bd7ff60919e01355af1ef739,http://purl.org/ccf/1.5/798bbe04-761c-4a68-b610-3989ef36833f,4,18,25,Kanako Iwasaki,Kanako,Iwasaki,,0
https://entity.api.sennetconsortium.org/entities/2c02c8bd1036a3e00bcce53eb73d58ec,Tissue Block,"Registered 12/9/2024, Sergii Domanskyi, TMC - UConn Health","4 x 15 x 25 millimeter, 4000 millimeter, 1 Sections",https://data.sennetconsortium.org/sample?uuid=2c02c8bd1036a3e00bcce53eb73d58ec,http://purl.org/ccf/1.5/4d7ef4bc-5776-4a85-80d1-3b185952e29c,4,15,25,Kanako Iwasaki,Kanako,Iwasaki,,0
https://entity.api.sennetconsortium.org/entities/2d2d2c1bef4157d46f7411cdd473656d,Tissue Block,"Registered 10/22/2024, Sergii Domanskyi, TMC - UConn Health","4 x 18 x 25 millimeter, 4000 millimeter, 1 Sections",https://data.sennetconsortium.org/sample?uuid=2d2d2c1bef4157d46f7411cdd473656d,http://purl.org/ccf/1.5/74ef68a6-22c3-471f-b636-93b4f4aa5aed,4,18,25,Kanako Iwasaki,Kanako,Iwasaki,,0
https://entity.api.sennetconsortium.org/entities/2d71cbab54f362d82197a3dfcfc67cc2,Tissue Block,"Registered 12/9/2024, Sergii Domanskyi, TMC - UConn Health","4 x 15 x 25 millimeter, 4000 millimeter, 1 Sections",https://data.sennetconsortium.org/sample?uuid=2d71cbab54f362d82197a3dfcfc67cc2,http://purl.org/ccf/1.5/e08edab6-fa0f-4626-8efb-4095041e3783,4,15,25,Kanako Iwasaki,Kanako,Iwasaki,,0
https://entity.api.sennetconsortium.org/entities/2d9e847e886bc26c2560b8d1d2d70533,Tissue Block,"Registered 12/9/2024, Sergii Domanskyi, TMC - UConn Health","4 x 18 x 25 millimeter, 4000 millimeter, 1 Sections",https://data.sennetconsortium.org/sample?uuid=2d9e847e886bc26c2560b8d1d2d70533,http://purl.org/ccf/1.5/246cf4d2-6f9d-4f7f-9499-6f34e3e643e2,4,18,25,Kanako Iwasaki,Kanako,Iwasaki,,0
https://entity.api.sennetconsortium.org/entities/2e5b35197f3bab4f9d8f6c33e46a1622,Tissue Block,"Registered 6/23/2025, Sergii Domanskyi, TMC - UConn Health","10 x 10 x 10 millimeter, 10 millimeter, 1 Sections",https://data.sennetconsortium.org/sample?uuid=2e5b35197f3bab4f9d8f6c33e46a1622,http://purl.org/ccf/1.5/55fac944-445e-46d7-b556-d294c76f6838,10,10,10,Ramalakshmi Ramasamy,Ramalakshmi,Ramasamy,,0
https://entity.api.sennetconsortium.org/entities/2ec52f3a3528d4ff2499dd60f9518968,Tissue Block,"Registered 12/9/2024, Sergii Domanskyi, TMC - UConn Health","4 x 18 x 25 millimeter, 4000 millimeter, 1 Sections",https://data.sennetconsortium.org/sample?uuid=2ec52f3a3528d4ff2499dd60f9518968,http://purl.org/ccf/1.5/bbbd7c74-f645-4654-9dc8-63a8473e095b,4,18,25,Kanako Iwasaki,Kanako,Iwasaki,,0
https://entity.api.sennetconsortium.org/entities/31c4e4280d4952e1a97bc45f30e4e383,Tissue Block,"Registered 6/23/2025, Sergii Domanskyi, TMC - UConn Health","10 x 10 x 10 millimeter, 10 millimeter, 1 Sections",https://data.sennetconsortium.org/sample?uuid=31c4e4280d4952e1a97bc45f30e4e383,http://purl.org/ccf/1.5/7841612a-63a3-45f9-9068-f4a9551b989f,10,10,10,Ramalakshmi Ramasamy,Ramalakshmi,Ramasamy,,0
https://entity.api.sennetconsortium.org/entities/34189aeacf4812d2baabdd2229eaf721,Tissue Block,"Registered 12/9/2024, Sergii Domanskyi, TMC - UConn Health","4 x 18 x 25 millimeter, 4000 millimeter, 1 Sections",https://data.sennetconsortium.org/sample?uuid=34189aeacf4812d2baabdd2229eaf721,http://purl.org/ccf/1.5/61e5b5eb-4ea7-4937-8e2a-ef0f158ec6c2,4,18,25,Kanako Iwasaki,Kanako,Iwasaki,,0
https://entity.api.sennetconsortium.org/entities/36f29e5f15b9235b43315c28951636ce,Tissue Block,"Registered 12/9/2024, Sergii Domanskyi, TMC - UConn Health","4 x 25 x 18 millimeter, 4000 millimeter, 1 Sections",https://data.sennetconsortium.org/sample?uuid=36f29e5f15b9235b43315c28951636ce,http://purl.org/ccf/1.5/a932f63c-c424-476c-8a8d-45eda55ad252,4,25,18,Kanako Iwasaki,Kanako,Iwasaki,,0
https://entity.api.sennetconsortium.org/entities/3b7eeeaebb5f2a0a28f4b798c9e62e72,Tissue Block,"Registered 6/23/2025, Sergii Domanskyi, TMC - UConn Health","10 x 10 x 10 millimeter, 10 millimeter, 1 Sections",https://data.sennetconsortium.org/sample?uuid=3b7eeeaebb5f2a0a28f4b798c9e62e72,http://purl.org/ccf/1.5/2bda6d44-4b3e-4aef-a198-080ebf62ad90,10,10,10,Ramalakshmi Ramasamy,Ramalakshmi,Ramasamy,,0
https://entity.api.sennetconsortium.org/entities/3bfc62470de4b55ccd9521c4dbaf5514,Tissue Block,"Registered 12/9/2024, Sergii Domanskyi, TMC - UConn Health","4 x 15 x 25 millimeter, 4000 millimeter, 1 Sections",https://data.sennetconsortium.org/sample?uuid=3bfc62470de4b55ccd9521c4dbaf5514,http://purl.org/ccf/1.5/47867b88-d714-467f-82a7-fd7d248856e3,4,15,25,Kanako Iwasaki,Kanako,Iwasaki,,0
https://entity.api.sennetconsortium.org/entities/3c3f3e6e41de340826e887ab19c6b121,Tissue Block,"Registered 12/9/2024, Sergii Domanskyi, TMC - UConn Health","4 x 20 x 18 millimeter, 4000 millimeter, 1 Sections",https://data.sennetconsortium.org/sample?uuid=3c3f3e6e41de340826e887ab19c6b121,http://purl.org/ccf/1.5/a50b3e65-47bc-43cd-9ce4-7e43575853fb,4,20,18,Kanako Iwasaki,Kanako,Iwasaki,,0
https://entity.api.sennetconsortium.org/entities/3e29a7ae7986f8e423157f23fdd89835,Tissue Block,"Registered 10/22/2024, Sergii Domanskyi, TMC - UConn Health","4 x 18 x 25 millimeter, 4000 millimeter, 1 Sections",https://data.sennetconsortium.org/sample?uuid=3e29a7ae7986f8e423157f23fdd89835,http://purl.org/ccf/1.5/49ddbc1b-5f61-4bbb-a52b-31e8bfd545dc,4,18,25,Kanako Iwasaki,Kanako,Iwasaki,,0
https://entity.api.sennetconsortium.org/entities/42ef61e767f4815d2d8d039331294c18,Tissue Block,"Registered 12/9/2024, Sergii Domanskyi, TMC - UConn Health","4 x 18 x 25 millimeter, 4000 millimeter, 1 Sections",https://data.sennetconsortium.org/sample?uuid=42ef61e767f4815d2d8d039331294c18,http://purl.org/ccf/1.5/69c1a97a-63bb-434d-a2d0-1511905d25da,4,18,25,Kanako Iwasaki,Kanako,Iwasaki,,0
https://entity.api.sennetconsortium.org/entities/4585182f42aa6098a4431751b6dcb3b7,Tissue Block,"Registered 12/9/2024, Sergii Domanskyi, TMC - UConn Health","4 x 15 x 25 millimeter, 4000 millimeter, 1 Sections",https://data.sennetconsortium.org/sample?uuid=4585182f42aa6098a4431751b6dcb3b7,http://purl.org/ccf/1.5/91045d3f-23ec-40cf-95a8-1f89674c47bc,4,15,25,Kanako Iwasaki,Kanako,Iwasaki,,0
https://entity.api.sennetconsortium.org/entities/4a145cf840b5b58a087dd8320ae72a31,Tissue Block,"Registered 12/9/2024, Sergii Domanskyi, TMC - UConn Health","4 x 18 x 25 millimeter, 4000 millimeter, 1 Sections",https://data.sennetconsortium.org/sample?uuid=4a145cf840b5b58a087dd8320ae72a31,http://purl.org/ccf/1.5/fe48df6d-25c3-4efd-8f9e-8e0b659cd618,4,18,25,Kanako Iwasaki,Kanako,Iwasaki,,0
https://entity.api.sennetconsortium.org/entities/584d9a99b1e9345347886290cb2355be,Tissue Block,"Registered 6/23/2025, Sergii Domanskyi, TMC - UConn Health","10 x 10 x 10 millimeter, 10 millimeter, 1 Sections",https://data.sennetconsortium.org/sample?uuid=584d9a99b1e9345347886290cb2355be,http://purl.org/ccf/1.5/063889e8-c070-4a46-b358-ecdb349d8f4f,10,10,10,Ramalakshmi Ramasamy,Ramalakshmi,Ramasamy,,0
https://entity.api.sennetconsortium.org/entities/5b3fbd0a5cfd8cf6eca0606551482c92,Tissue Block,"Registered 6/23/2025, Sergii Domanskyi, TMC - UConn Health","10 x 10 x 10 millimeter, 10 millimeter, 1 Sections",https://data.sennetconsortium.org/sample?uuid=5b3fbd0a5cfd8cf6eca0606551482c92,http://purl.org/ccf/1.5/3538ecab-a972-4c7d-bc61-e3c7bcdc56c4,10,10,10,Ramalakshmi Ramasamy,Ramalakshmi,Ramasamy,,0
https://entity.api.sennetconsortium.org/entities/5c77e9a3f2d1ec68e57475e3a9c6fc05,Tissue Block,"Registered 12/9/2024, Sergii Domanskyi, TMC - UConn Health","4 x 18 x 25 millimeter, 4000 millimeter, 1 Sections",https://data.sennetconsortium.org/sample?uuid=5c77e9a3f2d1ec68e57475e3a9c6fc05,http://purl.org/ccf/1.5/a438b2b7-3e1c-4062-8223-a72656ce6a94,4,18,25,Kanako Iwasaki,Kanako,Iwasaki,,0
https://entity.api.sennetconsortium.org/entities/5f6e1ecbd79d75f365aebbe0612bbe32,Tissue Block,"Registered 12/9/2024, Sergii Domanskyi, TMC - UConn Health","4 x 18 x 25 millimeter, 4000 millimeter, 1 Sections",https://data.sennetconsortium.org/sample?uuid=5f6e1ecbd79d75f365aebbe0612bbe32,http://purl.org/ccf/1.5/6b724dd2-a261-4671-a0d1-ede1e170ca4b,4,18,25,Kanako Iwasaki,Kanako,Iwasaki,,0
https://entity.api.sennetconsortium.org/entities/62cdc4efc2bafeb87a62265efb6abbdc,Tissue Block,"Registered 12/9/2024, Sergii Domanskyi, TMC - UConn Health","4 x 15 x 25 millimeter, 4000 millimeter, 1 Sections",https://data.sennetconsortium.org/sample?uuid=62cdc4efc2bafeb87a62265efb6abbdc,http://purl.org/ccf/1.5/6e84416f-6f4f-4ce2-9cc0-a3ba3a2053a9,4,15,25,Kanako Iwasaki,Kanako,Iwasaki,,0
https://entity.api.sennetconsortium.org/entities/654e71e9a9ac22ed51859840c8ab9797,Tissue Block,"Registered 6/23/2025, Sergii Domanskyi, TMC - UConn Health","10 x 10 x 10 millimeter, 10 millimeter, 1 Sections",https://data.sennetconsortium.org/sample?uuid=654e71e9a9ac22ed51859840c8ab9797,http://purl.org/ccf/1.5/914f56c2-3cfa-40b5-b8ce-c08142722eac,10,10,10,Ramalakshmi Ramasamy,Ramalakshmi,Ramasamy,,0
https://entity.api.sennetconsortium.org/entities/66184bea86ad7252e9a7b6e94c41268f,Tissue Block,"Registered 12/9/2024, Sergii Domanskyi, TMC - UConn Health","4 x 18 x 25 millimeter, 4000 millimeter, 1 Sections",https://data.sennetconsortium.org/sample?uuid=66184bea86ad7252e9a7b6e94c41268f,http://purl.org/ccf/1.5/b19e73ee-8358-48e8-9bbb-804e5b42c933,4,18,25,Kanako Iwasaki,Kanako,Iwasaki,,0
https://entity.api.sennetconsortium.org/entities/694839eb739a9aebef99c270745d36e4,Tissue Block,"Registered 6/23/2025, Sergii Domanskyi, TMC - UConn Health","10 x 10 x 10 millimeter, 10 millimeter, 1 Sections",https://data.sennetconsortium.org/sample?uuid=694839eb739a9aebef99c270745d36e4,http://purl.org/ccf/1.5/760639d6-a1db-4e60-82e6-dbb0ba760bac,10,10,10,Ramalakshmi Ramasamy,Ramalakshmi,Ramasamy,,0
https://entity.api.sennetconsortium.org/entities/6ce474c9a32a24ff1f8ef13088e67ca9,Tissue Block,"Registered 12/9/2024, Sergii Domanskyi, TMC - UConn Health","4 x 20 x 18 millimeter, 4000 millimeter, 1 Sections",https://data.sennetconsortium.org/sample?uuid=6ce474c9a32a24ff1f8ef13088e67ca9,http://purl.org/ccf/1.5/7127ed28-1ee4-43dc-9c64-989aa67602eb,4,20,18,Kanako Iwasaki,Kanako,Iwasaki,,0
https://entity.api.sennetconsortium.org/entities/6fabc850501e2fa09a77e498c231491e,Tissue Block,"Registered 6/23/2025, Sergii Domanskyi, TMC - UConn Health","10 x 10 x 10 millimeter, 10 millimeter, 1 Sections",https://data.sennetconsortium.org/sample?uuid=6fabc850501e2fa09a77e498c231491e,http://purl.org/ccf/1.5/2c3ff890-5e97-489f-96fc-2b13ad81eded,10,10,10,Ramalakshmi Ramasamy,Ramalakshmi,Ramasamy,,0
https://entity.api.sennetconsortium.org/entities/70c969e4c98309402a4acfed1524dc5b,Tissue Block,"Registered 12/9/2024, Sergii Domanskyi, TMC - UConn Health","4 x 25 x 18 millimeter, 4000 millimeter, 1 Sections",https://data.sennetconsortium.org/sample?uuid=70c969e4c98309402a4acfed1524dc5b,http://purl.org/ccf/1.5/4e89f8cc-97f6-4df1-a4b1-0ecf1fcd805c,4,25,18,Kanako Iwasaki,Kanako,Iwasaki,,0
https://entity.api.sennetconsortium.org/entities/716b94cc2f28aeb01f9bb7b9fe0e1302,Tissue Block,"Registered 12/9/2024, Sergii Domanskyi, TMC - UConn Health","4 x 18 x 25 millimeter, 4000 millimeter, 1 Sections",https://data.sennetconsortium.org/sample?uuid=716b94cc2f28aeb01f9bb7b9fe0e1302,http://purl.org/ccf/1.5/f9257487-b125-4f47-bd5e-b11a65965623,4,18,25,Kanako Iwasaki,Kanako,Iwasaki,,0
https://entity.api.sennetconsortium.org/entities/72409abc77d4274674b85b75fe484774,Tissue Block,"Registered 6/23/2025, Sergii Domanskyi, TMC - UConn Health","10 x 10 x 10 millimeter, 10 millimeter, 1 Sections",https://data.sennetconsortium.org/sample?uuid=72409abc77d4274674b85b75fe484774,http://purl.org/ccf/1.5/334cc42b-f9d4-4c16-b0ea-85b7d2632f1a,10,10,10,Ramalakshmi Ramasamy,Ramalakshmi,Ramasamy,,0
https://entity.api.sennetconsortium.org/entities/72f0324be26875f956797e6babd34c77,Tissue Block,"Registered 12/9/2024, Sergii Domanskyi, TMC - UConn Health","4 x 25 x 18 millimeter, 4000 millimeter, 1 Sections",https://data.sennetconsortium.org/sample?uuid=72f0324be26875f956797e6babd34c77,http://purl.org/ccf/1.5/269f53a9-bf8a-453b-ac4e-d233906a9d25,4,25,18,Kanako Iwasaki,Kanako,Iwasaki,,0
https://entity.api.sennetconsortium.org/entities/766e207974450222d96a8ee367c0c0c3,Tissue Block,"Registered 6/23/2025, Sergii Domanskyi, TMC - UConn Health","10 x 10 x 10 millimeter, 10 millimeter, 1 Sections",https://data.sennetconsortium.org/sample?uuid=766e207974450222d96a8ee367c0c0c3,http://purl.org/ccf/1.5/48cf6c0f-249d-4b78-bd72-527a5157d7b2,10,10,10,Ramalakshmi Ramasamy,Ramalakshmi,Ramasamy,,0
https://entity.api.sennetconsortium.org/entities/820d91feeba2ea9f2631c4c27d6fe325,Tissue Block,"Registered 6/23/2025, Sergii Domanskyi, TMC - UConn Health","10 x 10 x 10 millimeter, 10 millimeter, 1 Sections",https://data.sennetconsortium.org/sample?uuid=820d91feeba2ea9f2631c4c27d6fe325,http://purl.org/ccf/1.5/8b9185b9-27c0-467e-a52d-0146e9154826,10,10,10,Ramalakshmi Ramasamy,Ramalakshmi,Ramasamy,,0
https://entity.api.sennetconsortium.org/entities/826b5d147cfdc078f7a7ba1e64eec21d,Tissue Block,"Registered 12/18/2025, Sergii Domanskyi, TMC - UConn Health","4 x 18 x 25 millimeter, 4000 millimeter, 1 Sections",https://data.sennetconsortium.org/sample?uuid=826b5d147cfdc078f7a7ba1e64eec21d,http://purl.org/ccf/1.5/3b303946-0f2f-450c-8efc-12767c1013bc,4,18,25,Kanako Iwasaki,Kanako,Iwasaki,,0
https://entity.api.sennetconsortium.org/entities/868a95690d2ca2d13f4ed19f83da2ad8,Tissue Block,"Registered 12/9/2024, Sergii Domanskyi, TMC - UConn Health","4 x 15 x 25 millimeter, 4000 millimeter, 1 Sections",https://data.sennetconsortium.org/sample?uuid=868a95690d2ca2d13f4ed19f83da2ad8,http://purl.org/ccf/1.5/15f18e96-7ae3-48a8-b80e-c0f645b08858,4,15,25,Kanako Iwasaki,Kanako,Iwasaki,,0
https://entity.api.sennetconsortium.org/entities/8b137d3073006f302f952f5c365e6e16,Tissue Block,"Registered 12/9/2024, Sergii Domanskyi, TMC - UConn Health","4 x 15 x 18 millimeter, 4000 millimeter, 1 Sections",https://data.sennetconsortium.org/sample?uuid=8b137d3073006f302f952f5c365e6e16,http://purl.org/ccf/1.5/cb66c4bf-591d-404e-9d62-4b956bfbb7e7,4,15,18,Kanako Iwasaki,Kanako,Iwasaki,,0
https://entity.api.sennetconsortium.org/entities/8ce2be4911a96b94bd44677c19125ff1,Tissue Block,"Registered 6/23/2025, Sergii Domanskyi, TMC - UConn Health","10 x 10 x 10 millimeter, 10 millimeter, 1 Sections",https://data.sennetconsortium.org/sample?uuid=8ce2be4911a96b94bd44677c19125ff1,http://purl.org/ccf/1.5/914785c1-9b36-4bc8-8d59-3aec6c5b09dd,10,10,10,Ramalakshmi Ramasamy,Ramalakshmi,Ramasamy,,0
https://entity.api.sennetconsortium.org/entities/8f47c017079184da0db6a35e6000dc27,Tissue Block,"Registered 12/9/2024, Sergii Domanskyi, TMC - UConn Health","4 x 15 x 18 millimeter, 4000 millimeter, 1 Sections",https://data.sennetconsortium.org/sample?uuid=8f47c017079184da0db6a35e6000dc27,http://purl.org/ccf/1.5/3787d40c-0308-4bf4-8ce2-f7df0de87c12,4,15,18,Kanako Iwasaki,Kanako,Iwasaki,,0
https://entity.api.sennetconsortium.org/entities/94ac1085b19b52361794e7aea2727486,Tissue Block,"Registered 12/9/2024, Sergii Domanskyi, TMC - UConn Health","4 x 15 x 18 millimeter, 4000 millimeter, 1 Sections",https://data.sennetconsortium.org/sample?uuid=94ac1085b19b52361794e7aea2727486,http://purl.org/ccf/1.5/b1443e1b-0464-4984-b9c3-e0fb75b4feb0,4,15,18,Kanako Iwasaki,Kanako,Iwasaki,,0
https://entity.api.sennetconsortium.org/entities/9600389b9ec4af9d39edea9bcb7969ec,Tissue Block,"Registered 12/9/2024, Sergii Domanskyi, TMC - UConn Health","4 x 15 x 25 millimeter, 4000 millimeter, 1 Sections",https://data.sennetconsortium.org/sample?uuid=9600389b9ec4af9d39edea9bcb7969ec,http://purl.org/ccf/1.5/1da34ba2-6e68-41e5-a8ea-b328c38e395a,4,15,25,Kanako Iwasaki,Kanako,Iwasaki,,0
https://entity.api.sennetconsortium.org/entities/986641d48b783cbdefb391e4c0521150,Tissue Block,"Registered 6/23/2025, Sergii Domanskyi, TMC - UConn Health","10 x 10 x 10 millimeter, 10 millimeter, 1 Sections",https://data.sennetconsortium.org/sample?uuid=986641d48b783cbdefb391e4c0521150,http://purl.org/ccf/1.5/2c42b32d-3c4e-4c49-95e1-78f9b092bc77,10,10,10,Ramalakshmi Ramasamy,Ramalakshmi,Ramasamy,,0
https://entity.api.sennetconsortium.org/entities/99e06ac69fa154baf3fe15aae339a537,Tissue Block,"Registered 12/18/2025, Sergii Domanskyi, TMC - UConn Health","4 x 18 x 25 millimeter, 4000 millimeter, 1 Sections",https://data.sennetconsortium.org/sample?uuid=99e06ac69fa154baf3fe15aae339a537,http://purl.org/ccf/1.5/5830843a-c864-4d3d-be41-bd662b02428d,4,18,25,Kanako Iwasaki,Kanako,Iwasaki,,0
https://entity.api.sennetconsortium.org/entities/9c6ee40fd9d6522c7df0bf73620d1f91,Tissue Block,"Registered 12/9/2024, Sergii Domanskyi, TMC - UConn Health","4 x 18 x 25 millimeter, 4000 millimeter, 1 Sections",https://data.sennetconsortium.org/sample?uuid=9c6ee40fd9d6522c7df0bf73620d1f91,http://purl.org/ccf/1.5/c361f725-c7cf-4e71-9c7f-4236cf3e99b5,4,18,25,Kanako Iwasaki,Kanako,Iwasaki,,0
https://entity.api.sennetconsortium.org/entities/a826076f758aaa343507ad7206347644,Tissue Block,"Registered 12/9/2024, Sergii Domanskyi, TMC - UConn Health","4 x 25 x 18 millimeter, 4000 millimeter, 1 Sections",https://data.sennetconsortium.org/sample?uuid=a826076f758aaa343507ad7206347644,http://purl.org/ccf/1.5/56621014-64de-4351-a724-be42becb142e,4,25,18,Kanako Iwasaki,Kanako,Iwasaki,,0
https://entity.api.sennetconsortium.org/entities/aba432a30aefd6d3d17201bf88aaafa2,Tissue Block,"Registered 12/9/2024, Sergii Domanskyi, TMC - UConn Health","4 x 18 x 25 millimeter, 4000 millimeter, 1 Sections",https://data.sennetconsortium.org/sample?uuid=aba432a30aefd6d3d17201bf88aaafa2,http://purl.org/ccf/1.5/7ed7879d-c1e2-4f31-b0d6-83f8251ce953,4,18,25,Kanako Iwasaki,Kanako,Iwasaki,,0
https://entity.api.sennetconsortium.org/entities/b4c301969bb730e3e0062fbeb514cd11,Tissue Block,"Registered 12/9/2024, Sergii Domanskyi, TMC - UConn Health","4 x 13 x 25 millimeter, 4000 millimeter, 1 Sections",https://data.sennetconsortium.org/sample?uuid=b4c301969bb730e3e0062fbeb514cd11,http://purl.org/ccf/1.5/79e0572b-32fe-4f5c-9977-664a0c8b03b0,4,13,25,Kanako Iwasaki,Kanako,Iwasaki,,0
https://entity.api.sennetconsortium.org/entities/b744ae30a7acd0cd555a1a35cb3e2889,Tissue Block,"Registered 12/9/2024, Sergii Domanskyi, TMC - UConn Health","4 x 18 x 25 millimeter, 4000 millimeter, 1 Sections",https://data.sennetconsortium.org/sample?uuid=b744ae30a7acd0cd555a1a35cb3e2889,http://purl.org/ccf/1.5/bbe8e6fc-c62c-4f86-800d-c04d11704a8e,4,18,25,Kanako Iwasaki,Kanako,Iwasaki,,0
https://entity.api.sennetconsortium.org/entities/bc0f6e06edc88e69f0461827052886ae,Tissue Block,"Registered 12/9/2024, Sergii Domanskyi, TMC - UConn Health","4 x 18 x 25 millimeter, 4000 millimeter, 1 Sections",https://data.sennetconsortium.org/sample?uuid=bc0f6e06edc88e69f0461827052886ae,http://purl.org/ccf/1.5/b1b42a46-c5d1-4f96-a2db-cbdc06cfdbc5,4,18,25,Kanako Iwasaki,Kanako,Iwasaki,,0
https://entity.api.sennetconsortium.org/entities/bd94621a953c40d459ec77f72ac43076,Tissue Block,"Registered 12/9/2024, Sergii Domanskyi, TMC - UConn Health","4 x 13 x 25 millimeter, 4000 millimeter, 1 Sections",https://data.sennetconsortium.org/sample?uuid=bd94621a953c40d459ec77f72ac43076,http://purl.org/ccf/1.5/60046b34-cf00-4137-9858-466305871150,4,13,25,Kanako Iwasaki,Kanako,Iwasaki,,0
https://entity.api.sennetconsortium.org/entities/bef8edf5d65da6c7423df542217bc5fe,Tissue Block,"Registered 12/9/2024, Sergii Domanskyi, TMC - UConn Health","4 x 18 x 25 millimeter, 4000 millimeter, 1 Sections",https://data.sennetconsortium.org/sample?uuid=bef8edf5d65da6c7423df542217bc5fe,http://purl.org/ccf/1.5/51c13bbf-0cf6-4b4e-b141-7703bbde92a2,4,18,25,Kanako Iwasaki,Kanako,Iwasaki,,0
https://entity.api.sennetconsortium.org/entities/c12eca29b5268504f0b2cebefc72f084,Tissue Block,"Registered 12/9/2024, Sergii Domanskyi, TMC - UConn Health","4 x 15 x 18 millimeter, 4000 millimeter, 12 Sections",https://data.sennetconsortium.org/sample?uuid=c12eca29b5268504f0b2cebefc72f084,http://purl.org/ccf/1.5/139ad120-b165-4e11-90b8-b86c170d2fc9,4,15,18,Kanako Iwasaki,Kanako,Iwasaki,,0
https://entity.api.sennetconsortium.org/entities/c255ce646c29e268fb43569ee9cc5bec,Tissue Block,"Registered 12/9/2024, Sergii Domanskyi, TMC - UConn Health","4 x 25 x 18 millimeter, 4000 millimeter, 1 Sections",https://data.sennetconsortium.org/sample?uuid=c255ce646c29e268fb43569ee9cc5bec,http://purl.org/ccf/1.5/93da1599-2fc8-4aa9-99de-954ec1989adf,4,25,18,Kanako Iwasaki,Kanako,Iwasaki,,0
https://entity.api.sennetconsortium.org/entities/ca85f629f25ee7f6f68645cee63e6c62,Tissue Block,"Registered 6/23/2025, Sergii Domanskyi, TMC - UConn Health","10 x 10 x 10 millimeter, 10 millimeter, 1 Sections",https://data.sennetconsortium.org/sample?uuid=ca85f629f25ee7f6f68645cee63e6c62,http://purl.org/ccf/1.5/748ff405-301d-4017-8952-6ca98bbf20f2,10,10,10,Ramalakshmi Ramasamy,Ramalakshmi,Ramasamy,,0
https://entity.api.sennetconsortium.org/entities/cfc66d44c43eed3ac4eb63d39cd39de1,Tissue Block,"Registered 12/9/2024, Sergii Domanskyi, TMC - UConn Health","4 x 18 x 25 millimeter, 4000 millimeter, 1 Sections",https://data.sennetconsortium.org/sample?uuid=cfc66d44c43eed3ac4eb63d39cd39de1,http://purl.org/ccf/1.5/2a981b9a-3e66-4c3c-b71c-acd374d6aaea,4,18,25,Kanako Iwasaki,Kanako,Iwasaki,,0
https://entity.api.sennetconsortium.org/entities/da59cb1f31ba4c435f35fa25e5a24eb3,Tissue Block,"Registered 12/9/2024, Sergii Domanskyi, TMC - UConn Health","4 x 18 x 25 millimeter, 4000 millimeter, 1 Sections",https://data.sennetconsortium.org/sample?uuid=da59cb1f31ba4c435f35fa25e5a24eb3,http://purl.org/ccf/1.5/9118e096-c87c-4a04-8610-3f87c67d8844,4,18,25,Kanako Iwasaki,Kanako,Iwasaki,,0
https://entity.api.sennetconsortium.org/entities/e988c610bce70479ffddcd691626ac77,Tissue Block,"Registered 12/9/2024, Sergii Domanskyi, TMC - UConn Health","4 x 20 x 18 millimeter, 4000 millimeter, 1 Sections",https://data.sennetconsortium.org/sample?uuid=e988c610bce70479ffddcd691626ac77,http://purl.org/ccf/1.5/17e2d1d5-fef4-4bed-8884-13a8c5f6e55d,4,20,18,Kanako Iwasaki,Kanako,Iwasaki,,0
https://entity.api.sennetconsortium.org/entities/eb1dbebcbf98cfd93fb18faf4765febd,Tissue Block,"Registered 12/9/2024, Sergii Domanskyi, TMC - UConn Health","4 x 15 x 25 millimeter, 4000 millimeter, 1 Sections",https://data.sennetconsortium.org/sample?uuid=eb1dbebcbf98cfd93fb18faf4765febd,http://purl.org/ccf/1.5/de2c01b3-5199-41e6-a907-237ae3f9d0d7,4,15,25,Kanako Iwasaki,Kanako,Iwasaki,,0
https://entity.api.sennetconsortium.org/entities/f09f8ab35522f42e5506ae04593aec47,Tissue Block,"Registered 12/9/2024, Sergii Domanskyi, TMC - UConn Health","4 x 18 x 25 millimeter, 4000 millimeter, 1 Sections",https://data.sennetconsortium.org/sample?uuid=f09f8ab35522f42e5506ae04593aec47,http://purl.org/ccf/1.5/2eb99525-e795-4a92-9e4e-d9eabfe9f43d,4,18,25,Kanako Iwasaki,Kanako,Iwasaki,,0
https://entity.api.sennetconsortium.org/entities/f5ae30e8876be7faf076531a48cf1ea0,Tissue Block,"Registered 12/17/2025, Sergii Domanskyi, TMC - UConn Health","10 x 10 x 10 millimeter, 10 millimeter, 1 Sections",https://data.sennetconsortium.org/sample?uuid=f5ae30e8876be7faf076531a48cf1ea0,http://purl.org/ccf/1.5/81efb16e-936f-40bd-bc70-c4e463b90e21,10,10,10,Ramalakshmi Ramasamy,Ramalakshmi,Ramasamy,,0
https://entity.api.sennetconsortium.org/entities/fcbc8bd4cb6ef6b488e20aae72cbfeb1,Tissue Block,"Registered 6/23/2025, Sergii Domanskyi, TMC - UConn Health","10 x 10 x 10 millimeter, 10 millimeter, 1 Sections",https://data.sennetconsortium.org/sample?uuid=fcbc8bd4cb6ef6b488e20aae72cbfeb1,http://purl.org/ccf/1.5/5a28b98c-a77d-4eff-ba5a-9944c3edd231,10,10,10,Ramalakshmi Ramasamy,Ramalakshmi,Ramasamy,,0
https://entity.api.sennetconsortium.org/entities/fcfae0816a6cadce8fdbf135a9c633d8,Tissue Block,"Registered 12/9/2024, Sergii Domanskyi, TMC - UConn Health","4 x 25 x 18 millimeter, 4000 millimeter, 1 Sections",https://data.sennetconsortium.org/sample?uuid=fcfae0816a6cadce8fdbf135a9c633d8,http://purl.org/ccf/1.5/86031ae3-0668-4ad8-b211-233c7a2b0415,4,25,18,Kanako Iwasaki,Kanako,Iwasaki,,0
https://entity.api.sennetconsortium.org/entities/5e7700914947ebd190e706cdd70b171b,Tissue Block,"Registered 12/9/2024, Sergii Domanskyi, TMC - UConn Health","4 x 18 x 25 millimeter, 4000 millimeter, 1 Sections",https://data.sennetconsortium.org/sample?uuid=5e7700914947ebd190e706cdd70b171b,http://purl.org/ccf/1.5/1c2fb1d3-5026-4aa1-9204-b49c96b4bf63,4,18,25,Kanako Iwasaki,Kanako,Iwasaki,,0
https://entity.api.sennetconsortium.org/entities/6225aacaaa27fa8ffc3b922d8874467e,Tissue Block,"Registered 7/31/2025, Divya John, TMC - Duke University","15 x 15 x 3 millimeter, 5 millimeter, 1 Sections",https://data.sennetconsortium.org/sample?uuid=6225aacaaa27fa8ffc3b922d8874467e,http://purl.org/ccf/1.5/f773e595-2a71-425b-814f-a0bc5640e4b0,15,15,3,Jane Stevens,Jane,Stevens,,0
https://entity.api.sennetconsortium.org/entities/62359c7349eef68e1eddc2b9c73bc6da,Tissue Block,"Registered 7/31/2025, Divya John, TMC - Duke University","15 x 15 x 3 millimeter, 5 millimeter, 1 Sections",https://data.sennetconsortium.org/sample?uuid=62359c7349eef68e1eddc2b9c73bc6da,http://purl.org/ccf/1.5/e2b79771-e1f7-4f0b-82c7-fb892bd16044,15,15,3,Jane Stevens,Jane,Stevens,,0
https://entity.api.sennetconsortium.org/entities/62ec5342f0564d0cd99c853daa9510ac,Tissue Block,"Registered 12/18/2025, Sergii Domanskyi, TMC - UConn Health","4 x 18 x 25 millimeter, 4000 millimeter, 1 Sections",https://data.sennetconsortium.org/sample?uuid=62ec5342f0564d0cd99c853daa9510ac,http://purl.org/ccf/1.5/3bde5d0b-a56d-4b01-8da0-e0cde29198bd,4,18,25,Kanako Iwasaki,Kanako,Iwasaki,,0
https://entity.api.sennetconsortium.org/entities/6c4a532faab03e04d7972300470b708b,Tissue Block,"Registered 12/18/2025, Sergii Domanskyi, TMC - UConn Health","4 x 18 x 25 millimeter, 4000 millimeter, 1 Sections",https://data.sennetconsortium.org/sample?uuid=6c4a532faab03e04d7972300470b708b,http://purl.org/ccf/1.5/5f7e2c58-fba5-4eea-89f9-296264bec88a,4,18,25,Kanako Iwasaki,Kanako,Iwasaki,,0
https://entity.api.sennetconsortium.org/entities/70745b896d62ad50f955fc1fbade34cf,Tissue Block,"Registered 12/9/2024, Sergii Domanskyi, TMC - UConn Health","4 x 15 x 25 millimeter, 4000 millimeter, 1 Sections",https://data.sennetconsortium.org/sample?uuid=70745b896d62ad50f955fc1fbade34cf,http://purl.org/ccf/1.5/3b9e6b08-0238-467b-9523-3f672764d8a5,4,15,25,Kanako Iwasaki,Kanako,Iwasaki,,0
https://entity.api.sennetconsortium.org/entities/8509f6e1e6cb349c68b1dcf2f32849a0,Tissue Block,"Registered 12/18/2025, Sergii Domanskyi, TMC - UConn Health","4 x 18 x 25 millimeter, 4000 millimeter, 1 Sections",https://data.sennetconsortium.org/sample?uuid=8509f6e1e6cb349c68b1dcf2f32849a0,http://purl.org/ccf/1.5/0d7c5427-8dd8-47dc-add6-56666016002e,4,18,25,Kanako Iwasaki,Kanako,Iwasaki,,0
https://entity.api.sennetconsortium.org/entities/b1e2688956852e5aff233a856b38d754,Tissue Block,"Registered 12/18/2025, Sergii Domanskyi, TMC - UConn Health","4 x 18 x 25 millimeter, 4000 millimeter, 1 Sections",https://data.sennetconsortium.org/sample?uuid=b1e2688956852e5aff233a856b38d754,http://purl.org/ccf/1.5/23b2139f-2177-4980-8bac-75e9a8901b8c,4,18,25,Kanako Iwasaki,Kanako,Iwasaki,,0
https://entity.api.sennetconsortium.org/entities/b969806145c16ef78361e607a93bfc99,Tissue Block,"Registered 12/18/2025, Sergii Domanskyi, TMC - UConn Health","4 x 15 x 25 millimeter, 4000 millimeter, 1 Sections",https://data.sennetconsortium.org/sample?uuid=b969806145c16ef78361e607a93bfc99,http://purl.org/ccf/1.5/c695cc36-cac6-4322-a903-b005e5243b39,4,15,25,Kanako Iwasaki,Kanako,Iwasaki,,0
https://entity.api.sennetconsortium.org/entities/bae92fd75fc69e476b6a8113cfe43dc7,Tissue Block,"Registered 12/9/2024, Sergii Domanskyi, TMC - UConn Health","4 x 18 x 25 millimeter, 4000 millimeter, 1 Sections",https://data.sennetconsortium.org/sample?uuid=bae92fd75fc69e476b6a8113cfe43dc7,http://purl.org/ccf/1.5/19d06baf-65cc-4530-a0eb-5fcd9b98bcce,4,18,25,Kanako Iwasaki,Kanako,Iwasaki,,0
https://entity.api.sennetconsortium.org/entities/bafccd59531e185897c9d812a34b6d17,Tissue Block,"Registered 12/9/2024, Sergii Domanskyi, TMC - UConn Health","4 x 15 x 25 millimeter, 4000 millimeter, 1 Sections",https://data.sennetconsortium.org/sample?uuid=bafccd59531e185897c9d812a34b6d17,http://purl.org/ccf/1.5/536c9dcc-7a5a-49cb-8d61-2863ce860037,4,15,25,Kanako Iwasaki,Kanako,Iwasaki,,0
https://entity.api.sennetconsortium.org/entities/bd2698dbb992f9142e7e2d2067902978,Tissue Block,"Registered 12/18/2025, Sergii Domanskyi, TMC - UConn Health","4 x 18 x 25 millimeter, 4000 millimeter, 1 Sections",https://data.sennetconsortium.org/sample?uuid=bd2698dbb992f9142e7e2d2067902978,http://purl.org/ccf/1.5/be7e6cb2-7ba5-475c-98df-38d2306618e2,4,18,25,Kanako Iwasaki,Kanako,Iwasaki,,0
https://entity.api.sennetconsortium.org/entities/be001fc9783552f7b261e83a1b1411ca,Tissue Block,"Registered 7/31/2025, Divya John, TMC - Duke University","15 x 15 x 3 millimeter, 5 millimeter, 1 Sections",https://data.sennetconsortium.org/sample?uuid=be001fc9783552f7b261e83a1b1411ca,http://purl.org/ccf/1.5/f6b03730-b29f-41a3-b226-f69cab212448,15,15,3,Jane Stevens,Jane,Stevens,,0
https://entity.api.sennetconsortium.org/entities/be2a5829c0b2eeeeaa3f1b3e1031a116,Tissue Block,"Registered 12/9/2024, Sergii Domanskyi, TMC - UConn Health","4 x 20 x 25 millimeter, 4000 millimeter, 1 Sections",https://data.sennetconsortium.org/sample?uuid=be2a5829c0b2eeeeaa3f1b3e1031a116,http://purl.org/ccf/1.5/182ca45e-8190-4709-a3af-def316572e09,4,20,25,Kanako Iwasaki,Kanako,Iwasaki,,0
https://entity.api.sennetconsortium.org/entities/d832d4b207d3768b51867c6a7bb5e5ba,Tissue Block,"Registered 12/9/2024, Sergii Domanskyi, TMC - UConn Health","4 x 18 x 25 millimeter, 4000 millimeter, 1 Sections",https://data.sennetconsortium.org/sample?uuid=d832d4b207d3768b51867c6a7bb5e5ba,http://purl.org/ccf/1.5/335df3c2-03f9-44ce-8c8b-722c313b4fcb,4,18,25,Kanako Iwasaki,Kanako,Iwasaki,,0
https://entity.api.sennetconsortium.org/entities/dba3bdbda9c38de646560cb7b24b5538,Tissue Block,"Registered 12/18/2025, Sergii Domanskyi, TMC - UConn Health","4 x 15 x 25 millimeter, 4000 millimeter, 1 Sections",https://data.sennetconsortium.org/sample?uuid=dba3bdbda9c38de646560cb7b24b5538,http://purl.org/ccf/1.5/dc847b5f-caa9-42f9-912c-eac35b781e7a,4,15,25,Kanako Iwasaki,Kanako,Iwasaki,,0
https://entity.api.sennetconsortium.org/entities/de2cfe7984f6489fe38b2e3f526dc9dd,Tissue Block,"Registered 12/9/2024, Sergii Domanskyi, TMC - UConn Health","4 x 15 x 25 millimeter, 4000 millimeter, 1 Sections",https://data.sennetconsortium.org/sample?uuid=de2cfe7984f6489fe38b2e3f526dc9dd,http://purl.org/ccf/1.5/be8c8224-646f-4e98-a876-73e1209de49d,4,15,25,Kanako Iwasaki,Kanako,Iwasaki,,0
https://entity.api.sennetconsortium.org/entities/f139d0417508a2f82db04c1c70c8318a,Tissue Block,"Registered 12/9/2024, Sergii Domanskyi, TMC - UConn Health","4 x 18 x 25 millimeter, 4000 millimeter, 1 Sections",https://data.sennetconsortium.org/sample?uuid=f139d0417508a2f82db04c1c70c8318a,http://purl.org/ccf/1.5/80869cd6-418b-4abd-bad8-c1f937e0d71f,4,18,25,Kanako Iwasaki,Kanako,Iwasaki,,0
https://entity.api.sennetconsortium.org/entities/fe1a3e2dcf2b63cf92b7397ac8d3fe90,Tissue Block,"Registered 12/18/2025, Sergii Domanskyi, TMC - UConn Health","4 x 18 x 25 millimeter, 4000 millimeter, 1 Sections",https://data.sennetconsortium.org/sample?uuid=fe1a3e2dcf2b63cf92b7397ac8d3fe90,http://purl.org/ccf/1.5/1779664f-5257-4790-9a28-9b603d926feb,4,18,25,Kanako Iwasaki,Kanako,Iwasaki,,0
https://entity.api.sennetconsortium.org/entities/bea3c4557e816d4117e7981416158025,Tissue Block,"Registered 4/1/2024, Lorena Rosas, TMC - University of Pittsburgh","25 x 25 x 25 millimeter, 7 millimeter, 1 Sections",https://data.sennetconsortium.org/sample?uuid=bea3c4557e816d4117e7981416158025,http://purl.org/ccf/1.5/c9e06f93-152f-4c72-aa69-4b1176833af7,25,25,25,Lorena Rosas,Lorena,Rosas,,0
https://entity.api.sennetconsortium.org/entities/01668f4a86f78edebf3eb05b888500d2,Tissue Block,"Registered 6/27/2024, Lorena Rosas, TMC - University of Pittsburgh","10 x 10 x 10 millimeter, 10 millimeter, 1 Sections",https://data.sennetconsortium.org/sample?uuid=01668f4a86f78edebf3eb05b888500d2,http://purl.org/ccf/1.5/4d32d129-913b-4932-be4d-12cf56607095,10,10,10,Lorena Rosas,Lorena,Rosas,,0
https://entity.api.sennetconsortium.org/entities/048dd8e682b0d5a7b71d087a60e01aa0,Tissue Block,"Registered 6/11/2024, Lorena Rosas, TMC - University of Pittsburgh","10 x 10 x 10 millimeter, 10 millimeter, 1 Sections",https://data.sennetconsortium.org/sample?uuid=048dd8e682b0d5a7b71d087a60e01aa0,http://purl.org/ccf/1.5/f2701d2c-323c-4bda-91af-7bc1db5622f0,10,10,10,Lorena Rosas,Lorena,Rosas,,0
https://entity.api.sennetconsortium.org/entities/085e6a4c818589b34b9620c0549606ac,Tissue Block,"Registered 4/1/2024, Lorena Rosas, TMC - University of Pittsburgh","10 x 10 x 10 millimeter, 5 millimeter, 2 Sections",https://data.sennetconsortium.org/sample?uuid=085e6a4c818589b34b9620c0549606ac,http://purl.org/ccf/1.5/abcaccdb-7b98-4ea5-ad76-bc2e694cc818,10,10,10,Lorena Rosas,Lorena,Rosas,,0
https://entity.api.sennetconsortium.org/entities/0e74baf1aead9a442eda6767dadb752a,Tissue Block,"Registered 6/27/2024, Lorena Rosas, TMC - University of Pittsburgh","10 x 10 x 10 millimeter, 10 millimeter, 1 Sections",https://data.sennetconsortium.org/sample?uuid=0e74baf1aead9a442eda6767dadb752a,http://purl.org/ccf/1.5/2ccfead3-83c8-40f1-b900-4b1dc9ea6743,10,10,10,Lorena Rosas,Lorena,Rosas,,0
https://entity.api.sennetconsortium.org/entities/1061cb3d1469a4b99c9cf277de5c8da9,Tissue Block,"Registered 4/1/2024, Lorena Rosas, TMC - University of Pittsburgh","10 x 10 x 10 millimeter, 5 millimeter, 2 Sections",https://data.sennetconsortium.org/sample?uuid=1061cb3d1469a4b99c9cf277de5c8da9,http://purl.org/ccf/1.5/15758785-f1c6-466e-8d82-2183c43c7f6d,10,10,10,Lorena Rosas,Lorena,Rosas,,0
https://entity.api.sennetconsortium.org/entities/130ca83fe84c1bbffa6c401db026f1c5,Tissue Block,"Registered 4/1/2024, Lorena Rosas, TMC - University of Pittsburgh","10 x 10 x 10 millimeter, 5 millimeter, 2 Sections",https://data.sennetconsortium.org/sample?uuid=130ca83fe84c1bbffa6c401db026f1c5,http://purl.org/ccf/1.5/215b4c74-6642-4796-bfc7-33dfeaf6897e,10,10,10,Lorena Rosas,Lorena,Rosas,,0
https://entity.api.sennetconsortium.org/entities/15f84d9d59df39498e4fa60cadbfaa9d,Tissue Block,"Registered 6/11/2024, Lorena Rosas, TMC - University of Pittsburgh","10 x 10 x 10 millimeter, 10 millimeter, 1 Sections",https://data.sennetconsortium.org/sample?uuid=15f84d9d59df39498e4fa60cadbfaa9d,http://purl.org/ccf/1.5/721c52bf-b83c-43be-b42e-44df15f44805,10,10,10,Lorena Rosas,Lorena,Rosas,,0
https://entity.api.sennetconsortium.org/entities/16062b4b71ad80b78760ebdc95409f67,Tissue Block,"Registered 10/1/2024, Lorena Rosas, TMC - University of Pittsburgh","10 x 10 x 10 millimeter, 10 millimeter, 1 Sections",https://data.sennetconsortium.org/sample?uuid=16062b4b71ad80b78760ebdc95409f67,http://purl.org/ccf/1.5/af3c5d23-f981-4c5c-824e-8ef0a80efc95,10,10,10,Lorena Rosas,Lorena,Rosas,,0
https://entity.api.sennetconsortium.org/entities/161494be05e45691ada2941b2d4a9757,Tissue Block,"Registered 6/27/2024, Lorena Rosas, TMC - University of Pittsburgh","10 x 10 x 10 millimeter, 10 millimeter, 1 Sections",https://data.sennetconsortium.org/sample?uuid=161494be05e45691ada2941b2d4a9757,http://purl.org/ccf/1.5/f6ac9796-8fad-4c9c-ad86-855c2b1cb72e,10,10,10,Lorena Rosas,Lorena,Rosas,,0
https://entity.api.sennetconsortium.org/entities/169e7c697c4559783d9c3a4b7ccf3a8c,Tissue Block,"Registered 4/1/2024, Lorena Rosas, TMC - University of Pittsburgh","10 x 10 x 10 millimeter, 5 millimeter, 2 Sections",https://data.sennetconsortium.org/sample?uuid=169e7c697c4559783d9c3a4b7ccf3a8c,http://purl.org/ccf/1.5/09cb59f6-3297-40f1-afb1-33a7e56ec4de,10,10,10,Lorena Rosas,Lorena,Rosas,,0
https://entity.api.sennetconsortium.org/entities/2c8d692e963552043846fe74eb528e73,Tissue Block,"Registered 4/1/2024, Lorena Rosas, TMC - University of Pittsburgh","10 x 10 x 10 millimeter, 10 millimeter, 1 Sections",https://data.sennetconsortium.org/sample?uuid=2c8d692e963552043846fe74eb528e73,http://purl.org/ccf/1.5/1dd7fdd2-b206-42c1-b14c-d447d1673af8,10,10,10,Lorena Rosas,Lorena,Rosas,,0
https://entity.api.sennetconsortium.org/entities/323803cb6aa2670da631051a7484d726,Tissue Block,"Registered 6/27/2024, Lorena Rosas, TMC - University of Pittsburgh","10 x 10 x 10 millimeter, 10 millimeter, 1 Sections",https://data.sennetconsortium.org/sample?uuid=323803cb6aa2670da631051a7484d726,http://purl.org/ccf/1.5/ff17f643-7838-4585-bad9-3c5fc100b340,10,10,10,Lorena Rosas,Lorena,Rosas,,0
https://entity.api.sennetconsortium.org/entities/3460663c7b73aee3ceeaf95f676ef27e,Tissue Block,"Registered 4/1/2024, Lorena Rosas, TMC - University of Pittsburgh","10 x 10 x 10 millimeter, 5 millimeter, 2 Sections",https://data.sennetconsortium.org/sample?uuid=3460663c7b73aee3ceeaf95f676ef27e,http://purl.org/ccf/1.5/af7c6cf6-517e-4a7f-ba28-d9dac52ce35c,10,10,10,Lorena Rosas,Lorena,Rosas,,0
https://entity.api.sennetconsortium.org/entities/3f4f73e5a42f8c7f778a176a99e588ce,Tissue Block,"Registered 6/27/2024, Lorena Rosas, TMC - University of Pittsburgh","10 x 10 x 10 millimeter, 10 millimeter, 1 Sections",https://data.sennetconsortium.org/sample?uuid=3f4f73e5a42f8c7f778a176a99e588ce,http://purl.org/ccf/1.5/51b451a8-5624-4d50-8cb3-8d12707284a7,10,10,10,Lorena Rosas,Lorena,Rosas,,0
https://entity.api.sennetconsortium.org/entities/40d1ef68ba897f36331de252aa0729fb,Tissue Block,"Registered 4/1/2024, Lorena Rosas, TMC - University of Pittsburgh","10 x 10 x 10 millimeter, 10 millimeter, 1 Sections",https://data.sennetconsortium.org/sample?uuid=40d1ef68ba897f36331de252aa0729fb,http://purl.org/ccf/1.5/9f5d0615-130a-479f-8b87-1104d931a407,10,10,10,Lorena Rosas,Lorena,Rosas,,0
https://entity.api.sennetconsortium.org/entities/49388940267cf95c4b43cb7e81e5caf0,Tissue Block,"Registered 4/1/2024, Lorena Rosas, TMC - University of Pittsburgh","10 x 10 x 10 millimeter, 10 millimeter, 1 Sections",https://data.sennetconsortium.org/sample?uuid=49388940267cf95c4b43cb7e81e5caf0,http://purl.org/ccf/1.5/10d766c7-1af6-442b-bc41-b1f338b3027f,10,10,10,Lorena Rosas,Lorena,Rosas,,0
https://entity.api.sennetconsortium.org/entities/4ea5edc0c503f97fb77eb22c2599ef6f,Tissue Block,"Registered 4/1/2024, Lorena Rosas, TMC - University of Pittsburgh","10 x 10 x 10 millimeter, 5 millimeter, 2 Sections",https://data.sennetconsortium.org/sample?uuid=4ea5edc0c503f97fb77eb22c2599ef6f,http://purl.org/ccf/1.5/309ed87f-0095-4ce0-bb5d-7f91f748acdd,10,10,10,Lorena Rosas,Lorena,Rosas,,0
https://entity.api.sennetconsortium.org/entities/5468d5342da52ff984bd71b8bd68d9a6,Tissue Block,"Registered 6/27/2024, Lorena Rosas, TMC - University of Pittsburgh","10 x 10 x 10 millimeter, 10 millimeter, 1 Sections",https://data.sennetconsortium.org/sample?uuid=5468d5342da52ff984bd71b8bd68d9a6,http://purl.org/ccf/1.5/2ebc64c8-cc48-435a-a8e0-24bc79f52c23,10,10,10,Lorena Rosas,Lorena,Rosas,,0
https://entity.api.sennetconsortium.org/entities/56d6c9ad1ef1258989c956ab8ceaab75,Tissue Block,"Registered 6/27/2024, Lorena Rosas, TMC - University of Pittsburgh","10 x 10 x 10 millimeter, 10 millimeter, 1 Sections",https://data.sennetconsortium.org/sample?uuid=56d6c9ad1ef1258989c956ab8ceaab75,http://purl.org/ccf/1.5/c9e2cac1-9b52-4c66-b864-2ce1e49a9b1b,10,10,10,Lorena Rosas,Lorena,Rosas,,0
https://entity.api.sennetconsortium.org/entities/5a0e4e3a21090f745cb05484bb0d34fe,Tissue Block,"Registered 4/1/2024, Lorena Rosas, TMC - University of Pittsburgh","10 x 10 x 10 millimeter, 10 millimeter, 1 Sections",https://data.sennetconsortium.org/sample?uuid=5a0e4e3a21090f745cb05484bb0d34fe,http://purl.org/ccf/1.5/951c41d4-67bc-493f-8a40-cbbe29f164a5,10,10,10,Lorena Rosas,Lorena,Rosas,,0
https://entity.api.sennetconsortium.org/entities/5c11659d81da316c557fb60ca7522fd1,Tissue Block,"Registered 6/27/2024, Lorena Rosas, TMC - University of Pittsburgh","10 x 10 x 10 millimeter, 10 millimeter, 1 Sections",https://data.sennetconsortium.org/sample?uuid=5c11659d81da316c557fb60ca7522fd1,http://purl.org/ccf/1.5/e2003eec-a278-4d67-92bd-3e205b9f03f9,10,10,10,Lorena Rosas,Lorena,Rosas,,0
https://entity.api.sennetconsortium.org/entities/6093b1af9516150091ecf43e5c5ee782,Tissue Block,"Registered 6/27/2024, Lorena Rosas, TMC - University of Pittsburgh","10 x 10 x 10 millimeter, 10 millimeter, 1 Sections",https://data.sennetconsortium.org/sample?uuid=6093b1af9516150091ecf43e5c5ee782,http://purl.org/ccf/1.5/a4507d42-a698-4645-92fb-92a4de2677b5,10,10,10,Lorena Rosas,Lorena,Rosas,,0
https://entity.api.sennetconsortium.org/entities/61298dcb56d2a475534353ea0036adf1,Tissue Block,"Registered 11/12/2024, Lorena Rosas, TMC - University of Pittsburgh","10 x 10 x 10 millimeter, 5 millimeter, 2 Sections",https://data.sennetconsortium.org/sample?uuid=61298dcb56d2a475534353ea0036adf1,http://purl.org/ccf/1.5/73d6d5ad-0f57-44b2-a928-91abbfe51e78,10,10,10,Lorena Rosas,Lorena,Rosas,,0
https://entity.api.sennetconsortium.org/entities/6845f759c633c0a4865dad6f458fef81,Tissue Block,"Registered 6/27/2024, Lorena Rosas, TMC - University of Pittsburgh","10 x 10 x 10 millimeter, 10 millimeter, 1 Sections",https://data.sennetconsortium.org/sample?uuid=6845f759c633c0a4865dad6f458fef81,http://purl.org/ccf/1.5/7a63145e-6f82-4cac-ae8d-10d8b97e7e1d,10,10,10,Lorena Rosas,Lorena,Rosas,,0
https://entity.api.sennetconsortium.org/entities/6e0b551576f7b0cd9426507c140b2874,Tissue Block,"Registered 6/27/2024, Lorena Rosas, TMC - University of Pittsburgh","10 x 10 x 10 millimeter, 10 millimeter, 1 Sections",https://data.sennetconsortium.org/sample?uuid=6e0b551576f7b0cd9426507c140b2874,http://purl.org/ccf/1.5/b13c4094-7617-4a40-af56-5d5ac2e4d899,10,10,10,Lorena Rosas,Lorena,Rosas,,0
https://entity.api.sennetconsortium.org/entities/6e1cf6034823663f31de47398bfc0055,Tissue Block,"Registered 6/27/2024, Lorena Rosas, TMC - University of Pittsburgh","10 x 10 x 10 millimeter, 10 millimeter, 1 Sections",https://data.sennetconsortium.org/sample?uuid=6e1cf6034823663f31de47398bfc0055,http://purl.org/ccf/1.5/28d2ea0d-4010-4211-8776-b9eb5fb03485,10,10,10,Lorena Rosas,Lorena,Rosas,,0
https://entity.api.sennetconsortium.org/entities/6ea9b9643fec7f11e333c55a8450798a,Tissue Block,"Registered 6/27/2024, Lorena Rosas, TMC - University of Pittsburgh","10 x 10 x 10 millimeter, 10 millimeter, 1 Sections",https://data.sennetconsortium.org/sample?uuid=6ea9b9643fec7f11e333c55a8450798a,http://purl.org/ccf/1.5/67c8d66a-2c8f-410f-bd3b-4a9158b02b8f,10,10,10,Lorena Rosas,Lorena,Rosas,,0
https://entity.api.sennetconsortium.org/entities/703b10c026546f36af9c441db274016d,Tissue Block,"Registered 6/27/2024, Lorena Rosas, TMC - University of Pittsburgh","10 x 10 x 10 millimeter, 10 millimeter, 1 Sections",https://data.sennetconsortium.org/sample?uuid=703b10c026546f36af9c441db274016d,http://purl.org/ccf/1.5/e2602a5c-2b7b-48ff-b4ec-fa00ad6b2d96,10,10,10,Lorena Rosas,Lorena,Rosas,,0
https://entity.api.sennetconsortium.org/entities/7bbf6e02ab4f3bf0ef83b92a832e414a,Tissue Block,"Registered 4/1/2024, Lorena Rosas, TMC - University of Pittsburgh","10 x 10 x 10 millimeter, 10 millimeter, 0 Sections",https://data.sennetconsortium.org/sample?uuid=7bbf6e02ab4f3bf0ef83b92a832e414a,http://purl.org/ccf/1.5/e027458c-cc7f-43a9-9d62-5c7360e26adf,10,10,10,Lorena Rosas,Lorena,Rosas,,0
https://entity.api.sennetconsortium.org/entities/9cff2680dff4aedba26a207906d992ee,Tissue Block,"Registered 6/27/2024, Lorena Rosas, TMC - University of Pittsburgh","10 x 10 x 10 millimeter, 10 millimeter, 1 Sections",https://data.sennetconsortium.org/sample?uuid=9cff2680dff4aedba26a207906d992ee,http://purl.org/ccf/1.5/b532d96a-3aad-4ef9-8546-4e92dd1bfc08,10,10,10,Lorena Rosas,Lorena,Rosas,,0
https://entity.api.sennetconsortium.org/entities/9d5e3b3ff609920968688cfddd505f05,Tissue Block,"Registered 6/27/2024, Lorena Rosas, TMC - University of Pittsburgh","10 x 10 x 10 millimeter, 10 millimeter, 1 Sections",https://data.sennetconsortium.org/sample?uuid=9d5e3b3ff609920968688cfddd505f05,http://purl.org/ccf/1.5/421e66cc-f31c-4508-b99d-04a2e725c15e,10,10,10,Lorena Rosas,Lorena,Rosas,,0
https://entity.api.sennetconsortium.org/entities/aab02758dee2b38136dfb5c31d76ab8b,Tissue Block,"Registered 6/27/2024, Lorena Rosas, TMC - University of Pittsburgh","10 x 10 x 10 millimeter, 10 millimeter, 1 Sections",https://data.sennetconsortium.org/sample?uuid=aab02758dee2b38136dfb5c31d76ab8b,http://purl.org/ccf/1.5/820178e8-1c88-4edc-85b5-132396882753,10,10,10,Lorena Rosas,Lorena,Rosas,,0
https://entity.api.sennetconsortium.org/entities/aaea91cc9b09414be2cd641748a7e800,Tissue Block,"Registered 6/27/2024, Lorena Rosas, TMC - University of Pittsburgh","10 x 10 x 10 millimeter, 10 millimeter, 1 Sections",https://data.sennetconsortium.org/sample?uuid=aaea91cc9b09414be2cd641748a7e800,http://purl.org/ccf/1.5/cfb6dbd4-ada8-42af-9d10-8270bceed6d9,10,10,10,Lorena Rosas,Lorena,Rosas,,0
https://entity.api.sennetconsortium.org/entities/af5ae2db061157b1e9344f94800f8a46,Tissue Block,"Registered 6/27/2024, Lorena Rosas, TMC - University of Pittsburgh","10 x 10 x 10 millimeter, 10 millimeter, 1 Sections",https://data.sennetconsortium.org/sample?uuid=af5ae2db061157b1e9344f94800f8a46,http://purl.org/ccf/1.5/0f52a0ec-aa46-466c-a80b-da9565308e14,10,10,10,Lorena Rosas,Lorena,Rosas,,0
https://entity.api.sennetconsortium.org/entities/b038201871032fac5e702be4d1ea41fa,Tissue Block,"Registered 4/1/2024, Anthony Corbett, TMC - University of Pittsburgh","10 x 10 x 10 millimeter, 10 millimeter, 1 Sections",https://data.sennetconsortium.org/sample?uuid=b038201871032fac5e702be4d1ea41fa,http://purl.org/ccf/1.5/7443bd10-f3aa-4b77-842d-df5e20c8a928,10,10,10,Lorena Rosas,Lorena,Rosas,,0
https://entity.api.sennetconsortium.org/entities/bc4fe4242c8c0b9608af23c1f64013db,Tissue Block,"Registered 4/1/2024, Lorena Rosas, TMC - University of Pittsburgh","10 x 10 x 10 millimeter, 5 millimeter, 2 Sections",https://data.sennetconsortium.org/sample?uuid=bc4fe4242c8c0b9608af23c1f64013db,http://purl.org/ccf/1.5/a449cf86-3a7a-4574-8fff-fb2baf7752cd,10,10,10,Lorena Rosas,Lorena,Rosas,,0
https://entity.api.sennetconsortium.org/entities/c00ed2ead27ea386d66b3996876620df,Tissue Block,"Registered 4/1/2024, Lorena Rosas, TMC - University of Pittsburgh","10 x 10 x 10 millimeter, 5 millimeter, 2 Sections",https://data.sennetconsortium.org/sample?uuid=c00ed2ead27ea386d66b3996876620df,http://purl.org/ccf/1.5/434b84cb-b3f4-4f13-ae0a-0ee8f851d9bb,10,10,10,Lorena Rosas,Lorena,Rosas,,0
https://entity.api.sennetconsortium.org/entities/c93101b9d1063b8be04078d89c7db2a3,Tissue Block,"Registered 4/1/2024, Lorena Rosas, TMC - University of Pittsburgh","10 x 10 x 10 millimeter, 10 millimeter, 1 Sections",https://data.sennetconsortium.org/sample?uuid=c93101b9d1063b8be04078d89c7db2a3,http://purl.org/ccf/1.5/f1e846cc-8f0f-4ffa-b36a-75eca8150cef,10,10,10,Lorena Rosas,Lorena,Rosas,,0
https://entity.api.sennetconsortium.org/entities/d062a03493a6d52b8d3661679914f329,Tissue Block,"Registered 10/1/2024, Lorena Rosas, TMC - University of Pittsburgh","10 x 10 x 10 millimeter, 10 millimeter, 1 Sections",https://data.sennetconsortium.org/sample?uuid=d062a03493a6d52b8d3661679914f329,http://purl.org/ccf/1.5/77d1f001-84c5-4765-85fc-8934650eeaa9,10,10,10,Lorena Rosas,Lorena,Rosas,,0
https://entity.api.sennetconsortium.org/entities/d4f4a0d9475238fe1c1cf16521a19b20,Tissue Block,"Registered 4/1/2024, Lorena Rosas, TMC - University of Pittsburgh","10 x 10 x 10 millimeter, 5 millimeter, 2 Sections",https://data.sennetconsortium.org/sample?uuid=d4f4a0d9475238fe1c1cf16521a19b20,http://purl.org/ccf/1.5/f4d7d464-b8af-4044-8218-39f308432c86,10,10,10,Lorena Rosas,Lorena,Rosas,,0
https://entity.api.sennetconsortium.org/entities/d708de486094861bd458273a8cc3708d,Tissue Block,"Registered 6/27/2024, Lorena Rosas, TMC - University of Pittsburgh","10 x 10 x 10 millimeter, 10 millimeter, 1 Sections",https://data.sennetconsortium.org/sample?uuid=d708de486094861bd458273a8cc3708d,http://purl.org/ccf/1.5/a98e73b9-1981-49e7-9421-839579d1a40c,10,10,10,Lorena Rosas,Lorena,Rosas,,0
https://entity.api.sennetconsortium.org/entities/d7e3d384ffb7f046685d172377e81f74,Tissue Block,"Registered 4/1/2024, Lorena Rosas, TMC - University of Pittsburgh","10 x 10 x 10 millimeter, 5 millimeter, 2 Sections",https://data.sennetconsortium.org/sample?uuid=d7e3d384ffb7f046685d172377e81f74,http://purl.org/ccf/1.5/c682cd6e-d138-4a31-9aa4-fa3bbaca8f99,10,10,10,Lorena Rosas,Lorena,Rosas,,0
https://entity.api.sennetconsortium.org/entities/d7e7da02099b9bbd0e3b1d7b4dc73582,Tissue Block,"Registered 6/27/2024, Lorena Rosas, TMC - University of Pittsburgh","10 x 10 x 10 millimeter, 10 millimeter, 1 Sections",https://data.sennetconsortium.org/sample?uuid=d7e7da02099b9bbd0e3b1d7b4dc73582,http://purl.org/ccf/1.5/46af77dc-bc99-4c65-bedf-8b9b9d09d496,10,10,10,Lorena Rosas,Lorena,Rosas,,0
https://entity.api.sennetconsortium.org/entities/dafe68925409b655077aa0e11fa70a1e,Tissue Block,"Registered 6/27/2024, Lorena Rosas, TMC - University of Pittsburgh","10 x 10 x 10 millimeter, 10 millimeter, 1 Sections",https://data.sennetconsortium.org/sample?uuid=dafe68925409b655077aa0e11fa70a1e,http://purl.org/ccf/1.5/3021875d-e5ab-47a5-ab40-e34f4690c5be,10,10,10,Lorena Rosas,Lorena,Rosas,,0
https://entity.api.sennetconsortium.org/entities/ddb5692375d84925f483beb48cdf9759,Tissue Block,"Registered 4/1/2024, Lorena Rosas, TMC - University of Pittsburgh","10 x 10 x 10 millimeter, 10 millimeter, 0 Sections",https://data.sennetconsortium.org/sample?uuid=ddb5692375d84925f483beb48cdf9759,http://purl.org/ccf/1.5/2cf1885a-9b6f-440c-9f60-443d5dd3c8ba,10,10,10,Lorena Rosas,Lorena,Rosas,,0
https://entity.api.sennetconsortium.org/entities/f7c33127cf5763ca9cdc4c2b68c6cec2,Tissue Block,"Registered 6/11/2024, Lorena Rosas, TMC - University of Pittsburgh","10 x 10 x 10 millimeter, 10 millimeter, 1 Sections",https://data.sennetconsortium.org/sample?uuid=f7c33127cf5763ca9cdc4c2b68c6cec2,http://purl.org/ccf/1.5/826d8e70-b08e-4d0f-9a61-fb076acd23ce,10,10,10,Lorena Rosas,Lorena,Rosas,,0
https://entity.api.sennetconsortium.org/entities/fbe38e7c0dc45e251628e84cde73132e,Tissue Block,"Registered 4/1/2024, Lorena Rosas, TMC - University of Pittsburgh","10 x 10 x 10 millimeter, 5 millimeter, 2 Sections",https://data.sennetconsortium.org/sample?uuid=fbe38e7c0dc45e251628e84cde73132e,http://purl.org/ccf/1.5/df121dfb-0618-4f19-865d-0ceedaa5e12c,10,10,10,Lorena Rosas,Lorena,Rosas,,0
https://entity.api.sennetconsortium.org/entities/ffe172612968c5f0832efe0f9370215d,Tissue Block,"Registered 4/1/2024, Lorena Rosas, TMC - University of Pittsburgh","10 x 10 x 10 millimeter, 5 millimeter, 2 Sections",https://data.sennetconsortium.org/sample?uuid=ffe172612968c5f0832efe0f9370215d,http://purl.org/ccf/1.5/089b80ab-9952-4e68-b946-5cbb3c5a8fc2,10,10,10,Lorena Rosas,Lorena,Rosas,,0
https://entity.api.sennetconsortium.org/entities/5c1c544289e7028bb306684bcbc2e820,Tissue Block,"Registered 4/1/2024, Lorena Rosas, TMC - University of Pittsburgh","10 x 10 x 10 millimeter, 5 millimeter, 2 Sections",https://data.sennetconsortium.org/sample?uuid=5c1c544289e7028bb306684bcbc2e820,http://purl.org/ccf/1.5/0540395a-814e-4f47-8d16-dc3cb0004f78,10,10,10,Lorena Rosas,Lorena,Rosas,,0
https://entity.api.sennetconsortium.org/entities/725ee1f632d033d8efd9e0ecb84bbcf8,Tissue Block,"Registered 6/27/2024, Lorena Rosas, TMC - University of Pittsburgh","10 x 10 x 10 millimeter, 10 millimeter, 1 Sections",https://data.sennetconsortium.org/sample?uuid=725ee1f632d033d8efd9e0ecb84bbcf8,http://purl.org/ccf/1.5/7812d402-7736-4e6a-a811-a2f60209f215,10,10,10,Lorena Rosas,Lorena,Rosas,,0
https://entity.api.sennetconsortium.org/entities/73501a41e639b514a6a4baf51ac02b72,Tissue Block,"Registered 4/1/2024, Lorena Rosas, TMC - University of Pittsburgh","10 x 10 x 10 millimeter, 5 millimeter, 2 Sections",https://data.sennetconsortium.org/sample?uuid=73501a41e639b514a6a4baf51ac02b72,http://purl.org/ccf/1.5/060270d8-d718-48c6-9071-0f16715fd0e3,10,10,10,Lorena Rosas,Lorena,Rosas,,0
https://entity.api.sennetconsortium.org/entities/9071962acdc37fe13985607fefbfbed8,Tissue Block,"Registered 6/27/2024, Lorena Rosas, TMC - University of Pittsburgh","10 x 10 x 10 millimeter, 10 millimeter, 1 Sections",https://data.sennetconsortium.org/sample?uuid=9071962acdc37fe13985607fefbfbed8,http://purl.org/ccf/1.5/0835cdfb-0f85-4a9d-9370-56b8c0658c41,10,10,10,Lorena Rosas,Lorena,Rosas,,0
https://entity.api.sennetconsortium.org/entities/9c0746f8b43cc5e04bf5b93377a8f7e9,Tissue Block,"Registered 4/1/2024, Lorena Rosas, TMC - University of Pittsburgh","10 x 10 x 10 millimeter, 5 millimeter, 2 Sections",https://data.sennetconsortium.org/sample?uuid=9c0746f8b43cc5e04bf5b93377a8f7e9,http://purl.org/ccf/1.5/7d2562bc-362d-448b-aa14-94f670451d43,10,10,10,Lorena Rosas,Lorena,Rosas,,0
https://entity.api.sennetconsortium.org/entities/9c254752815feaf7f04ce0ccb1b5fd1a,Tissue Block,"Registered 6/27/2024, Lorena Rosas, TMC - University of Pittsburgh","10 x 10 x 10 millimeter, 10 millimeter, 1 Sections",https://data.sennetconsortium.org/sample?uuid=9c254752815feaf7f04ce0ccb1b5fd1a,http://purl.org/ccf/1.5/ada28a11-3bf1-460d-88cb-9c639a436271,10,10,10,Lorena Rosas,Lorena,Rosas,,0
https://entity.api.sennetconsortium.org/entities/a359534400a122e9da14c8f9d14ffbf7,Tissue Block,"Registered 6/27/2024, Lorena Rosas, TMC - University of Pittsburgh","10 x 10 x 10 millimeter, 10 millimeter, 1 Sections",https://data.sennetconsortium.org/sample?uuid=a359534400a122e9da14c8f9d14ffbf7,http://purl.org/ccf/1.5/5c5a04f6-28a5-4d27-8244-f1457b6f6e7e,10,10,10,Lorena Rosas,Lorena,Rosas,,0
https://entity.api.sennetconsortium.org/entities/aaaf0e4bb0a087d88445c4b49aa6eaed,Tissue Block,"Registered 6/27/2024, Lorena Rosas, TMC - University of Pittsburgh","10 x 10 x 10 millimeter, 10 millimeter, 1 Sections",https://data.sennetconsortium.org/sample?uuid=aaaf0e4bb0a087d88445c4b49aa6eaed,http://purl.org/ccf/1.5/eff29ae4-648f-471d-a755-f64f9b55ec2d,10,10,10,Lorena Rosas,Lorena,Rosas,,0
https://entity.api.sennetconsortium.org/entities/b745e5275421550ccd79c20c75fddb90,Tissue Block,"Registered 11/11/2024, Lorena Rosas, TMC - University of Pittsburgh","10 x 10 x 10 millimeter, 10 millimeter, 1 Sections",https://data.sennetconsortium.org/sample?uuid=b745e5275421550ccd79c20c75fddb90,http://purl.org/ccf/1.5/f4bc7470-11f7-46cd-958f-b22391debe99,10,10,10,Lorena Rosas,Lorena,Rosas,,0
https://entity.api.sennetconsortium.org/entities/bdbf6faa51a0d55bc96d274504b69521,Tissue Block,"Registered 6/27/2024, Lorena Rosas, TMC - University of Pittsburgh","10 x 10 x 10 millimeter, 10 millimeter, 1 Sections",https://data.sennetconsortium.org/sample?uuid=bdbf6faa51a0d55bc96d274504b69521,http://purl.org/ccf/1.5/45c73f10-d277-49fa-9c6c-93408c47cf1b,10,10,10,Lorena Rosas,Lorena,Rosas,,0
https://entity.api.sennetconsortium.org/entities/d17a1649d9c5fd629f1c11afa265e616,Tissue Block,"Registered 6/27/2024, Lorena Rosas, TMC - University of Pittsburgh","10 x 10 x 10 millimeter, 10 millimeter, 1 Sections",https://data.sennetconsortium.org/sample?uuid=d17a1649d9c5fd629f1c11afa265e616,http://purl.org/ccf/1.5/1cb9cb2e-48f3-4989-b999-16d3fcf03af1,10,10,10,Lorena Rosas,Lorena,Rosas,,0
https://entity.api.sennetconsortium.org/entities/e9a30b1dd272db131891c6194cf480d5,Tissue Block,"Registered 6/27/2024, Lorena Rosas, TMC - University of Pittsburgh","10 x 10 x 10 millimeter, 10 millimeter, 1 Sections",https://data.sennetconsortium.org/sample?uuid=e9a30b1dd272db131891c6194cf480d5,http://purl.org/ccf/1.5/b7b4a84b-d8ef-46fb-80ad-5aad5b94e33d,10,10,10,Lorena Rosas,Lorena,Rosas,,0
https://entity.api.sennetconsortium.org/entities/fc74c8bb1c026748723943139be3053a,Tissue Block,"Registered 6/27/2024, Lorena Rosas, TMC - University of Pittsburgh","10 x 10 x 10 millimeter, 10 millimeter, 1 Sections",https://data.sennetconsortium.org/sample?uuid=fc74c8bb1c026748723943139be3053a,http://purl.org/ccf/1.5/30f1dbe1-8aa4-48b8-af58-1222848fa9e7,10,10,10,Lorena Rosas,Lorena,Rosas,,0
https://gtexportal.org/home/tissue/Artery_Coronary#FDonors_TissueBlock1,Tissue Block,"Registered 0/25/2022, Kristin Ardlie, GTEx","2 x 2 x 2 millimeter, 2 millimeter",https://gtexportal.org/home/tissue/Artery_Coronary,http://purl.org/ccf/1.5/3626fb05-6e59-4aa9-8d03-2b5e995b2522,2,2,2,Kristin Ardlie,Kristin,Ardlie,,0
https://gtexportal.org/home/tissue/Artery_Coronary#MDonors_TissueBlock1,Tissue Block,"Registered 0/25/2022, Kristin Ardlie, GTEx","2 x 2 x 2 millimeter, 2 millimeter",https://gtexportal.org/home/tissue/Artery_Coronary,http://purl.org/ccf/1.5/7e05a1f1-fc08-4add-bd72-ffc11267c048,2,2,2,Kristin Ardlie,Kristin,Ardlie,,0
https://gtexportal.org/home/tissue/Colon_Sigmoid#FDonors_TissueBlock1,Tissue Block,"Registered 8/16/2021, Kristin Ardlie, GTEx","10 x 10 x 4 millimeter, 4 millimeter",https://gtexportal.org/home/tissue/Colon_Sigmoid,http://purl.org/ccf/1.5/8e476601-a5e6-4d15-86a4-e6d3da9abb7e,10,10,4,Kristin Ardlie,Kristin,Ardlie,,0
https://gtexportal.org/home/tissue/Colon_Sigmoid#MDonors_TissueBlock1,Tissue Block,"Registered 8/16/2021, Kristin Ardlie, GTEx","10 x 10 x 4 millimeter, 4 millimeter",https://gtexportal.org/home/tissue/Colon_Sigmoid,http://purl.org/ccf/1.5/383d2c1a-4c8c-4aa3-b154-1ceacd3fa871,10,10,4,Kristin Ardlie,Kristin,Ardlie,,0
https://gtexportal.org/home/tissue/Colon_Transverse#MDonors_TissueBlock1,Tissue Block,"Registered 8/16/2021, Kristin Ardlie, GTEx","10 x 10 x 4 millimeter, 4 millimeter",https://gtexportal.org/home/tissue/Colon_Transverse,http://purl.org/ccf/1.5/fd7270d4-105a-4058-aece-2d2bb0668da2,10,10,4,Kristin Ardlie,Kristin,Ardlie,,0
https://gtexportal.org/home/tissue/Heart_Atrial_Appendage#FDonors_TissueBlock1,Tissue Block,"Registered 8/16/2021, Kristin Ardlie, GTEx","10 x 10 x 8 millimeter, 8 millimeter",https://gtexportal.org/home/tissue/Heart_Atrial_Appendage,http://purl.org/ccf/1.5/cc1251a4-d367-4bb1-b2d9-05ae33209f0d,10,10,8,Kristin Ardlie,Kristin,Ardlie,,0
https://gtexportal.org/home/tissue/Heart_Atrial_Appendage#MDonors_TissueBlock1,Tissue Block,"Registered 8/16/2021, Kristin Ardlie, GTEx","10 x 10 x 8 millimeter, 8 millimeter",https://gtexportal.org/home/tissue/Heart_Atrial_Appendage,http://purl.org/ccf/1.5/676e549a-6234-48ee-b7cb-82258c17054b,10,10,8,Kristin Ardlie,Kristin,Ardlie,,0
https://gtexportal.org/home/tissue/Heart_Left_Ventricle#FDonors_TissueBlock1,Tissue Block,"Registered 8/16/2021, Kristin Ardlie, GTEx","10 x 10 x 8 millimeter, 8 millimeter",https://gtexportal.org/home/tissue/Heart_Left_Ventricle,http://purl.org/ccf/1.5/a04e60c6-693a-4c25-a069-62521783fd15,10,10,8,Kristin Ardlie,Kristin,Ardlie,,0
https://gtexportal.org/home/tissue/Heart_Left_Ventricle#MDonors_TissueBlock1,Tissue Block,"Registered 8/16/2021, Kristin Ardlie, GTEx","10 x 10 x 8 millimeter, 8 millimeter",https://gtexportal.org/home/tissue/Heart_Left_Ventricle,http://purl.org/ccf/1.5/f6512db4-2809-4ffe-864d-ace61789dff6,10,10,8,Kristin Ardlie,Kristin,Ardlie,,0
https://gtexportal.org/home/tissue/Kidney_Cortex#FDonors_TissueBlock1,Tissue Block,"Registered 8/16/2021, Kristin Ardlie, GTEx",kidney cortex,https://gtexportal.org/home/tissue/Kidney_Cortex,http://purl.org/ccf/1.5/c80e8f79-2b12-470d-be3c-f195a3686943,20,10,4,Kristin Ardlie,Kristin,Ardlie,,0
https://gtexportal.org/home/tissue/Kidney_Cortex#MDonors_TissueBlock1,Tissue Block,"Registered 4/4/2023, Kristin Ardlie, GTEx","20 x 10 x 4 millimeter, 4 millimeter",https://gtexportal.org/home/tissue/Kidney_Cortex,http://purl.org/ccf/1.5/c40d5540-f400-484c-b8d1-fbcb44194af7,20,10,4,Kristin Ardlie,Kristin,Ardlie,,0
https://gtexportal.org/home/tissue/Liver#FDonors_TissueBlock1,Tissue Block,"Registered 0/25/2022, Kristin Ardlie, GTEx","10 x 10 x 7 millimeter, 7 millimeter",https://gtexportal.org/home/tissue/Liver,http://purl.org/ccf/1.5/f6203770-64ee-40cc-b7b2-339f1ae491cc,10,10,7,Kristin Ardlie,Kristin,Ardlie,,0
https://gtexportal.org/home/tissue/Liver#MDonors_TissueBlock1,Tissue Block,"Registered 0/25/2022, Kristin Ardlie, GTEx","10 x 10 x 7 millimeter, 7 millimeter",https://gtexportal.org/home/tissue/Liver,http://purl.org/ccf/1.5/74370757-0cd2-44e5-83d8-47eb550c441a,10,10,7,Kristin Ardlie,Kristin,Ardlie,,0
https://gtexportal.org/home/tissue/Lung#FDonors_TissueBlock1,Tissue Block,"Registered 8/21/2021, Kristin Ardlie, GTEx","10 x 10 x 10 millimeter, 10 millimeter",https://gtexportal.org/home/tissue/Lung,http://purl.org/ccf/1.5/ab9cafec-3eff-49ac-b2a9-ba96c22d80f9,10,10,10,Kristin Ardlie,Kristin,Ardlie,,0
https://gtexportal.org/home/tissue/Lung#MDonors_TissueBlock1,Tissue Block,"Registered 8/21/2021, Kristin Ardlie, GTEx","10 x 10 x 10 millimeter, 10 millimeter",https://gtexportal.org/home/tissue/Lung,http://purl.org/ccf/1.5/ab2e49b2-1959-44af-8e83-ac16878f6c12,10,10,10,Kristin Ardlie,Kristin,Ardlie,,0
https://gtexportal.org/home/tissue/Ovary#FDonors_TissueBlock1,Tissue Block,"Registered 0/25/2022, Kristin Ardlie, GTEx","10 x 10 x 3 millimeter, 3 millimeter",https://gtexportal.org/home/tissue/Ovary,http://purl.org/ccf/1.5/e137f366-a936-4357-945a-929d1d682890,10,10,3,Kristin Ardlie,Kristin,Ardlie,,0
https://gtexportal.org/home/tissue/Pancreas#FDonors_TissueBlock1,Tissue Block,"Registered 0/25/2022, Kristin Ardlie, GTEx","10 x 10 x 7 millimeter, 7 millimeter",https://gtexportal.org/home/tissue/Pancreas,http://purl.org/ccf/1.5/232b6561-19ed-4da3-a61e-286245f42f25,10,10,7,Kristin Ardlie,Kristin,Ardlie,,0
https://gtexportal.org/home/tissue/Pancreas#MDonors_TissueBlock1,Tissue Block,"Registered 0/25/2022, Kristin Ardlie, GTEx","10 x 10 x 7 millimeter, 7 millimeter",https://gtexportal.org/home/tissue/Pancreas,http://purl.org/ccf/1.5/d386cdea-8d3c-46a2-9900-fbd5237cba80,10,10,7,Kristin Ardlie,Kristin,Ardlie,,0
https://gtexportal.org/home/tissue/Skin_Not_Sun_Exposed_Suprapubic#FDonors_TissueBlock1,Tissue Block,"Registered 0/25/2022, Kristin Ardlie, GTEx","20 x 10 x 5 millimeter, 5 millimeter",https://gtexportal.org/home/tissue/Skin_Not_Sun_Exposed_Suprapubic,http://purl.org/ccf/1.5/2185217b-77ed-4043-b79b-1c2d33b6d524,20,10,5,Kristin Ardlie,Kristin,Ardlie,,0
https://gtexportal.org/home/tissue/Skin_Not_Sun_Exposed_Suprapubic#MDonors_TissueBlock1,Tissue Block,"Registered 0/25/2022, Kristin Ardlie, GTEx","20 x 10 x 5 millimeter, 5 millimeter",https://gtexportal.org/home/tissue/Skin_Not_Sun_Exposed_Suprapubic,http://purl.org/ccf/1.5/ece78b3e-635e-45d1-8217-35fd50392cce,20,10,5,Kristin Ardlie,Kristin,Ardlie,,0
https://gtexportal.org/home/tissue/Skin_Sun_Exposed_Lower_leg#FDonors_TissueBlock1,Tissue Block,"Registered 0/25/2022, Kristin Ardlie, GTEx","20 x 10 x 5 millimeter, 5 millimeter",https://gtexportal.org/home/tissue/Skin_Sun_Exposed_Lower_leg,http://purl.org/ccf/1.5/6f04ffad-3b9d-4c1c-afc0-fd203b02e5a3,20,10,5,Kristin Ardlie,Kristin,Ardlie,,0
https://gtexportal.org/home/tissue/Skin_Sun_Exposed_Lower_leg#MDonors_TissueBlock1,Tissue Block,"Registered 0/25/2022, Kristin Ardlie, GTEx","20 x 10 x 5 millimeter, 5 millimeter",https://gtexportal.org/home/tissue/Skin_Sun_Exposed_Lower_leg,http://purl.org/ccf/1.5/cce37703-e4e8-454c-a0c4-4ff58652ab8f,20,10,5,Kristin Ardlie,Kristin,Ardlie,,0
https://gtexportal.org/home/tissue/Small_Intestine_Terminal_Ileum#FDonors_TissueBlock1,Tissue Block,"Registered 0/18/2022, Kristin Ardlie, GTEx","6 x 6 x 2 millimeter, 2 millimeter",https://gtexportal.org/home/tissue/Small_Intestine_Terminal_Ileum,http://purl.org/ccf/1.5/ec1cc18d-9a48-4c09-a720-2b54c3f83bd9,6,6,2,Kristin Ardlie,Kristin,Ardlie,,0
https://gtexportal.org/home/tissue/Small_Intestine_Terminal_Ileum#MDonors_TissueBlock1,Tissue Block,"Registered 0/18/2022, Kristin Ardlie, GTEx","10 x 10 x 2 millimeter, 2 millimeter",https://gtexportal.org/home/tissue/Small_Intestine_Terminal_Ileum,http://purl.org/ccf/1.5/d237fd29-749e-4734-a925-d36e5d1db31d,10,10,2,Kristin Ardlie,Kristin,Ardlie,,0
https://gtexportal.org/home/tissue/Spleen#FDonors_TissueBlock1,Tissue Block,"Registered 8/16/2021, Kristin Ardlie, GTEx","10 x 10 x 8 millimeter, 8 millimeter",https://gtexportal.org/home/tissue/Spleen,http://purl.org/ccf/1.5/ed9bc73e-ab9c-4bb1-8b96-4ecd1f12c7a7,10,10,8,Kristin Ardlie,Kristin,Ardlie,,0
https://gtexportal.org/home/tissue/Uterus#FDonors_TissueBlock1,Tissue Block,"Registered 0/25/2022, Kristin Ardlie, GTEx","20 x 10 x 3 millimeter, 3 millimeter",https://gtexportal.org/home/tissue/Uterus,http://purl.org/ccf/1.5/220036fa-2932-4f00-aad6-3f70c516c1c4,20,10,3,Kristin Ardlie,Kristin,Ardlie,,0
https://entity.api.hubmapconsortium.org/entities/2dbbe0a335c233801e860414d9b974a9,Tissue Block,"Registered 12/13/2022, Marda Jorgensen, TMC-Florida","10 x 10 x 12 millimeter, 12 millimeter, 1 Sections",https://portal.hubmapconsortium.org/browse/sample/2dbbe0a335c233801e860414d9b974a9,http://purl.org/ccf/1.5/bc516774-fcd9-4022-bc5b-6afd4369dd24,10,10,12,Hunter Hakimian,Hunter,Hakimian,,0
https://entity.api.hubmapconsortium.org/entities/eeda1db47240d5ef91ad1023e65a6ec4,Tissue Block,"Registered 12/13/2022, Marda Jorgensen, TMC-Florida","10 x 10 x 12 millimeter, 12 millimeter, 1 Sections",https://portal.hubmapconsortium.org/browse/sample/eeda1db47240d5ef91ad1023e65a6ec4,http://purl.org/ccf/1.5/977bfe5b-6761-4145-a554-1e89fd2bf209,10,10,12,Hunter Hakimian,Hunter,Hakimian,,0
https://entity.api.hubmapconsortium.org/entities/f61c2bb9fdb631b4e110e8aa214dc774,Tissue Block,"Registered 12/13/2022, Marda Jorgensen, TMC-Florida","10 x 10 x 12 millimeter, 12 millimeter, 1 Sections",https://portal.hubmapconsortium.org/browse/sample/f61c2bb9fdb631b4e110e8aa214dc774,http://purl.org/ccf/1.5/9850edfd-89f1-4a67-8c09-307192086c31,10,10,12,Hunter Hakimian,Hunter,Hakimian,,0
https://entity.api.hubmapconsortium.org/entities/fe80275c62a586010d5093d980f80c34,Tissue Block,"Registered 12/13/2022, Marda Jorgensen, TMC-Florida","10 x 10 x 12 millimeter, 12 millimeter, 1 Sections",https://portal.hubmapconsortium.org/browse/sample/fe80275c62a586010d5093d980f80c34,http://purl.org/ccf/1.5/c7265539-ebc3-4a1e-8930-c6347344e707,10,10,12,Hunter Hakimian,Hunter,Hakimian,,0
https://entity.api.hubmapconsortium.org/entities/018aa78efad976940375fea0677ba9dc,Tissue Block,"Registered 2/19/2026, Jamie Allen, TMC-Vanderbilt","20 x 12 x 3 millimeter, 0.6 millimeter, 5 Sections",https://portal.hubmapconsortium.org/browse/sample/018aa78efad976940375fea0677ba9dc,http://purl.org/ccf/1.5/6bc1e338-7d11-42a2-ad21-f1326f4f950d,20,12,3,Jamie Allen,Jamie,Allen,,0
https://entity.api.hubmapconsortium.org/entities/0228b9b03a094f7f5967c589c3801302,Tissue Block,"Registered 2/19/2026, Elizabeth McDonough, RTI-General Electric","5 x 5 x 4 millimeter, 5 millimeter, 26 Sections",https://portal.hubmapconsortium.org/browse/sample/0228b9b03a094f7f5967c589c3801302,http://purl.org/ccf/1.5/5d9cc972-a369-40cd-bb19-5304def97a92,5,5,4,Elizabeth McDonough,Elizabeth,McDonough,,0
https://entity.api.hubmapconsortium.org/entities/584a98e5734391ac60add20d755b86f0,Tissue Block,"Registered 6/5/2024, Elizabeth McDonough, RTI-General Electric","5 x 5 x 4 millimeter, 5 millimeter, 26 Sections",https://portal.hubmapconsortium.org/browse/sample/584a98e5734391ac60add20d755b86f0,http://purl.org/ccf/1.5/87d9cdca-90fb-4331-8747-d363f5b6d159,5,5,4,Elizabeth McDonough,Elizabeth,McDonough,,0
https://entity.api.hubmapconsortium.org/entities/883436a872c7751f48f4038989a9d2b8,Tissue Block,"Registered 6/5/2024, Elizabeth McDonough, RTI-General Electric","5 x 5 x 4 millimeter, 5 millimeter, 26 Sections",https://portal.hubmapconsortium.org/browse/sample/883436a872c7751f48f4038989a9d2b8,http://purl.org/ccf/1.5/ce89e266-8b52-4c3c-be02-70a430a94212,5,5,4,Elizabeth McDonough,Elizabeth,McDonough,,0
https://entity.api.hubmapconsortium.org/entities/a5ae455ba6e766e414f08862612c75f8,Tissue Block,"Registered 2/19/2026, Elizabeth McDonough, RTI-General Electric","5 x 5 x 4 millimeter, 5 millimeter, 26 Sections",https://portal.hubmapconsortium.org/browse/sample/a5ae455ba6e766e414f08862612c75f8,http://purl.org/ccf/1.5/5da49155-dbd4-41e8-8e5e-ecab4a201909,5,5,4,Elizabeth McDonough,Elizabeth,McDonough,,0
https://entity.api.hubmapconsortium.org/entities/070bdb9ff7fed702ab3623cfebbe3e14,Tissue Block,"Registered 2/19/2026, Jamie Allen, TMC-Vanderbilt","20 x 15 x 6 millimeter, 2 millimeter, 3 Sections",https://portal.hubmapconsortium.org/browse/sample/070bdb9ff7fed702ab3623cfebbe3e14,http://purl.org/ccf/1.5/44546b50-c06d-4757-aefb-edb54df2c328,20,15,6,Jamie Allen,Jamie,Allen,,0
https://entity.api.hubmapconsortium.org/entities/07b8f3cc48268a291be2a4ec4296e0f0,Tissue Block,"Registered 7/11/2022, Jamie Allen, TMC-Vanderbilt","40 x 12 x 20 millimeter, 5 millimeter, 4 Sections",https://portal.hubmapconsortium.org/browse/sample/07b8f3cc48268a291be2a4ec4296e0f0,http://purl.org/ccf/1.5/874fa17a-eb70-49a1-a386-d25099c9c308,40,12,20,Jamie Allen,Jamie,Allen,,0
https://entity.api.hubmapconsortium.org/entities/09af77a53cd7d037b40e36abf378b0d7,Tissue Block,"Registered 4/15/2025, Jamie Allen, TMC-Vanderbilt","10 x 10 x 25 millimeter, 5 millimeter, 5 Sections",https://portal.hubmapconsortium.org/browse/sample/09af77a53cd7d037b40e36abf378b0d7,http://purl.org/ccf/1.5/6e477354-ae60-4791-8f0f-d95c36be7ceb,10,10,25,Jamie Allen,Jamie,Allen,,0
https://entity.api.hubmapconsortium.org/entities/0d104427ef3d77d976e2c491651454d2,Tissue Block,"Registered 2/19/2026, Jamie Allen, TMC-Vanderbilt","19 x 19 x 10 millimeter, 3.3 millimeter, 3 Sections",https://portal.hubmapconsortium.org/browse/sample/0d104427ef3d77d976e2c491651454d2,http://purl.org/ccf/1.5/166d2c0d-2064-4d90-9e3a-f52f00a4aee1,19,19,10,Jamie Allen,Jamie,Allen,,0
https://entity.api.hubmapconsortium.org/entities/0e016408ec117c9992dabaffe2fc3c92,Tissue Block,"Registered 6/15/2022, Jamie Allen, TMC-Vanderbilt","18 x 15 x 8 millimeter, 1.6 millimeter, 5 Sections",https://portal.hubmapconsortium.org/browse/sample/0e016408ec117c9992dabaffe2fc3c92,http://purl.org/ccf/1.5/789bba89-175f-4076-8f9d-a19f7483cb08,18,15,8,Jamie Allen,Jamie,Allen,,0
https://entity.api.hubmapconsortium.org/entities/1160643b368b9b5244f2e24db4270a3a,Tissue Block,"Registered 2/6/2026, Elizabeth McDonough, RTI-General Electric","55 x 25 x 7 millimeter, 5 millimeter, 26 Sections",https://portal.hubmapconsortium.org/browse/sample/1160643b368b9b5244f2e24db4270a3a,http://purl.org/ccf/1.5/cb9a0526-2789-4e36-9fd9-cb4672f75394,55,25,7,Elizabeth McDonough,Elizabeth,McDonough,,0
https://entity.api.hubmapconsortium.org/entities/23a7cbea104f32a93d4dccfa23578bef,Tissue Block,"Registered 2/6/2026, Elizabeth McDonough, RTI-General Electric","9 x 9 x 5 millimeter, 5 millimeter, 26 Sections",https://portal.hubmapconsortium.org/browse/sample/23a7cbea104f32a93d4dccfa23578bef,http://purl.org/ccf/1.5/000408ff-5c1a-4f08-9565-9175e32c47ac,9,9,5,Elizabeth McDonough,Elizabeth,McDonough,,0
https://entity.api.hubmapconsortium.org/entities/2656c76dce594e00489964705b5d1744,Tissue Block,"Registered 6/20/2022, Jamie Allen, TMC-Vanderbilt","15 x 9 x 9 millimeter, 0.8 millimeter, 12 Sections",https://portal.hubmapconsortium.org/browse/sample/2656c76dce594e00489964705b5d1744,http://purl.org/ccf/1.5/0af69e70-3ec3-4d0b-a008-89a4186f4452,15,9,9,Jamie Allen,Jamie,Allen,,0
https://entity.api.hubmapconsortium.org/entities/283e37ec668d36f394ee958038e9898f,Tissue Block,"Registered 2/19/2026, Jamie Allen, TMC-Vanderbilt","23 x 20 x 5 millimeter, 1.7 millimeter, 3 Sections",https://portal.hubmapconsortium.org/browse/sample/283e37ec668d36f394ee958038e9898f,http://purl.org/ccf/1.5/27e5407e-1584-411e-9fe8-b1cb4a9f8a28,23,20,5,Jamie Allen,Jamie,Allen,,0
https://entity.api.hubmapconsortium.org/entities/2e707489574baf564fa3f99faf1f94b3,Tissue Block,"Registered 2/19/2026, Elizabeth McDonough, RTI-General Electric","5 x 5 x 4 millimeter, 5 millimeter, 26 Sections",https://portal.hubmapconsortium.org/browse/sample/2e707489574baf564fa3f99faf1f94b3,http://purl.org/ccf/1.5/b3b033d7-e374-4940-8f9b-b6577aa2cfe6,5,5,4,Elizabeth McDonough,Elizabeth,McDonough,,0
https://entity.api.hubmapconsortium.org/entities/30ef35ede661deb43376c4f74ae581e2,Tissue Block,"Registered 7/26/2022, Jamie Allen, TMC-Vanderbilt","24 x 10 x 16 millimeter, 5.3 millimeter, 3 Sections",https://portal.hubmapconsortium.org/browse/sample/30ef35ede661deb43376c4f74ae581e2,http://purl.org/ccf/1.5/20dd6d0c-0b29-40c6-9d0a-b5af3cc58da1,24,10,16,Jamie Allen,Jamie,Allen,,0
https://entity.api.hubmapconsortium.org/entities/36970095390a092de27717c300930ff6,Tissue Block,"Registered 2/19/2026, Jamie Allen, TMC-Vanderbilt","15 x 30 x 8 millimeter, 2.7 millimeter, 3 Sections",https://portal.hubmapconsortium.org/browse/sample/36970095390a092de27717c300930ff6,http://purl.org/ccf/1.5/4bab3a27-80b6-4dd7-af90-692c44e748ea,15,30,8,Jamie Allen,Jamie,Allen,,0
https://entity.api.hubmapconsortium.org/entities/3a622ca82adc9696ec31fc6e2210197c,Tissue Block,"Registered 7/19/2022, Jamie Allen, TMC-Vanderbilt","22 x 12 x 15 millimeter, 5 millimeter, 3 Sections",https://portal.hubmapconsortium.org/browse/sample/3a622ca82adc9696ec31fc6e2210197c,http://purl.org/ccf/1.5/7a3454d4-89f6-40f5-af48-1ad1f46b49fc,22,12,15,Jamie Allen,Jamie,Allen,,0
https://entity.api.hubmapconsortium.org/entities/3a743c09df63f1ea6d610ff6460cc47a,Tissue Block,"Registered 6/20/2022, Jamie Allen, TMC-Vanderbilt","17 x 11 x 11 millimeter, 2.8 millimeter, 4 Sections",https://portal.hubmapconsortium.org/browse/sample/3a743c09df63f1ea6d610ff6460cc47a,http://purl.org/ccf/1.5/36ec0bbe-ffb4-4183-8351-236bde2be3d3,17,11,11,Jamie Allen,Jamie,Allen,,0
https://entity.api.hubmapconsortium.org/entities/3c1105a7f464738e97f7e1f862c9a452,Tissue Block,"Registered 2/19/2026, Jamie Allen, TMC-Vanderbilt","23 x 12 x 10 millimeter, 1.4 millimeter, 7 Sections",https://portal.hubmapconsortium.org/browse/sample/3c1105a7f464738e97f7e1f862c9a452,http://purl.org/ccf/1.5/4ea29ac5-85ce-4ddb-94cf-c82ecc9de7ad,23,12,10,Jamie Allen,Jamie,Allen,,0
https://entity.api.hubmapconsortium.org/entities/3cc8bc40762e99147bbbf4b7e2adc67f,Tissue Block,"Registered 2/19/2026, Elizabeth McDonough, RTI-General Electric","5 x 5 x 4 millimeter, 5 millimeter, 26 Sections",https://portal.hubmapconsortium.org/browse/sample/3cc8bc40762e99147bbbf4b7e2adc67f,http://purl.org/ccf/1.5/cffcc4f0-afc5-4a72-9f25-db27ed42496e,5,5,4,Elizabeth McDonough,Elizabeth,McDonough,,0
https://entity.api.hubmapconsortium.org/entities/3fcc51e98a9f2d3bd00f3d32a03cfbc1,Tissue Block,"Registered 4/14/2025, Jamie Allen, TMC-Vanderbilt","18 x 16 x 5 millimeter, 1 millimeter, 5 Sections",https://portal.hubmapconsortium.org/browse/sample/3fcc51e98a9f2d3bd00f3d32a03cfbc1,http://purl.org/ccf/1.5/5301af9f-65d5-4915-9ea5-66b8ae46436b,18,16,5,Jamie Allen,Jamie,Allen,,0
https://entity.api.hubmapconsortium.org/entities/403a87836e975099a3647d5d455f5100,Tissue Block,"Registered 2/6/2026, Elizabeth McDonough, RTI-General Electric","33 x 11 x 6 millimeter, 5 millimeter, 26 Sections",https://portal.hubmapconsortium.org/browse/sample/403a87836e975099a3647d5d455f5100,http://purl.org/ccf/1.5/82572eb0-a95a-4a29-88d3-98c53fa565b9,33,11,6,Elizabeth McDonough,Elizabeth,McDonough,,0
https://entity.api.hubmapconsortium.org/entities/427d58dbfe9d4b39996c6c335a9b0140,Tissue Block,"Registered 4/14/2025, Elizabeth Neumann, TMC-Vanderbilt","27 x 11 x 9 millimeter, 3 millimeter, 3 Sections",https://portal.hubmapconsortium.org/browse/sample/427d58dbfe9d4b39996c6c335a9b0140,http://purl.org/ccf/1.5/673717b5-54da-484f-bda3-76cd8e5c9883,27,11,9,Jamie Allen,Jamie,Allen,,0
https://entity.api.hubmapconsortium.org/entities/42bd24651630e444c02163cd8f0d5f4c,Tissue Block,"Registered 6/21/2022, Jamie Allen, TMC-Vanderbilt","20 x 18 x 12 millimeter, 4 millimeter, 3 Sections",https://portal.hubmapconsortium.org/browse/sample/42bd24651630e444c02163cd8f0d5f4c,http://purl.org/ccf/1.5/0e8b0f2f-d130-4edc-a00b-15db0110ffa9,20,18,12,Jamie Allen,Jamie,Allen,,0
https://entity.api.hubmapconsortium.org/entities/45573b69ef0b35107c7aa2fc20e2d238,Tissue Block,"Registered 4/14/2025, Jamie Allen, TMC-Vanderbilt","20 x 19 x 11 millimeter, 2.8 millimeter, 4 Sections",https://portal.hubmapconsortium.org/browse/sample/45573b69ef0b35107c7aa2fc20e2d238,http://purl.org/ccf/1.5/3f0c831b-341e-49bb-9ffe-5514a7ff9b92,20,19,11,Jamie Allen,Jamie,Allen,,0
https://entity.api.hubmapconsortium.org/entities/45da060158ba7cf2683eb6a689c98ceb,Tissue Block,"Registered 6/5/2024, Elizabeth McDonough, RTI-General Electric","5 x 5 x 4 millimeter, 5 millimeter, 26 Sections",https://portal.hubmapconsortium.org/browse/sample/45da060158ba7cf2683eb6a689c98ceb,http://purl.org/ccf/1.5/7c1ad5fb-70b6-48af-bd2c-f1894486b89c,5,5,4,Elizabeth McDonough,Elizabeth,McDonough,,0
https://entity.api.hubmapconsortium.org/entities/4bc6ad58b6a4beb45025e753380064d1,Tissue Block,"Registered 2/13/2026, Elizabeth McDonough, RTI-General Electric","50 x 50 x 30 millimeter, 5 millimeter, 26 Sections",https://portal.hubmapconsortium.org/browse/sample/4bc6ad58b6a4beb45025e753380064d1,http://purl.org/ccf/1.5/d406c607-1b1e-418d-a1f3-209e22736e9e,50,50,30,Elizabeth McDonough,Elizabeth,McDonough,,0
https://entity.api.hubmapconsortium.org/entities/4e9045582e4e77180df6da4cbaa965c7,Tissue Block,"Registered 2/6/2026, Elizabeth McDonough, RTI-General Electric","53 x 14 x 16 millimeter, 5 millimeter, 26 Sections",https://portal.hubmapconsortium.org/browse/sample/4e9045582e4e77180df6da4cbaa965c7,http://purl.org/ccf/1.5/59679392-2f09-460c-b069-ef7f068f5216,53,14,16,Elizabeth McDonough,Elizabeth,McDonough,,0
https://entity.api.hubmapconsortium.org/entities/4f709fb7005ba9d2ae6ed770d88d522a,Tissue Block,"Registered 2/6/2026, Elizabeth McDonough, RTI-General Electric","29 x 13 x 11 millimeter, 5 millimeter, 26 Sections",https://portal.hubmapconsortium.org/browse/sample/4f709fb7005ba9d2ae6ed770d88d522a,http://purl.org/ccf/1.5/c4a86f58-31ab-45db-85a5-0decbf477867,29,13,11,Elizabeth McDonough,Elizabeth,McDonough,,0
https://entity.api.hubmapconsortium.org/entities/4fa7122945381dab6cb45d18a211697d,Tissue Block,"Registered 6/5/2024, Elizabeth McDonough, RTI-General Electric","5 x 5 x 4 millimeter, 5 millimeter, 26 Sections",https://portal.hubmapconsortium.org/browse/sample/4fa7122945381dab6cb45d18a211697d,http://purl.org/ccf/1.5/a9085ced-81aa-475b-8fc5-b323893773d1,5,5,4,Elizabeth McDonough,Elizabeth,McDonough,,0
https://entity.api.hubmapconsortium.org/entities/4fabad3c0c9fe131b97854f3112935f9,Tissue Block,"Registered 7/10/2022, Jamie Allen, TMC-Vanderbilt","20 x 16 x 9 millimeter, 1.8 millimeter, 5 Sections",https://portal.hubmapconsortium.org/browse/sample/4fabad3c0c9fe131b97854f3112935f9,http://purl.org/ccf/1.5/1bf5d122-bd14-4f1c-9d42-85c59e031769,20,16,9,Jamie Allen,Jamie,Allen,,0
https://entity.api.hubmapconsortium.org/entities/513ceb231c3406e87abddcf7bae9b5aa,Tissue Block,"Registered 2/17/2022, Yiing Lin, TMC-Stanford","3 x 30 x 15 millimeter, 7.5 millimeter, 2 Sections",https://portal.hubmapconsortium.org/browse/sample/513ceb231c3406e87abddcf7bae9b5aa,http://purl.org/ccf/1.5/d14c269b-7528-4830-9b9e-90d4949ee20b,3,30,15,Yiing Lin,Yiing,Lin,,0
https://entity.api.hubmapconsortium.org/entities/517b732cccc0d8932bc8147896a1f829,Tissue Block,"Registered 2/19/2026, Jamie Allen, TMC-Vanderbilt","13 x 8 x 9 millimeter, 2.3 millimeter, 4 Sections",https://portal.hubmapconsortium.org/browse/sample/517b732cccc0d8932bc8147896a1f829,http://purl.org/ccf/1.5/86e693e8-7fec-4318-87e2-463b40bf5304,13,8,9,Jamie Allen,Jamie,Allen,,0
https://entity.api.hubmapconsortium.org/entities/51c13b07099ccf9652dd7a8ddd43e20e,Tissue Block,"Registered 7/1/2022, Jamie Allen, TMC-Vanderbilt","18 x 14 x 4 millimeter, 1 millimeter, 4 Sections",https://portal.hubmapconsortium.org/browse/sample/51c13b07099ccf9652dd7a8ddd43e20e,http://purl.org/ccf/1.5/80b28f07-c971-40f2-afc1-f7654359e5d9,18,14,4,Jamie Allen,Jamie,Allen,,0
https://entity.api.hubmapconsortium.org/entities/524bd079a6c9520688dede8b46f31f07,Tissue Block,"Registered 2/6/2026, Elizabeth McDonough, RTI-General Electric","11 x 7 x 12 millimeter, 5 millimeter, 26 Sections",https://portal.hubmapconsortium.org/browse/sample/524bd079a6c9520688dede8b46f31f07,http://purl.org/ccf/1.5/9e569bdb-0948-48ae-88d8-c21161ce3d65,11,7,12,Elizabeth McDonough,Elizabeth,McDonough,,0
https://entity.api.hubmapconsortium.org/entities/541e1be674df9d2eac3de6d41b8ec3c6,Tissue Block,"Registered 4/11/2025, Jamie Allen, TMC-Vanderbilt","11 x 24 x 4 millimeter, 0.8 millimeter, 5 Sections",https://portal.hubmapconsortium.org/browse/sample/541e1be674df9d2eac3de6d41b8ec3c6,http://purl.org/ccf/1.5/95a673b8-bc63-4422-933f-4ce4345be436,11,24,4,Jamie Allen,Jamie,Allen,,0
https://entity.api.hubmapconsortium.org/entities/583a32f7083d3cee578f73f038cebd5a,Tissue Block,"Registered 7/10/2022, Jamie Allen, TMC-Vanderbilt","25 x 11 x 4 millimeter, 0.8 millimeter, 5 Sections",https://portal.hubmapconsortium.org/browse/sample/583a32f7083d3cee578f73f038cebd5a,http://purl.org/ccf/1.5/8a74a4e0-ceb4-4e15-8fc4-1f98ff0bc739,25,11,4,Jamie Allen,Jamie,Allen,,0
https://entity.api.hubmapconsortium.org/entities/5a598b854df00434f3c58578dfd65706,Tissue Block,"Registered 2/19/2026, Elizabeth McDonough, RTI-General Electric","5 x 5 x 4 millimeter, 5 millimeter, 26 Sections",https://portal.hubmapconsortium.org/browse/sample/5a598b854df00434f3c58578dfd65706,http://purl.org/ccf/1.5/1a9eb7e1-307f-4bd0-ab76-4ad5ccf04bca,5,5,4,Elizabeth McDonough,Elizabeth,McDonough,,0
https://entity.api.hubmapconsortium.org/entities/661925b48ab59bcd33f02e984d9aae16,Tissue Block,"Registered 2/16/2022, Dana L Jackson, TMC-CalTech","10 x 25 x 10 millimeter, 10 millimeter, 0 Sections",https://portal.hubmapconsortium.org/browse/sample/661925b48ab59bcd33f02e984d9aae16,http://purl.org/ccf/1.5/ec266141-f52d-4089-ab1c-456ec1b97441,10,25,10,Yiing Lin,Yiing,Lin,,0
https://entity.api.hubmapconsortium.org/entities/7a766b9b083a02d3f2a6cef68d1240e5,Tissue Block,"Registered 7/28/2022, Jamie Allen, TMC-Vanderbilt","16 x 14 x 10 millimeter, 3.3 millimeter, 3 Sections",https://portal.hubmapconsortium.org/browse/sample/7a766b9b083a02d3f2a6cef68d1240e5,http://purl.org/ccf/1.5/19a9f5af-c334-4e5d-a5f8-4ac2128d0eb5,16,14,10,Jamie Allen,Jamie,Allen,,0
https://entity.api.hubmapconsortium.org/entities/7b75a380125c77ab55ccb398a047375f,Tissue Block,"Registered 6/5/2024, Elizabeth McDonough, RTI-General Electric","5 x 5 x 4 millimeter, 5 millimeter, 26 Sections",https://portal.hubmapconsortium.org/browse/sample/7b75a380125c77ab55ccb398a047375f,http://purl.org/ccf/1.5/3a89d448-e33c-4793-ae5e-ada736fdf146,5,5,4,Elizabeth McDonough,Elizabeth,McDonough,,0
https://entity.api.hubmapconsortium.org/entities/890568a1486858db14e1ecfdb1c011fc,Tissue Block,"Registered 6/5/2024, Elizabeth McDonough, RTI-General Electric","5 x 5 x 4 millimeter, 5 millimeter, 26 Sections",https://portal.hubmapconsortium.org/browse/sample/890568a1486858db14e1ecfdb1c011fc,http://purl.org/ccf/1.5/2d70c7f6-29a6-4288-9f33-1501f8affac7,5,5,4,Elizabeth McDonough,Elizabeth,McDonough,,0
https://entity.api.hubmapconsortium.org/entities/9f87133a040070ff261384ec21c61c26,Tissue Block,"Registered 2/17/2022, Yiing Lin, TMC-Stanford","3 x 30 x 15 millimeter, 7.5 millimeter, 2 Sections",https://portal.hubmapconsortium.org/browse/sample/9f87133a040070ff261384ec21c61c26,http://purl.org/ccf/1.5/e4d28a22-b26e-4486-a146-cb21d74a9a41,3,30,15,Yiing Lin,Yiing,Lin,,0
https://entity.api.hubmapconsortium.org/entities/a1b167178431608b253c4a07ae18e5d9,Tissue Block,"Registered 8/1/2022, Jamie Allen, TMC-Vanderbilt","18 x 19 x 13 millimeter, 1.6 millimeter, 8 Sections",https://portal.hubmapconsortium.org/browse/sample/a1b167178431608b253c4a07ae18e5d9,http://purl.org/ccf/1.5/8ae7c9f9-b138-4b44-8aaf-944b7544ff8a,18,19,13,Jamie Allen,Jamie,Allen,,0
https://entity.api.hubmapconsortium.org/entities/a39418ea173ee4d3204b63d610009151,Tissue Block,"Registered 2/19/2026, Elizabeth McDonough, RTI-General Electric","5 x 5 x 4 millimeter, 5 millimeter, 26 Sections",https://portal.hubmapconsortium.org/browse/sample/a39418ea173ee4d3204b63d610009151,http://purl.org/ccf/1.5/8bd45b58-8927-448a-ad3e-3c9853bc339a,5,5,4,Elizabeth McDonough,Elizabeth,McDonough,,0
https://entity.api.hubmapconsortium.org/entities/a84a10c41fa408714f1510569a138b08,Tissue Block,"Registered 6/14/2022, Jamie Allen, TMC-Vanderbilt","19 x 20 x 11 millimeter, 1.4 millimeter, 8 Sections",https://portal.hubmapconsortium.org/browse/sample/a84a10c41fa408714f1510569a138b08,http://purl.org/ccf/1.5/18a43fde-687e-4074-afe7-5af1accd9909,19,20,11,Jamie Allen,Jamie,Allen,,0
https://entity.api.hubmapconsortium.org/entities/a96d7a2687372052a139c4f3cf6b6864,Tissue Block,"Registered 6/14/2022, Jamie Allen, TMC-Vanderbilt","25 x 17 x 2 millimeter, 2 millimeter, 1 Sections",https://portal.hubmapconsortium.org/browse/sample/a96d7a2687372052a139c4f3cf6b6864,http://purl.org/ccf/1.5/5f2d29d1-9989-435c-9311-59799db1e8d7,25,17,2,Jamie Allen,Jamie,Allen,,0
https://entity.api.hubmapconsortium.org/entities/b75c8960ab33efccd30b648e5bb24d9d,Tissue Block,"Registered 7/10/2022, Jamie Allen, TMC-Vanderbilt","20 x 19 x 15 millimeter, 5 millimeter, 3 Sections",https://portal.hubmapconsortium.org/browse/sample/b75c8960ab33efccd30b648e5bb24d9d,http://purl.org/ccf/1.5/38ed99d5-8763-449a-b188-d20f8a7db31a,20,19,15,Jamie Allen,Jamie,Allen,,0
https://entity.api.hubmapconsortium.org/entities/c9186570f7870386e166d989bc24b9fa,Tissue Block,"Registered 7/1/2022, Jamie Allen, TMC-Vanderbilt","16 x 15 x 5 millimeter, 0.8 millimeter, 6 Sections",https://portal.hubmapconsortium.org/browse/sample/c9186570f7870386e166d989bc24b9fa,http://purl.org/ccf/1.5/59763502-5202-4ba9-ac3d-f9470c788229,16,15,5,Jamie Allen,Jamie,Allen,,0
https://entity.api.hubmapconsortium.org/entities/cc2fae3cc7d376805a2854a442d1320a,Tissue Block,"Registered 2/16/2022, Yiing Lin, TMC-Stanford","10 x 25 x 10 millimeter, 5 millimeter, 2 Sections",https://portal.hubmapconsortium.org/browse/sample/cc2fae3cc7d376805a2854a442d1320a,http://purl.org/ccf/1.5/ecc25c9b-4d98-4aad-8774-d5308e44125b,10,25,10,Yiing Lin,Yiing,Lin,,0
https://entity.api.hubmapconsortium.org/entities/cfb75894a2611aeee77bb45760f2a4d2,Tissue Block,"Registered 2/16/2022, Dana L Jackson, TMC-CalTech","10 x 25 x 10 millimeter, 10 millimeter, 0 Sections",https://portal.hubmapconsortium.org/browse/sample/cfb75894a2611aeee77bb45760f2a4d2,http://purl.org/ccf/1.5/f627a7e1-843e-487d-92ea-1bfa08e7c7cc,10,25,10,Yiing Lin,Yiing,Lin,,0
https://entity.api.hubmapconsortium.org/entities/df96f02667e0a3b40332dcaa6a91f850,Tissue Block,"Registered 2/17/2022, Yiing Lin, TMC-Stanford","3 x 30 x 20 millimeter, 10 millimeter, 2 Sections",https://portal.hubmapconsortium.org/browse/sample/df96f02667e0a3b40332dcaa6a91f850,http://purl.org/ccf/1.5/e2bb4165-7965-4c87-bf44-6fb9dfbd950d,3,30,20,Yiing Lin,Yiing,Lin,,0
https://entity.api.hubmapconsortium.org/entities/e6fc9a11fe153997fbf32f04bb780bb7,Tissue Block,"Registered 7/19/2022, Jamie Allen, TMC-Vanderbilt","25 x 18 x 12 millimeter, 3 millimeter, 4 Sections",https://portal.hubmapconsortium.org/browse/sample/e6fc9a11fe153997fbf32f04bb780bb7,http://purl.org/ccf/1.5/6be825a6-df5d-4ef2-bd7a-6651203648b2,25,18,12,Jamie Allen,Jamie,Allen,,0
https://entity.api.hubmapconsortium.org/entities/f44e0ee8c75dfe89f8ec0f02c1780c21,Tissue Block,"Registered 6/14/2022, Jamie Allen, TMC-Vanderbilt","23 x 18 x 2 millimeter, 2 millimeter, 1 Sections",https://portal.hubmapconsortium.org/browse/sample/f44e0ee8c75dfe89f8ec0f02c1780c21,http://purl.org/ccf/1.5/67aecf90-24ce-4dfa-91db-8d7a081aa684,23,18,2,Jamie Allen,Jamie,Allen,,0
https://entity.api.hubmapconsortium.org/entities/fc0711fa8f09cc48d596020fe816338a,Tissue Block,"Registered 6/14/2022, Jamie Allen, TMC-Vanderbilt","26 x 12 x 2 millimeter, 2 millimeter, 1 Sections",https://portal.hubmapconsortium.org/browse/sample/fc0711fa8f09cc48d596020fe816338a,http://purl.org/ccf/1.5/37000e7b-f8a6-42c5-b086-1778ce47e2c7,26,12,2,Jamie Allen,Jamie,Allen,,0
https://entity.api.hubmapconsortium.org/entities/fcfd5fdfe1266ff384b3b2fe0ee20d6d,Tissue Block,"Registered 7/18/2022, Jamie Allen, TMC-Vanderbilt","25 x 10 x 19 millimeter, 3.8 millimeter, 5 Sections",https://portal.hubmapconsortium.org/browse/sample/fcfd5fdfe1266ff384b3b2fe0ee20d6d,http://purl.org/ccf/1.5/48e7dfc1-af5a-4ead-a9a8-f34e8525f11c,25,10,19,Jamie Allen,Jamie,Allen,,0
https://entity.api.hubmapconsortium.org/entities/54bffc039b6dd6a09499724a5ddc04bd,Tissue Block,"Registered 2/6/2026, Elizabeth McDonough, RTI-General Electric","23 x 14 x 12 millimeter, 5 millimeter, 26 Sections",https://portal.hubmapconsortium.org/browse/sample/54bffc039b6dd6a09499724a5ddc04bd,http://purl.org/ccf/1.5/8ddd44c4-c431-4eaf-82f1-05c62c7b6d95,23,14,12,Elizabeth McDonough,Elizabeth,McDonough,,0
https://entity.api.hubmapconsortium.org/entities/65233427703ef55666e79c93f1594779,Tissue Block,"Registered 2/6/2026, Elizabeth McDonough, RTI-General Electric","15 x 13 x 10 millimeter, 5 millimeter, 26 Sections",https://portal.hubmapconsortium.org/browse/sample/65233427703ef55666e79c93f1594779,http://purl.org/ccf/1.5/26087899-e4af-47fb-aae5-60d1a35dc813,15,13,10,Elizabeth McDonough,Elizabeth,McDonough,,0
https://entity.api.hubmapconsortium.org/entities/6715f628ca75965bda4213db80a4fe81,Tissue Block,"Registered 2/6/2026, Elizabeth McDonough, RTI-General Electric","13 x 6 x 9 millimeter, 5 millimeter, 26 Sections",https://portal.hubmapconsortium.org/browse/sample/6715f628ca75965bda4213db80a4fe81,http://purl.org/ccf/1.5/29fdd6e1-e463-4db7-a321-463d738dd894,13,6,9,Elizabeth McDonough,Elizabeth,McDonough,,0
https://entity.api.hubmapconsortium.org/entities/6fe5fd9d59a61b2c0b9a700a03245617,Tissue Block,"Registered 2/6/2026, Elizabeth McDonough, RTI-General Electric","40 x 14 x 6 millimeter, 5 millimeter, 26 Sections",https://portal.hubmapconsortium.org/browse/sample/6fe5fd9d59a61b2c0b9a700a03245617,http://purl.org/ccf/1.5/c188aecd-2512-4139-912c-c1d37fb6e0ae,40,14,6,Elizabeth McDonough,Elizabeth,McDonough,,0
https://entity.api.hubmapconsortium.org/entities/797476e761e442423a5924c43ad10256,Tissue Block,"Registered 2/19/2026, Elizabeth McDonough, RTI-General Electric","5 x 5 x 4 millimeter, 5 millimeter, 26 Sections",https://portal.hubmapconsortium.org/browse/sample/797476e761e442423a5924c43ad10256,http://purl.org/ccf/1.5/1ba5405a-acbc-4496-8645-58684ee27f7e,5,5,4,Elizabeth McDonough,Elizabeth,McDonough,,0
https://entity.api.hubmapconsortium.org/entities/79b3df1cdcfbe5c0a218b4f456863b7b,Tissue Block,"Registered 2/6/2026, Elizabeth McDonough, RTI-General Electric","14 x 9 x 3 millimeter, 5 millimeter, 26 Sections",https://portal.hubmapconsortium.org/browse/sample/79b3df1cdcfbe5c0a218b4f456863b7b,http://purl.org/ccf/1.5/b1c840c9-4f96-4d2c-8471-f5c2ed64b4e4,14,9,3,Elizabeth McDonough,Elizabeth,McDonough,,0
https://entity.api.hubmapconsortium.org/entities/809ae03bef6e693d9fda576a535ac6ad,Tissue Block,"Registered 2/6/2026, Elizabeth McDonough, RTI-General Electric","24 x 14 x 10 millimeter, 5 millimeter, 26 Sections",https://portal.hubmapconsortium.org/browse/sample/809ae03bef6e693d9fda576a535ac6ad,http://purl.org/ccf/1.5/d6f2b6b5-332a-40f6-a28a-81cc10f925c3,24,14,10,Elizabeth McDonough,Elizabeth,McDonough,,0
https://entity.api.hubmapconsortium.org/entities/81712f12adb030707ff22b021482069e,Tissue Block,"Registered 2/19/2026, Elizabeth McDonough, RTI-General Electric","5 x 5 x 4 millimeter, 5 millimeter, 26 Sections",https://portal.hubmapconsortium.org/browse/sample/81712f12adb030707ff22b021482069e,http://purl.org/ccf/1.5/65af5b1a-e54a-4ec4-bce0-176a5ecad7b6,5,5,4,Elizabeth McDonough,Elizabeth,McDonough,,0
https://entity.api.hubmapconsortium.org/entities/8188f2d3f1fed82615ec136e0e59c0e1,Tissue Block,"Registered 2/6/2026, Elizabeth McDonough, RTI-General Electric","26 x 13 x 4 millimeter, 5 millimeter, 26 Sections",https://portal.hubmapconsortium.org/browse/sample/8188f2d3f1fed82615ec136e0e59c0e1,http://purl.org/ccf/1.5/6d70a358-f794-4743-9e7d-2390b1b52a53,26,13,4,Elizabeth McDonough,Elizabeth,McDonough,,0
https://entity.api.hubmapconsortium.org/entities/9347a9fe2e58ce95b32c7be33558b0c3,Tissue Block,"Registered 2/6/2026, Elizabeth McDonough, RTI-General Electric","41 x 17 x 11 millimeter, 5 millimeter, 26 Sections",https://portal.hubmapconsortium.org/browse/sample/9347a9fe2e58ce95b32c7be33558b0c3,http://purl.org/ccf/1.5/ec624497-03e5-42ea-9591-251f594b2567,41,17,11,Elizabeth McDonough,Elizabeth,McDonough,,0
https://entity.api.hubmapconsortium.org/entities/9a02c183a8a0063c55cd4e15feadb6d7,Tissue Block,"Registered 2/6/2026, Elizabeth McDonough, RTI-General Electric","29 x 13 x 10 millimeter, 5 millimeter, 26 Sections",https://portal.hubmapconsortium.org/browse/sample/9a02c183a8a0063c55cd4e15feadb6d7,http://purl.org/ccf/1.5/aae6ffc8-d890-48d7-a07e-8e6201d46bd2,29,13,10,Elizabeth McDonough,Elizabeth,McDonough,,0
https://entity.api.hubmapconsortium.org/entities/a0eede0505104ad98934f52ed2f9bceb,Tissue Block,"Registered 2/6/2026, Elizabeth McDonough, RTI-General Electric","18 x 15 x 3 millimeter, 5 millimeter, 26 Sections",https://portal.hubmapconsortium.org/browse/sample/a0eede0505104ad98934f52ed2f9bceb,http://purl.org/ccf/1.5/050814f8-c2ee-4686-99a0-b58ab08d13cf,18,15,3,Elizabeth McDonough,Elizabeth,McDonough,,0
https://entity.api.hubmapconsortium.org/entities/a450c32a901d5af04d5e1fc344fa7c44,Tissue Block,"Registered 6/5/2024, Elizabeth McDonough, RTI-General Electric","5 x 5 x 4 millimeter, 5 millimeter, 26 Sections",https://portal.hubmapconsortium.org/browse/sample/a450c32a901d5af04d5e1fc344fa7c44,http://purl.org/ccf/1.5/2a9ce615-14b5-4c8b-8434-cd8caae0d205,5,5,4,Elizabeth McDonough,Elizabeth,McDonough,,0
https://entity.api.hubmapconsortium.org/entities/a74df71595b3ed709cc843338cb56cd1,Tissue Block,"Registered 2/6/2026, Elizabeth McDonough, RTI-General Electric","17 x 10 x 3 millimeter, 5 millimeter, 26 Sections",https://portal.hubmapconsortium.org/browse/sample/a74df71595b3ed709cc843338cb56cd1,http://purl.org/ccf/1.5/8f5650d6-be4d-44b0-85aa-fe0cc024f6aa,17,10,3,Elizabeth McDonough,Elizabeth,McDonough,,0
https://entity.api.hubmapconsortium.org/entities/a9f58324af70aa1f6d89a411aefefbe5,Tissue Block,"Registered 2/6/2026, Elizabeth McDonough, RTI-General Electric","35 x 15 x 11 millimeter, 5 millimeter, 26 Sections",https://portal.hubmapconsortium.org/browse/sample/a9f58324af70aa1f6d89a411aefefbe5,http://purl.org/ccf/1.5/76bd10bf-4aba-4fb8-9421-1fdc1e7e3581,35,15,11,Elizabeth McDonough,Elizabeth,McDonough,,0
https://entity.api.hubmapconsortium.org/entities/ab957eb5a977b2eeb8817bc180bde4df,Tissue Block,"Registered 2/16/2022, Dana L Jackson, TMC-CalTech","10 x 10 x 10 millimeter, 10 millimeter, 0 Sections",https://portal.hubmapconsortium.org/browse/sample/ab957eb5a977b2eeb8817bc180bde4df,http://purl.org/ccf/1.5/3e28baf3-1c48-4345-a588-7ac59122e8aa,10,10,10,Yiing Lin,Yiing,Lin,,0
https://entity.api.hubmapconsortium.org/entities/afa53ee20efa341d1f8353ae59e374e1,Tissue Block,"Registered 2/19/2026, Elizabeth McDonough, RTI-General Electric","5 x 5 x 4 millimeter, 5 millimeter, 26 Sections",https://portal.hubmapconsortium.org/browse/sample/afa53ee20efa341d1f8353ae59e374e1,http://purl.org/ccf/1.5/86fd8b93-93a4-4511-825b-34e8ea146a4b,5,5,4,Elizabeth McDonough,Elizabeth,McDonough,,0
https://entity.api.hubmapconsortium.org/entities/b1761786bb018388bdab66b9e1c9bf0d,Tissue Block,"Registered 2/19/2026, Elizabeth McDonough, RTI-General Electric","5 x 5 x 4 millimeter, 5 millimeter, 26 Sections",https://portal.hubmapconsortium.org/browse/sample/b1761786bb018388bdab66b9e1c9bf0d,http://purl.org/ccf/1.5/ce334137-4bd9-40d7-9334-46fdf255198f,5,5,4,Elizabeth McDonough,Elizabeth,McDonough,,0
https://entity.api.hubmapconsortium.org/entities/ba36c8ce9a4fbd647d8d04bc7afc1894,Tissue Block,"Registered 2/6/2026, Elizabeth McDonough, RTI-General Electric","48 x 25 x 9 millimeter, 5 millimeter, 26 Sections",https://portal.hubmapconsortium.org/browse/sample/ba36c8ce9a4fbd647d8d04bc7afc1894,http://purl.org/ccf/1.5/59867860-9efb-4b03-9405-802bd852e351,48,25,9,Elizabeth McDonough,Elizabeth,McDonough,,0
https://entity.api.hubmapconsortium.org/entities/be5ba7c75c98f920013a5fc4bb5446c7,Tissue Block,"Registered 2/6/2026, Elizabeth McDonough, RTI-General Electric","23 x 10 x 11 millimeter, 5 millimeter, 26 Sections",https://portal.hubmapconsortium.org/browse/sample/be5ba7c75c98f920013a5fc4bb5446c7,http://purl.org/ccf/1.5/f8689e57-305a-47e3-9d7a-9a7a156ef70e,23,10,11,Elizabeth McDonough,Elizabeth,McDonough,,0
https://entity.api.hubmapconsortium.org/entities/c097b494de34bfb00ff0140fc9e8aa23,Tissue Block,"Registered 6/5/2024, Elizabeth McDonough, RTI-General Electric","5 x 5 x 4 millimeter, 5 millimeter, 26 Sections",https://portal.hubmapconsortium.org/browse/sample/c097b494de34bfb00ff0140fc9e8aa23,http://purl.org/ccf/1.5/c4c64ddf-81b9-4866-a01e-c946408a8b42,5,5,4,Elizabeth McDonough,Elizabeth,McDonough,,0
https://entity.api.hubmapconsortium.org/entities/c3c79d6f05da8a436ee0de99a4fc2da9,Tissue Block,"Registered 2/19/2026, Elizabeth McDonough, RTI-General Electric","5 x 5 x 4 millimeter, 5 millimeter, 26 Sections",https://portal.hubmapconsortium.org/browse/sample/c3c79d6f05da8a436ee0de99a4fc2da9,http://purl.org/ccf/1.5/ff582469-5d9d-4e99-84c7-06223a30cef6,5,5,4,Elizabeth McDonough,Elizabeth,McDonough,,0
https://entity.api.hubmapconsortium.org/entities/c6909b724bfd346dcd9beeeb60d898ac,Tissue Block,"Registered 6/5/2024, Elizabeth McDonough, RTI-General Electric","5 x 5 x 4 millimeter, 5 millimeter, 26 Sections",https://portal.hubmapconsortium.org/browse/sample/c6909b724bfd346dcd9beeeb60d898ac,http://purl.org/ccf/1.5/5cd8717a-ce95-49cb-85ef-8242a173d7cf,5,5,4,Elizabeth McDonough,Elizabeth,McDonough,,0
https://entity.api.hubmapconsortium.org/entities/c7a09afa402b293e3c750fae3baa0d8b,Tissue Block,"Registered 2/6/2026, Elizabeth McDonough, RTI-General Electric","28 x 9 x 6 millimeter, 5 millimeter, 26 Sections",https://portal.hubmapconsortium.org/browse/sample/c7a09afa402b293e3c750fae3baa0d8b,http://purl.org/ccf/1.5/2cf2c69a-dac8-43bc-9070-465a03a6bffe,28,9,6,Elizabeth McDonough,Elizabeth,McDonough,,0
https://entity.api.hubmapconsortium.org/entities/c992e1192dac8b87524784ddabe95062,Tissue Block,"Registered 2/6/2026, Elizabeth McDonough, RTI-General Electric","24 x 11 x 7 millimeter, 5 millimeter, 26 Sections",https://portal.hubmapconsortium.org/browse/sample/c992e1192dac8b87524784ddabe95062,http://purl.org/ccf/1.5/f3a01bec-f971-4ded-b33d-db383d541e0a,24,11,7,Elizabeth McDonough,Elizabeth,McDonough,,0
https://entity.api.hubmapconsortium.org/entities/caab167d9ade8e2d63a231f38c156af3,Tissue Block,"Registered 2/19/2026, Elizabeth McDonough, RTI-General Electric","5 x 5 x 4 millimeter, 5 millimeter, 26 Sections",https://portal.hubmapconsortium.org/browse/sample/caab167d9ade8e2d63a231f38c156af3,http://purl.org/ccf/1.5/25033459-16ce-4e6f-95db-c710754887c6,5,5,4,Elizabeth McDonough,Elizabeth,McDonough,,0
https://entity.api.hubmapconsortium.org/entities/cdda6ea54776eac1c906c9d7abf67911,Tissue Block,"Registered 6/5/2024, Elizabeth McDonough, RTI-General Electric","5 x 5 x 4 millimeter, 5 millimeter, 26 Sections",https://portal.hubmapconsortium.org/browse/sample/cdda6ea54776eac1c906c9d7abf67911,http://purl.org/ccf/1.5/3a3017c2-a21a-40a1-9e04-ba5e935b45ab,5,5,4,Elizabeth McDonough,Elizabeth,McDonough,,0
https://entity.api.hubmapconsortium.org/entities/cfef165b500b07e8b9efe337442005fd,Tissue Block,"Registered 2/6/2026, Elizabeth McDonough, RTI-General Electric","21 x 10 x 8 millimeter, 5 millimeter, 26 Sections",https://portal.hubmapconsortium.org/browse/sample/cfef165b500b07e8b9efe337442005fd,http://purl.org/ccf/1.5/cc646c7f-4db7-459e-a859-cc056a4208d5,21,10,8,Elizabeth McDonough,Elizabeth,McDonough,,0
https://entity.api.hubmapconsortium.org/entities/d8623c0e54fca2acd576196f29f5aa59,Tissue Block,"Registered 6/5/2024, Elizabeth McDonough, RTI-General Electric","5 x 5 x 4 millimeter, 5 millimeter, 26 Sections",https://portal.hubmapconsortium.org/browse/sample/d8623c0e54fca2acd576196f29f5aa59,http://purl.org/ccf/1.5/016b60da-082b-4a09-be6e-00e9df5c6f4e,5,5,4,Elizabeth McDonough,Elizabeth,McDonough,,0
https://entity.api.hubmapconsortium.org/entities/e63a86523eaae7239c8fd52ab6cd5979,Tissue Block,"Registered 2/6/2026, Elizabeth McDonough, RTI-General Electric","23 x 10 x 11 millimeter, 5 millimeter, 26 Sections",https://portal.hubmapconsortium.org/browse/sample/e63a86523eaae7239c8fd52ab6cd5979,http://purl.org/ccf/1.5/ad099bf6-7d45-4ede-bf07-b8a34a81365e,23,10,11,Elizabeth McDonough,Elizabeth,McDonough,,0
https://entity.api.hubmapconsortium.org/entities/f13f2341839fca9be4b866ec3edd83f9,Tissue Block,"Registered 2/6/2026, Elizabeth McDonough, RTI-General Electric","24 x 12 x 6 millimeter, 5 millimeter, 26 Sections",https://portal.hubmapconsortium.org/browse/sample/f13f2341839fca9be4b866ec3edd83f9,http://purl.org/ccf/1.5/64453dbf-65eb-455a-a3b1-a34cd33a4b7c,24,12,6,Elizabeth McDonough,Elizabeth,McDonough,,0
https://entity.api.hubmapconsortium.org/entities/f38f8de83adb36eb8bc0ebba6b77d13b,Tissue Block,"Registered 2/6/2026, Elizabeth McDonough, RTI-General Electric","24 x 19 x 15 millimeter, 5 millimeter, 26 Sections",https://portal.hubmapconsortium.org/browse/sample/f38f8de83adb36eb8bc0ebba6b77d13b,http://purl.org/ccf/1.5/2b84ce9c-da3b-4e72-ac08-026e2b92998d,24,19,15,Elizabeth McDonough,Elizabeth,McDonough,,0
https://entity.api.hubmapconsortium.org/entities/f9864e44686b316ca8d17f24b7ffe88c,Tissue Block,"Registered 2/6/2026, Elizabeth McDonough, RTI-General Electric","26 x 16 x 13 millimeter, 5 millimeter, 26 Sections",https://portal.hubmapconsortium.org/browse/sample/f9864e44686b316ca8d17f24b7ffe88c,http://purl.org/ccf/1.5/9c727433-06f1-4e16-8763-0a7bcca1a306,26,16,13,Elizabeth McDonough,Elizabeth,McDonough,,0
https://entity.api.hubmapconsortium.org/entities/fb5b682042638af98e5a36fe38ee41f4,Tissue Block,"Registered 1/15/2025, Elizabeth Neumann, TMC-Vanderbilt","29 x 15 x 4 millimeter, 1 millimeter, 4 Sections",https://portal.hubmapconsortium.org/browse/sample/fb5b682042638af98e5a36fe38ee41f4,http://purl.org/ccf/1.5/91a3354c-75b6-436b-96c2-154c499424a5,29,15,4,Elizabeth Neumann,Elizabeth,Neumann,,0
https://entity.api.hubmapconsortium.org/entities/fc704f662e3c9762cbc160a61f197724,Tissue Block,"Registered 5/29/2024, Elizabeth McDonough, RTI-General Electric","5 x 5 x 4 millimeter, 5 millimeter, 26 Sections",https://portal.hubmapconsortium.org/browse/sample/fc704f662e3c9762cbc160a61f197724,http://purl.org/ccf/1.5/d951bc03-9a31-4519-892b-ce67c54e8613,5,5,4,Elizabeth McDonough,Elizabeth,McDonough,,0
https://entity.api.hubmapconsortium.org/entities/37646b6f78075c99f09af04142ac39f4,Tissue Block,"Registered 2/17/2022, daniel cotter, TMC-Stanford","3 x 30 x 15 millimeter, 15 millimeter, 1 Sections",https://portal.hubmapconsortium.org/browse/sample/37646b6f78075c99f09af04142ac39f4,http://purl.org/ccf/1.5/69d8165e-dce4-4144-9985-8a8f8ae21b4c,3,30,15,Yiing Lin,Yiing,Lin,,0
https://entity.api.hubmapconsortium.org/entities/5590f1212159e1a53b045e7bedafc562,Tissue Block,"Registered 10/19/2021, daniel cotter, TMC-Stanford","20 x 50 x 5 millimeter, 1 millimeter, 1 Sections",https://portal.hubmapconsortium.org/browse/sample/5590f1212159e1a53b045e7bedafc562,http://purl.org/ccf/1.5/1f959974-4f3c-4023-a1af-6e5172d89f2c,20,50,5,Yiing Lin,Yiing,Lin,,0
https://entity.api.hubmapconsortium.org/entities/6563fb50b78d550893e1eb7a38a4ea04,Tissue Block,"Registered 10/19/2021, daniel cotter, TMC-Stanford","20 x 50 x 5 millimeter, 1 millimeter, 1 Sections",https://portal.hubmapconsortium.org/browse/sample/6563fb50b78d550893e1eb7a38a4ea04,http://purl.org/ccf/1.5/c7ed4142-ddad-4cf5-b83b-dd431927bad5,20,50,5,Yiing Lin,Yiing,Lin,,0
https://entity.api.hubmapconsortium.org/entities/84ee6955a5ddab4aee0f467609e96c2f,Tissue Block,"Registered 2/24/2022, daniel cotter, TMC-Stanford","3 x 30 x 15 millimeter, 15 millimeter, 1 Sections",https://portal.hubmapconsortium.org/browse/sample/84ee6955a5ddab4aee0f467609e96c2f,http://purl.org/ccf/1.5/a315cf4f-12d6-4e6c-9ee9-c6a06838716a,3,30,15,Yiing Lin,Yiing,Lin,,0
https://entity.api.hubmapconsortium.org/entities/8d2acd5b31c953a5507da41df918ec2e,Tissue Block,"Registered 10/19/2021, daniel cotter, TMC-Stanford","20 x 50 x 5 millimeter, 1 millimeter, 1 Sections",https://portal.hubmapconsortium.org/browse/sample/8d2acd5b31c953a5507da41df918ec2e,http://purl.org/ccf/1.5/fc556dba-cfb0-490d-913b-d76717762142,20,50,5,Yiing Lin,Yiing,Lin,,0
https://entity.api.hubmapconsortium.org/entities/e03c30230e3405eb6855a91cdc3197a8,Tissue Block,"Registered 10/19/2021, daniel cotter, TMC-Stanford","20 x 50 x 5 millimeter, 5 millimeter, 1 Sections",https://portal.hubmapconsortium.org/browse/sample/e03c30230e3405eb6855a91cdc3197a8,http://purl.org/ccf/1.5/0a2ed64b-2a70-4382-90c4-ac9fb6520419,20,50,5,Yiing Lin,Yiing,Lin,,0
https://entity.api.hubmapconsortium.org/entities/ecca7757c924f2380669a15555d35a5d,Tissue Block,"Registered 2/16/2022, daniel cotter, TMC-Stanford","3 x 30 x 15 millimeter, 15 millimeter, 1 Sections",https://portal.hubmapconsortium.org/browse/sample/ecca7757c924f2380669a15555d35a5d,http://purl.org/ccf/1.5/947065d0-1c18-4065-b094-84dc09bd21bb,3,30,15,Yiing Lin,Yiing,Lin,,0
https://entity.api.hubmapconsortium.org/entities/f53621bf6e120c11dd9a1e11d586d656,Tissue Block,"Registered 10/19/2021, daniel cotter, TMC-Stanford","20 x 50 x 5 millimeter, 1 millimeter, 1 Sections",https://portal.hubmapconsortium.org/browse/sample/f53621bf6e120c11dd9a1e11d586d656,http://purl.org/ccf/1.5/2f0bc1c1-551b-46d8-bd70-c77ac180ab7c,20,50,5,Yiing Lin,Yiing,Lin,,0
https://entity.api.sennetconsortium.org/entities/fb4a4dada79a563e80b73e6a3a1985f7,Tissue Block,"Registered 11/12/2024, Ivy Kosater, TMC - Columbia University","10 x 10 x 10 millimeter, 10 millimeter, 3 Sections",https://data.sennetconsortium.org/sample?uuid=fb4a4dada79a563e80b73e6a3a1985f7,http://purl.org/ccf/1.5/4bab559e-3a26-4cc9-8da2-3e3e8ff1be94,10,10,10,Courteney Mattison,Courteney,Mattison,,0
https://entity.api.sennetconsortium.org/entities/fb8de580f914f52e5701bd24ecdb3404,Tissue Block,"Registered 11/12/2024, Ivy Kosater, TMC - Columbia University","10 x 10 x 10 millimeter, 10 millimeter, 4 Sections",https://data.sennetconsortium.org/sample?uuid=fb8de580f914f52e5701bd24ecdb3404,http://purl.org/ccf/1.5/4bab559e-3a26-4cc9-8da2-3e3e8ff1be94,10,10,10,Courteney Mattison,Courteney,Mattison,,0
https://entity.api.sennetconsortium.org/entities/27d0f1754a6eba6198990de99cd6f635,Tissue Block,"Registered 11/12/2024, Ivy Kosater, TMC - Columbia University","10 x 10 x 10 millimeter, 10 millimeter, 4 Sections",https://data.sennetconsortium.org/sample?uuid=27d0f1754a6eba6198990de99cd6f635,http://purl.org/ccf/1.5/4bab559e-3a26-4cc9-8da2-3e3e8ff1be94,10,10,10,Courteney Mattison,Courteney,Mattison,,0
https://entity.api.sennetconsortium.org/entities/3b5aa3505cb696c158e68c6d1a4091a8,Tissue Block,"Registered 11/12/2024, Ivy Kosater, TMC - Columbia University","10 x 10 x 10 millimeter, 10 millimeter, 3 Sections",https://data.sennetconsortium.org/sample?uuid=3b5aa3505cb696c158e68c6d1a4091a8,http://purl.org/ccf/1.5/4bab559e-3a26-4cc9-8da2-3e3e8ff1be94,10,10,10,Courteney Mattison,Courteney,Mattison,,0
https://entity.api.sennetconsortium.org/entities/6a1f70dba09b40da44bd4186c45af6ee,Tissue Block,"Registered 11/12/2024, Ivy Kosater, TMC - Columbia University","10 x 10 x 10 millimeter, 10 millimeter, 4 Sections",https://data.sennetconsortium.org/sample?uuid=6a1f70dba09b40da44bd4186c45af6ee,http://purl.org/ccf/1.5/4bab559e-3a26-4cc9-8da2-3e3e8ff1be94,10,10,10,Courteney Mattison,Courteney,Mattison,,0
https://entity.api.sennetconsortium.org/entities/791425f63774ed4792b032d1034df252,Tissue Block,"Registered 11/12/2024, Ivy Kosater, TMC - Columbia University","10 x 10 x 10 millimeter, 10 millimeter, 4 Sections",https://data.sennetconsortium.org/sample?uuid=791425f63774ed4792b032d1034df252,http://purl.org/ccf/1.5/4bab559e-3a26-4cc9-8da2-3e3e8ff1be94,10,10,10,Courteney Mattison,Courteney,Mattison,,0
https://entity.api.sennetconsortium.org/entities/8ac8b995a7fbc9c9417c6d948584edb6,Tissue Block,"Registered 11/12/2024, Ivy Kosater, TMC - Columbia University","10 x 10 x 10 millimeter, 10 millimeter, 4 Sections",https://data.sennetconsortium.org/sample?uuid=8ac8b995a7fbc9c9417c6d948584edb6,http://purl.org/ccf/1.5/4bab559e-3a26-4cc9-8da2-3e3e8ff1be94,10,10,10,Courteney Mattison,Courteney,Mattison,,0
https://entity.api.sennetconsortium.org/entities/8ed92c1325988225adbb0b99a6b9baa0,Tissue Block,"Registered 11/12/2024, Ivy Kosater, TMC - Columbia University","10 x 10 x 10 millimeter, 10 millimeter, 3 Sections",https://data.sennetconsortium.org/sample?uuid=8ed92c1325988225adbb0b99a6b9baa0,http://purl.org/ccf/1.5/4bab559e-3a26-4cc9-8da2-3e3e8ff1be94,10,10,10,Courteney Mattison,Courteney,Mattison,,0
https://entity.api.sennetconsortium.org/entities/905dfc2db307b93e623ce9199a1b3c18,Tissue Block,"Registered 4/8/2024, Courteney Mattison, TMC - Columbia University","10 x 10 x 10 millimeter, 10 millimeter, 4 Sections",https://data.sennetconsortium.org/sample?uuid=905dfc2db307b93e623ce9199a1b3c18,http://purl.org/ccf/1.5/4bab559e-3a26-4cc9-8da2-3e3e8ff1be94,10,10,10,Courteney Mattison,Courteney,Mattison,,0
https://entity.api.sennetconsortium.org/entities/9f05f59d85d14f2bd84e6c12bd83b5c9,Tissue Block,"Registered 4/8/2024, Courteney Mattison, TMC - Columbia University","10 x 10 x 10 millimeter, 10 millimeter, 4 Sections",https://data.sennetconsortium.org/sample?uuid=9f05f59d85d14f2bd84e6c12bd83b5c9,http://purl.org/ccf/1.5/4bab559e-3a26-4cc9-8da2-3e3e8ff1be94,10,10,10,Courteney Mattison,Courteney,Mattison,,0
https://entity.api.sennetconsortium.org/entities/acf4725d1449519afa99763527a7ff71,Tissue Block,"Registered 11/12/2024, Ivy Kosater, TMC - Columbia University","10 x 10 x 10 millimeter, 10 millimeter, 4 Sections",https://data.sennetconsortium.org/sample?uuid=acf4725d1449519afa99763527a7ff71,http://purl.org/ccf/1.5/4bab559e-3a26-4cc9-8da2-3e3e8ff1be94,10,10,10,Courteney Mattison,Courteney,Mattison,,0
https://entity.api.sennetconsortium.org/entities/b633ab311e4d341af7bcccf1d629b096,Tissue Block,"Registered 11/12/2024, Ivy Kosater, TMC - Columbia University","10 x 10 x 10 millimeter, 10 millimeter, 4 Sections",https://data.sennetconsortium.org/sample?uuid=b633ab311e4d341af7bcccf1d629b096,http://purl.org/ccf/1.5/4bab559e-3a26-4cc9-8da2-3e3e8ff1be94,10,10,10,Courteney Mattison,Courteney,Mattison,,0
https://entity.api.sennetconsortium.org/entities/dec3d1667c01b4e09feef3caa0da7b6b,Tissue Block,"Registered 11/12/2024, Ivy Kosater, TMC - Columbia University","10 x 10 x 10 millimeter, 10 millimeter, 4 Sections",https://data.sennetconsortium.org/sample?uuid=dec3d1667c01b4e09feef3caa0da7b6b,http://purl.org/ccf/1.5/4bab559e-3a26-4cc9-8da2-3e3e8ff1be94,10,10,10,Courteney Mattison,Courteney,Mattison,,0
https://entity.api.sennetconsortium.org/entities/edba4d4c1a407f9924d6f3446d9d9117,Tissue Block,"Registered 11/12/2024, Ivy Kosater, TMC - Columbia University","10 x 10 x 10 millimeter, 10 millimeter, 4 Sections",https://data.sennetconsortium.org/sample?uuid=edba4d4c1a407f9924d6f3446d9d9117,http://purl.org/ccf/1.5/4bab559e-3a26-4cc9-8da2-3e3e8ff1be94,10,10,10,Courteney Mattison,Courteney,Mattison,,0
http://purl.org/ccf/10.1038/s41556-023-01337-z#Donor1_TissueBlock1,Tissue Block,"Registered 4/5/2025, Rachel Zwick, Rachel Zwick","6 x 6 x 2 millimeter, 2 millimeter",https://doi.org/10.1038/s41556-023-01337-z,http://purl.org/ccf/1.5/2a61ef48-f0fc-45f0-807c-fdc287e0bb74,6,6,2,Rachel Zwick,Rachel,Zwick,,0
http://purl.org/ccf/10.1038/s41556-023-01337-z#Donor1_TissueBlock13,Tissue Block,"Registered 4/5/2025, Rachel Zwick, Rachel Zwick","6 x 6 x 2 millimeter, 2 millimeter",https://doi.org/10.1038/s41556-023-01337-z,http://purl.org/ccf/1.5/3228161e-cd48-49a7-8a76-2247b6ac97a2,6,6,2,Rachel Zwick,Rachel,Zwick,,0
http://purl.org/ccf/10.1038/s41556-023-01337-z#Donor1_TissueBlock15,Tissue Block,"Registered 4/5/2025, Rachel Zwick, Rachel Zwick","6 x 6 x 2 millimeter, 2 millimeter",https://doi.org/10.1038/s41556-023-01337-z,http://purl.org/ccf/1.5/02174b87-8293-48f0-9372-2b38f4053e86,6,6,2,Rachel Zwick,Rachel,Zwick,,0
http://purl.org/ccf/10.1038/s41556-023-01337-z#Donor1_TissueBlock19,Tissue Block,"Registered 4/5/2025, Rachel Zwick, Rachel Zwick","6 x 6 x 2 millimeter, 2 millimeter",https://doi.org/10.1038/s41556-023-01337-z,http://purl.org/ccf/1.5/13b7043b-5697-48c3-9f63-460c2f3486c4,6,6,2,Rachel Zwick,Rachel,Zwick,,0
http://purl.org/ccf/10.1038/s41556-023-01337-z#Donor1_TissueBlock23,Tissue Block,"Registered 4/5/2025, Rachel Zwick, Rachel Zwick","6 x 6 x 2 millimeter, 2 millimeter",https://doi.org/10.1038/s41556-023-01337-z,http://purl.org/ccf/1.5/3446b0de-94b6-463c-8ceb-6cf481301674,6,6,2,Rachel Zwick,Rachel,Zwick,,0
http://purl.org/ccf/10.1038/s41556-023-01337-z#Donor1_TissueBlock25,Tissue Block,"Registered 4/5/2025, Rachel Zwick, Rachel Zwick","6 x 6 x 2 millimeter, 2 millimeter",https://doi.org/10.1038/s41556-023-01337-z,http://purl.org/ccf/1.5/134d7bc3-32d3-4bbf-a8fe-15d319bbcc0d,6,6,2,Rachel Zwick,Rachel,Zwick,,0
http://purl.org/ccf/10.1038/s41556-023-01337-z#Donor1_TissueBlock28,Tissue Block,"Registered 4/5/2025, Rachel Zwick, Rachel Zwick","6 x 6 x 2 millimeter, 2 millimeter",https://doi.org/10.1038/s41556-023-01337-z,http://purl.org/ccf/1.5/05d4c8cc-1f52-42bb-87e7-d7c711dde10f,6,6,2,Rachel Zwick,Rachel,Zwick,,0
http://purl.org/ccf/10.1038/s41556-023-01337-z#Donor1_TissueBlock29,Tissue Block,"Registered 4/5/2025, Rachel Zwick, Rachel Zwick","6 x 6 x 2 millimeter, 2 millimeter",https://doi.org/10.1038/s41556-023-01337-z,http://purl.org/ccf/1.5/28117bc9-379e-47b8-b066-0d4ec42eacad,6,6,2,Rachel Zwick,Rachel,Zwick,,0
http://purl.org/ccf/10.1038/s41556-023-01337-z#Donor1_TissueBlock5,Tissue Block,"Registered 4/5/2025, Rachel Zwick, Rachel Zwick","6 x 6 x 2 millimeter, 2 millimeter",https://doi.org/10.1038/s41556-023-01337-z,http://purl.org/ccf/1.5/3f3721b8-4ff1-4b55-a489-1f03b92a21f0,6,6,2,Rachel Zwick,Rachel,Zwick,,0
http://purl.org/ccf/10.1038/s41556-023-01337-z#Donor2_TissueBlock1,Tissue Block,"Registered 3/24/2025, Rachel    Zwick, Rachel Zwick","6 x 6 x 2 millimeter, 2 millimeter",https://doi.org/10.1038/s41556-023-01337-z,http://purl.org/ccf/1.5/2bc122be-7096-4c2e-bc5e-4ce22c39f68b,6,6,2,Rachel    Zwick,Rachel," Zwick",,0
http://purl.org/ccf/10.1038/s41556-023-01337-z#Donor2_TissueBlock20,Tissue Block,"Registered 3/24/2025, Rachel    Zwick, Rachel Zwick","6 x 6 x 2 millimeter, 2 millimeter",https://doi.org/10.1038/s41556-023-01337-z,http://purl.org/ccf/1.5/214d63b0-27d1-473a-903b-4ae06c0d0a9a,6,6,2,Rachel    Zwick,Rachel," Zwick",,0
http://purl.org/ccf/10.1038/s41556-023-01337-z#Donor2_TissueBlock24,Tissue Block,"Registered 3/24/2025, Rachel    Zwick, Rachel Zwick","6 x 6 x 2 millimeter, 2 millimeter",https://doi.org/10.1038/s41556-023-01337-z,http://purl.org/ccf/1.5/36f503a6-1a09-451a-809b-c06a568c7786,6,6,2,Rachel    Zwick,Rachel," Zwick",,0
http://purl.org/ccf/10.1038/s41556-023-01337-z#Donor2_TissueBlock25,Tissue Block,"Registered 3/24/2025, Rachel    Zwick, Rachel Zwick","6 x 6 x 2 millimeter, 2 millimeter",https://doi.org/10.1038/s41556-023-01337-z,http://purl.org/ccf/1.5/00dcf623-8fa4-414a-bd53-a31555c61434,6,6,2,Rachel    Zwick,Rachel," Zwick",,0
http://purl.org/ccf/10.1038/s41556-023-01337-z#Donor2_TissueBlock27,Tissue Block,"Registered 3/24/2025, Rachel    Zwick, Rachel Zwick","6 x 6 x 2 millimeter, 2 millimeter",https://doi.org/10.1038/s41556-023-01337-z,http://purl.org/ccf/1.5/0129a68c-24d3-4da4-8174-02abc52e562e,6,6,2,Rachel    Zwick,Rachel," Zwick",,0
http://purl.org/ccf/10.1038/s41556-023-01337-z#Donor2_TissueBlock7,Tissue Block,"Registered 3/24/2025, Rachel    Zwick, Rachel Zwick","6 x 6 x 2 millimeter, 2 millimeter",https://doi.org/10.1038/s41556-023-01337-z,http://purl.org/ccf/1.5/3169a06f-0476-444d-8f24-b9794908aa09,6,6,2,Rachel    Zwick,Rachel," Zwick",,0
http://purl.org/ccf/16-WMA4,Tissue Block,"Registered 8/10/2023, John Lafin, UT Southwestern/GUDMAP","55 x 45 x 5 millimeter, 5 millimeter",https://www.gudmap.org/chaise/record/#2/Gene_Expression:Specimen/RID=16-WMA4,http://purl.org/ccf/1.5/474e6425-5e56-4f75-a08f-3e2d7846bde9,55,45,5,John Lafin,John,Lafin,,0
http://purl.org/ccf/16-WMAG,Tissue Block,"Registered 8/10/2023, John Lafin, UT Southwestern/GUDMAP","55 x 45 x 5 millimeter, 5 millimeter",https://www.gudmap.org/chaise/record/#2/Gene_Expression:Specimen/RID=16-WMAG,http://purl.org/ccf/1.5/474e6425-5e56-4f75-a08f-3e2d7846bde9,55,45,5,John Lafin,John,Lafin,,0
http://purl.org/ccf/16-WMAY,Tissue Block,"Registered 8/10/2023, John Lafin, UT Southwestern/GUDMAP","55 x 45 x 5 millimeter, 5 millimeter",https://www.gudmap.org/chaise/record/#2/Gene_Expression:Specimen/RID=16-WMAY,http://purl.org/ccf/1.5/474e6425-5e56-4f75-a08f-3e2d7846bde9,55,45,5,John Lafin,John,Lafin,,0
http://purl.org/ccf/16-WMEM,Tissue Block,"Registered 8/10/2023, John Lafin, UT Southwestern/GUDMAP","55 x 45 x 5 millimeter, 5 millimeter",https://www.gudmap.org/chaise/record/#2/Gene_Expression:Specimen/RID=16-WHEM,http://purl.org/ccf/1.5/474e6425-5e56-4f75-a08f-3e2d7846bde9,55,45,5,John Lafin,John,Lafin,,0
http://purl.org/ccf/16-WMER,Tissue Block,"Registered 8/10/2023, John Lafin, UT Southwestern/GUDMAP","55 x 45 x 5 millimeter, 5 millimeter",https://www.gudmap.org/chaise/record/#2/Gene_Expression:Specimen/RID=16-WMER,http://purl.org/ccf/1.5/474e6425-5e56-4f75-a08f-3e2d7846bde9,55,45,5,John Lafin,John,Lafin,,0
http://purl.org/ccf/16-WMEW,Tissue Block,"Registered 8/10/2023, John Lafin, UT Southwestern/GUDMAP","55 x 45 x 5 millimeter, 5 millimeter",https://www.gudmap.org/chaise/record/#2/Gene_Expression:Specimen/RID=16-WMEW,http://purl.org/ccf/1.5/474e6425-5e56-4f75-a08f-3e2d7846bde9,55,45,5,John Lafin,John,Lafin,,0
http://purl.org/ccf/16-WMF0,Tissue Block,"Registered 8/10/2023, John Lafin, UT Southwestern/GUDMAP","55 x 45 x 5 millimeter, 5 millimeter",https://www.gudmap.org/chaise/record/#2/Gene_Expression:Specimen/RID=16-WMF0,http://purl.org/ccf/1.5/474e6425-5e56-4f75-a08f-3e2d7846bde9,55,45,5,John Lafin,John,Lafin,,0
http://purl.org/ccf/16-WMFE,Tissue Block,"Registered 8/10/2023, John Lafin, UT Southwestern/GUDMAP","55 x 45 x 5 millimeter, 5 millimeter",https://www.gudmap.org/chaise/record/#2/Gene_Expression:Specimen/RID=16-WMFE,http://purl.org/ccf/1.5/474e6425-5e56-4f75-a08f-3e2d7846bde9,55,45,5,John Lafin,John,Lafin,,0
http://purl.org/ccf/16-WMT4,Tissue Block,"Registered 8/10/2023, John Lafin, UT Southwestern/GUDMAP","55 x 45 x 5 millimeter, 5 millimeter",https://www.gudmap.org/chaise/record/#2/Gene_Expression:Specimen/RID=16-WMT4,http://purl.org/ccf/1.5/474e6425-5e56-4f75-a08f-3e2d7846bde9,55,45,5,John Lafin,John,Lafin,,0
http://purl.org/ccf/16-WMTJ,Tissue Block,"Registered 8/10/2023, John Lafin, UT Southwestern/GUDMAP","55 x 45 x 5 millimeter, 5 millimeter",https://www.gudmap.org/chaise/record/#2/Gene_Expression:Specimen/RID=16-WMTJ,http://purl.org/ccf/1.5/474e6425-5e56-4f75-a08f-3e2d7846bde9,55,45,5,John Lafin,John,Lafin,,0
http://purl.org/ccf/16-WMTP,Tissue Block,"Registered 8/10/2023, John Lafin, UT Southwestern/GUDMAP","55 x 45 x 5 millimeter, 5 millimeter",https://www.gudmap.org/chaise/record/#2/Gene_Expression:Specimen/RID=16-WMTP,http://purl.org/ccf/1.5/474e6425-5e56-4f75-a08f-3e2d7846bde9,55,45,5,John Lafin,John,Lafin,,0
http://purl.org/ccf/HEA10#TissueBlock1,Tissue Block,"Registered 8/24/2023, Jordan Portman, UEdinburgh",Healthy tissue block,https://www.biorxiv.org/content/10.1101/2023.02.24.529873v1,http://purl.org/ccf/1.5/2a823e94-6653-4c8c-b270-0c75bd1a58e8,10,10,10,Jordan Portman,Jordan,Portman,,0
http://purl.org/ccf/HEA2#TissueBlock1,Tissue Block,"Registered 8/24/2023, Jordan Portman, UEdinburgh",Healthy tissue block,https://www.biorxiv.org/content/10.1101/2023.02.24.529873v1,http://purl.org/ccf/1.5/2a823e94-6653-4c8c-b270-0c75bd1a58e8,10,10,10,Jordan Portman,Jordan,Portman,,0
http://purl.org/ccf/HEA3#TissueBlock1,Tissue Block,"Registered 8/24/2023, Jordan Portman, UEdinburgh",Healthy tissue block,https://www.biorxiv.org/content/10.1101/2023.02.24.529873v1,http://purl.org/ccf/1.5/2a823e94-6653-4c8c-b270-0c75bd1a58e8,10,10,10,Jordan Portman,Jordan,Portman,,0
http://purl.org/ccf/HEA4#TissueBlock1,Tissue Block,"Registered 8/24/2023, Jordan Portman, UEdinburgh",Healthy tissue block,https://www.biorxiv.org/content/10.1101/2023.02.24.529873v1,http://purl.org/ccf/1.5/2a823e94-6653-4c8c-b270-0c75bd1a58e8,10,10,10,Jordan Portman,Jordan,Portman,,0
http://purl.org/ccf/HEA5#TissueBlock1,Tissue Block,"Registered 8/24/2023, Jordan Portman, UEdinburgh",Healthy tissue block,https://www.biorxiv.org/content/10.1101/2023.02.24.529873v1,http://purl.org/ccf/1.5/2a823e94-6653-4c8c-b270-0c75bd1a58e8,10,10,10,Jordan Portman,Jordan,Portman,,0
http://purl.org/ccf/HEA6#TissueBlock1,Tissue Block,"Registered 8/24/2023, Jordan Portman, UEdinburgh",Healthy tissue block,https://www.biorxiv.org/content/10.1101/2023.02.24.529873v1,http://purl.org/ccf/1.5/2a823e94-6653-4c8c-b270-0c75bd1a58e8,10,10,10,Jordan Portman,Jordan,Portman,,0
http://purl.org/ccf/HEA7#TissueBlock1,Tissue Block,"Registered 8/24/2023, Jordan Portman, UEdinburgh",Healthy tissue block,https://www.biorxiv.org/content/10.1101/2023.02.24.529873v1,http://purl.org/ccf/1.5/2a823e94-6653-4c8c-b270-0c75bd1a58e8,10,10,10,Jordan Portman,Jordan,Portman,,0
https://api.cellxgene.cziscience.com/dp/v1/collections/367d95c0-0eb0-4dae-8276-9407239421ee#H200.1025_Donor_TissueBlock1,Tissue Block,"Registered 7/28/2022, Raymond Sanchez, Allen Institute","10 x 10 x 10 millimeter, 10 millimeter",https://www.nature.com/articles/s41586-021-03465-8,http://purl.org/ccf/1.5/117273d2-9291-4665-9a8b-e7420eb1452e,10,10,10,Raymond Sanchez,Raymond,Sanchez,,0
https://api.cellxgene.cziscience.com/dp/v1/collections/367d95c0-0eb0-4dae-8276-9407239421ee#H200.1030_Donor_TissueBlock1,Tissue Block,"Registered 7/28/2022, Raymond Sanchez, Allen Institute","20 x 20 x 10 millimeter, 10 millimeter",https://www.nature.com/articles/s41586-021-03465-8,http://purl.org/ccf/1.5/0ced68fa-8bff-45d9-949f-3004c3b08d19,20,20,10,Raymond Sanchez,Raymond,Sanchez,,0
https://doi.org/10.1016/j.jcmgh.2022.02.007#Donor1_TissueBlock2,Tissue Block,"Registered 2/4/2025, Joseph Burclaff, UNC","30 x 30 x 10 millimeter, 10 millimeter",https://www.sciencedirect.com/science/article/pii/S2352345X22000340?via%3Dihub,http://purl.org/ccf/1.5/10fb244a-c8eb-4a47-9c13-d97a964ed20c,30,30,10,Joseph Burclaff,Joseph,Burclaff,,0
https://doi.org/10.1016/j.jcmgh.2022.02.007#Donor2_TissueBlock2,Tissue Block,"Registered 2/4/2025, Joseph Burclaff, UNC","30 x 30 x 10 millimeter, 10 millimeter",https://www.sciencedirect.com/science/article/pii/S2352345X22000340?via%3Dihub,http://purl.org/ccf/1.5/10fb244a-c8eb-4a47-9c13-d97a964ed20c,30,30,10,Joseph Burclaff,Joseph,Burclaff,,0
https://doi.org/10.1016/j.jcmgh.2022.02.007#Donor3_TissueBlock2,Tissue Block,"Registered 2/4/2025, Joseph Burclaff, UNC","30 x 30 x 10 millimeter, 10 millimeter",https://www.sciencedirect.com/science/article/pii/S2352345X22000340?via%3Dihub,http://purl.org/ccf/1.5/10fb244a-c8eb-4a47-9c13-d97a964ed20c,30,30,10,Joseph Burclaff,Joseph,Burclaff,,0
https://doi.org/10.1016/j.jcmgh.2022.02.007#Donor1_TissueBlock6,Tissue Block,"Registered 2/4/2025, Joseph Burclaff, UNC","30 x 30 x 10 millimeter, 10 millimeter",https://www.sciencedirect.com/science/article/pii/S2352345X22000340?via%3Dihub,http://purl.org/ccf/1.5/174d6ef1-f12d-4cc8-987e-24637acd8adb,30,30,10,Joseph Burclaff,Joseph,Burclaff,,0
https://doi.org/10.1016/j.jcmgh.2022.02.007#Donor2_TissueBlock6,Tissue Block,"Registered 2/4/2025, Joseph Burclaff, UNC","30 x 30 x 10 millimeter, 10 millimeter",https://www.sciencedirect.com/science/article/pii/S2352345X22000340?via%3Dihub,http://purl.org/ccf/1.5/174d6ef1-f12d-4cc8-987e-24637acd8adb,30,30,10,Joseph Burclaff,Joseph,Burclaff,,0
https://doi.org/10.1016/j.jcmgh.2022.02.007#Donor3_TissueBlock6,Tissue Block,"Registered 2/4/2025, Joseph Burclaff, UNC","30 x 30 x 10 millimeter, 10 millimeter",https://www.sciencedirect.com/science/article/pii/S2352345X22000340?via%3Dihub,http://purl.org/ccf/1.5/174d6ef1-f12d-4cc8-987e-24637acd8adb,30,30,10,Joseph Burclaff,Joseph,Burclaff,,0
https://doi.org/10.1161/CIRCULATIONAHA.119.045401#P1666_LA_TissueBlock,Tissue Block,"Registered 4/31/2023, Nathan Tucker, Broad Institute","5 x 5 x 4 millimeter, 4 millimeter",https://doi.org/10.1161/CIRCULATIONAHA.119.045401,http://purl.org/ccf/1.5/3db43e49-5b7f-4806-a772-07a1ccfd49a8,5,5,4,Nathan Tucker,Nathan,Tucker,,0
https://doi.org/10.1161/CIRCULATIONAHA.119.045401#P1681_LA_TissueBlock,Tissue Block,"Registered 4/31/2023, Nathan Tucker, Broad Institute","5 x 5 x 4 millimeter, 4 millimeter",https://doi.org/10.1161/CIRCULATIONAHA.119.045401,http://purl.org/ccf/1.5/3db43e49-5b7f-4806-a772-07a1ccfd49a8,5,5,4,Nathan Tucker,Nathan,Tucker,,0
https://doi.org/10.1161/CIRCULATIONAHA.119.045401#P1702_LA_TissueBlock,Tissue Block,"Registered 4/31/2023, Nathan Tucker, Broad Institute","5 x 5 x 4 millimeter, 4 millimeter",https://doi.org/10.1161/CIRCULATIONAHA.119.045401,http://purl.org/ccf/1.5/3db43e49-5b7f-4806-a772-07a1ccfd49a8,5,5,4,Nathan Tucker,Nathan,Tucker,,0
https://doi.org/10.1161/CIRCULATIONAHA.119.045401#P1666_LV_TissueBlock,Tissue Block,"Registered 3/19/2023, Nathan Tucker, Broad Institute","5 x 5 x 7 millimeter, 7 millimeter",https://doi.org/10.1161/CIRCULATIONAHA.119.045401,http://purl.org/ccf/1.5/2d7b421b-cd7a-4b31-8f36-157067599c24,5,5,7,Nathan Tucker,Nathan,Tucker,,0
https://doi.org/10.1161/CIRCULATIONAHA.119.045401#P1681_LV_TissueBlock,Tissue Block,"Registered 3/19/2023, Nathan Tucker, Broad Institute","5 x 5 x 7 millimeter, 7 millimeter",https://doi.org/10.1161/CIRCULATIONAHA.119.045401,http://purl.org/ccf/1.5/2d7b421b-cd7a-4b31-8f36-157067599c24,5,5,7,Nathan Tucker,Nathan,Tucker,,0
https://doi.org/10.1161/CIRCULATIONAHA.119.045401#P1702_LV_TissueBlock,Tissue Block,"Registered 3/19/2023, Nathan Tucker, Broad Institute","5 x 5 x 7 millimeter, 7 millimeter",https://doi.org/10.1161/CIRCULATIONAHA.119.045401,http://purl.org/ccf/1.5/2d7b421b-cd7a-4b31-8f36-157067599c24,5,5,7,Nathan Tucker,Nathan,Tucker,,0
https://doi.org/10.1161/CIRCULATIONAHA.119.045401#P1681_RA_TissueBlock,Tissue Block,"Registered 3/19/2023, Nathan Tucker, Broad Institute","5 x 5 x 4 millimeter, 4 millimeter",https://doi.org/10.1161/CIRCULATIONAHA.119.045401,http://purl.org/ccf/1.5/0c0a1979-77be-40f2-b950-3725707e40c9,5,5,4,Nathan Tucker,Nathan,Tucker,,0
https://doi.org/10.1161/CIRCULATIONAHA.119.045401#P1702_RA_TissueBlock,Tissue Block,"Registered 3/19/2023, Nathan Tucker, Broad Institute","5 x 5 x 4 millimeter, 4 millimeter",https://doi.org/10.1161/CIRCULATIONAHA.119.045401,http://purl.org/ccf/1.5/0c0a1979-77be-40f2-b950-3725707e40c9,5,5,4,Nathan Tucker,Nathan,Tucker,,0
https://doi.org/10.48698/3z31-8924#21-015_TissueBlock1,Tissue Block,"Registered 7/23/2023, Matthias Kretzler, KPMP","1 x 10 x 1 millimeter, 1 millimeter",https://doi.org/10.48698/3z31-8924,http://purl.org/ccf/1.5/461a8adc-10d3-4518-8dd2-d2daccaa128b,1,10,1,Matthias Kretzler,Matthias,Kretzler,,0
https://doi.org/10.48698/3z31-8924#27-10066_TissueBlock1,Tissue Block,"Registered 7/23/2023, Matthias Kretzler, KPMP","1 x 10 x 1 millimeter, 1 millimeter",https://doi.org/10.48698/3z31-8924,http://purl.org/ccf/1.5/461a8adc-10d3-4518-8dd2-d2daccaa128b,1,10,1,Matthias Kretzler,Matthias,Kretzler,,0
https://doi.org/10.48698/3z31-8924#28-12265_TissueBlock1,Tissue Block,"Registered 7/23/2023, Matthias Kretzler, KPMP","1 x 10 x 1 millimeter, 1 millimeter",https://doi.org/10.48698/3z31-8924,http://purl.org/ccf/1.5/461a8adc-10d3-4518-8dd2-d2daccaa128b,1,10,1,Matthias Kretzler,Matthias,Kretzler,,0
https://doi.org/10.48698/3z31-8924#29-10006_TissueBlock1,Tissue Block,"Registered 7/23/2023, Matthias Kretzler, KPMP","1 x 10 x 1 millimeter, 1 millimeter",https://doi.org/10.48698/3z31-8924,http://purl.org/ccf/1.5/461a8adc-10d3-4518-8dd2-d2daccaa128b,1,10,1,Matthias Kretzler,Matthias,Kretzler,,0
https://doi.org/10.48698/3z31-8924#29-10007_TissueBlock1,Tissue Block,"Registered 7/23/2023, Matthias Kretzler, KPMP","1 x 10 x 1 millimeter, 1 millimeter",https://doi.org/10.48698/3z31-8924,http://purl.org/ccf/1.5/461a8adc-10d3-4518-8dd2-d2daccaa128b,1,10,1,Matthias Kretzler,Matthias,Kretzler,,0
https://doi.org/10.48698/3z31-8924#29-10013_TissueBlock1,Tissue Block,"Registered 7/23/2023, Matthias Kretzler, KPMP","1 x 10 x 1 millimeter, 1 millimeter",https://doi.org/10.48698/3z31-8924,http://purl.org/ccf/1.5/461a8adc-10d3-4518-8dd2-d2daccaa128b,1,10,1,Matthias Kretzler,Matthias,Kretzler,,0
https://doi.org/10.48698/3z31-8924#30-10044_TissueBlock1,Tissue Block,"Registered 7/23/2023, Matthias Kretzler, KPMP","1 x 10 x 1 millimeter, 1 millimeter",https://doi.org/10.48698/3z31-8924,http://purl.org/ccf/1.5/461a8adc-10d3-4518-8dd2-d2daccaa128b,1,10,1,Matthias Kretzler,Matthias,Kretzler,,0
https://doi.org/10.48698/3z31-8924#33-10331_TissueBlock1,Tissue Block,"Registered 7/23/2023, Matthias Kretzler, KPMP","1 x 10 x 1 millimeter, 1 millimeter",https://doi.org/10.48698/3z31-8924,http://purl.org/ccf/1.5/461a8adc-10d3-4518-8dd2-d2daccaa128b,1,10,1,Matthias Kretzler,Matthias,Kretzler,,0
https://doi.org/10.48698/3z31-8924#F52_TissueBlock1,Tissue Block,"Registered 7/23/2023, Matthias Kretzler, KPMP","1 x 10 x 1 millimeter, 1 millimeter",https://doi.org/10.48698/3z31-8924,http://purl.org/ccf/1.5/461a8adc-10d3-4518-8dd2-d2daccaa128b,1,10,1,Matthias Kretzler,Matthias,Kretzler,,0
https://doi.org/10.48698/3z31-8924#IU-13437_TissueBlock1,Tissue Block,"Registered 7/23/2023, Matthias Kretzler, KPMP","1 x 10 x 1 millimeter, 1 millimeter",https://doi.org/10.48698/3z31-8924,http://purl.org/ccf/1.5/461a8adc-10d3-4518-8dd2-d2daccaa128b,1,10,1,Matthias Kretzler,Matthias,Kretzler,,0
https://doi.org/10.48698/3z31-8924#18-142_TissueBlock1,Tissue Block,"Registered 7/23/2023, Matthias Kretzler, KPMP","1 x 10 x 1 millimeter, 1 millimeter",https://doi.org/10.48698/3z31-8924,http://purl.org/ccf/1.5/461a8adc-10d3-4518-8dd2-d2daccaa128b,1,10,1,Matthias Kretzler,Matthias,Kretzler,,0
https://doi.org/10.48698/3z31-8924#18-162_TissueBlock1,Tissue Block,"Registered 7/23/2023, Matthias Kretzler, KPMP","1 x 10 x 1 millimeter, 1 millimeter",https://doi.org/10.48698/3z31-8924,http://purl.org/ccf/1.5/461a8adc-10d3-4518-8dd2-d2daccaa128b,1,10,1,Matthias Kretzler,Matthias,Kretzler,,0
https://doi.org/10.48698/3z31-8924#27-10039_TissueBlock1,Tissue Block,"Registered 7/23/2023, Matthias Kretzler, KPMP","1 x 10 x 1 millimeter, 1 millimeter",https://doi.org/10.48698/3z31-8924,http://purl.org/ccf/1.5/461a8adc-10d3-4518-8dd2-d2daccaa128b,1,10,1,Matthias Kretzler,Matthias,Kretzler,,0
https://doi.org/10.48698/3z31-8924#29-10008_TissueBlock1,Tissue Block,"Registered 7/23/2023, Matthias Kretzler, KPMP","1 x 10 x 1 millimeter, 1 millimeter",https://doi.org/10.48698/3z31-8924,http://purl.org/ccf/1.5/461a8adc-10d3-4518-8dd2-d2daccaa128b,1,10,1,Matthias Kretzler,Matthias,Kretzler,,0
https://doi.org/10.48698/3z31-8924#29-10011_TissueBlock1,Tissue Block,"Registered 7/23/2023, Matthias Kretzler, KPMP","1 x 10 x 1 millimeter, 1 millimeter",https://doi.org/10.48698/3z31-8924,http://purl.org/ccf/1.5/461a8adc-10d3-4518-8dd2-d2daccaa128b,1,10,1,Matthias Kretzler,Matthias,Kretzler,,0
https://doi.org/10.48698/3z31-8924#29-10012_TissueBlock1,Tissue Block,"Registered 7/23/2023, Matthias Kretzler, KPMP","1 x 10 x 1 millimeter, 1 millimeter",https://doi.org/10.48698/3z31-8924,http://purl.org/ccf/1.5/461a8adc-10d3-4518-8dd2-d2daccaa128b,1,10,1,Matthias Kretzler,Matthias,Kretzler,,0
https://doi.org/10.48698/3z31-8924#29-10016_TissueBlock1,Tissue Block,"Registered 7/23/2023, Matthias Kretzler, KPMP","1 x 10 x 1 millimeter, 1 millimeter",https://doi.org/10.48698/3z31-8924,http://purl.org/ccf/1.5/461a8adc-10d3-4518-8dd2-d2daccaa128b,1,10,1,Matthias Kretzler,Matthias,Kretzler,,0
https://doi.org/10.48698/3z31-8924#30-10034_TissueBlock1,Tissue Block,"Registered 7/23/2023, Matthias Kretzler, KPMP","1 x 10 x 1 millimeter, 1 millimeter",https://doi.org/10.48698/3z31-8924,http://purl.org/ccf/1.5/461a8adc-10d3-4518-8dd2-d2daccaa128b,1,10,1,Matthias Kretzler,Matthias,Kretzler,,0
https://doi.org/10.48698/3z31-8924#31-10035_TissueBlock1,Tissue Block,"Registered 7/23/2023, Matthias Kretzler, KPMP","1 x 10 x 1 millimeter, 1 millimeter",https://doi.org/10.48698/3z31-8924,http://purl.org/ccf/1.5/461a8adc-10d3-4518-8dd2-d2daccaa128b,1,10,1,Matthias Kretzler,Matthias,Kretzler,,0
https://doi.org/10.48698/3z31-8924#31-10040_TissueBlock1,Tissue Block,"Registered 7/23/2023, Matthias Kretzler, KPMP","1 x 10 x 1 millimeter, 1 millimeter",https://doi.org/10.48698/3z31-8924,http://purl.org/ccf/1.5/461a8adc-10d3-4518-8dd2-d2daccaa128b,1,10,1,Matthias Kretzler,Matthias,Kretzler,,0
https://doi.org/10.48698/3z31-8924#31-10042_TissueBlock1,Tissue Block,"Registered 7/23/2023, Matthias Kretzler, KPMP","1 x 10 x 1 millimeter, 1 millimeter",https://doi.org/10.48698/3z31-8924,http://purl.org/ccf/1.5/461a8adc-10d3-4518-8dd2-d2daccaa128b,1,10,1,Matthias Kretzler,Matthias,Kretzler,,0
https://doi.org/10.48698/3z31-8924#34-10050_TissueBlock1,Tissue Block,"Registered 7/23/2023, Matthias Kretzler, KPMP","1 x 10 x 1 millimeter, 1 millimeter",https://doi.org/10.48698/3z31-8924,http://purl.org/ccf/1.5/461a8adc-10d3-4518-8dd2-d2daccaa128b,1,10,1,Matthias Kretzler,Matthias,Kretzler,,0
https://doi.org/10.48698/3z31-8924#34-10184_TissueBlock1,Tissue Block,"Registered 7/23/2023, Matthias Kretzler, KPMP","1 x 10 x 1 millimeter, 1 millimeter",https://doi.org/10.48698/3z31-8924,http://purl.org/ccf/1.5/461a8adc-10d3-4518-8dd2-d2daccaa128b,1,10,1,Matthias Kretzler,Matthias,Kretzler,,0
https://doi.org/10.48698/3z31-8924#21-019_TissueBlock1,Tissue Block,"Registered 7/23/2023, Matthias Kretzler, KPMP","1 x 11 x 1 millimeter, 1 millimeter",https://doi.org/10.48698/3z31-8924,http://purl.org/ccf/1.5/2b922426-d192-47fb-ba8e-1921ea21fe4c,1,11,1,Matthias Kretzler,Matthias,Kretzler,,0
https://doi.org/10.48698/3z31-8924#28-10051_TissueBlock1,Tissue Block,"Registered 7/23/2023, Matthias Kretzler, KPMP","1 x 11 x 1 millimeter, 1 millimeter",https://doi.org/10.48698/3z31-8924,http://purl.org/ccf/1.5/2b922426-d192-47fb-ba8e-1921ea21fe4c,1,11,1,Matthias Kretzler,Matthias,Kretzler,,0
https://doi.org/10.48698/3z31-8924#29-10280_TissueBlock1,Tissue Block,"Registered 7/23/2023, Matthias Kretzler, KPMP","1 x 11 x 1 millimeter, 1 millimeter",https://doi.org/10.48698/3z31-8924,http://purl.org/ccf/1.5/2b922426-d192-47fb-ba8e-1921ea21fe4c,1,11,1,Matthias Kretzler,Matthias,Kretzler,,0
https://doi.org/10.48698/3z31-8924#29-10282_TissueBlock1,Tissue Block,"Registered 7/23/2023, Matthias Kretzler, KPMP","1 x 11 x 1 millimeter, 1 millimeter",https://doi.org/10.48698/3z31-8924,http://purl.org/ccf/1.5/2b922426-d192-47fb-ba8e-1921ea21fe4c,1,11,1,Matthias Kretzler,Matthias,Kretzler,,0
https://doi.org/10.48698/3z31-8924#29-10404_TissueBlock1,Tissue Block,"Registered 7/23/2023, Matthias Kretzler, KPMP","1 x 11 x 1 millimeter, 1 millimeter",https://doi.org/10.48698/3z31-8924,http://purl.org/ccf/1.5/2b922426-d192-47fb-ba8e-1921ea21fe4c,1,11,1,Matthias Kretzler,Matthias,Kretzler,,0
https://doi.org/10.48698/3z31-8924#30-10123_TissueBlock1,Tissue Block,"Registered 7/23/2023, Matthias Kretzler, KPMP","1 x 11 x 1 millimeter, 1 millimeter",https://doi.org/10.48698/3z31-8924,http://purl.org/ccf/1.5/2b922426-d192-47fb-ba8e-1921ea21fe4c,1,11,1,Matthias Kretzler,Matthias,Kretzler,,0
https://doi.org/10.48698/3z31-8924#30-10631_TissueBlock1,Tissue Block,"Registered 7/23/2023, Matthias Kretzler, KPMP","1 x 11 x 1 millimeter, 1 millimeter",https://doi.org/10.48698/3z31-8924,http://purl.org/ccf/1.5/2b922426-d192-47fb-ba8e-1921ea21fe4c,1,11,1,Matthias Kretzler,Matthias,Kretzler,,0
https://doi.org/10.48698/3z31-8924#30-10929_TissueBlock1,Tissue Block,"Registered 7/23/2023, Matthias Kretzler, KPMP","1 x 11 x 1 millimeter, 1 millimeter",https://doi.org/10.48698/3z31-8924,http://purl.org/ccf/1.5/2b922426-d192-47fb-ba8e-1921ea21fe4c,1,11,1,Matthias Kretzler,Matthias,Kretzler,,0
https://doi.org/10.48698/3z31-8924#31-10000_TissueBlock1,Tissue Block,"Registered 7/23/2023, Matthias Kretzler, KPMP","1 x 11 x 1 millimeter, 1 millimeter",https://doi.org/10.48698/3z31-8924,http://purl.org/ccf/1.5/2b922426-d192-47fb-ba8e-1921ea21fe4c,1,11,1,Matthias Kretzler,Matthias,Kretzler,,0
https://doi.org/10.48698/3z31-8924#31-10001_TissueBlock1,Tissue Block,"Registered 7/23/2023, Matthias Kretzler, KPMP","1 x 11 x 1 millimeter, 1 millimeter",https://doi.org/10.48698/3z31-8924,http://purl.org/ccf/1.5/2b922426-d192-47fb-ba8e-1921ea21fe4c,1,11,1,Matthias Kretzler,Matthias,Kretzler,,0
https://doi.org/10.48698/3z31-8924#31-10013_TissueBlock1,Tissue Block,"Registered 7/23/2023, Matthias Kretzler, KPMP","1 x 11 x 1 millimeter, 1 millimeter",https://doi.org/10.48698/3z31-8924,http://purl.org/ccf/1.5/2b922426-d192-47fb-ba8e-1921ea21fe4c,1,11,1,Matthias Kretzler,Matthias,Kretzler,,0
https://doi.org/10.48698/3z31-8924#31-10221_TissueBlock1,Tissue Block,"Registered 7/23/2023, Matthias Kretzler, KPMP","1 x 11 x 1 millimeter, 1 millimeter",https://doi.org/10.48698/3z31-8924,http://purl.org/ccf/1.5/2b922426-d192-47fb-ba8e-1921ea21fe4c,1,11,1,Matthias Kretzler,Matthias,Kretzler,,0
https://doi.org/10.48698/3z31-8924#33-10005_TissueBlock1,Tissue Block,"Registered 7/23/2023, Matthias Kretzler, KPMP","1 x 11 x 1 millimeter, 1 millimeter",https://doi.org/10.48698/3z31-8924,http://purl.org/ccf/1.5/2b922426-d192-47fb-ba8e-1921ea21fe4c,1,11,1,Matthias Kretzler,Matthias,Kretzler,,0
https://doi.org/10.48698/3z31-8924#M32_TissueBlock1,Tissue Block,"Registered 7/23/2023, Matthias Kretzler, KPMP","1 x 11 x 1 millimeter, 1 millimeter",https://doi.org/10.48698/3z31-8924,http://purl.org/ccf/1.5/2b922426-d192-47fb-ba8e-1921ea21fe4c,1,11,1,Matthias Kretzler,Matthias,Kretzler,,0
https://doi.org/10.48698/3z31-8924#M61_TissueBlock1,Tissue Block,"Registered 7/23/2023, Matthias Kretzler, KPMP","1 x 11 x 1 millimeter, 1 millimeter",https://doi.org/10.48698/3z31-8924,http://purl.org/ccf/1.5/2b922426-d192-47fb-ba8e-1921ea21fe4c,1,11,1,Matthias Kretzler,Matthias,Kretzler,,0
https://doi.org/10.48698/3z31-8924#18-312_TissueBlock1,Tissue Block,"Registered 7/23/2023, Matthias Kretzler, KPMP","1 x 11 x 1 millimeter, 1 millimeter",https://doi.org/10.48698/3z31-8924,http://purl.org/ccf/1.5/2b922426-d192-47fb-ba8e-1921ea21fe4c,1,11,1,Matthias Kretzler,Matthias,Kretzler,,0
https://doi.org/10.48698/3z31-8924#29-10010_TissueBlock1,Tissue Block,"Registered 7/23/2023, Matthias Kretzler, KPMP","1 x 11 x 1 millimeter, 1 millimeter",https://doi.org/10.48698/3z31-8924,http://purl.org/ccf/1.5/2b922426-d192-47fb-ba8e-1921ea21fe4c,1,11,1,Matthias Kretzler,Matthias,Kretzler,,0
https://doi.org/10.48698/3z31-8924#30-10018_TissueBlock1,Tissue Block,"Registered 7/23/2023, Matthias Kretzler, KPMP","1 x 11 x 1 millimeter, 1 millimeter",https://doi.org/10.48698/3z31-8924,http://purl.org/ccf/1.5/2b922426-d192-47fb-ba8e-1921ea21fe4c,1,11,1,Matthias Kretzler,Matthias,Kretzler,,0
https://doi.org/10.48698/3z31-8924#30-10125_TissueBlock1,Tissue Block,"Registered 7/23/2023, Matthias Kretzler, KPMP","1 x 11 x 1 millimeter, 1 millimeter",https://doi.org/10.48698/3z31-8924,http://purl.org/ccf/1.5/2b922426-d192-47fb-ba8e-1921ea21fe4c,1,11,1,Matthias Kretzler,Matthias,Kretzler,,0
https://doi.org/10.48698/3z31-8924#31-10006_TissueBlock1,Tissue Block,"Registered 7/23/2023, Matthias Kretzler, KPMP","1 x 11 x 1 millimeter, 1 millimeter",https://doi.org/10.48698/3z31-8924,http://purl.org/ccf/1.5/2b922426-d192-47fb-ba8e-1921ea21fe4c,1,11,1,Matthias Kretzler,Matthias,Kretzler,,0
https://doi.org/10.48698/3z31-8924#32-10003_TissueBlock1,Tissue Block,"Registered 7/23/2023, Matthias Kretzler, KPMP","1 x 11 x 1 millimeter, 1 millimeter",https://doi.org/10.48698/3z31-8924,http://purl.org/ccf/1.5/2b922426-d192-47fb-ba8e-1921ea21fe4c,1,11,1,Matthias Kretzler,Matthias,Kretzler,,0
https://doi.org/10.48698/3z31-8924#32-10034_TissueBlock1,Tissue Block,"Registered 7/23/2023, Matthias Kretzler, KPMP","1 x 11 x 1 millimeter, 1 millimeter",https://doi.org/10.48698/3z31-8924,http://purl.org/ccf/1.5/2b922426-d192-47fb-ba8e-1921ea21fe4c,1,11,1,Matthias Kretzler,Matthias,Kretzler,,0
https://doi.org/10.48698/3z31-8924#32-10074_TissueBlock1,Tissue Block,"Registered 7/23/2023, Matthias Kretzler, KPMP","1 x 11 x 1 millimeter, 1 millimeter",https://doi.org/10.48698/3z31-8924,http://purl.org/ccf/1.5/2b922426-d192-47fb-ba8e-1921ea21fe4c,1,11,1,Matthias Kretzler,Matthias,Kretzler,,0
https://doi.org/10.48698/3z31-8924#32-2_TissueBlock1,Tissue Block,"Registered 7/23/2023, Matthias Kretzler, KPMP","1 x 11 x 1 millimeter, 1 millimeter",https://doi.org/10.48698/3z31-8924,http://purl.org/ccf/1.5/2b922426-d192-47fb-ba8e-1921ea21fe4c,1,11,1,Matthias Kretzler,Matthias,Kretzler,,0
https://doi.org/10.48698/3z31-8924#33-10006_TissueBlock1,Tissue Block,"Registered 7/23/2023, Matthias Kretzler, KPMP","1 x 11 x 1 millimeter, 1 millimeter",https://doi.org/10.48698/3z31-8924,http://purl.org/ccf/1.5/2b922426-d192-47fb-ba8e-1921ea21fe4c,1,11,1,Matthias Kretzler,Matthias,Kretzler,,0
https://doi.org/10.48698/3z31-8924#34-10187_TissueBlock1,Tissue Block,"Registered 7/23/2023, Matthias Kretzler, KPMP","1 x 11 x 1 millimeter, 1 millimeter",https://doi.org/10.48698/3z31-8924,http://purl.org/ccf/1.5/2b922426-d192-47fb-ba8e-1921ea21fe4c,1,11,1,Matthias Kretzler,Matthias,Kretzler,,0
https://entity.api.hubmapconsortium.org/entities/f7e4cbe847ced8c439321df5d9285db0,Tissue Block,"Registered 8/8/2025, Presha Rajbhandari, Columbia University","10 x 10 x 10 millimeter, 10 millimeter",https://portal.hubmapconsortium.org/browse/donor/34a06f973f6f62344f1dad922589b1b5,http://purl.org/ccf/1.5/06f12432-600a-4c62-b129-24af804083f4,10,10,10,Presha Rajbhandari,Presha,Rajbhandari,,0
https://entity.api.hubmapconsortium.org/entities/b8304e1f4c94f2f8659a6f46719ac792,Tissue Block,"Registered 12/13/2022, Marda Jorgensen, TMC-Florida","10 x 10 x 10 millimeter, 10 millimeter, 1 Sections",https://portal.hubmapconsortium.org/browse/sample/b8304e1f4c94f2f8659a6f46719ac792,http://purl.org/ccf/1.5/f2a0eb6b-7729-40ac-baad-a9f3f0b64e91,10,10,10,Hunter Hakimian,Hunter,Hakimian,,0
https://entity.api.hubmapconsortium.org/entities/07c4b36cf842e3cd86378348a5899097,Tissue Block,"Registered 3/23/2026, Kyung Ahn, TMC - Children's Hospital of Philadelphia","10 x 16 x 5 millimeter, 5 millimeter, 3 Sections",https://portal.hubmapconsortium.org/browse/sample/07c4b36cf842e3cd86378348a5899097,http://purl.org/ccf/1.5/2705542b-6bb1-4e19-82c4-d2d149893212,10,16,5,Kyung Ahn,Kyung,Ahn,,0
https://entity.api.hubmapconsortium.org/entities/10df1acf200e376b8004dcafe8952ac7,Tissue Block,"Registered 3/23/2026, Kyung Ahn, TMC - Children's Hospital of Philadelphia","10 x 4 x 5 millimeter, 5 millimeter, 3 Sections",https://portal.hubmapconsortium.org/browse/sample/10df1acf200e376b8004dcafe8952ac7,http://purl.org/ccf/1.5/a45de8cc-80d7-4ccc-956a-97c4e64ca3dc,10,4,5,Kyung Ahn,Kyung,Ahn,,0
https://entity.api.hubmapconsortium.org/entities/11fc5bd4d7ec40498db28a1b4a418b09,Tissue Block,"Registered 3/23/2026, Kyung Ahn, TMC - Children's Hospital of Philadelphia","10 x 4 x 5 millimeter, 5 millimeter, 3 Sections",https://portal.hubmapconsortium.org/browse/sample/11fc5bd4d7ec40498db28a1b4a418b09,http://purl.org/ccf/1.5/66fa8cc8-1b42-4300-8898-46933b8b8a74,10,4,5,Kyung Ahn,Kyung,Ahn,,0
https://entity.api.hubmapconsortium.org/entities/190589d834a2a90feb6d04c88b0bd04d,Tissue Block,"Registered 7/20/2022, Valentina Stanley, TMC - University of California San Diego focusing on female reproduction","5 x 5 x 5 millimeter, 5 millimeter, 0 Sections",https://portal.hubmapconsortium.org/browse/sample/190589d834a2a90feb6d04c88b0bd04d,http://purl.org/ccf/1.5/28a0cee6-242c-49da-a8c9-23da90487b36,5,5,5,Valentina Stanley,Valentina,Stanley,,0
https://entity.api.hubmapconsortium.org/entities/1ca0582e81997f2dea2b5322ff39c719,Tissue Block,"Registered 7/20/2022, Valentina Stanley, TMC - University of California San Diego focusing on female reproduction","5 x 5 x 5 millimeter, 5 millimeter, 0 Sections",https://portal.hubmapconsortium.org/browse/sample/1ca0582e81997f2dea2b5322ff39c719,http://purl.org/ccf/1.5/3e1352c2-718d-4b25-9c35-f3b9a032848c,5,5,5,Valentina Stanley,Valentina,Stanley,,0
https://entity.api.hubmapconsortium.org/entities/1d8450248c0513d0104332be27399bb7,Tissue Block,"Registered 7/20/2022, Valentina Stanley, TMC - University of California San Diego focusing on female reproduction","5 x 5 x 5 millimeter, 5 millimeter, 0 Sections",https://portal.hubmapconsortium.org/browse/sample/1d8450248c0513d0104332be27399bb7,http://purl.org/ccf/1.5/358215d2-38f8-45c2-9da5-7c4d87c0e5e4,5,5,5,Valentina Stanley,Valentina,Stanley,,0
https://entity.api.hubmapconsortium.org/entities/1dc894e1f6568c845f30220d94195236,Tissue Block,"Registered 7/21/2022, Valentina Stanley, TMC - University of California San Diego focusing on female reproduction","5 x 5 x 5 millimeter, 5 millimeter, 0 Sections",https://portal.hubmapconsortium.org/browse/sample/1dc894e1f6568c845f30220d94195236,http://purl.org/ccf/1.5/310e2e7f-b97c-4159-a6a0-12340e7b62bb,5,5,5,Valentina Stanley,Valentina,Stanley,,0
https://entity.api.hubmapconsortium.org/entities/21127ad0cbebe38605938a0c9013e7ae,Tissue Block,"Registered 3/23/2026, Kyung Ahn, TMC - Children's Hospital of Philadelphia","10 x 16 x 5 millimeter, 5 millimeter, 3 Sections",https://portal.hubmapconsortium.org/browse/sample/21127ad0cbebe38605938a0c9013e7ae,http://purl.org/ccf/1.5/b4a70efd-3d19-4fc3-b428-665cc2ce8813,10,16,5,Kyung Ahn,Kyung,Ahn,,0
https://entity.api.hubmapconsortium.org/entities/23405f5e2a4175c99d7439b3f2f6c55f,Tissue Block,"Registered 3/23/2026, Kyung Ahn, TMC - Children's Hospital of Philadelphia","10 x 16 x 5 millimeter, 5 millimeter, 3 Sections",https://portal.hubmapconsortium.org/browse/sample/23405f5e2a4175c99d7439b3f2f6c55f,http://purl.org/ccf/1.5/fab9a4b1-bec4-49ec-8833-401e552e0652,10,16,5,Kyung Ahn,Kyung,Ahn,,0
https://entity.api.hubmapconsortium.org/entities/25d1a5132a641e82cb1e7628fe5f2f23,Tissue Block,"Registered 7/20/2022, Valentina Stanley, TMC - University of California San Diego focusing on female reproduction","5 x 5 x 5 millimeter, 5 millimeter, 0 Sections",https://portal.hubmapconsortium.org/browse/sample/25d1a5132a641e82cb1e7628fe5f2f23,http://purl.org/ccf/1.5/3cad3b5a-b56a-4689-a973-c3f221425c2a,5,5,5,Valentina Stanley,Valentina,Stanley,,0
https://entity.api.hubmapconsortium.org/entities/2728183761a55acb56c80152ab1fc03e,Tissue Block,"Registered 3/23/2026, Kyung Ahn, TMC - Children's Hospital of Philadelphia","10 x 16 x 5 millimeter, 5 millimeter, 3 Sections",https://portal.hubmapconsortium.org/browse/sample/2728183761a55acb56c80152ab1fc03e,http://purl.org/ccf/1.5/caa14c35-b6ff-41d7-82a9-849706b510d8,10,16,5,Kyung Ahn,Kyung,Ahn,,0
https://entity.api.hubmapconsortium.org/entities/2a5d90572222a2e6c4502b84d51aeb46,Tissue Block,"Registered 3/23/2026, Kyung Ahn, TMC - Children's Hospital of Philadelphia","10 x 4 x 5 millimeter, 5 millimeter, 3 Sections",https://portal.hubmapconsortium.org/browse/sample/2a5d90572222a2e6c4502b84d51aeb46,http://purl.org/ccf/1.5/d8669030-8418-48d8-aa94-c52ce23100e8,10,4,5,Kyung Ahn,Kyung,Ahn,,0
https://entity.api.hubmapconsortium.org/entities/32aff365170306d6cae28cfd46a2f1e6,Tissue Block,"Registered 3/23/2026, Kyung Ahn, TMC - Children's Hospital of Philadelphia","10 x 16 x 5 millimeter, 5 millimeter, 3 Sections",https://portal.hubmapconsortium.org/browse/sample/32aff365170306d6cae28cfd46a2f1e6,http://purl.org/ccf/1.5/ee8f9c2a-cc88-4b82-b3ae-48ef6b0eecbd,10,16,5,Kyung Ahn,Kyung,Ahn,,0
https://entity.api.hubmapconsortium.org/entities/3860196462a96ad4118c20d8932f69d2,Tissue Block,"Registered 7/21/2022, Valentina Stanley, TMC - University of California San Diego focusing on female reproduction","5 x 5 x 5 millimeter, 5 millimeter, 0 Sections",https://portal.hubmapconsortium.org/browse/sample/3860196462a96ad4118c20d8932f69d2,http://purl.org/ccf/1.5/2abae658-8eb6-46e4-9fa5-728236437b22,5,5,5,Valentina Stanley,Valentina,Stanley,,0
https://entity.api.hubmapconsortium.org/entities/39b52fb432388cf6f165c96f61aefbe5,Tissue Block,"Registered 3/23/2026, Kyung Ahn, TMC - Children's Hospital of Philadelphia","10 x 4 x 5 millimeter, 5 millimeter, 3 Sections",https://portal.hubmapconsortium.org/browse/sample/39b52fb432388cf6f165c96f61aefbe5,http://purl.org/ccf/1.5/dbe5d3bd-b57e-4b7b-af82-31d9d6db3087,10,4,5,Kyung Ahn,Kyung,Ahn,,0
https://entity.api.hubmapconsortium.org/entities/3e97d27dcddec30d9b6b0f3f757da71c,Tissue Block,"Registered 3/23/2026, Kyung Ahn, TMC - Children's Hospital of Philadelphia","10 x 16 x 5 millimeter, 5 millimeter, 3 Sections",https://portal.hubmapconsortium.org/browse/sample/3e97d27dcddec30d9b6b0f3f757da71c,http://purl.org/ccf/1.5/8d22a3aa-d275-42ee-a8fd-5d61ae5d9eb2,10,16,5,Kyung Ahn,Kyung,Ahn,,0
https://entity.api.hubmapconsortium.org/entities/4339a2e8602774dd469d92c92f9b1c35,Tissue Block,"Registered 3/23/2026, Kyung Ahn, TMC - Children's Hospital of Philadelphia","10 x 16 x 5 millimeter, 5 millimeter, 3 Sections",https://portal.hubmapconsortium.org/browse/sample/4339a2e8602774dd469d92c92f9b1c35,http://purl.org/ccf/1.5/86d5afae-a1b5-48a7-8d1b-d7ddd1d73238,10,16,5,Kyung Ahn,Kyung,Ahn,,0
https://entity.api.hubmapconsortium.org/entities/68af262ff19d6038b55a1096f6e46070,Tissue Block,"Registered 3/23/2026, Kyung Ahn, TMC - Children's Hospital of Philadelphia","10 x 4 x 5 millimeter, 5 millimeter, 3 Sections",https://portal.hubmapconsortium.org/browse/sample/68af262ff19d6038b55a1096f6e46070,http://purl.org/ccf/1.5/9699c281-683a-4614-be2f-71a77c32b5fb,10,4,5,Kyung Ahn,Kyung,Ahn,,0
https://entity.api.hubmapconsortium.org/entities/6fd333b54b7244b1aa9a6b6da18bf89a,Tissue Block,"Registered 3/23/2026, Kyung Ahn, TMC - Children's Hospital of Philadelphia","10 x 4 x 5 millimeter, 5 millimeter, 3 Sections",https://portal.hubmapconsortium.org/browse/sample/6fd333b54b7244b1aa9a6b6da18bf89a,http://purl.org/ccf/1.5/8049d9c9-9a5c-4972-bbc5-ac5a2441ab8e,10,4,5,Kyung Ahn,Kyung,Ahn,,0
https://entity.api.hubmapconsortium.org/entities/7311751e2404e2cdf15a5fb2a0e42f0e,Tissue Block,"Registered 3/23/2026, Kyung Ahn, TMC - Children's Hospital of Philadelphia","10 x 4 x 5 millimeter, 5 millimeter, 3 Sections",https://portal.hubmapconsortium.org/browse/sample/7311751e2404e2cdf15a5fb2a0e42f0e,http://purl.org/ccf/1.5/9e04e66e-ae66-4800-b7db-8b38f37564b3,10,4,5,Kyung Ahn,Kyung,Ahn,,0
https://entity.api.hubmapconsortium.org/entities/9916dbed2c143cd90783e21b5013b7e4,Tissue Block,"Registered 7/21/2022, Valentina Stanley, TMC - University of California San Diego focusing on female reproduction","5 x 5 x 5 millimeter, 5 millimeter, 0 Sections",https://portal.hubmapconsortium.org/browse/sample/9916dbed2c143cd90783e21b5013b7e4,http://purl.org/ccf/1.5/28afc7fa-eba3-4a78-a02a-1b3ee1181911,5,5,5,Valentina Stanley,Valentina,Stanley,,0
https://entity.api.hubmapconsortium.org/entities/9c44f3aa81350728b21bf88eed3cd3e7,Tissue Block,"Registered 3/23/2026, Kyung Ahn, TMC - Children's Hospital of Philadelphia","10 x 16 x 5 millimeter, 5 millimeter, 3 Sections",https://portal.hubmapconsortium.org/browse/sample/9c44f3aa81350728b21bf88eed3cd3e7,http://purl.org/ccf/1.5/d719b039-2069-4d84-a484-39195044c552,10,16,5,Kyung Ahn,Kyung,Ahn,,0
https://entity.api.hubmapconsortium.org/entities/9e4ac07da21be8b26939b55c12ce767e,Tissue Block,"Registered 3/23/2026, Kyung Ahn, TMC - Children's Hospital of Philadelphia","10 x 4 x 5 millimeter, 5 millimeter, 3 Sections",https://portal.hubmapconsortium.org/browse/sample/9e4ac07da21be8b26939b55c12ce767e,http://purl.org/ccf/1.5/6e532cbf-5bff-497e-be87-fc975e8e1ee7,10,4,5,Kyung Ahn,Kyung,Ahn,,0
https://entity.api.hubmapconsortium.org/entities/a924669935bad759f3fe336ee189d727,Tissue Block,"Registered 7/20/2022, Valentina Stanley, TMC - University of California San Diego focusing on female reproduction","5 x 5 x 5 millimeter, 5 millimeter, 0 Sections",https://portal.hubmapconsortium.org/browse/sample/a924669935bad759f3fe336ee189d727,http://purl.org/ccf/1.5/3bc541af-47b6-4fde-998c-979ccdbe3a11,5,5,5,Valentina Stanley,Valentina,Stanley,,0
https://entity.api.hubmapconsortium.org/entities/adf2fbfb41900d04c7cdb00ed49aec63,Tissue Block,"Registered 7/21/2022, Valentina Stanley, TMC - University of California San Diego focusing on female reproduction","5 x 5 x 5 millimeter, 5 millimeter, 0 Sections",https://portal.hubmapconsortium.org/browse/sample/adf2fbfb41900d04c7cdb00ed49aec63,http://purl.org/ccf/1.5/3429afc2-ebcf-4117-b0ef-eaaa0be22a7c,5,5,5,Valentina Stanley,Valentina,Stanley,,0
https://entity.api.hubmapconsortium.org/entities/b20a496af77c46731c9e0d95e1c95164,Tissue Block,"Registered 3/23/2026, Kyung Ahn, TMC - Children's Hospital of Philadelphia","10 x 16 x 5 millimeter, 5 millimeter, 3 Sections",https://portal.hubmapconsortium.org/browse/sample/b20a496af77c46731c9e0d95e1c95164,http://purl.org/ccf/1.5/3564cfbe-dd69-4a1a-9ff3-eb2e5c05aa5f,10,16,5,Kyung Ahn,Kyung,Ahn,,0
https://entity.api.hubmapconsortium.org/entities/c12b9587ce8d41a066bbae481f79ef96,Tissue Block,"Registered 7/21/2022, Valentina Stanley, TMC - University of California San Diego focusing on female reproduction","5 x 5 x 5 millimeter, 5 millimeter, 0 Sections",https://portal.hubmapconsortium.org/browse/sample/c12b9587ce8d41a066bbae481f79ef96,http://purl.org/ccf/1.5/34d39784-c415-4f94-9274-61e8373fcb5d,5,5,5,Valentina Stanley,Valentina,Stanley,,0
https://entity.api.hubmapconsortium.org/entities/dfca56aff9864a64f4d3134694789aa6,Tissue Block,"Registered 7/20/2022, Valentina Stanley, TMC - University of California San Diego focusing on female reproduction","5 x 5 x 5 millimeter, 5 millimeter, 0 Sections",https://portal.hubmapconsortium.org/browse/sample/dfca56aff9864a64f4d3134694789aa6,http://purl.org/ccf/1.5/39c635df-c8b9-4e4e-be05-ce1b6de7034f,5,5,5,Valentina Stanley,Valentina,Stanley,,0
https://entity.api.hubmapconsortium.org/entities/ebc03775b73337d5c5f99b444e32157d,Tissue Block,"Registered 8/18/2022, Valentina Stanley, TMC - University of California San Diego focusing on female reproduction","3 x 6 x 2 millimeter, 2 millimeter, 0 Sections",https://portal.hubmapconsortium.org/browse/sample/ebc03775b73337d5c5f99b444e32157d,http://purl.org/ccf/1.5/2fb0ae56-d711-4edc-bbbf-7c2f4bbb2be6,3,6,2,Valentina Stanley,Valentina,Stanley,,0
https://entity.api.hubmapconsortium.org/entities/ec9be28f6e6c36f3e124b2de30577320,Tissue Block,"Registered 8/2/2022, Valentina Stanley, TMC - University of California San Diego focusing on female reproduction","5 x 5 x 5 millimeter, 5 millimeter, 0 Sections",https://portal.hubmapconsortium.org/browse/sample/ec9be28f6e6c36f3e124b2de30577320,http://purl.org/ccf/1.5/2beb92fc-8a7c-4179-a376-b571e55e0622,5,5,5,Valentina Stanley,Valentina,Stanley,,0
https://entity.api.hubmapconsortium.org/entities/f3b9843c6ca3714dd4a3e7da83b8b0ec,Tissue Block,"Registered 7/21/2022, Valentina Stanley, TMC - University of California San Diego focusing on female reproduction","5 x 5 x 5 millimeter, 5 millimeter, 0 Sections",https://portal.hubmapconsortium.org/browse/sample/f3b9843c6ca3714dd4a3e7da83b8b0ec,http://purl.org/ccf/1.5/303c3ce0-4380-47e5-b442-f0912bbb80ad,5,5,5,Valentina Stanley,Valentina,Stanley,,0
https://entity.api.hubmapconsortium.org/entities/5627e2d33433aca0a26d203ae89f0da8,Tissue Block,"Registered 3/23/2026, Kyung Ahn, TMC - Children's Hospital of Philadelphia","10 x 16 x 5 millimeter, 5 millimeter, 3 Sections",https://portal.hubmapconsortium.org/browse/sample/5627e2d33433aca0a26d203ae89f0da8,http://purl.org/ccf/1.5/540f2cfe-d90c-4bf2-b34c-1c804919351e,10,16,5,Kyung Ahn,Kyung,Ahn,,0
https://entity.api.hubmapconsortium.org/entities/57a5dbb4666bfe608a4454548c768715,Tissue Block,"Registered 3/23/2026, Kyung Ahn, TMC - Children's Hospital of Philadelphia","10 x 4 x 5 millimeter, 5 millimeter, 3 Sections",https://portal.hubmapconsortium.org/browse/sample/57a5dbb4666bfe608a4454548c768715,http://purl.org/ccf/1.5/f3567640-f42d-4d84-a6b8-2535b2378e3f,10,4,5,Kyung Ahn,Kyung,Ahn,,0
https://entity.api.hubmapconsortium.org/entities/5c734e8b739de219a54d94acbc0fbd70,Tissue Block,"Registered 8/19/2025, Kyung Ahn, TMC - Children's Hospital of Philadelphia","10 x 16 x 5 millimeter, 5 millimeter, 3 Sections",https://portal.hubmapconsortium.org/browse/sample/5c734e8b739de219a54d94acbc0fbd70,http://purl.org/ccf/1.5/169974a5-31ad-412a-b043-f7d3bb5851d9,10,16,5,Kyung Ahn,Kyung,Ahn,,0
https://entity.api.hubmapconsortium.org/entities/61339cedb8688ba2b0a63c594490f132,Tissue Block,"Registered 3/23/2026, Kyung Ahn, TMC - Children's Hospital of Philadelphia","10 x 4 x 5 millimeter, 5 millimeter, 3 Sections",https://portal.hubmapconsortium.org/browse/sample/61339cedb8688ba2b0a63c594490f132,http://purl.org/ccf/1.5/0306b3c8-654b-4d81-8fe2-f32a1c487765,10,4,5,Kyung Ahn,Kyung,Ahn,,0
https://entity.api.hubmapconsortium.org/entities/6c2d8ce2f459915da1a1262e2d9dacea,Tissue Block,"Registered 8/19/2025, Kyung Ahn, TMC - Children's Hospital of Philadelphia","10 x 16 x 5 millimeter, 5 millimeter, 3 Sections",https://portal.hubmapconsortium.org/browse/sample/6c2d8ce2f459915da1a1262e2d9dacea,http://purl.org/ccf/1.5/0e0580ee-5149-486e-bce0-8876879e28dd,10,16,5,Kyung Ahn,Kyung,Ahn,,0
https://entity.api.hubmapconsortium.org/entities/8f39b972648cea8b0db768f7e11362ca,Tissue Block,"Registered 3/23/2026, Kyung Ahn, TMC - Children's Hospital of Philadelphia","10 x 4 x 5 millimeter, 5 millimeter, 3 Sections",https://portal.hubmapconsortium.org/browse/sample/8f39b972648cea8b0db768f7e11362ca,http://purl.org/ccf/1.5/664cbd8c-fc3d-4247-a5ea-8c33b84de06a,10,4,5,Kyung Ahn,Kyung,Ahn,,0
https://entity.api.hubmapconsortium.org/entities/a17fb005c2ac8cc9616cbdd71c507b0d,Tissue Block,"Registered 3/23/2026, Kyung Ahn, TMC - Children's Hospital of Philadelphia","10 x 16 x 5 millimeter, 5 millimeter, 3 Sections",https://portal.hubmapconsortium.org/browse/sample/a17fb005c2ac8cc9616cbdd71c507b0d,http://purl.org/ccf/1.5/2859f679-c74a-4811-a1d9-207d3d05e0db,10,16,5,Kyung Ahn,Kyung,Ahn,,0
https://entity.api.hubmapconsortium.org/entities/a5029e8bdc61fb662ace3f2f2d816d17,Tissue Block,"Registered 3/23/2026, Kyung Ahn, TMC - Children's Hospital of Philadelphia","10 x 16 x 5 millimeter, 5 millimeter, 3 Sections",https://portal.hubmapconsortium.org/browse/sample/a5029e8bdc61fb662ace3f2f2d816d17,http://purl.org/ccf/1.5/c1b58827-9f91-4271-8519-8e3602f699fd,10,16,5,Kyung Ahn,Kyung,Ahn,,0
https://entity.api.hubmapconsortium.org/entities/aa7a1176a878e031009d57a94fa47bf2,Tissue Block,"Registered 8/19/2025, Kyung Ahn, TMC - Children's Hospital of Philadelphia","10 x 4 x 5 millimeter, 5 millimeter, 3 Sections",https://portal.hubmapconsortium.org/browse/sample/aa7a1176a878e031009d57a94fa47bf2,http://purl.org/ccf/1.5/195ee5e5-cbc5-4d67-9535-2977ae665a1d,10,4,5,Kyung Ahn,Kyung,Ahn,,0
https://entity.api.hubmapconsortium.org/entities/b10d6492d047ef7f73badf7ff62dca14,Tissue Block,"Registered 3/23/2026, Kyung Ahn, TMC - Children's Hospital of Philadelphia","10 x 16 x 5 millimeter, 5 millimeter, 3 Sections",https://portal.hubmapconsortium.org/browse/sample/b10d6492d047ef7f73badf7ff62dca14,http://purl.org/ccf/1.5/46845fbc-cb6f-431a-be5f-41d3d13bc52f,10,16,5,Kyung Ahn,Kyung,Ahn,,0
https://entity.api.hubmapconsortium.org/entities/b112a0c831ab3e051527c9218f334201,Tissue Block,"Registered 3/23/2026, Kyung Ahn, TMC - Children's Hospital of Philadelphia","10 x 4 x 5 millimeter, 5 millimeter, 3 Sections",https://portal.hubmapconsortium.org/browse/sample/b112a0c831ab3e051527c9218f334201,http://purl.org/ccf/1.5/7d5abb23-7607-4e63-bfc3-64deeee3d4ea,10,4,5,Kyung Ahn,Kyung,Ahn,,0
https://entity.api.hubmapconsortium.org/entities/ba18135d9741f9f2cf8e96d91a28874f,Tissue Block,"Registered 3/23/2026, Kyung Ahn, TMC - Children's Hospital of Philadelphia","10 x 4 x 5 millimeter, 5 millimeter, 3 Sections",https://portal.hubmapconsortium.org/browse/sample/ba18135d9741f9f2cf8e96d91a28874f,http://purl.org/ccf/1.5/68040c90-3103-4ef2-8d98-470c92ba618b,10,4,5,Kyung Ahn,Kyung,Ahn,,0
https://entity.api.hubmapconsortium.org/entities/c1ab237b9c8ab907923f3f8b65930278,Tissue Block,"Registered 3/23/2026, Kyung Ahn, TMC - Children's Hospital of Philadelphia","10 x 16 x 5 millimeter, 5 millimeter, 3 Sections",https://portal.hubmapconsortium.org/browse/sample/c1ab237b9c8ab907923f3f8b65930278,http://purl.org/ccf/1.5/41f480df-6a75-4c3c-8c6d-16614aceb23f,10,16,5,Kyung Ahn,Kyung,Ahn,,0
https://entity.api.hubmapconsortium.org/entities/c50ffc902993053327c219fce1493ed8,Tissue Block,"Registered 3/23/2026, Kyung Ahn, TMC - Children's Hospital of Philadelphia","10 x 4 x 5 millimeter, 5 millimeter, 3 Sections",https://portal.hubmapconsortium.org/browse/sample/c50ffc902993053327c219fce1493ed8,http://purl.org/ccf/1.5/bbcbf513-b915-4ccf-a93f-86f194430b26,10,4,5,Kyung Ahn,Kyung,Ahn,,0
https://entity.api.hubmapconsortium.org/entities/c5eb4eaf8f3596d19ae76e3965f4cbf1,Tissue Block,"Registered 3/23/2026, Kyung Ahn, TMC - Children's Hospital of Philadelphia","10 x 16 x 5 millimeter, 5 millimeter, 3 Sections",https://portal.hubmapconsortium.org/browse/sample/c5eb4eaf8f3596d19ae76e3965f4cbf1,http://purl.org/ccf/1.5/4c623a8b-e7cb-4dbb-9ac0-1c6a4812fbf5,10,16,5,Kyung Ahn,Kyung,Ahn,,0
https://entity.api.hubmapconsortium.org/entities/c6209f63d4431aad11af540f622f36f7,Tissue Block,"Registered 3/23/2026, Kyung Ahn, TMC - Children's Hospital of Philadelphia","10 x 4 x 5 millimeter, 5 millimeter, 3 Sections",https://portal.hubmapconsortium.org/browse/sample/c6209f63d4431aad11af540f622f36f7,http://purl.org/ccf/1.5/06a6f104-45cd-4585-abf8-1249b1609b8f,10,4,5,Kyung Ahn,Kyung,Ahn,,0
https://entity.api.hubmapconsortium.org/entities/dbd50571517f43851284f015a779beae,Tissue Block,"Registered 3/23/2026, Kyung Ahn, TMC - Children's Hospital of Philadelphia","10 x 16 x 5 millimeter, 5 millimeter, 3 Sections",https://portal.hubmapconsortium.org/browse/sample/dbd50571517f43851284f015a779beae,http://purl.org/ccf/1.5/74336cee-fee3-4274-bfcc-d2f281a73403,10,16,5,Kyung Ahn,Kyung,Ahn,,0
https://entity.api.hubmapconsortium.org/entities/f186dacdf80b5d8474c8d28a16d71bde,Tissue Block,"Registered 3/23/2026, Kyung Ahn, TMC - Children's Hospital of Philadelphia","10 x 16 x 5 millimeter, 5 millimeter, 3 Sections",https://portal.hubmapconsortium.org/browse/sample/f186dacdf80b5d8474c8d28a16d71bde,http://purl.org/ccf/1.5/c53b5077-08fe-41c1-9548-413d1aa4ed0b,10,16,5,Kyung Ahn,Kyung,Ahn,,0
https://entity.api.hubmapconsortium.org/entities/f8bae9c6115d5db9d049281f45ce7c26,Tissue Block,"Registered 8/19/2025, Kyung Ahn, TMC - Children's Hospital of Philadelphia","10 x 4 x 5 millimeter, 5 millimeter, 3 Sections",https://portal.hubmapconsortium.org/browse/sample/f8bae9c6115d5db9d049281f45ce7c26,http://purl.org/ccf/1.5/02176b5c-bd9b-47d1-bfe9-739206945907,10,4,5,Kyung Ahn,Kyung,Ahn,,0
https://entity.api.sennetconsortium.org/entities/17a63c8e29b229e14a97187e8638c667,Tissue Block,"Registered 11/12/2024, Ivy Kosater, TMC - Columbia University","10 x 10 x 10 millimeter, 10 millimeter, 7 Sections",https://data.sennetconsortium.org/sample?uuid=17a63c8e29b229e14a97187e8638c667,http://purl.org/ccf/1.5/f82bf3ac-e895-4885-aee5-974e0418c587,10,10,10,Courteney Mattison,Courteney,Mattison,,0
https://entity.api.sennetconsortium.org/entities/20ef2ef94b25f07ec6b935ecf340966b,Tissue Block,"Registered 7/31/2025, Divya John, TMC - Duke University","15 x 15 x 3 millimeter, 5 millimeter, 1 Sections",https://data.sennetconsortium.org/sample?uuid=20ef2ef94b25f07ec6b935ecf340966b,http://purl.org/ccf/1.5/e4a37990-e5f4-47b8-9e75-d302d54fa834,15,15,3,Jane Stevens,Jane,Stevens,,0
https://entity.api.sennetconsortium.org/entities/318816ae242dc88e79919a53accfbc7d,Tissue Block,"Registered 7/31/2025, Divya John, TMC - Duke University","15 x 15 x 3 millimeter, 5 millimeter, 1 Sections",https://data.sennetconsortium.org/sample?uuid=318816ae242dc88e79919a53accfbc7d,http://purl.org/ccf/1.5/f5f3d8c8-cea3-47c3-bbd8-03558ae3b1cf,15,15,3,Jane Stevens,Jane,Stevens,,0
https://entity.api.sennetconsortium.org/entities/31e6bd6412db45bc50c7e75e02ef9ce6,Tissue Block,"Registered 4/30/2026, Francesco Strino, TMC - Yale University - Fan","6 x 6 x 6.5 millimeter, 7 millimeter, 2 Sections",https://data.sennetconsortium.org/sample?uuid=31e6bd6412db45bc50c7e75e02ef9ce6,http://purl.org/ccf/1.5/de69a4db-04d8-4533-9296-e84a22dbdfea,6,6,6.5,Francesco Strino,Francesco,Strino,,0
https://entity.api.sennetconsortium.org/entities/3bd8556b215ef6da176fefd49c1293cb,Tissue Block,"Registered 7/31/2025, Divya John, TMC - Duke University","15 x 15 x 3 millimeter, 5 millimeter, 1 Sections",https://data.sennetconsortium.org/sample?uuid=3bd8556b215ef6da176fefd49c1293cb,http://purl.org/ccf/1.5/ec7ff619-eedc-483b-a00c-4eba22ca21d6,15,15,3,Jane Stevens,Jane,Stevens,,0
https://entity.api.sennetconsortium.org/entities/57cc21e810315842c06f0f1cd23e6358,Tissue Block,"Registered 11/20/2025, Allie Abdellatif, TMC - University of Minnesota - Niedernhofer","80 x 20 x 10 millimeter, 3.3 millimeter, 3 Sections",https://data.sennetconsortium.org/sample?uuid=57cc21e810315842c06f0f1cd23e6358,http://purl.org/ccf/1.5/fbeecffa-6390-41b6-88de-b16dc83840c8,80,20,10,Allie Abdellatif,Allie,Abdellatif,,0
https://entity.api.sennetconsortium.org/entities/63f39fe5d567bef12a2de9b271fbc126,Tissue Block,"Registered 7/31/2025, Divya John, TMC - Duke University","15 x 15 x 3 millimeter, 5 millimeter, 1 Sections",https://data.sennetconsortium.org/sample?uuid=63f39fe5d567bef12a2de9b271fbc126,http://purl.org/ccf/1.5/f930ba8a-760c-487a-83b1-9acebc6c9263,15,15,3,Jane Stevens,Jane,Stevens,,0
https://entity.api.sennetconsortium.org/entities/83fe75e8c0f7b5d7942dc45a91916529,Tissue Block,"Registered 7/31/2025, Divya John, TMC - Duke University","15 x 15 x 3 millimeter, 5 millimeter, 1 Sections",https://data.sennetconsortium.org/sample?uuid=83fe75e8c0f7b5d7942dc45a91916529,http://purl.org/ccf/1.5/faf75301-d893-4104-a99b-01a9d242d837,15,15,3,Jane Stevens,Jane,Stevens,,0
https://entity.api.sennetconsortium.org/entities/a21994cc147c48eb0a284dac7bde9750,Tissue Block,"Registered 7/31/2025, Divya John, TMC - Duke University","15 x 15 x 3 millimeter, 5 millimeter, 1 Sections",https://data.sennetconsortium.org/sample?uuid=a21994cc147c48eb0a284dac7bde9750,http://purl.org/ccf/1.5/de34b4d1-86b9-407c-9aca-86b0905d22ed,15,15,3,Jane Stevens,Jane,Stevens,,0
https://entity.api.sennetconsortium.org/entities/db4c926958571f211e47496d837f79b7,Tissue Block,"Registered 7/31/2025, Divya John, TMC - Duke University","15 x 15 x 3 millimeter, 5 millimeter, 1 Sections",https://data.sennetconsortium.org/sample?uuid=db4c926958571f211e47496d837f79b7,http://purl.org/ccf/1.5/e4cd9ef2-4756-4d24-9026-45311625ade6,15,15,3,Jane Stevens,Jane,Stevens,,0
https://entity.api.sennetconsortium.org/entities/df81f56846fc786dcb5f163e41bf0f17,Tissue Block,"Registered 7/31/2025, Divya John, TMC - Duke University","15 x 15 x 3 millimeter, 5 millimeter, 1 Sections",https://data.sennetconsortium.org/sample?uuid=df81f56846fc786dcb5f163e41bf0f17,http://purl.org/ccf/1.5/fe2cef3c-4a0d-4a27-ab69-abf46bee7707,15,15,3,Jane Stevens,Jane,Stevens,,0
https://entity.api.sennetconsortium.org/entities/fc7165efd68d45c179275374f81b87ad,Tissue Block,"Registered 7/31/2025, Divya John, TMC - Duke University","15 x 15 x 3 millimeter, 5 millimeter, 1 Sections",https://data.sennetconsortium.org/sample?uuid=fc7165efd68d45c179275374f81b87ad,http://purl.org/ccf/1.5/d6a255a0-903e-4785-a39d-7dd878c5ddd0,15,15,3,Jane Stevens,Jane,Stevens,,0
https://entity.api.sennetconsortium.org/entities/59e9e2063986a9c09d0df81cfce7126a,Tissue Block,"Registered 12/17/2025, Sergii Domanskyi, TMC - UConn Health","10 x 10 x 10 millimeter, 10 millimeter, 1 Sections",https://data.sennetconsortium.org/sample?uuid=59e9e2063986a9c09d0df81cfce7126a,http://purl.org/ccf/1.5/91e83538-8307-4006-a657-1a7bd9f1c743,10,10,10,Ramalakshmi Ramasamy,Ramalakshmi,Ramasamy,,0
https://entity.api.sennetconsortium.org/entities/5b8461aea6e4a3da3ca59b2c84ea9839,Tissue Block,"Registered 12/17/2025, Sergii Domanskyi, TMC - UConn Health","10 x 10 x 10 millimeter, 10 millimeter, 1 Sections",https://data.sennetconsortium.org/sample?uuid=5b8461aea6e4a3da3ca59b2c84ea9839,http://purl.org/ccf/1.5/f09bc533-a676-4fa8-8dc9-24029527a24e,10,10,10,Ramalakshmi Ramasamy,Ramalakshmi,Ramasamy,,0
https://entity.api.sennetconsortium.org/entities/5e4f1db481d5d6927f35bcc74bfb30c7,Tissue Block,"Registered 12/17/2025, Sergii Domanskyi, TMC - UConn Health","10 x 10 x 10 millimeter, 10 millimeter, 1 Sections",https://data.sennetconsortium.org/sample?uuid=5e4f1db481d5d6927f35bcc74bfb30c7,http://purl.org/ccf/1.5/c2e1d95c-6f16-4c9f-9aff-a218fb9b9bfd,10,10,10,Ramalakshmi Ramasamy,Ramalakshmi,Ramasamy,,0
https://entity.api.sennetconsortium.org/entities/62367235c802c00a6c8bb43b0008c82f,Tissue Block,"Registered 11/20/2025, Allie Abdellatif, TMC - University of Minnesota - Niedernhofer","80 x 20 x 10 millimeter, 5 millimeter, 2 Sections",https://data.sennetconsortium.org/sample?uuid=62367235c802c00a6c8bb43b0008c82f,http://purl.org/ccf/1.5/1d9f262b-2bf3-42f2-b967-0e294020f570,80,20,10,Allie Abdellatif,Allie,Abdellatif,,0
https://entity.api.sennetconsortium.org/entities/6447da86be944735f6399a49db6692d5,Tissue Block,"Registered 3/17/2025, Francesco Strino, TMC - Yale University - Fan","10 x 5 x 6.5 millimeter, 7 millimeter, 1 Sections",https://data.sennetconsortium.org/sample?uuid=6447da86be944735f6399a49db6692d5,http://purl.org/ccf/1.5/0960c786-4adf-4a7e-80fc-b9f1fe694768,10,5,6.5,Francesco Strino,Francesco,Strino,,0
https://entity.api.sennetconsortium.org/entities/68409879ae8b9c63425f47290d3d7e4a,Tissue Block,"Registered 4/30/2026, Francesco Strino, TMC - Yale University - Fan","6 x 6 x 6.5 millimeter, 7 millimeter, 2 Sections",https://data.sennetconsortium.org/sample?uuid=68409879ae8b9c63425f47290d3d7e4a,http://purl.org/ccf/1.5/448abbcf-b228-4152-afc9-105d3d197eba,6,6,6.5,Francesco Strino,Francesco,Strino,,0
https://entity.api.sennetconsortium.org/entities/6c341b52a7222fea50ea8f7988641bc2,Tissue Block,"Registered 11/20/2025, Allie Abdellatif, TMC - University of Minnesota - Niedernhofer","80 x 20 x 10 millimeter, 10 millimeter, 1 Sections",https://data.sennetconsortium.org/sample?uuid=6c341b52a7222fea50ea8f7988641bc2,http://purl.org/ccf/1.5/f0ffd713-3431-492d-94be-f7f4eaecb88a,80,20,10,Allie Abdellatif,Allie,Abdellatif,,0
https://entity.api.sennetconsortium.org/entities/6d9015d08b6880edaf6a7df6c21c36c2,Tissue Block,"Registered 4/30/2026, Francesco Strino, TMC - Yale University - Fan","6 x 6 x 6.5 millimeter, 7 millimeter, 2 Sections",https://data.sennetconsortium.org/sample?uuid=6d9015d08b6880edaf6a7df6c21c36c2,http://purl.org/ccf/1.5/162614ac-370e-4365-8002-70bda350084b,6,6,6.5,Francesco Strino,Francesco,Strino,,0
https://entity.api.sennetconsortium.org/entities/78a8add762e127dc502d7690b573eade,Tissue Block,"Registered 4/30/2026, Francesco Strino, TMC - Yale University - Fan","6 x 6 x 6.5 millimeter, 7 millimeter, 1 Sections",https://data.sennetconsortium.org/sample?uuid=78a8add762e127dc502d7690b573eade,http://purl.org/ccf/1.5/6d705ca6-37a7-4d09-a098-2587a7befb0d,6,6,6.5,Francesco Strino,Francesco,Strino,,0
https://entity.api.sennetconsortium.org/entities/82b979b86edb318fe0ba22de4cc6d4d3,Tissue Block,"Registered 11/20/2025, Allie Abdellatif, TMC - University of Minnesota - Niedernhofer","60 x 80 x 4 millimeter, 4 millimeter, 1 Sections",https://data.sennetconsortium.org/sample?uuid=82b979b86edb318fe0ba22de4cc6d4d3,http://purl.org/ccf/1.5/0c9a6f7e-402f-46d4-842b-247769ae3c1c,60,80,4,Allie Abdellatif,Allie,Abdellatif,,0
https://entity.api.sennetconsortium.org/entities/876465c8bc6cf38f6cdfb8a65ba74744,Tissue Block,"Registered 11/12/2024, Ivy Kosater, TMC - Columbia University","10 x 10 x 10 millimeter, 10 millimeter, 4 Sections",https://data.sennetconsortium.org/sample?uuid=876465c8bc6cf38f6cdfb8a65ba74744,http://purl.org/ccf/1.5/d0aa0f93-9030-47f7-aaed-828cb2c3aa78,10,10,10,Courteney Mattison,Courteney,Mattison,,0
https://entity.api.sennetconsortium.org/entities/883d71aa4904bdf6626ff03d52d479a2,Tissue Block,"Registered 6/23/2025, Sergii Domanskyi, TMC - UConn Health","10 x 10 x 10 millimeter, 10 millimeter, 1 Sections",https://data.sennetconsortium.org/sample?uuid=883d71aa4904bdf6626ff03d52d479a2,http://purl.org/ccf/1.5/59ab7a24-f763-4b79-a3fc-b1b38858496e,10,10,10,Ramalakshmi Ramasamy,Ramalakshmi,Ramasamy,,0
https://entity.api.sennetconsortium.org/entities/8a7afeb1aa04940335c1171502c28065,Tissue Block,"Registered 4/30/2026, Francesco Strino, TMC - Yale University - Fan","6 x 6 x 6.5 millimeter, 7 millimeter, 1 Sections",https://data.sennetconsortium.org/sample?uuid=8a7afeb1aa04940335c1171502c28065,http://purl.org/ccf/1.5/b8b17ddf-3b16-48f9-b9f0-8c0459c661e5,6,6,6.5,Francesco Strino,Francesco,Strino,,0
https://entity.api.sennetconsortium.org/entities/8d70dfc2044d488bcabe62a1848edc0b,Tissue Block,"Registered 4/30/2026, Francesco Strino, TMC - Yale University - Fan","6 x 6 x 6.5 millimeter, 7 millimeter, 2 Sections",https://data.sennetconsortium.org/sample?uuid=8d70dfc2044d488bcabe62a1848edc0b,http://purl.org/ccf/1.5/b2e60d01-2c57-4f70-8ca4-8b05934e064f,6,6,6.5,Francesco Strino,Francesco,Strino,,0
https://entity.api.sennetconsortium.org/entities/8fd8526d2f46387b72bc3a4f263c42c2,Tissue Block,"Registered 4/30/2026, Francesco Strino, TMC - Yale University - Fan","6 x 6 x 6.5 millimeter, 7 millimeter, 4 Sections",https://data.sennetconsortium.org/sample?uuid=8fd8526d2f46387b72bc3a4f263c42c2,http://purl.org/ccf/1.5/9699bc40-220b-45bb-87b4-d74f38b64ce2,6,6,6.5,Francesco Strino,Francesco,Strino,,0
https://entity.api.sennetconsortium.org/entities/96876e412f19e3bdbecabdfa0b6f94b4,Tissue Block,"Registered 6/23/2025, Sergii Domanskyi, TMC - UConn Health","10 x 10 x 10 millimeter, 10 millimeter, 1 Sections",https://data.sennetconsortium.org/sample?uuid=96876e412f19e3bdbecabdfa0b6f94b4,http://purl.org/ccf/1.5/a3465bec-3fc1-4d99-a9ea-bc6985567cf9,10,10,10,Ramalakshmi Ramasamy,Ramalakshmi,Ramasamy,,0
https://entity.api.sennetconsortium.org/entities/9cd2fbffc84aefdee3057aed2b9578f1,Tissue Block,"Registered 6/23/2025, Sergii Domanskyi, TMC - UConn Health","10 x 10 x 10 millimeter, 10 millimeter, 1 Sections",https://data.sennetconsortium.org/sample?uuid=9cd2fbffc84aefdee3057aed2b9578f1,http://purl.org/ccf/1.5/7a78fe0c-e46c-4e7f-bf50-c88d1dfdb4fc,10,10,10,Ramalakshmi Ramasamy,Ramalakshmi,Ramasamy,,0
https://entity.api.sennetconsortium.org/entities/9e9d2886385e57caa57fb5c3eb6800db,Tissue Block,"Registered 4/30/2026, Francesco Strino, TMC - Yale University - Fan","6 x 6 x 6.5 millimeter, 7 millimeter, 1 Sections",https://data.sennetconsortium.org/sample?uuid=9e9d2886385e57caa57fb5c3eb6800db,http://purl.org/ccf/1.5/39835b7d-f6c4-4b07-9a9d-b3eefe31652b,6,6,6.5,Francesco Strino,Francesco,Strino,,0
https://entity.api.sennetconsortium.org/entities/a2924a4608567e7a04fec2bc6a3704fc,Tissue Block,"Registered 12/17/2025, Sergii Domanskyi, TMC - UConn Health","10 x 10 x 10 millimeter, 10 millimeter, 1 Sections",https://data.sennetconsortium.org/sample?uuid=a2924a4608567e7a04fec2bc6a3704fc,http://purl.org/ccf/1.5/e7ad3fc0-bf47-4e1f-9b02-da76bd9eb280,10,10,10,Ramalakshmi Ramasamy,Ramalakshmi,Ramasamy,,0
https://entity.api.sennetconsortium.org/entities/a29f87aac8319088039c14f399c6bc6d,Tissue Block,"Registered 7/31/2025, Divya John, TMC - Duke University","15 x 15 x 3 millimeter, 5 millimeter, 1 Sections",https://data.sennetconsortium.org/sample?uuid=a29f87aac8319088039c14f399c6bc6d,http://purl.org/ccf/1.5/d02d0f9d-3429-4192-9f0f-6ce36e03cac5,15,15,3,Jane Stevens,Jane,Stevens,,0
https://entity.api.sennetconsortium.org/entities/a8b668d00d7b3734854dc870fe3a9f54,Tissue Block,"Registered 4/30/2026, Francesco Strino, TMC - Yale University - Fan","6 x 6 x 6.5 millimeter, 7 millimeter, 2 Sections",https://data.sennetconsortium.org/sample?uuid=a8b668d00d7b3734854dc870fe3a9f54,http://purl.org/ccf/1.5/018145b1-cfa7-444f-8b81-d25a3d599c9b,6,6,6.5,Francesco Strino,Francesco,Strino,,0
https://entity.api.sennetconsortium.org/entities/ac20b3feefd7e00f4ad8161304309079,Tissue Block,"Registered 3/2/2025, Francesco Strino, TMC - Yale University - Fan","15 x 12 x 6.5 millimeter, 7 millimeter, 1 Sections",https://data.sennetconsortium.org/sample?uuid=ac20b3feefd7e00f4ad8161304309079,http://purl.org/ccf/1.5/11ec4189-388c-4b3c-b4fe-027461bea978,15,12,6.5,Francesco Strino,Francesco,Strino,,0
https://entity.api.sennetconsortium.org/entities/b1b88a3cb0ca300df071b9d9a5af6970,Tissue Block,"Registered 6/23/2025, Sergii Domanskyi, TMC - UConn Health","10 x 10 x 10 millimeter, 10 millimeter, 1 Sections",https://data.sennetconsortium.org/sample?uuid=b1b88a3cb0ca300df071b9d9a5af6970,http://purl.org/ccf/1.5/5ba65059-5c98-474b-87a3-ac8334c210b7,10,10,10,Ramalakshmi Ramasamy,Ramalakshmi,Ramasamy,,0
https://entity.api.sennetconsortium.org/entities/b43a8fb2e3183d1627f7a57157d4b0c1,Tissue Block,"Registered 7/31/2025, Divya John, TMC - Duke University","15 x 15 x 3 millimeter, 5 millimeter, 1 Sections",https://data.sennetconsortium.org/sample?uuid=b43a8fb2e3183d1627f7a57157d4b0c1,http://purl.org/ccf/1.5/6127c34e-a795-4067-ae45-d26cb6347d00,15,15,3,Jane Stevens,Jane,Stevens,,0
https://entity.api.sennetconsortium.org/entities/bb49ffd05dc65342a6f467223a2b1793,Tissue Block,"Registered 11/20/2025, Allie Abdellatif, TMC - University of Minnesota - Niedernhofer","80 x 60 x 4 millimeter, 2 millimeter, 2 Sections",https://data.sennetconsortium.org/sample?uuid=bb49ffd05dc65342a6f467223a2b1793,http://purl.org/ccf/1.5/8ea63804-765c-4434-90cd-5a2625fbe7c3,80,60,4,Allie Abdellatif,Allie,Abdellatif,,0
https://entity.api.sennetconsortium.org/entities/bec71b5042a403d8d01565d06df4d861,Tissue Block,"Registered 11/12/2024, Ivy Kosater, TMC - Columbia University","10 x 10 x 10 millimeter, 10 millimeter, 6 Sections",https://data.sennetconsortium.org/sample?uuid=bec71b5042a403d8d01565d06df4d861,http://purl.org/ccf/1.5/59978ebf-ee21-4d66-aec5-7cddceffa9cd,10,10,10,Courteney Mattison,Courteney,Mattison,,0
https://entity.api.sennetconsortium.org/entities/bf3b4ed9a43e80e1a7e45e17bada60d0,Tissue Block,"Registered 12/17/2025, Sergii Domanskyi, TMC - UConn Health","10 x 10 x 10 millimeter, 10 millimeter, 1 Sections",https://data.sennetconsortium.org/sample?uuid=bf3b4ed9a43e80e1a7e45e17bada60d0,http://purl.org/ccf/1.5/f98b2c93-2672-43d9-9109-f84d2a3d41b6,10,10,10,Ramalakshmi Ramasamy,Ramalakshmi,Ramasamy,,0
https://entity.api.sennetconsortium.org/entities/c0a338efe6874b21bbcfe76738064fa4,Tissue Block,"Registered 4/30/2026, Francesco Strino, TMC - Yale University - Fan","6 x 6 x 6.5 millimeter, 7 millimeter, 1 Sections",https://data.sennetconsortium.org/sample?uuid=c0a338efe6874b21bbcfe76738064fa4,http://purl.org/ccf/1.5/b45d95ce-80e7-4e71-913d-cd5847b00dee,6,6,6.5,Francesco Strino,Francesco,Strino,,0
https://entity.api.sennetconsortium.org/entities/c6ea5c6782600ab86b98e49309a23e96,Tissue Block,"Registered 3/17/2025, Francesco Strino, TMC - Yale University - Fan","7 x 7 x 6.5 millimeter, 7 millimeter, 1 Sections",https://data.sennetconsortium.org/sample?uuid=c6ea5c6782600ab86b98e49309a23e96,http://purl.org/ccf/1.5/5c77d3ae-c620-4b25-af90-22c527e2e543,7,7,6.5,Francesco Strino,Francesco,Strino,,0
https://entity.api.sennetconsortium.org/entities/d1ba72a64c3513559464322cb2ad7a72,Tissue Block,"Registered 4/30/2026, Francesco Strino, TMC - Yale University - Fan","6 x 6 x 6.5 millimeter, 7 millimeter, 1 Sections",https://data.sennetconsortium.org/sample?uuid=d1ba72a64c3513559464322cb2ad7a72,http://purl.org/ccf/1.5/ec8492d7-1bb8-47f5-a838-066379ddac6d,6,6,6.5,Francesco Strino,Francesco,Strino,,0
https://entity.api.sennetconsortium.org/entities/d805e873963c99ecbcdeeb097c985f64,Tissue Block,"Registered 7/31/2025, Divya John, TMC - Duke University","15 x 15 x 3 millimeter, 5 millimeter, 1 Sections",https://data.sennetconsortium.org/sample?uuid=d805e873963c99ecbcdeeb097c985f64,http://purl.org/ccf/1.5/7e0009b8-b1a1-410f-b4c3-88820d35f40a,15,15,3,Jane Stevens,Jane,Stevens,,0
https://entity.api.sennetconsortium.org/entities/d9fadcdae16d0cabcdb0004698448cc7,Tissue Block,"Registered 7/31/2025, Divya John, TMC - Duke University","15 x 15 x 3 millimeter, 5 millimeter, 1 Sections",https://data.sennetconsortium.org/sample?uuid=d9fadcdae16d0cabcdb0004698448cc7,http://purl.org/ccf/1.5/61e9e848-101d-4107-8a50-699e57aedddf,15,15,3,Jane Stevens,Jane,Stevens,,0
https://entity.api.sennetconsortium.org/entities/db09b4d74e49fabbb361c2fa286f25dc,Tissue Block,"Registered 6/23/2025, Sergii Domanskyi, TMC - UConn Health","10 x 10 x 10 millimeter, 10 millimeter, 1 Sections",https://data.sennetconsortium.org/sample?uuid=db09b4d74e49fabbb361c2fa286f25dc,http://purl.org/ccf/1.5/5e554e85-92e6-4966-a12c-76a4b50ee82a,10,10,10,Ramalakshmi Ramasamy,Ramalakshmi,Ramasamy,,0
https://entity.api.sennetconsortium.org/entities/e38d8242cfb68726cb4dcd6864c73e0d,Tissue Block,"Registered 3/17/2025, Francesco Strino, TMC - Yale University - Fan","5 x 3 x 6.5 millimeter, 7 millimeter, 1 Sections",https://data.sennetconsortium.org/sample?uuid=e38d8242cfb68726cb4dcd6864c73e0d,http://purl.org/ccf/1.5/912a649b-1820-48c1-a6a7-2e36e9f6f3da,5,3,6.5,Francesco Strino,Francesco,Strino,,0
https://entity.api.sennetconsortium.org/entities/e5d63c534f5196f971a2911a26237ef3,Tissue Block,"Registered 4/30/2026, Francesco Strino, TMC - Yale University - Fan","6 x 6 x 6.5 millimeter, 7 millimeter, 2 Sections",https://data.sennetconsortium.org/sample?uuid=e5d63c534f5196f971a2911a26237ef3,http://purl.org/ccf/1.5/06145edb-ca9f-4389-b7ac-4cfdb6985bba,6,6,6.5,Francesco Strino,Francesco,Strino,,0
https://entity.api.sennetconsortium.org/entities/e6c474e93a894a2f655a3d44b750ed68,Tissue Block,"Registered 4/30/2026, Francesco Strino, TMC - Yale University - Fan","6 x 6 x 6.5 millimeter, 7 millimeter, 2 Sections",https://data.sennetconsortium.org/sample?uuid=e6c474e93a894a2f655a3d44b750ed68,http://purl.org/ccf/1.5/5be19716-6590-407e-93d0-823103c9be61,6,6,6.5,Francesco Strino,Francesco,Strino,,0
https://entity.api.sennetconsortium.org/entities/e9cc705265380e3bbf59dd59ceb84a48,Tissue Block,"Registered 7/31/2025, Divya John, TMC - Duke University","15 x 15 x 3 millimeter, 5 millimeter, 1 Sections",https://data.sennetconsortium.org/sample?uuid=e9cc705265380e3bbf59dd59ceb84a48,http://purl.org/ccf/1.5/3a74438b-1a80-4234-ad97-14e382cb9e45,15,15,3,Jane Stevens,Jane,Stevens,,0
https://entity.api.sennetconsortium.org/entities/edb8fd02d5f3fb4dd8e5f76afd410561,Tissue Block,"Registered 4/30/2026, Francesco Strino, TMC - Yale University - Fan","6 x 6 x 6.5 millimeter, 7 millimeter, 2 Sections",https://data.sennetconsortium.org/sample?uuid=edb8fd02d5f3fb4dd8e5f76afd410561,http://purl.org/ccf/1.5/fc1c642a-9430-4ce5-b2c1-5ceb37c94d24,6,6,6.5,Francesco Strino,Francesco,Strino,,0
https://entity.api.sennetconsortium.org/entities/0336236500b4e730d41a5d8448dfc58a,Tissue Block,"Registered 11/20/2025, Allie Abdellatif, TMC - University of Minnesota - Niedernhofer","80 x 20 x 10 millimeter, 5 millimeter, 2 Sections",https://data.sennetconsortium.org/sample?uuid=0336236500b4e730d41a5d8448dfc58a,http://purl.org/ccf/1.5/2c733057-4931-4b55-b132-007419789ebc,80,20,10,Allie Abdellatif,Allie,Abdellatif,,0
https://entity.api.sennetconsortium.org/entities/043f1209b345d034ac6cb240ed1719e6,Tissue Block,"Registered 7/31/2025, Divya John, TMC - Duke University","15 x 15 x 3 millimeter, 5 millimeter, 1 Sections",https://data.sennetconsortium.org/sample?uuid=043f1209b345d034ac6cb240ed1719e6,http://purl.org/ccf/1.5/36f06c60-7274-41c5-8824-67a522da8ec5,15,15,3,Jane Stevens,Jane,Stevens,,0
https://entity.api.sennetconsortium.org/entities/0481fdce8910af0550fdbb23069f3450,Tissue Block,"Registered 7/31/2025, Divya John, TMC - Duke University","15 x 15 x 3 millimeter, 5 millimeter, 1 Sections",https://data.sennetconsortium.org/sample?uuid=0481fdce8910af0550fdbb23069f3450,http://purl.org/ccf/1.5/0b06bb5e-8a6f-4625-8ea2-6010ae4b572a,15,15,3,Jane Stevens,Jane,Stevens,,0
https://entity.api.sennetconsortium.org/entities/073711144b6e1ecd0c850c86145417aa,Tissue Block,"Registered 4/8/2024, Courteney Mattison, TMC - Columbia University","10 x 10 x 10 millimeter, 10 millimeter, 5 Sections",https://data.sennetconsortium.org/sample?uuid=073711144b6e1ecd0c850c86145417aa,http://purl.org/ccf/1.5/c43e4721-e4c7-46d8-bfb0-0a0cfe046429,10,10,10,Courteney Mattison,Courteney,Mattison,,0
https://entity.api.sennetconsortium.org/entities/1f75bf8d894dfe1b03862459d76e37ff,Tissue Block,"Registered 11/12/2024, Ivy Kosater, TMC - Columbia University","10 x 10 x 10 millimeter, 10 millimeter, 6 Sections",https://data.sennetconsortium.org/sample?uuid=1f75bf8d894dfe1b03862459d76e37ff,http://purl.org/ccf/1.5/c43e4721-e4c7-46d8-bfb0-0a0cfe046429,10,10,10,Courteney Mattison,Courteney,Mattison,,0
https://entity.api.sennetconsortium.org/entities/25bef6b9da95803b59d6ccdbb7dee1bd,Tissue Block,"Registered 11/12/2024, Ivy Kosater, TMC - Columbia University","10 x 10 x 10 millimeter, 10 millimeter, 4 Sections",https://data.sennetconsortium.org/sample?uuid=25bef6b9da95803b59d6ccdbb7dee1bd,http://purl.org/ccf/1.5/c43e4721-e4c7-46d8-bfb0-0a0cfe046429,10,10,10,Courteney Mattison,Courteney,Mattison,,0
https://entity.api.sennetconsortium.org/entities/2b1f24db9df06237808757aaee1d3d9d,Tissue Block,"Registered 4/8/2024, Courteney Mattison, TMC - Columbia University","10 x 10 x 10 millimeter, 10 millimeter, 4 Sections",https://data.sennetconsortium.org/sample?uuid=2b1f24db9df06237808757aaee1d3d9d,http://purl.org/ccf/1.5/c43e4721-e4c7-46d8-bfb0-0a0cfe046429,10,10,10,Courteney Mattison,Courteney,Mattison,,0
https://entity.api.sennetconsortium.org/entities/2b2f480469b29073f3ee7c781e7c5b98,Tissue Block,"Registered 11/12/2024, Ivy Kosater, TMC - Columbia University","10 x 10 x 10 millimeter, 10 millimeter, 3 Sections",https://data.sennetconsortium.org/sample?uuid=2b2f480469b29073f3ee7c781e7c5b98,http://purl.org/ccf/1.5/c43e4721-e4c7-46d8-bfb0-0a0cfe046429,10,10,10,Courteney Mattison,Courteney,Mattison,,0
https://entity.api.sennetconsortium.org/entities/339c0c9def251b48b221385a28196ab5,Tissue Block,"Registered 11/12/2024, Ivy Kosater, TMC - Columbia University","10 x 10 x 10 millimeter, 10 millimeter, 3 Sections",https://data.sennetconsortium.org/sample?uuid=339c0c9def251b48b221385a28196ab5,http://purl.org/ccf/1.5/c43e4721-e4c7-46d8-bfb0-0a0cfe046429,10,10,10,Courteney Mattison,Courteney,Mattison,,0
https://entity.api.sennetconsortium.org/entities/3c595cf3650fe277508049f7be5f8a72,Tissue Block,"Registered 4/8/2024, Courteney Mattison, TMC - Columbia University","10 x 10 x 10 millimeter, 10 millimeter, 4 Sections",https://data.sennetconsortium.org/sample?uuid=3c595cf3650fe277508049f7be5f8a72,http://purl.org/ccf/1.5/c43e4721-e4c7-46d8-bfb0-0a0cfe046429,10,10,10,Courteney Mattison,Courteney,Mattison,,0
https://entity.api.sennetconsortium.org/entities/3ef551dbb13c18de1afbe42ae34183f4,Tissue Block,"Registered 11/12/2024, Ivy Kosater, TMC - Columbia University","10 x 10 x 10 millimeter, 10 millimeter, 4 Sections",https://data.sennetconsortium.org/sample?uuid=3ef551dbb13c18de1afbe42ae34183f4,http://purl.org/ccf/1.5/c43e4721-e4c7-46d8-bfb0-0a0cfe046429,10,10,10,Courteney Mattison,Courteney,Mattison,,0
https://entity.api.sennetconsortium.org/entities/431c184572e8f5c2d927b17de8e671ce,Tissue Block,"Registered 11/12/2024, Ivy Kosater, TMC - Columbia University","10 x 10 x 10 millimeter, 10 millimeter, 4 Sections",https://data.sennetconsortium.org/sample?uuid=431c184572e8f5c2d927b17de8e671ce,http://purl.org/ccf/1.5/c43e4721-e4c7-46d8-bfb0-0a0cfe046429,10,10,10,Courteney Mattison,Courteney,Mattison,,0
https://entity.api.sennetconsortium.org/entities/445ea369ebbc3d843cac9265835466ae,Tissue Block,"Registered 4/8/2024, Courteney Mattison, TMC - Columbia University","10 x 10 x 10 millimeter, 10 millimeter, 4 Sections",https://data.sennetconsortium.org/sample?uuid=445ea369ebbc3d843cac9265835466ae,http://purl.org/ccf/1.5/c43e4721-e4c7-46d8-bfb0-0a0cfe046429,10,10,10,Courteney Mattison,Courteney,Mattison,,0
https://entity.api.sennetconsortium.org/entities/56b5307cee0fb50de1ff483ab5e8225c,Tissue Block,"Registered 11/12/2024, Ivy Kosater, TMC - Columbia University","10 x 10 x 10 millimeter, 10 millimeter, 3 Sections",https://data.sennetconsortium.org/sample?uuid=56b5307cee0fb50de1ff483ab5e8225c,http://purl.org/ccf/1.5/c43e4721-e4c7-46d8-bfb0-0a0cfe046429,10,10,10,Courteney Mattison,Courteney,Mattison,,0
https://entity.api.sennetconsortium.org/entities/701b2864646464c7765963ecc948ca92,Tissue Block,"Registered 4/8/2024, Courteney Mattison, TMC - Columbia University","10 x 10 x 10 millimeter, 10 millimeter, 4 Sections",https://data.sennetconsortium.org/sample?uuid=701b2864646464c7765963ecc948ca92,http://purl.org/ccf/1.5/c43e4721-e4c7-46d8-bfb0-0a0cfe046429,10,10,10,Courteney Mattison,Courteney,Mattison,,0
https://entity.api.sennetconsortium.org/entities/735f8dc12e46f523b7d2cb01784f3d9d,Tissue Block,"Registered 11/12/2024, Ivy Kosater, TMC - Columbia University","10 x 10 x 10 millimeter, 10 millimeter, 4 Sections",https://data.sennetconsortium.org/sample?uuid=735f8dc12e46f523b7d2cb01784f3d9d,http://purl.org/ccf/1.5/c43e4721-e4c7-46d8-bfb0-0a0cfe046429,10,10,10,Courteney Mattison,Courteney,Mattison,,0
https://entity.api.sennetconsortium.org/entities/7bb9cb92e5a37bb52e59b63f0e0865a5,Tissue Block,"Registered 4/8/2024, Courteney Mattison, TMC - Columbia University","10 x 10 x 10 millimeter, 10 millimeter, 2 Sections",https://data.sennetconsortium.org/sample?uuid=7bb9cb92e5a37bb52e59b63f0e0865a5,http://purl.org/ccf/1.5/c43e4721-e4c7-46d8-bfb0-0a0cfe046429,10,10,10,Courteney Mattison,Courteney,Mattison,,0
https://entity.api.sennetconsortium.org/entities/9089a5124b2c5ce5a537242ad55e3925,Tissue Block,"Registered 11/12/2024, Ivy Kosater, TMC - Columbia University","10 x 10 x 10 millimeter, 10 millimeter, 4 Sections",https://data.sennetconsortium.org/sample?uuid=9089a5124b2c5ce5a537242ad55e3925,http://purl.org/ccf/1.5/c43e4721-e4c7-46d8-bfb0-0a0cfe046429,10,10,10,Courteney Mattison,Courteney,Mattison,,0
https://entity.api.sennetconsortium.org/entities/91967dcfa0d4478c24e4afc28e6a81ac,Tissue Block,"Registered 4/8/2024, Courteney Mattison, TMC - Columbia University","10 x 10 x 10 millimeter, 10 millimeter, 3 Sections",https://data.sennetconsortium.org/sample?uuid=91967dcfa0d4478c24e4afc28e6a81ac,http://purl.org/ccf/1.5/c43e4721-e4c7-46d8-bfb0-0a0cfe046429,10,10,10,Courteney Mattison,Courteney,Mattison,,0
https://entity.api.sennetconsortium.org/entities/923c4ddb9bcd1cb9580ede924e483212,Tissue Block,"Registered 11/12/2024, Ivy Kosater, TMC - Columbia University","10 x 10 x 10 millimeter, 10 millimeter, 4 Sections",https://data.sennetconsortium.org/sample?uuid=923c4ddb9bcd1cb9580ede924e483212,http://purl.org/ccf/1.5/c43e4721-e4c7-46d8-bfb0-0a0cfe046429,10,10,10,Courteney Mattison,Courteney,Mattison,,0
https://entity.api.sennetconsortium.org/entities/9a65b0c91e3c6f9b9f2a2d308d5a9405,Tissue Block,"Registered 11/12/2024, Ivy Kosater, TMC - Columbia University","10 x 10 x 10 millimeter, 10 millimeter, 3 Sections",https://data.sennetconsortium.org/sample?uuid=9a65b0c91e3c6f9b9f2a2d308d5a9405,http://purl.org/ccf/1.5/c43e4721-e4c7-46d8-bfb0-0a0cfe046429,10,10,10,Courteney Mattison,Courteney,Mattison,,0
https://entity.api.sennetconsortium.org/entities/a97a7fc48b97aa32505fd5c3852af0f0,Tissue Block,"Registered 11/12/2024, Ivy Kosater, TMC - Columbia University","10 x 10 x 10 millimeter, 10 millimeter, 6 Sections",https://data.sennetconsortium.org/sample?uuid=a97a7fc48b97aa32505fd5c3852af0f0,http://purl.org/ccf/1.5/c43e4721-e4c7-46d8-bfb0-0a0cfe046429,10,10,10,Courteney Mattison,Courteney,Mattison,,0
https://entity.api.sennetconsortium.org/entities/afd8f303030f060c3f721e3f21944206,Tissue Block,"Registered 11/12/2024, Ivy Kosater, TMC - Columbia University","10 x 10 x 10 millimeter, 10 millimeter, 5 Sections",https://data.sennetconsortium.org/sample?uuid=afd8f303030f060c3f721e3f21944206,http://purl.org/ccf/1.5/c43e4721-e4c7-46d8-bfb0-0a0cfe046429,10,10,10,Courteney Mattison,Courteney,Mattison,,0
https://entity.api.sennetconsortium.org/entities/bafd7e008c4b8af6c5198036707f3a33,Tissue Block,"Registered 11/12/2024, Ivy Kosater, TMC - Columbia University","10 x 10 x 10 millimeter, 10 millimeter, 2 Sections",https://data.sennetconsortium.org/sample?uuid=bafd7e008c4b8af6c5198036707f3a33,http://purl.org/ccf/1.5/c43e4721-e4c7-46d8-bfb0-0a0cfe046429,10,10,10,Courteney Mattison,Courteney,Mattison,,0
https://entity.api.sennetconsortium.org/entities/c5c1fc979abbdd626b3417367417c03f,Tissue Block,"Registered 11/12/2024, Ivy Kosater, TMC - Columbia University","10 x 10 x 10 millimeter, 10 millimeter, 4 Sections",https://data.sennetconsortium.org/sample?uuid=c5c1fc979abbdd626b3417367417c03f,http://purl.org/ccf/1.5/c43e4721-e4c7-46d8-bfb0-0a0cfe046429,10,10,10,Courteney Mattison,Courteney,Mattison,,0
https://entity.api.sennetconsortium.org/entities/ccb7f80f50c15af6f8a0561fbd00d130,Tissue Block,"Registered 11/12/2024, Ivy Kosater, TMC - Columbia University","10 x 10 x 10 millimeter, 10 millimeter, 4 Sections",https://data.sennetconsortium.org/sample?uuid=ccb7f80f50c15af6f8a0561fbd00d130,http://purl.org/ccf/1.5/c43e4721-e4c7-46d8-bfb0-0a0cfe046429,10,10,10,Courteney Mattison,Courteney,Mattison,,0
https://entity.api.sennetconsortium.org/entities/da5dd1ae6609df58b5377ca3ac6369e6,Tissue Block,"Registered 11/12/2024, Ivy Kosater, TMC - Columbia University","10 x 10 x 10 millimeter, 10 millimeter, 4 Sections",https://data.sennetconsortium.org/sample?uuid=da5dd1ae6609df58b5377ca3ac6369e6,http://purl.org/ccf/1.5/c43e4721-e4c7-46d8-bfb0-0a0cfe046429,10,10,10,Courteney Mattison,Courteney,Mattison,,0
https://entity.api.sennetconsortium.org/entities/ee67688417990dc845fa6ba19648d483,Tissue Block,"Registered 11/12/2024, Ivy Kosater, TMC - Columbia University","10 x 10 x 10 millimeter, 10 millimeter, 6 Sections",https://data.sennetconsortium.org/sample?uuid=ee67688417990dc845fa6ba19648d483,http://purl.org/ccf/1.5/c43e4721-e4c7-46d8-bfb0-0a0cfe046429,10,10,10,Courteney Mattison,Courteney,Mattison,,0
https://entity.api.sennetconsortium.org/entities/efb244f8f483fadd8815b9c8639bbacb,Tissue Block,"Registered 11/12/2024, Ivy Kosater, TMC - Columbia University","10 x 10 x 10 millimeter, 10 millimeter, 7 Sections",https://data.sennetconsortium.org/sample?uuid=efb244f8f483fadd8815b9c8639bbacb,http://purl.org/ccf/1.5/c43e4721-e4c7-46d8-bfb0-0a0cfe046429,10,10,10,Courteney Mattison,Courteney,Mattison,,0
https://entity.api.sennetconsortium.org/entities/f04013e4b82befb198c2bf443d82dacf,Tissue Block,"Registered 11/12/2024, Ivy Kosater, TMC - Columbia University","10 x 10 x 10 millimeter, 10 millimeter, 4 Sections",https://data.sennetconsortium.org/sample?uuid=f04013e4b82befb198c2bf443d82dacf,http://purl.org/ccf/1.5/c43e4721-e4c7-46d8-bfb0-0a0cfe046429,10,10,10,Courteney Mattison,Courteney,Mattison,,0
https://entity.api.sennetconsortium.org/entities/f35a5219417313eedccc658cfbe67dda,Tissue Block,"Registered 11/12/2024, Ivy Kosater, TMC - Columbia University","10 x 10 x 10 millimeter, 10 millimeter, 3 Sections",https://data.sennetconsortium.org/sample?uuid=f35a5219417313eedccc658cfbe67dda,http://purl.org/ccf/1.5/c43e4721-e4c7-46d8-bfb0-0a0cfe046429,10,10,10,Courteney Mattison,Courteney,Mattison,,0
https://entity.api.sennetconsortium.org/entities/095a8690fc8e1cd2101a7fecd17f3421,Tissue Block,"Registered 6/1/2024, Alberto Pappalardo, TDA - Columbia University","20 x 10 x 4 millimeter, 4 millimeter, 1 Sections",https://data.sennetconsortium.org/sample?uuid=095a8690fc8e1cd2101a7fecd17f3421,http://purl.org/ccf/1.5/6f717ac4-bffb-4224-bcb0-11ff8a139c4a,20,10,4,Alberto Pappalardo,Alberto,Pappalardo,,0
https://entity.api.sennetconsortium.org/entities/1c04d5956dd1d14fc05ea8747197bd64,Tissue Block,"Registered 6/1/2024, Alberto Pappalardo, TDA - Columbia University","20 x 10 x 4 millimeter, 4 millimeter, 1 Sections",https://data.sennetconsortium.org/sample?uuid=1c04d5956dd1d14fc05ea8747197bd64,http://purl.org/ccf/1.5/6f717ac4-bffb-4224-bcb0-11ff8a139c4a,20,10,4,Alberto Pappalardo,Alberto,Pappalardo,,0
https://entity.api.sennetconsortium.org/entities/c2fd78c8fccf00042ce0588590e5ff0d,Tissue Block,"Registered 4/23/2025, Alberto Pappalardo, TDA - Columbia University","20 x 10 x 4 millimeter, 4 millimeter, 1 Sections",https://data.sennetconsortium.org/sample?uuid=c2fd78c8fccf00042ce0588590e5ff0d,http://purl.org/ccf/1.5/6f717ac4-bffb-4224-bcb0-11ff8a139c4a,20,10,4,Alberto Pappalardo,Alberto,Pappalardo,,0
https://entity.api.sennetconsortium.org/entities/0a6160cba49dfafa0b9759fc3d3afa14,Tissue Block,"Registered 3/2/2025, Francesco Strino, TMC - Yale University - Fan","17 x 13 x 6.5 millimeter, 7 millimeter, 6 Sections",https://data.sennetconsortium.org/sample?uuid=0a6160cba49dfafa0b9759fc3d3afa14,http://purl.org/ccf/1.5/cc3c11cb-e24b-4350-aa6a-ac1168d51554,17,13,6.5,Francesco Strino,Francesco,Strino,,0
https://entity.api.sennetconsortium.org/entities/0ac9265ed9596d3d1e47ca1b8dec7c66,Tissue Block,"Registered 7/31/2025, Divya John, TMC - Duke University","15 x 15 x 3 millimeter, 5 millimeter, 1 Sections",https://data.sennetconsortium.org/sample?uuid=0ac9265ed9596d3d1e47ca1b8dec7c66,http://purl.org/ccf/1.5/2320d438-9948-4538-8dd3-517490a92152,15,15,3,Jane Stevens,Jane,Stevens,,0
https://entity.api.sennetconsortium.org/entities/0e58d3915f153f2ff11557da1e449a63,Tissue Block,"Registered 7/31/2025, Divya John, TMC - Duke University","15 x 15 x 3 millimeter, 5 millimeter, 1 Sections",https://data.sennetconsortium.org/sample?uuid=0e58d3915f153f2ff11557da1e449a63,http://purl.org/ccf/1.5/72d58538-8fca-4adb-9ab3-0c85c3bcdd9a,15,15,3,Jane Stevens,Jane,Stevens,,0
https://entity.api.sennetconsortium.org/entities/10d3d6ee3f709cb60c0d30a77dec1e50,Tissue Block,"Registered 7/31/2025, Divya John, TMC - Duke University","15 x 15 x 3 millimeter, 5 millimeter, 1 Sections",https://data.sennetconsortium.org/sample?uuid=10d3d6ee3f709cb60c0d30a77dec1e50,http://purl.org/ccf/1.5/af833100-50c5-4607-8de0-f64d32a21f73,15,15,3,Jane Stevens,Jane,Stevens,,0
https://entity.api.sennetconsortium.org/entities/1161709c270c2590b0426d800f785759,Tissue Block,"Registered 3/17/2025, Francesco Strino, TMC - Yale University - Fan","6 x 6 x 6.5 millimeter, 7 millimeter, 1 Sections",https://data.sennetconsortium.org/sample?uuid=1161709c270c2590b0426d800f785759,http://purl.org/ccf/1.5/52ff7c50-a142-4717-a0ea-74a2e226c9db,6,6,6.5,Francesco Strino,Francesco,Strino,,0
https://entity.api.sennetconsortium.org/entities/1218dfe39f53a129dc2ff3613da9c724,Tissue Block,"Registered 4/30/2026, Francesco Strino, TMC - Yale University - Fan","6 x 6 x 6.5 millimeter, 7 millimeter, 2 Sections",https://data.sennetconsortium.org/sample?uuid=1218dfe39f53a129dc2ff3613da9c724,http://purl.org/ccf/1.5/58e2f655-61e7-4d7f-a01b-704ddb7ba544,6,6,6.5,Francesco Strino,Francesco,Strino,,0
https://entity.api.sennetconsortium.org/entities/1638ca7e8d06b32b441b15bd5fe055af,Tissue Block,"Registered 3/17/2025, Francesco Strino, TMC - Yale University - Fan","8 x 7 x 6.5 millimeter, 7 millimeter, 1 Sections",https://data.sennetconsortium.org/sample?uuid=1638ca7e8d06b32b441b15bd5fe055af,http://purl.org/ccf/1.5/34a6a985-15bc-4e03-b8b6-8071a9b5ccc7,8,7,6.5,Francesco Strino,Francesco,Strino,,0
https://entity.api.sennetconsortium.org/entities/16655aa34cef160cc4a778dc9eaf51b9,Tissue Block,"Registered 4/30/2026, Francesco Strino, TMC - Yale University - Fan","6 x 6 x 6.5 millimeter, 7 millimeter, 1 Sections",https://data.sennetconsortium.org/sample?uuid=16655aa34cef160cc4a778dc9eaf51b9,http://purl.org/ccf/1.5/09cf8e42-987e-4401-a6fc-a98f77e8baf2,6,6,6.5,Francesco Strino,Francesco,Strino,,0
https://entity.api.sennetconsortium.org/entities/17c1420d343efa78b94a2e9684b880fe,Tissue Block,"Registered 4/30/2026, Francesco Strino, TMC - Yale University - Fan","6 x 6 x 6.5 millimeter, 7 millimeter, 2 Sections",https://data.sennetconsortium.org/sample?uuid=17c1420d343efa78b94a2e9684b880fe,http://purl.org/ccf/1.5/434b6437-7c44-4c14-8538-4c3538cb90df,6,6,6.5,Francesco Strino,Francesco,Strino,,0
https://entity.api.sennetconsortium.org/entities/1b6f6f70acd57640f6cd23bcbdead52c,Tissue Block,"Registered 7/31/2025, Divya John, TMC - Duke University","15 x 15 x 3 millimeter, 5 millimeter, 1 Sections",https://data.sennetconsortium.org/sample?uuid=1b6f6f70acd57640f6cd23bcbdead52c,http://purl.org/ccf/1.5/2cdddf66-2300-4474-b614-690093bfce17,15,15,3,Jane Stevens,Jane,Stevens,,0
https://entity.api.sennetconsortium.org/entities/229ad36ec060271f207c76d10f515612,Tissue Block,"Registered 7/31/2025, Divya John, TMC - Duke University","15 x 15 x 3 millimeter, 5 millimeter, 1 Sections",https://data.sennetconsortium.org/sample?uuid=229ad36ec060271f207c76d10f515612,http://purl.org/ccf/1.5/600df306-6c98-4596-a3c8-037aec8a65bc,15,15,3,Jane Stevens,Jane,Stevens,,0
https://entity.api.sennetconsortium.org/entities/2855b04f0c22f950cc71cdf0a945e68d,Tissue Block,"Registered 7/31/2025, Divya John, TMC - Duke University","15 x 15 x 3 millimeter, 5 millimeter, 1 Sections",https://data.sennetconsortium.org/sample?uuid=2855b04f0c22f950cc71cdf0a945e68d,http://purl.org/ccf/1.5/a2eaddac-7ee3-4a23-bddf-f990e5f9e0e3,15,15,3,Jane Stevens,Jane,Stevens,,0
https://entity.api.sennetconsortium.org/entities/2a2aa6a67936ee417156b7498464f7ab,Tissue Block,"Registered 11/20/2025, Allie Abdellatif, TMC - University of Minnesota - Niedernhofer","80 x 60 x 4 millimeter, 1.3 millimeter, 3 Sections",https://data.sennetconsortium.org/sample?uuid=2a2aa6a67936ee417156b7498464f7ab,http://purl.org/ccf/1.5/767b0e21-1524-4349-b971-f5723f1f631b,80,60,4,Allie Abdellatif,Allie,Abdellatif,,0
https://entity.api.sennetconsortium.org/entities/2a97cdc4710aa9281560b1573d701dcf,Tissue Block,"Registered 11/20/2025, Allie Abdellatif, TMC - University of Minnesota - Niedernhofer","80 x 60 x 4 millimeter, 1.3 millimeter, 3 Sections",https://data.sennetconsortium.org/sample?uuid=2a97cdc4710aa9281560b1573d701dcf,http://purl.org/ccf/1.5/8d404fa2-ff47-42ae-8eb5-4d28c9895d4c,80,60,4,Allie Abdellatif,Allie,Abdellatif,,0
https://entity.api.sennetconsortium.org/entities/2adf5ff156244467a3a386a621d51442,Tissue Block,"Registered 7/31/2025, Divya John, TMC - Duke University","15 x 15 x 3 millimeter, 5 millimeter, 1 Sections",https://data.sennetconsortium.org/sample?uuid=2adf5ff156244467a3a386a621d51442,http://purl.org/ccf/1.5/ab8757f5-337a-4166-b47e-247ef619f4c6,15,15,3,Jane Stevens,Jane,Stevens,,0
https://entity.api.sennetconsortium.org/entities/30575e2f6b507ce27bebc2f856b4e276,Tissue Block,"Registered 11/12/2024, Ivy Kosater, TMC - Columbia University","10 x 10 x 10 millimeter, 10 millimeter, 2 Sections",https://data.sennetconsortium.org/sample?uuid=30575e2f6b507ce27bebc2f856b4e276,http://purl.org/ccf/1.5/4c2ecb3a-ec29-4198-ace6-71a7a0e62b32,10,10,10,Courteney Mattison,Courteney,Mattison,,0
https://entity.api.sennetconsortium.org/entities/30d6973dbd2d32f0730a9fd5164b182d,Tissue Block,"Registered 4/30/2026, Francesco Strino, TMC - Yale University - Fan","6 x 6 x 6.5 millimeter, 7 millimeter, 2 Sections",https://data.sennetconsortium.org/sample?uuid=30d6973dbd2d32f0730a9fd5164b182d,http://purl.org/ccf/1.5/16cf6a02-899d-417b-ab6e-6c24076edef6,6,6,6.5,Francesco Strino,Francesco,Strino,,0
https://entity.api.sennetconsortium.org/entities/34b3affc34f415a453620e880ffa60ff,Tissue Block,"Registered 4/30/2026, Francesco Strino, TMC - Yale University - Fan","6 x 6 x 6.5 millimeter, 7 millimeter, 2 Sections",https://data.sennetconsortium.org/sample?uuid=34b3affc34f415a453620e880ffa60ff,http://purl.org/ccf/1.5/57eaed63-6c16-4454-9561-b34894839f1b,6,6,6.5,Francesco Strino,Francesco,Strino,,0
https://entity.api.sennetconsortium.org/entities/36124a131bf2f993bb93382198e1b72a,Tissue Block,"Registered 4/30/2026, Francesco Strino, TMC - Yale University - Fan","6 x 6 x 6.5 millimeter, 7 millimeter, 2 Sections",https://data.sennetconsortium.org/sample?uuid=36124a131bf2f993bb93382198e1b72a,http://purl.org/ccf/1.5/a0d6ecb6-29e8-4588-bb73-bb032702dde3,6,6,6.5,Francesco Strino,Francesco,Strino,,0
https://entity.api.sennetconsortium.org/entities/3b2146f2cdec06b8dde4ee6606360668,Tissue Block,"Registered 3/2/2025, Francesco Strino, TMC - Yale University - Fan","7 x 7 x 6.5 millimeter, 7 millimeter, 1 Sections",https://data.sennetconsortium.org/sample?uuid=3b2146f2cdec06b8dde4ee6606360668,http://purl.org/ccf/1.5/c94564a4-2e5a-4550-814e-25429c02ba3b,7,7,6.5,Francesco Strino,Francesco,Strino,,0
https://entity.api.sennetconsortium.org/entities/3b8a1e2b2768d2f224465f03a004a658,Tissue Block,"Registered 7/31/2025, Divya John, TMC - Duke University","15 x 15 x 3 millimeter, 5 millimeter, 1 Sections",https://data.sennetconsortium.org/sample?uuid=3b8a1e2b2768d2f224465f03a004a658,http://purl.org/ccf/1.5/c24fcaa5-ad49-4dfc-8f1a-27ed2f6b94f1,15,15,3,Jane Stevens,Jane,Stevens,,0
https://entity.api.sennetconsortium.org/entities/3c347b27e1d39f3c1a502e57d4024e13,Tissue Block,"Registered 7/31/2025, Divya John, TMC - Duke University","15 x 15 x 3 millimeter, 5 millimeter, 1 Sections",https://data.sennetconsortium.org/sample?uuid=3c347b27e1d39f3c1a502e57d4024e13,http://purl.org/ccf/1.5/23478545-ad10-4215-a9aa-3f09cab0e288,15,15,3,Jane Stevens,Jane,Stevens,,0
https://entity.api.sennetconsortium.org/entities/3e60318bae7faa8137455da193c2d1d1,Tissue Block,"Registered 7/31/2025, Divya John, TMC - Duke University","15 x 15 x 3 millimeter, 5 millimeter, 1 Sections",https://data.sennetconsortium.org/sample?uuid=3e60318bae7faa8137455da193c2d1d1,http://purl.org/ccf/1.5/b5cada4b-02ef-4b36-a5ec-b205c400cd00,15,15,3,Jane Stevens,Jane,Stevens,,0
https://entity.api.sennetconsortium.org/entities/3f7c8378d9875b88e3cebcd102282d07,Tissue Block,"Registered 7/31/2025, Divya John, TMC - Duke University","15 x 15 x 3 millimeter, 5 millimeter, 1 Sections",https://data.sennetconsortium.org/sample?uuid=3f7c8378d9875b88e3cebcd102282d07,http://purl.org/ccf/1.5/45d2b9fa-c87d-4eb9-a963-8196f20de438,15,15,3,Jane Stevens,Jane,Stevens,,0
https://entity.api.sennetconsortium.org/entities/3feb0abbf029f2055e1ad15827aa7734,Tissue Block,"Registered 11/20/2025, Allie Abdellatif, TMC - University of Minnesota - Niedernhofer","80 x 20 x 10 millimeter, 5 millimeter, 2 Sections",https://data.sennetconsortium.org/sample?uuid=3feb0abbf029f2055e1ad15827aa7734,http://purl.org/ccf/1.5/9b3810cb-e6a6-4be3-86af-00eac709cc45,80,20,10,Allie Abdellatif,Allie,Abdellatif,,0
https://entity.api.sennetconsortium.org/entities/40b088640bed8293dcc3057664d56b3a,Tissue Block,"Registered 4/30/2026, Francesco Strino, TMC - Yale University - Fan","6 x 6 x 6.5 millimeter, 7 millimeter, 2 Sections",https://data.sennetconsortium.org/sample?uuid=40b088640bed8293dcc3057664d56b3a,http://purl.org/ccf/1.5/28a244d2-7a63-4319-aca0-5de6540e71a3,6,6,6.5,Francesco Strino,Francesco,Strino,,0
https://entity.api.sennetconsortium.org/entities/4342316c72aaf60f8189246b5dfb4fff,Tissue Block,"Registered 7/31/2025, Divya John, TMC - Duke University","15 x 15 x 3 millimeter, 5 millimeter, 1 Sections",https://data.sennetconsortium.org/sample?uuid=4342316c72aaf60f8189246b5dfb4fff,http://purl.org/ccf/1.5/7c88dea6-b87f-4d85-9c63-96da6a9560d0,15,15,3,Jane Stevens,Jane,Stevens,,0
https://entity.api.sennetconsortium.org/entities/4366836727b9699b91b97fc06c4cfca1,Tissue Block,"Registered 7/31/2025, Divya John, TMC - Duke University","15 x 15 x 3 millimeter, 5 millimeter, 1 Sections",https://data.sennetconsortium.org/sample?uuid=4366836727b9699b91b97fc06c4cfca1,http://purl.org/ccf/1.5/8e45da75-eb51-4514-8f6d-3a12b1a76dca,15,15,3,Jane Stevens,Jane,Stevens,,0
https://entity.api.sennetconsortium.org/entities/43ee3c2e1ce3eaf3e4e7d03be3e4cbea,Tissue Block,"Registered 3/17/2025, Francesco Strino, TMC - Yale University - Fan","9 x 7 x 6.5 millimeter, 7 millimeter, 1 Sections",https://data.sennetconsortium.org/sample?uuid=43ee3c2e1ce3eaf3e4e7d03be3e4cbea,http://purl.org/ccf/1.5/1328fda8-0798-49df-99cd-e072f7a3ba94,9,7,6.5,Francesco Strino,Francesco,Strino,,0
https://entity.api.sennetconsortium.org/entities/47af4bb89e8d207fde0e10a9bfdb9196,Tissue Block,"Registered 3/2/2025, Francesco Strino, TMC - Yale University - Fan","20 x 7 x 6.5 millimeter, 7 millimeter, 3 Sections",https://data.sennetconsortium.org/sample?uuid=47af4bb89e8d207fde0e10a9bfdb9196,http://purl.org/ccf/1.5/9864ef56-6a29-441a-af1a-09323042c15d,20,7,6.5,Francesco Strino,Francesco,Strino,,0
https://entity.api.sennetconsortium.org/entities/4877f5214855b90de7d1ed596f8e0174,Tissue Block,"Registered 4/30/2026, Francesco Strino, TMC - Yale University - Fan","6 x 6 x 6.5 millimeter, 7 millimeter, 1 Sections",https://data.sennetconsortium.org/sample?uuid=4877f5214855b90de7d1ed596f8e0174,http://purl.org/ccf/1.5/38ea4629-0970-4cfc-b689-57d0d6372fa8,6,6,6.5,Francesco Strino,Francesco,Strino,,0
https://entity.api.sennetconsortium.org/entities/49fe8264bf681e333e8e1a36c8ec36c3,Tissue Block,"Registered 4/30/2026, Francesco Strino, TMC - Yale University - Fan","6 x 6 x 6.5 millimeter, 7 millimeter, 1 Sections",https://data.sennetconsortium.org/sample?uuid=49fe8264bf681e333e8e1a36c8ec36c3,http://purl.org/ccf/1.5/21ad09b1-a336-4cfe-b06b-049715042cfb,6,6,6.5,Francesco Strino,Francesco,Strino,,0
https://entity.api.sennetconsortium.org/entities/51d1958bcf31d51ba1392f531eddda74,Tissue Block,"Registered 3/2/2025, Francesco Strino, TMC - Yale University - Fan","5 x 5 x 6.5 millimeter, 7 millimeter, 1 Sections",https://data.sennetconsortium.org/sample?uuid=51d1958bcf31d51ba1392f531eddda74,http://purl.org/ccf/1.5/82bb3ae4-11e6-498d-9f9a-9b15b5c6f859,5,5,6.5,Francesco Strino,Francesco,Strino,,0
https://entity.api.sennetconsortium.org/entities/52a84156fc84d52d803f412811f4f925,Tissue Block,"Registered 7/31/2025, Divya John, TMC - Duke University","15 x 15 x 3 millimeter, 5 millimeter, 1 Sections",https://data.sennetconsortium.org/sample?uuid=52a84156fc84d52d803f412811f4f925,http://purl.org/ccf/1.5/06c77179-9e3a-4a07-acd0-35582f19814d,15,15,3,Jane Stevens,Jane,Stevens,,0
https://entity.api.sennetconsortium.org/entities/66df1c7705fc4f5ecae42c93ffcb376c,Tissue Block,"Registered 7/31/2025, Divya John, TMC - Duke University","15 x 15 x 3 millimeter, 5 millimeter, 1 Sections",https://data.sennetconsortium.org/sample?uuid=66df1c7705fc4f5ecae42c93ffcb376c,http://purl.org/ccf/1.5/024a5ed6-d29d-463f-9434-56b307a0c185,15,15,3,Jane Stevens,Jane,Stevens,,0
https://entity.api.sennetconsortium.org/entities/768ecedb73e3d6adb493587873df768c,Tissue Block,"Registered 7/31/2025, Divya John, TMC - Duke University","15 x 15 x 3 millimeter, 5 millimeter, 1 Sections",https://data.sennetconsortium.org/sample?uuid=768ecedb73e3d6adb493587873df768c,http://purl.org/ccf/1.5/2268b2e8-e103-4384-a746-5242b60a4f14,15,15,3,Jane Stevens,Jane,Stevens,,0
https://entity.api.sennetconsortium.org/entities/76ca3ec51461e3fcbbda171cc9de2d3e,Tissue Block,"Registered 11/20/2025, Allie Abdellatif, TMC - University of Minnesota - Niedernhofer","80 x 60 x 4 millimeter, 2 millimeter, 2 Sections",https://data.sennetconsortium.org/sample?uuid=76ca3ec51461e3fcbbda171cc9de2d3e,http://purl.org/ccf/1.5/77d1f16d-6998-4284-9b42-90cd302d526f,80,60,4,Allie Abdellatif,Allie,Abdellatif,,0
https://entity.api.sennetconsortium.org/entities/854e1b4825aec26ea53e088fed434511,Tissue Block,"Registered 7/31/2025, Divya John, TMC - Duke University","15 x 15 x 3 millimeter, 5 millimeter, 1 Sections",https://data.sennetconsortium.org/sample?uuid=854e1b4825aec26ea53e088fed434511,http://purl.org/ccf/1.5/6dd7f4bf-ff6e-4519-8c15-5602ae28e6b3,15,15,3,Jane Stevens,Jane,Stevens,,0
https://entity.api.sennetconsortium.org/entities/88f5de7a66812aa5c249dce054b6eb8e,Tissue Block,"Registered 7/31/2025, Divya John, TMC - Duke University","15 x 15 x 3 millimeter, 5 millimeter, 1 Sections",https://data.sennetconsortium.org/sample?uuid=88f5de7a66812aa5c249dce054b6eb8e,http://purl.org/ccf/1.5/83ba7030-c212-4a60-813f-f579e1f16c3e,15,15,3,Jane Stevens,Jane,Stevens,,0
https://entity.api.sennetconsortium.org/entities/9b514e88e711cfffdf06313ee65cd0b0,Tissue Block,"Registered 7/31/2025, Divya John, TMC - Duke University","15 x 15 x 3 millimeter, 5 millimeter, 1 Sections",https://data.sennetconsortium.org/sample?uuid=9b514e88e711cfffdf06313ee65cd0b0,http://purl.org/ccf/1.5/b53347d7-8b68-4268-b16e-1a3446d02e2b,15,15,3,Jane Stevens,Jane,Stevens,,0
https://entity.api.sennetconsortium.org/entities/a46283dbbaa3def214e248b0b2a34233,Tissue Block,"Registered 7/31/2025, Divya John, TMC - Duke University","15 x 15 x 3 millimeter, 5 millimeter, 1 Sections",https://data.sennetconsortium.org/sample?uuid=a46283dbbaa3def214e248b0b2a34233,http://purl.org/ccf/1.5/6ec8d97b-8cb3-43c9-b054-db6065503e88,15,15,3,Jane Stevens,Jane,Stevens,,0
https://entity.api.sennetconsortium.org/entities/a46ca15bb82e202b709ff6809128fb2d,Tissue Block,"Registered 7/31/2025, Divya John, TMC - Duke University","15 x 15 x 3 millimeter, 5 millimeter, 1 Sections",https://data.sennetconsortium.org/sample?uuid=a46ca15bb82e202b709ff6809128fb2d,http://purl.org/ccf/1.5/0daf32c9-c1fe-423d-8ea4-12a2ce26ec46,15,15,3,Jane Stevens,Jane,Stevens,,0
https://entity.api.sennetconsortium.org/entities/ad2fb27b166384c558336bb5787458a2,Tissue Block,"Registered 7/31/2025, Divya John, TMC - Duke University","15 x 15 x 3 millimeter, 5 millimeter, 1 Sections",https://data.sennetconsortium.org/sample?uuid=ad2fb27b166384c558336bb5787458a2,http://purl.org/ccf/1.5/394a7acd-1358-4242-a56d-006d8b368527,15,15,3,Jane Stevens,Jane,Stevens,,0
https://entity.api.sennetconsortium.org/entities/c87d8673d189198c6c39f7105b6f834f,Tissue Block,"Registered 7/31/2025, Divya John, TMC - Duke University","15 x 15 x 3 millimeter, 5 millimeter, 1 Sections",https://data.sennetconsortium.org/sample?uuid=c87d8673d189198c6c39f7105b6f834f,http://purl.org/ccf/1.5/0bd3f56b-f6b8-4b2a-8ed2-b46a875a5ce5,15,15,3,Jane Stevens,Jane,Stevens,,0
https://entity.api.sennetconsortium.org/entities/ce4d8199654f7d2b2a08383daa9b51e9,Tissue Block,"Registered 7/31/2025, Divya John, TMC - Duke University","15 x 15 x 3 millimeter, 5 millimeter, 1 Sections",https://data.sennetconsortium.org/sample?uuid=ce4d8199654f7d2b2a08383daa9b51e9,http://purl.org/ccf/1.5/ae2c3f4d-9b53-44d5-8a80-d481c17327f1,15,15,3,Jane Stevens,Jane,Stevens,,0
https://entity.api.sennetconsortium.org/entities/d4c2e69b9f9669dd2cf958d39e564355,Tissue Block,"Registered 7/31/2025, Divya John, TMC - Duke University","15 x 15 x 3 millimeter, 5 millimeter, 1 Sections",https://data.sennetconsortium.org/sample?uuid=d4c2e69b9f9669dd2cf958d39e564355,http://purl.org/ccf/1.5/a3f54c94-b434-4355-9a8e-10474d5334ef,15,15,3,Jane Stevens,Jane,Stevens,,0
https://entity.api.sennetconsortium.org/entities/d60641471670b5f6adc0a0152e0211d9,Tissue Block,"Registered 7/31/2025, Divya John, TMC - Duke University","15 x 15 x 3 millimeter, 5 millimeter, 1 Sections",https://data.sennetconsortium.org/sample?uuid=d60641471670b5f6adc0a0152e0211d9,http://purl.org/ccf/1.5/b98de517-2a4c-45f4-8108-c44d6a49a75c,15,15,3,Jane Stevens,Jane,Stevens,,0
https://entity.api.sennetconsortium.org/entities/d8a0153d295609224d73ecec62fba06d,Tissue Block,"Registered 11/20/2025, Allie Abdellatif, TMC - University of Minnesota - Niedernhofer","80 x 20 x 10 millimeter, 3.3 millimeter, 3 Sections",https://data.sennetconsortium.org/sample?uuid=d8a0153d295609224d73ecec62fba06d,http://purl.org/ccf/1.5/aeb39033-04f3-48a0-84e3-3b3588cb1661,80,20,10,Allie Abdellatif,Allie,Abdellatif,,0
https://entity.api.sennetconsortium.org/entities/da43e7cc64e249e44e2eee85f82a5092,Tissue Block,"Registered 7/31/2025, Divya John, TMC - Duke University","15 x 15 x 3 millimeter, 5 millimeter, 1 Sections",https://data.sennetconsortium.org/sample?uuid=da43e7cc64e249e44e2eee85f82a5092,http://purl.org/ccf/1.5/9147f676-99f6-4146-bbf4-ed94dcae076b,15,15,3,Jane Stevens,Jane,Stevens,,0
https://entity.api.sennetconsortium.org/entities/e59a691500168e8b1fa6a3f1744c3129,Tissue Block,"Registered 7/31/2025, Divya John, TMC - Duke University","15 x 15 x 3 millimeter, 5 millimeter, 1 Sections",https://data.sennetconsortium.org/sample?uuid=e59a691500168e8b1fa6a3f1744c3129,http://purl.org/ccf/1.5/1f7a84dd-3479-4c54-916d-411c62632c2f,15,15,3,Jane Stevens,Jane,Stevens,,0
https://entity.api.sennetconsortium.org/entities/f8effdff5db5d5713ae2f6418f3bbf93,Tissue Block,"Registered 11/20/2025, Allie Abdellatif, TMC - University of Minnesota - Niedernhofer","80 x 60 x 4 millimeter, 1.3 millimeter, 3 Sections",https://data.sennetconsortium.org/sample?uuid=f8effdff5db5d5713ae2f6418f3bbf93,http://purl.org/ccf/1.5/9f98f7e1-af1d-4495-a2cc-9b9dec0cc580,80,60,4,Allie Abdellatif,Allie,Abdellatif,,0
https://entity.api.sennetconsortium.org/entities/fbfe82a399727d2bb23ea2bf046486a6,Tissue Block,"Registered 7/31/2025, Divya John, TMC - Duke University","15 x 15 x 3 millimeter, 5 millimeter, 1 Sections",https://data.sennetconsortium.org/sample?uuid=fbfe82a399727d2bb23ea2bf046486a6,http://purl.org/ccf/1.5/761afe93-d726-4fa9-86e2-14b5e4e48c3c,15,15,3,Jane Stevens,Jane,Stevens,,0
https://entity.api.sennetconsortium.org/entities/efbad0fe718fcb9c5462311d4d57becc,Tissue Block,"Registered 4/30/2026, Francesco Strino, TMC - Yale University - Fan","6 x 6 x 6.5 millimeter, 7 millimeter, 2 Sections",https://data.sennetconsortium.org/sample?uuid=efbad0fe718fcb9c5462311d4d57becc,http://purl.org/ccf/1.5/edb30a87-8d25-456d-b096-32a7449bf965,6,6,6.5,Francesco Strino,Francesco,Strino,,0
https://entity.api.sennetconsortium.org/entities/f90b8a874c28d47c0d5561c15626d86c,Tissue Block,"Registered 3/17/2025, Francesco Strino, TMC - Yale University - Fan","7 x 5 x 6.5 millimeter, 7 millimeter, 1 Sections",https://data.sennetconsortium.org/sample?uuid=f90b8a874c28d47c0d5561c15626d86c,http://purl.org/ccf/1.5/f394db70-d134-4f13-8e22-ee78b202d2df,7,5,6.5,Francesco Strino,Francesco,Strino,,0
https://entity.api.hubmapconsortium.org/entities/094861dff8a2547422bdf6e9c951ba43,Tissue Block,"Registered 7/20/2022, Valentina Stanley, TMC - University of California San Diego focusing on female reproduction","5 x 5 x 5 millimeter, 5 millimeter, 0 Sections",https://portal.hubmapconsortium.org/browse/sample/094861dff8a2547422bdf6e9c951ba43,http://purl.org/ccf/1.5/835b350e-4b0e-4a3a-acd4-b5494440dd12,5,5,5,Valentina Stanley,Valentina,Stanley,,0
https://entity.api.hubmapconsortium.org/entities/09ef9e5b689fc5bf817b56718d03bae3,Tissue Block,"Registered 7/21/2022, Valentina Stanley, TMC - University of California San Diego focusing on female reproduction","5 x 5 x 5 millimeter, 5 millimeter, 0 Sections",https://portal.hubmapconsortium.org/browse/sample/09ef9e5b689fc5bf817b56718d03bae3,http://purl.org/ccf/1.5/fe3f2139-b0b5-407c-a2a7-414b57c7d032,5,5,5,Valentina Stanley,Valentina,Stanley,,0
https://entity.api.hubmapconsortium.org/entities/09fe19e32b7432a3f899c9b69476db6e,Tissue Block,"Registered 7/20/2022, Valentina Stanley, TMC - University of California San Diego focusing on female reproduction","5 x 5 x 5 millimeter, 5 millimeter, 0 Sections",https://portal.hubmapconsortium.org/browse/sample/09fe19e32b7432a3f899c9b69476db6e,http://purl.org/ccf/1.5/66ee724e-c5e1-4fd8-955b-9628f15c3939,5,5,5,Valentina Stanley,Valentina,Stanley,,0
https://entity.api.hubmapconsortium.org/entities/0ebe46ed81799b3e783509449ed6ac47,Tissue Block,"Registered 7/7/2022, Valentina Stanley, TMC - University of California San Diego focusing on female reproduction","5 x 5 x 5 millimeter, 5 millimeter, 0 Sections",https://portal.hubmapconsortium.org/browse/sample/0ebe46ed81799b3e783509449ed6ac47,http://purl.org/ccf/1.5/f70f71d6-e8a2-4f1d-a6c4-7ed78c2c2e69,5,5,5,Valentina Stanley,Valentina,Stanley,,0
https://entity.api.hubmapconsortium.org/entities/134725dc0259ffd71cc0a8f1446dd7bf,Tissue Block,"Registered 7/20/2022, Valentina Stanley, TMC - University of California San Diego focusing on female reproduction","5 x 5 x 5 millimeter, 5 millimeter, 0 Sections",https://portal.hubmapconsortium.org/browse/sample/134725dc0259ffd71cc0a8f1446dd7bf,http://purl.org/ccf/1.5/daf975af-d7db-4efd-8073-b2c1634a3fc4,5,5,5,Valentina Stanley,Valentina,Stanley,,0
https://entity.api.hubmapconsortium.org/entities/15e0ec67ce66e24b0958e3df76761f3f,Tissue Block,"Registered 7/21/2022, Valentina Stanley, TMC - University of California San Diego focusing on female reproduction","5 x 5 x 5 millimeter, 5 millimeter, 0 Sections",https://portal.hubmapconsortium.org/browse/sample/15e0ec67ce66e24b0958e3df76761f3f,http://purl.org/ccf/1.5/7e37b62c-8e26-451d-8c0f-a24a552421e0,5,5,5,Valentina Stanley,Valentina,Stanley,,0
https://entity.api.hubmapconsortium.org/entities/1ecfab93e75ada13cf1ddd28029e01e7,Tissue Block,"Registered 7/20/2022, Valentina Stanley, TMC - University of California San Diego focusing on female reproduction","5 x 5 x 5 millimeter, 5 millimeter, 0 Sections",https://portal.hubmapconsortium.org/browse/sample/1ecfab93e75ada13cf1ddd28029e01e7,http://purl.org/ccf/1.5/69da374e-bca1-45bc-acf2-0ae957ef8e89,5,5,5,Valentina Stanley,Valentina,Stanley,,0
https://entity.api.hubmapconsortium.org/entities/2332a1476dab3251b2747bd5f80f01fe,Tissue Block,"Registered 7/20/2022, Valentina Stanley, TMC - University of California San Diego focusing on female reproduction","5 x 5 x 5 millimeter, 5 millimeter, 0 Sections",https://portal.hubmapconsortium.org/browse/sample/2332a1476dab3251b2747bd5f80f01fe,http://purl.org/ccf/1.5/c009ed30-95fb-431c-89a2-b59a924b52ff,5,5,5,Valentina Stanley,Valentina,Stanley,,0
https://entity.api.hubmapconsortium.org/entities/28191c833e7fd71abf47b102a34d20dd,Tissue Block,"Registered 7/20/2022, Valentina Stanley, TMC - University of California San Diego focusing on female reproduction","5 x 5 x 5 millimeter, 5 millimeter, 0 Sections",https://portal.hubmapconsortium.org/browse/sample/28191c833e7fd71abf47b102a34d20dd,http://purl.org/ccf/1.5/dc549367-dc27-4b53-bcfb-3d00decd09ad,5,5,5,Valentina Stanley,Valentina,Stanley,,0
https://entity.api.hubmapconsortium.org/entities/2aaf73824d7dacb4047c3b82684240f3,Tissue Block,"Registered 7/7/2022, Valentina Stanley, TMC - University of California San Diego focusing on female reproduction","5 x 5 x 5 millimeter, 5 millimeter, 0 Sections",https://portal.hubmapconsortium.org/browse/sample/2aaf73824d7dacb4047c3b82684240f3,http://purl.org/ccf/1.5/59696c01-6818-4c9d-b5c8-51dfeecc82df,5,5,5,Valentina Stanley,Valentina,Stanley,,0
https://entity.api.hubmapconsortium.org/entities/2e381e6aee08139fc3a3e1103350d000,Tissue Block,"Registered 7/20/2022, Valentina Stanley, TMC - University of California San Diego focusing on female reproduction","5 x 5 x 5 millimeter, 5 millimeter, 0 Sections",https://portal.hubmapconsortium.org/browse/sample/2e381e6aee08139fc3a3e1103350d000,http://purl.org/ccf/1.5/cc734213-337c-43aa-b24f-42daa04c25ee,5,5,5,Valentina Stanley,Valentina,Stanley,,0
https://entity.api.hubmapconsortium.org/entities/3135dc4c1df4e5665d322d4df66494f1,Tissue Block,"Registered 7/20/2022, Valentina Stanley, TMC - University of California San Diego focusing on female reproduction","5 x 5 x 5 millimeter, 5 millimeter, 0 Sections",https://portal.hubmapconsortium.org/browse/sample/3135dc4c1df4e5665d322d4df66494f1,http://purl.org/ccf/1.5/41e48452-7232-4417-825b-06dbd8567ed7,5,5,5,Valentina Stanley,Valentina,Stanley,,0
https://entity.api.hubmapconsortium.org/entities/31af99aa5413b8fc4781b63d3f6b8eda,Tissue Block,"Registered 5/6/2024, Angela Kruse, TMC-Vanderbilt","10 x 10 x 5 millimeter, 2.5 millimeter, 2 Sections",https://portal.hubmapconsortium.org/browse/sample/31af99aa5413b8fc4781b63d3f6b8eda,http://purl.org/ccf/1.5/f0a0fa6c-c13a-4bbf-b31c-126299a8d691,10,10,5,Angela Kruse,Angela,Kruse,,0
https://entity.api.hubmapconsortium.org/entities/32b8e51310fcc6591c06328444fbd209,Tissue Block,"Registered 7/20/2022, Valentina Stanley, TMC - University of California San Diego focusing on female reproduction","5 x 5 x 5 millimeter, 5 millimeter, 0 Sections",https://portal.hubmapconsortium.org/browse/sample/32b8e51310fcc6591c06328444fbd209,http://purl.org/ccf/1.5/fd45eddc-e5bd-4728-9d72-b54585c18800,5,5,5,Valentina Stanley,Valentina,Stanley,,0
https://entity.api.hubmapconsortium.org/entities/338c664e13f990ac300e0b38f18f13fc,Tissue Block,"Registered 7/20/2022, Valentina Stanley, TMC - University of California San Diego focusing on female reproduction","5 x 5 x 5 millimeter, 5 millimeter, 0 Sections",https://portal.hubmapconsortium.org/browse/sample/338c664e13f990ac300e0b38f18f13fc,http://purl.org/ccf/1.5/7c7a1183-46e0-4b95-bb03-2cb5bc402b41,5,5,5,Valentina Stanley,Valentina,Stanley,,0
https://entity.api.hubmapconsortium.org/entities/37159f1e5b9b4319ac2e136f6d866058,Tissue Block,"Registered 7/7/2022, Valentina Stanley, TMC - University of California San Diego focusing on female reproduction","5 x 5 x 5 millimeter, 5 millimeter, 0 Sections",https://portal.hubmapconsortium.org/browse/sample/37159f1e5b9b4319ac2e136f6d866058,http://purl.org/ccf/1.5/5286cd83-60a3-48e2-9023-253196192ecc,5,5,5,Valentina Stanley,Valentina,Stanley,,0
https://entity.api.hubmapconsortium.org/entities/394dcf310ba325a7eebe8708e7845659,Tissue Block,"Registered 7/21/2022, Valentina Stanley, TMC - University of California San Diego focusing on female reproduction","5 x 5 x 5 millimeter, 5 millimeter, 0 Sections",https://portal.hubmapconsortium.org/browse/sample/394dcf310ba325a7eebe8708e7845659,http://purl.org/ccf/1.5/4a708713-aeaa-4260-b0a3-819465f07866,5,5,5,Valentina Stanley,Valentina,Stanley,,0
https://entity.api.hubmapconsortium.org/entities/3a1b96d6955cb21875f9b24d1b7a76e8,Tissue Block,"Registered 7/20/2022, Valentina Stanley, TMC - University of California San Diego focusing on female reproduction","5 x 5 x 5 millimeter, 5 millimeter, 0 Sections",https://portal.hubmapconsortium.org/browse/sample/3a1b96d6955cb21875f9b24d1b7a76e8,http://purl.org/ccf/1.5/6488e0f6-b1cc-47f4-abec-fb272bf5f139,5,5,5,Valentina Stanley,Valentina,Stanley,,0
https://entity.api.hubmapconsortium.org/entities/3db18500d8a58541ae7b35f428164e45,Tissue Block,"Registered 7/20/2022, Valentina Stanley, TMC - University of California San Diego focusing on female reproduction","5 x 5 x 5 millimeter, 5 millimeter, 0 Sections",https://portal.hubmapconsortium.org/browse/sample/3db18500d8a58541ae7b35f428164e45,http://purl.org/ccf/1.5/8c6737dc-5f41-4e67-819f-f8c6b032c053,5,5,5,Valentina Stanley,Valentina,Stanley,,0
https://entity.api.hubmapconsortium.org/entities/3eb76a962b6088aac201634da93c24d6,Tissue Block,"Registered 7/21/2022, Valentina Stanley, TMC - University of California San Diego focusing on female reproduction","5 x 5 x 5 millimeter, 5 millimeter, 0 Sections",https://portal.hubmapconsortium.org/browse/sample/3eb76a962b6088aac201634da93c24d6,http://purl.org/ccf/1.5/8c806e90-7d98-4b62-971a-b47d24b63e11,5,5,5,Valentina Stanley,Valentina,Stanley,,0
https://entity.api.hubmapconsortium.org/entities/3f8d6ec4dec5b105d4c297ff6d1844c1,Tissue Block,"Registered 7/21/2022, Valentina Stanley, TMC - University of California San Diego focusing on female reproduction","5 x 5 x 5 millimeter, 5 millimeter, 0 Sections",https://portal.hubmapconsortium.org/browse/sample/3f8d6ec4dec5b105d4c297ff6d1844c1,http://purl.org/ccf/1.5/d6ed13f8-3b12-4cf0-8046-325ce92d8f51,5,5,5,Valentina Stanley,Valentina,Stanley,,0
https://entity.api.hubmapconsortium.org/entities/40af8f5685f2c63b73a04a1935b17fa2,Tissue Block,"Registered 8/2/2022, Valentina Stanley, TMC - University of California San Diego focusing on female reproduction","5 x 5 x 5 millimeter, 5 millimeter, 0 Sections",https://portal.hubmapconsortium.org/browse/sample/40af8f5685f2c63b73a04a1935b17fa2,http://purl.org/ccf/1.5/c8745b60-f114-412f-b1b6-a7817e964530,5,5,5,Valentina Stanley,Valentina,Stanley,,0
https://entity.api.hubmapconsortium.org/entities/4135c5f0a7de60ad8dab26e93a12323f,Tissue Block,"Registered 8/2/2022, Valentina Stanley, TMC - University of California San Diego focusing on female reproduction","5 x 5 x 5 millimeter, 5 millimeter, 0 Sections",https://portal.hubmapconsortium.org/browse/sample/4135c5f0a7de60ad8dab26e93a12323f,http://purl.org/ccf/1.5/5350fc56-8d8c-42f8-ba35-ebdfe959f168,5,5,5,Valentina Stanley,Valentina,Stanley,,0
https://entity.api.hubmapconsortium.org/entities/43ed9f5c7c68038505ae4ffa36826265,Tissue Block,"Registered 7/21/2022, Valentina Stanley, TMC - University of California San Diego focusing on female reproduction","5 x 5 x 5 millimeter, 5 millimeter, 0 Sections",https://portal.hubmapconsortium.org/browse/sample/43ed9f5c7c68038505ae4ffa36826265,http://purl.org/ccf/1.5/ed178392-b0ca-4693-9ac0-5d6782a8c909,5,5,5,Valentina Stanley,Valentina,Stanley,,0
https://entity.api.hubmapconsortium.org/entities/458db95149a56d20793b3dd46713875b,Tissue Block,"Registered 7/21/2022, Valentina Stanley, TMC - University of California San Diego focusing on female reproduction","5 x 5 x 5 millimeter, 5 millimeter, 0 Sections",https://portal.hubmapconsortium.org/browse/sample/458db95149a56d20793b3dd46713875b,http://purl.org/ccf/1.5/3ef9e99c-0d2a-4a08-92fe-ffb90487afc2,5,5,5,Valentina Stanley,Valentina,Stanley,,0
https://entity.api.hubmapconsortium.org/entities/49ddf038cebfdeaab705646e5a6f9d9f,Tissue Block,"Registered 8/25/2022, Valentina Stanley, TMC - University of California San Diego focusing on female reproduction","2 x 1.5 x 1.5 millimeter, 1.5 millimeter, 0 Sections",https://portal.hubmapconsortium.org/browse/sample/49ddf038cebfdeaab705646e5a6f9d9f,http://purl.org/ccf/1.5/b17a8516-f01c-48a0-82e5-e7f868c19012,2,1.5,1.5,Valentina Stanley,Valentina,Stanley,,0
https://entity.api.hubmapconsortium.org/entities/4d6399170fb370fcf7dc70f85993b12e,Tissue Block,"Registered 7/20/2022, Valentina Stanley, TMC - University of California San Diego focusing on female reproduction","5 x 5 x 5 millimeter, 5 millimeter, 0 Sections",https://portal.hubmapconsortium.org/browse/sample/4d6399170fb370fcf7dc70f85993b12e,http://purl.org/ccf/1.5/b8558f18-f13d-46e7-bb4e-3cc1725a00e1,5,5,5,Valentina Stanley,Valentina,Stanley,,0
https://entity.api.hubmapconsortium.org/entities/4dedede59d9cd3a7189c209ff423fe4f,Tissue Block,"Registered 8/18/2022, Valentina Stanley, TMC - University of California San Diego focusing on female reproduction","5 x 5 x 5 millimeter, 5 millimeter, 0 Sections",https://portal.hubmapconsortium.org/browse/sample/4dedede59d9cd3a7189c209ff423fe4f,http://purl.org/ccf/1.5/f82a2e0c-af41-4926-8b71-9ff1baba72d2,5,5,5,Valentina Stanley,Valentina,Stanley,,0
https://entity.api.hubmapconsortium.org/entities/50846b9171cedc5959b39ef19b78dea8,Tissue Block,"Registered 7/21/2022, Valentina Stanley, TMC - University of California San Diego focusing on female reproduction","5 x 5 x 5 millimeter, 5 millimeter, 0 Sections",https://portal.hubmapconsortium.org/browse/sample/50846b9171cedc5959b39ef19b78dea8,http://purl.org/ccf/1.5/9a5e9741-9a71-4b53-94f8-8e66face87f4,5,5,5,Valentina Stanley,Valentina,Stanley,,0
https://entity.api.hubmapconsortium.org/entities/5877befa123aa9820159ade8a1bd556f,Tissue Block,"Registered 7/20/2022, Valentina Stanley, TMC - University of California San Diego focusing on female reproduction","5 x 5 x 5 millimeter, 5 millimeter, 0 Sections",https://portal.hubmapconsortium.org/browse/sample/5877befa123aa9820159ade8a1bd556f,http://purl.org/ccf/1.5/4f62910a-a5ca-4368-8052-7ebf67a7ae15,5,5,5,Valentina Stanley,Valentina,Stanley,,0
https://entity.api.hubmapconsortium.org/entities/589cf83149fc25e3b0f97577c3fed8ab,Tissue Block,"Registered 7/20/2022, Valentina Stanley, TMC - University of California San Diego focusing on female reproduction","5 x 5 x 5 millimeter, 5 millimeter, 0 Sections",https://portal.hubmapconsortium.org/browse/sample/589cf83149fc25e3b0f97577c3fed8ab,http://purl.org/ccf/1.5/e65cbb66-75a9-4089-83f9-bd90ab9d88a3,5,5,5,Valentina Stanley,Valentina,Stanley,,0
https://entity.api.hubmapconsortium.org/entities/591a01583b65736550a996c6bb4dd2c5,Tissue Block,"Registered 7/21/2022, Valentina Stanley, TMC - University of California San Diego focusing on female reproduction","5 x 5 x 5 millimeter, 5 millimeter, 0 Sections",https://portal.hubmapconsortium.org/browse/sample/591a01583b65736550a996c6bb4dd2c5,http://purl.org/ccf/1.5/9be4a075-361c-442a-9eac-72f7d9adfebf,5,5,5,Valentina Stanley,Valentina,Stanley,,0
https://entity.api.hubmapconsortium.org/entities/5baa9b34ceced19298aaa836586bf514,Tissue Block,"Registered 8/2/2022, Valentina Stanley, TMC - University of California San Diego focusing on female reproduction","5 x 5 x 5 millimeter, 5 millimeter, 0 Sections",https://portal.hubmapconsortium.org/browse/sample/5baa9b34ceced19298aaa836586bf514,http://purl.org/ccf/1.5/b6f3c42d-9a6d-447b-9589-d36000c43ed9,5,5,5,Valentina Stanley,Valentina,Stanley,,0
https://entity.api.hubmapconsortium.org/entities/5dc1d9648be803355828b68310903e04,Tissue Block,"Registered 7/21/2022, Valentina Stanley, TMC - University of California San Diego focusing on female reproduction","5 x 5 x 5 millimeter, 5 millimeter, 0 Sections",https://portal.hubmapconsortium.org/browse/sample/5dc1d9648be803355828b68310903e04,http://purl.org/ccf/1.5/54597ee3-4185-4f99-a477-60fd6bffe7ae,5,5,5,Valentina Stanley,Valentina,Stanley,,0
https://entity.api.hubmapconsortium.org/entities/682c2aaee700c53eb5b141179e7b0f17,Tissue Block,"Registered 7/20/2022, Valentina Stanley, TMC - University of California San Diego focusing on female reproduction","5 x 5 x 5 millimeter, 5 millimeter, 0 Sections",https://portal.hubmapconsortium.org/browse/sample/682c2aaee700c53eb5b141179e7b0f17,http://purl.org/ccf/1.5/e247c02e-0a4e-43e6-90be-135749f03780,5,5,5,Valentina Stanley,Valentina,Stanley,,0
https://entity.api.hubmapconsortium.org/entities/68a0954fa1671b4621bbcb2f287c2460,Tissue Block,"Registered 7/20/2022, Valentina Stanley, TMC - University of California San Diego focusing on female reproduction","5 x 5 x 5 millimeter, 5 millimeter, 0 Sections",https://portal.hubmapconsortium.org/browse/sample/68a0954fa1671b4621bbcb2f287c2460,http://purl.org/ccf/1.5/c70f2435-8b2e-4c5f-86ea-1283272e358f,5,5,5,Valentina Stanley,Valentina,Stanley,,0
https://entity.api.hubmapconsortium.org/entities/68c57420822f7b10d2502fba61ccc02f,Tissue Block,"Registered 7/20/2022, Valentina Stanley, TMC - University of California San Diego focusing on female reproduction","5 x 5 x 5 millimeter, 5 millimeter, 0 Sections",https://portal.hubmapconsortium.org/browse/sample/68c57420822f7b10d2502fba61ccc02f,http://purl.org/ccf/1.5/a3d0ca81-667f-42da-827f-6c7bc271113e,5,5,5,Valentina Stanley,Valentina,Stanley,,0
https://entity.api.hubmapconsortium.org/entities/6e621fda5787230fbbb40b17c35dc0a4,Tissue Block,"Registered 7/20/2022, Valentina Stanley, TMC - University of California San Diego focusing on female reproduction","5 x 5 x 5 millimeter, 5 millimeter, 0 Sections",https://portal.hubmapconsortium.org/browse/sample/6e621fda5787230fbbb40b17c35dc0a4,http://purl.org/ccf/1.5/4b4c3eb4-1afe-4915-84eb-aac2ea76cafa,5,5,5,Valentina Stanley,Valentina,Stanley,,0
https://entity.api.hubmapconsortium.org/entities/6fbbc845784767cd680e66832020be54,Tissue Block,"Registered 7/20/2022, Valentina Stanley, TMC - University of California San Diego focusing on female reproduction","5 x 5 x 5 millimeter, 5 millimeter, 0 Sections",https://portal.hubmapconsortium.org/browse/sample/6fbbc845784767cd680e66832020be54,http://purl.org/ccf/1.5/edbf1840-845c-47ac-86de-e64b8c1655c9,5,5,5,Valentina Stanley,Valentina,Stanley,,0
https://entity.api.hubmapconsortium.org/entities/70d7e6732e8c5ed41a7bc01ba0f8240a,Tissue Block,"Registered 7/21/2022, Valentina Stanley, TMC - University of California San Diego focusing on female reproduction","5 x 5 x 5 millimeter, 5 millimeter, 0 Sections",https://portal.hubmapconsortium.org/browse/sample/70d7e6732e8c5ed41a7bc01ba0f8240a,http://purl.org/ccf/1.5/68bf8666-d90d-40aa-b884-e200fa8b88b5,5,5,5,Valentina Stanley,Valentina,Stanley,,0
https://entity.api.hubmapconsortium.org/entities/730a27f6c2e55c046198ca160b9f4a1c,Tissue Block,"Registered 7/20/2022, Valentina Stanley, TMC - University of California San Diego focusing on female reproduction","5 x 5 x 5 millimeter, 5 millimeter, 0 Sections",https://portal.hubmapconsortium.org/browse/sample/730a27f6c2e55c046198ca160b9f4a1c,http://purl.org/ccf/1.5/4a3def9a-f38c-4d42-b0c3-7c32723b9766,5,5,5,Valentina Stanley,Valentina,Stanley,,0
https://entity.api.hubmapconsortium.org/entities/7391e81325fe34984ce197ef13029fc9,Tissue Block,"Registered 7/21/2022, Valentina Stanley, TMC - University of California San Diego focusing on female reproduction","5 x 5 x 5 millimeter, 5 millimeter, 0 Sections",https://portal.hubmapconsortium.org/browse/sample/7391e81325fe34984ce197ef13029fc9,http://purl.org/ccf/1.5/9a732394-3136-4112-b816-aba9138f2441,5,5,5,Valentina Stanley,Valentina,Stanley,,0
https://entity.api.hubmapconsortium.org/entities/741977ed16d91b51419c9e30cc6c5e8a,Tissue Block,"Registered 7/21/2022, Valentina Stanley, TMC - University of California San Diego focusing on female reproduction","5 x 5 x 5 millimeter, 5 millimeter, 0 Sections",https://portal.hubmapconsortium.org/browse/sample/741977ed16d91b51419c9e30cc6c5e8a,http://purl.org/ccf/1.5/912ff7e0-7c28-4e66-b09d-21fc1cb385fc,5,5,5,Valentina Stanley,Valentina,Stanley,,0
https://entity.api.hubmapconsortium.org/entities/74d941906cb61280b6c97f286752c938,Tissue Block,"Registered 7/20/2022, Valentina Stanley, TMC - University of California San Diego focusing on female reproduction","5 x 5 x 5 millimeter, 5 millimeter, 0 Sections",https://portal.hubmapconsortium.org/browse/sample/74d941906cb61280b6c97f286752c938,http://purl.org/ccf/1.5/c86de5bf-5ea9-4ce2-b0e0-f081885b0f32,5,5,5,Valentina Stanley,Valentina,Stanley,,0
https://entity.api.hubmapconsortium.org/entities/750f0e2584b2537f69c42a93bc8ae632,Tissue Block,"Registered 7/20/2022, Valentina Stanley, TMC - University of California San Diego focusing on female reproduction","5 x 5 x 5 millimeter, 5 millimeter, 0 Sections",https://portal.hubmapconsortium.org/browse/sample/750f0e2584b2537f69c42a93bc8ae632,http://purl.org/ccf/1.5/8704a96d-2a7c-4325-afcd-415b0b069063,5,5,5,Valentina Stanley,Valentina,Stanley,,0
https://entity.api.hubmapconsortium.org/entities/77fe9c9dd8352990484edf231734356e,Tissue Block,"Registered 7/20/2022, Valentina Stanley, TMC - University of California San Diego focusing on female reproduction","5 x 5 x 5 millimeter, 5 millimeter, 0 Sections",https://portal.hubmapconsortium.org/browse/sample/77fe9c9dd8352990484edf231734356e,http://purl.org/ccf/1.5/aace5e38-a610-4f23-8025-aa1d976d28e8,5,5,5,Valentina Stanley,Valentina,Stanley,,0
https://entity.api.hubmapconsortium.org/entities/7ad9bd64b174b15a32e4622328bab4b6,Tissue Block,"Registered 7/21/2022, Valentina Stanley, TMC - University of California San Diego focusing on female reproduction","5 x 5 x 5 millimeter, 5 millimeter, 0 Sections",https://portal.hubmapconsortium.org/browse/sample/7ad9bd64b174b15a32e4622328bab4b6,http://purl.org/ccf/1.5/4b1f7a66-5bc0-428e-823f-59b5fa048f2a,5,5,5,Valentina Stanley,Valentina,Stanley,,0
https://entity.api.hubmapconsortium.org/entities/7c5a49ad560d0d09030ca10d7497efd0,Tissue Block,"Registered 7/21/2022, Valentina Stanley, TMC - University of California San Diego focusing on female reproduction","5 x 5 x 5 millimeter, 5 millimeter, 0 Sections",https://portal.hubmapconsortium.org/browse/sample/7c5a49ad560d0d09030ca10d7497efd0,http://purl.org/ccf/1.5/72779355-92f4-4a65-9dfc-cad1287134df,5,5,5,Valentina Stanley,Valentina,Stanley,,0
https://entity.api.hubmapconsortium.org/entities/8026514aefc6dcbe99cb4caa807b90d2,Tissue Block,"Registered 7/20/2022, Valentina Stanley, TMC - University of California San Diego focusing on female reproduction","5 x 5 x 5 millimeter, 5 millimeter, 0 Sections",https://portal.hubmapconsortium.org/browse/sample/8026514aefc6dcbe99cb4caa807b90d2,http://purl.org/ccf/1.5/4cf6903e-530e-4a83-802b-93d3cca7f5fb,5,5,5,Valentina Stanley,Valentina,Stanley,,0
https://entity.api.hubmapconsortium.org/entities/822670a1b2c50452a08d45833fa58818,Tissue Block,"Registered 7/21/2022, Valentina Stanley, TMC - University of California San Diego focusing on female reproduction","5 x 5 x 5 millimeter, 5 millimeter, 0 Sections",https://portal.hubmapconsortium.org/browse/sample/822670a1b2c50452a08d45833fa58818,http://purl.org/ccf/1.5/5230e6b1-4b84-4e8c-b226-c44c6099d43a,5,5,5,Valentina Stanley,Valentina,Stanley,,0
https://entity.api.hubmapconsortium.org/entities/85b13a548bf2ea9b24886924cebbdde4,Tissue Block,"Registered 7/20/2022, Valentina Stanley, TMC - University of California San Diego focusing on female reproduction","5 x 5 x 5 millimeter, 5 millimeter, 0 Sections",https://portal.hubmapconsortium.org/browse/sample/85b13a548bf2ea9b24886924cebbdde4,http://purl.org/ccf/1.5/9f000c3a-0aae-45e9-bc2f-708c3ae9898c,5,5,5,Valentina Stanley,Valentina,Stanley,,0
https://entity.api.hubmapconsortium.org/entities/861072ffc1fe526044e8d10ed673cc32,Tissue Block,"Registered 7/20/2022, Valentina Stanley, TMC - University of California San Diego focusing on female reproduction","5 x 5 x 5 millimeter, 5 millimeter, 0 Sections",https://portal.hubmapconsortium.org/browse/sample/861072ffc1fe526044e8d10ed673cc32,http://purl.org/ccf/1.5/4f54033e-fce0-46a1-9169-d6ceda1e4966,5,5,5,Valentina Stanley,Valentina,Stanley,,0
https://entity.api.hubmapconsortium.org/entities/86afdbc4cd358e8dc03f2cad9949457d,Tissue Block,"Registered 8/2/2022, Valentina Stanley, TMC - University of California San Diego focusing on female reproduction","5 x 5 x 5 millimeter, 5 millimeter, 0 Sections",https://portal.hubmapconsortium.org/browse/sample/86afdbc4cd358e8dc03f2cad9949457d,http://purl.org/ccf/1.5/a735387a-f474-4b53-a61f-830c7b1c7f64,5,5,5,Valentina Stanley,Valentina,Stanley,,0
https://entity.api.hubmapconsortium.org/entities/8861c3e258ea8db25857766d52a309d0,Tissue Block,"Registered 7/20/2022, Valentina Stanley, TMC - University of California San Diego focusing on female reproduction","5 x 5 x 5 millimeter, 5 millimeter, 0 Sections",https://portal.hubmapconsortium.org/browse/sample/8861c3e258ea8db25857766d52a309d0,http://purl.org/ccf/1.5/d9001d8f-8335-46ae-b1af-5ab22b9ed880,5,5,5,Valentina Stanley,Valentina,Stanley,,0
https://entity.api.hubmapconsortium.org/entities/88aaa8a785e4ca9adcf1e91e0f4f6e2c,Tissue Block,"Registered 7/20/2022, Valentina Stanley, TMC - University of California San Diego focusing on female reproduction","5 x 5 x 5 millimeter, 5 millimeter, 0 Sections",https://portal.hubmapconsortium.org/browse/sample/88aaa8a785e4ca9adcf1e91e0f4f6e2c,http://purl.org/ccf/1.5/a80dd410-4e8b-440c-b0c9-9d39921a04f3,5,5,5,Valentina Stanley,Valentina,Stanley,,0
https://entity.api.hubmapconsortium.org/entities/8b110816a140c8fb0c306ea732c3e101,Tissue Block,"Registered 5/6/2024, Angela Kruse, TMC-Vanderbilt","10 x 10 x 5 millimeter, 5 millimeter, 1 Sections",https://portal.hubmapconsortium.org/browse/sample/8b110816a140c8fb0c306ea732c3e101,http://purl.org/ccf/1.5/bd0fe887-9250-4949-9f6b-d1dae58ccde2,10,10,5,Angela Kruse,Angela,Kruse,,0
https://entity.api.hubmapconsortium.org/entities/8b48660419260cdd54de39c231bfd367,Tissue Block,"Registered 7/20/2022, Valentina Stanley, TMC - University of California San Diego focusing on female reproduction","5 x 5 x 5 millimeter, 5 millimeter, 0 Sections",https://portal.hubmapconsortium.org/browse/sample/8b48660419260cdd54de39c231bfd367,http://purl.org/ccf/1.5/ceb4f6be-692c-4b5b-9713-00f5ca6220c4,5,5,5,Valentina Stanley,Valentina,Stanley,,0
https://entity.api.hubmapconsortium.org/entities/8bbcd77e7f97efaa4ff483d188a0bff5,Tissue Block,"Registered 7/21/2022, Valentina Stanley, TMC - University of California San Diego focusing on female reproduction","5 x 5 x 5 millimeter, 5 millimeter, 0 Sections",https://portal.hubmapconsortium.org/browse/sample/8bbcd77e7f97efaa4ff483d188a0bff5,http://purl.org/ccf/1.5/5a30713c-191f-4b4b-a91b-4778cf27363f,5,5,5,Valentina Stanley,Valentina,Stanley,,0
https://entity.api.hubmapconsortium.org/entities/943ea9939ea0d940f73968337f83db03,Tissue Block,"Registered 7/21/2022, Valentina Stanley, TMC - University of California San Diego focusing on female reproduction","5 x 5 x 5 millimeter, 5 millimeter, 0 Sections",https://portal.hubmapconsortium.org/browse/sample/943ea9939ea0d940f73968337f83db03,http://purl.org/ccf/1.5/4f473e6f-f641-44aa-8b7f-3ec39dee7f9e,5,5,5,Valentina Stanley,Valentina,Stanley,,0
https://entity.api.hubmapconsortium.org/entities/975d3027774308c4db7391d72b895c86,Tissue Block,"Registered 7/21/2022, Valentina Stanley, TMC - University of California San Diego focusing on female reproduction","5 x 5 x 5 millimeter, 5 millimeter, 0 Sections",https://portal.hubmapconsortium.org/browse/sample/975d3027774308c4db7391d72b895c86,http://purl.org/ccf/1.5/614b9735-35f6-4e34-bd58-e7521fe15dc7,5,5,5,Valentina Stanley,Valentina,Stanley,,0
https://entity.api.hubmapconsortium.org/entities/98c708b6441b3361f931d1cbe5de3091,Tissue Block,"Registered 7/21/2022, Valentina Stanley, TMC - University of California San Diego focusing on female reproduction","5 x 5 x 5 millimeter, 5 millimeter, 0 Sections",https://portal.hubmapconsortium.org/browse/sample/98c708b6441b3361f931d1cbe5de3091,http://purl.org/ccf/1.5/7289a3ed-8bde-45a0-8b07-11fb9b0695f8,5,5,5,Valentina Stanley,Valentina,Stanley,,0
https://entity.api.hubmapconsortium.org/entities/98fd17d5df925bfc59a2ec9b8ae44f7a,Tissue Block,"Registered 7/20/2022, Valentina Stanley, TMC - University of California San Diego focusing on female reproduction","5 x 5 x 5 millimeter, 5 millimeter, 0 Sections",https://portal.hubmapconsortium.org/browse/sample/98fd17d5df925bfc59a2ec9b8ae44f7a,http://purl.org/ccf/1.5/6a557bea-5c8c-4c09-98bc-ecba70ffaba4,5,5,5,Valentina Stanley,Valentina,Stanley,,0
https://entity.api.hubmapconsortium.org/entities/9996fbfd3d1527cfcee2084cd7512bad,Tissue Block,"Registered 8/25/2022, Valentina Stanley, TMC - University of California San Diego focusing on female reproduction","2.5 x 1.8 x 1.4 millimeter, 1.4 millimeter, 0 Sections",https://portal.hubmapconsortium.org/browse/sample/9996fbfd3d1527cfcee2084cd7512bad,http://purl.org/ccf/1.5/802b26a8-9462-40f3-ba63-82c4d5fdb241,2.5,1.8,1.4,Valentina Stanley,Valentina,Stanley,,0
https://entity.api.hubmapconsortium.org/entities/9a303b13240a224bcd62293f18fcdd5d,Tissue Block,"Registered 7/20/2022, Valentina Stanley, TMC - University of California San Diego focusing on female reproduction","5 x 5 x 5 millimeter, 5 millimeter, 0 Sections",https://portal.hubmapconsortium.org/browse/sample/9a303b13240a224bcd62293f18fcdd5d,http://purl.org/ccf/1.5/de309837-8f66-40cc-8986-bf53d0154712,5,5,5,Valentina Stanley,Valentina,Stanley,,0
https://entity.api.hubmapconsortium.org/entities/9a3222e02598ef36c103f22fba8a213f,Tissue Block,"Registered 7/21/2022, Valentina Stanley, TMC - University of California San Diego focusing on female reproduction","5 x 5 x 5 millimeter, 5 millimeter, 0 Sections",https://portal.hubmapconsortium.org/browse/sample/9a3222e02598ef36c103f22fba8a213f,http://purl.org/ccf/1.5/efa6e15f-229a-4ae1-876a-a7eb27f21918,5,5,5,Valentina Stanley,Valentina,Stanley,,0
https://entity.api.hubmapconsortium.org/entities/9d11ad1425386eb2daf91ce14703f50b,Tissue Block,"Registered 7/21/2022, Valentina Stanley, TMC - University of California San Diego focusing on female reproduction","5 x 5 x 5 millimeter, 5 millimeter, 0 Sections",https://portal.hubmapconsortium.org/browse/sample/9d11ad1425386eb2daf91ce14703f50b,http://purl.org/ccf/1.5/501d2e7e-d6cb-44c1-9fa7-21b738bdbed6,5,5,5,Valentina Stanley,Valentina,Stanley,,0
https://entity.api.hubmapconsortium.org/entities/a6fa7b5e660e266e80ddc3c491b9659f,Tissue Block,"Registered 7/20/2022, Valentina Stanley, TMC - University of California San Diego focusing on female reproduction","5 x 5 x 5 millimeter, 5 millimeter, 0 Sections",https://portal.hubmapconsortium.org/browse/sample/a6fa7b5e660e266e80ddc3c491b9659f,http://purl.org/ccf/1.5/95c2d14e-2231-41b2-a515-8a4fd1f671ae,5,5,5,Valentina Stanley,Valentina,Stanley,,0
https://entity.api.hubmapconsortium.org/entities/a72534ae6533e8c93baafdbab8834d9d,Tissue Block,"Registered 7/7/2022, Valentina Stanley, TMC - University of California San Diego focusing on female reproduction","5 x 5 x 5 millimeter, 5 millimeter, 0 Sections",https://portal.hubmapconsortium.org/browse/sample/a72534ae6533e8c93baafdbab8834d9d,http://purl.org/ccf/1.5/58130067-fb92-45e0-b4ba-4a270cc5ce88,5,5,5,Valentina Stanley,Valentina,Stanley,,0
https://entity.api.hubmapconsortium.org/entities/ad9bfa9b678bf259a19cf100b23674fc,Tissue Block,"Registered 7/21/2022, Valentina Stanley, TMC - University of California San Diego focusing on female reproduction","5 x 5 x 5 millimeter, 5 millimeter, 0 Sections",https://portal.hubmapconsortium.org/browse/sample/ad9bfa9b678bf259a19cf100b23674fc,http://purl.org/ccf/1.5/bafc3fc0-a3e2-45f6-90a3-2362951f3896,5,5,5,Valentina Stanley,Valentina,Stanley,,0
https://entity.api.hubmapconsortium.org/entities/af0907551ac7c2473b4e7a5f00895556,Tissue Block,"Registered 8/16/2023, Valentina Stanley, TMC - University of California San Diego focusing on female reproduction","5 x 5 x 5 millimeter, 5 millimeter, 0 Sections",https://portal.hubmapconsortium.org/browse/sample/af0907551ac7c2473b4e7a5f00895556,http://purl.org/ccf/1.5/f210f9f8-cca2-4572-a038-88e70093cd9e,5,5,5,Valentina Stanley,Valentina,Stanley,,0
https://entity.api.hubmapconsortium.org/entities/af1a0d7f016f3d40e3d43af0920bb3a9,Tissue Block,"Registered 7/21/2022, Valentina Stanley, TMC - University of California San Diego focusing on female reproduction","5 x 5 x 5 millimeter, 5 millimeter, 0 Sections",https://portal.hubmapconsortium.org/browse/sample/af1a0d7f016f3d40e3d43af0920bb3a9,http://purl.org/ccf/1.5/f0abcdd0-bff8-4987-82a3-ad9c399e982f,5,5,5,Valentina Stanley,Valentina,Stanley,,0
https://entity.api.hubmapconsortium.org/entities/b1fbf3eba1ec3ca3def12861b033063a,Tissue Block,"Registered 8/2/2022, Valentina Stanley, TMC - University of California San Diego focusing on female reproduction","5 x 5 x 5 millimeter, 5 millimeter, 0 Sections",https://portal.hubmapconsortium.org/browse/sample/b1fbf3eba1ec3ca3def12861b033063a,http://purl.org/ccf/1.5/9176deab-081d-44de-9a8b-7ca2a82c5a9b,5,5,5,Valentina Stanley,Valentina,Stanley,,0
https://entity.api.hubmapconsortium.org/entities/bbd8cc6330b094b03817ded644ea911d,Tissue Block,"Registered 7/20/2022, Valentina Stanley, TMC - University of California San Diego focusing on female reproduction","5 x 5 x 5 millimeter, 5 millimeter, 0 Sections",https://portal.hubmapconsortium.org/browse/sample/bbd8cc6330b094b03817ded644ea911d,http://purl.org/ccf/1.5/9da675fb-7883-4147-a235-d0274093a1a8,5,5,5,Valentina Stanley,Valentina,Stanley,,0
https://entity.api.hubmapconsortium.org/entities/bfaf8191804e2398de99fad46a26e5c9,Tissue Block,"Registered 7/21/2022, Valentina Stanley, TMC - University of California San Diego focusing on female reproduction","5 x 5 x 5 millimeter, 5 millimeter, 0 Sections",https://portal.hubmapconsortium.org/browse/sample/bfaf8191804e2398de99fad46a26e5c9,http://purl.org/ccf/1.5/bdca5302-ffee-4a96-ac3a-fd2f7d4fc38e,5,5,5,Valentina Stanley,Valentina,Stanley,,0
https://entity.api.hubmapconsortium.org/entities/c360ba587709c86197992f2b0531c1f5,Tissue Block,"Registered 8/2/2022, Valentina Stanley, TMC - University of California San Diego focusing on female reproduction","5 x 5 x 5 millimeter, 5 millimeter, 0 Sections",https://portal.hubmapconsortium.org/browse/sample/c360ba587709c86197992f2b0531c1f5,http://purl.org/ccf/1.5/f694b595-6543-4b16-add3-6faf1716024d,5,5,5,Valentina Stanley,Valentina,Stanley,,0
https://entity.api.hubmapconsortium.org/entities/c62a42250f8fd9977632f50d5c7b5000,Tissue Block,"Registered 7/21/2022, Valentina Stanley, TMC - University of California San Diego focusing on female reproduction","5 x 5 x 5 millimeter, 5 millimeter, 0 Sections",https://portal.hubmapconsortium.org/browse/sample/c62a42250f8fd9977632f50d5c7b5000,http://purl.org/ccf/1.5/e738d593-e3b5-4fb7-8d2c-b3bda49da993,5,5,5,Valentina Stanley,Valentina,Stanley,,0
https://entity.api.hubmapconsortium.org/entities/caaa0a03ce4e11d34676963e52fc4191,Tissue Block,"Registered 7/2/2025, Valentina Stanley, TMC - University of California San Diego focusing on female reproduction","0 x 5 x 5 millimeter, 5 millimeter, 0 Sections",https://portal.hubmapconsortium.org/browse/sample/caaa0a03ce4e11d34676963e52fc4191,http://purl.org/ccf/1.5/c8299caf-5587-4c65-a3ed-76e8e5ebdd62,0,5,5,Valentina Stanley,Valentina,Stanley,,0
https://entity.api.hubmapconsortium.org/entities/cb281bb8f65d3c92becd62f4c074f372,Tissue Block,"Registered 7/21/2022, Valentina Stanley, TMC - University of California San Diego focusing on female reproduction","5 x 5 x 5 millimeter, 5 millimeter, 0 Sections",https://portal.hubmapconsortium.org/browse/sample/cb281bb8f65d3c92becd62f4c074f372,http://purl.org/ccf/1.5/fade6e27-e625-4050-9eb6-f27c13269dbe,5,5,5,Valentina Stanley,Valentina,Stanley,,0
https://entity.api.hubmapconsortium.org/entities/ce427531095729ce97afd1a27eb43d92,Tissue Block,"Registered 7/20/2022, Valentina Stanley, TMC - University of California San Diego focusing on female reproduction","5 x 5 x 5 millimeter, 5 millimeter, 0 Sections",https://portal.hubmapconsortium.org/browse/sample/ce427531095729ce97afd1a27eb43d92,http://purl.org/ccf/1.5/82c5df6b-e831-4cfc-821d-74e13202b4fe,5,5,5,Valentina Stanley,Valentina,Stanley,,0
https://entity.api.hubmapconsortium.org/entities/ce9436b88bcdad3f9ce4cf6defac2b0c,Tissue Block,"Registered 7/21/2022, Valentina Stanley, TMC - University of California San Diego focusing on female reproduction","5 x 5 x 5 millimeter, 5 millimeter, 0 Sections",https://portal.hubmapconsortium.org/browse/sample/ce9436b88bcdad3f9ce4cf6defac2b0c,http://purl.org/ccf/1.5/5c5f5028-d6ea-4a7a-88c4-a963dd63f8c8,5,5,5,Valentina Stanley,Valentina,Stanley,,0
https://entity.api.hubmapconsortium.org/entities/cefd7149b0bc0056ded8ab1ca7f214e9,Tissue Block,"Registered 7/7/2022, Valentina Stanley, TMC - University of California San Diego focusing on female reproduction","5 x 5 x 5 millimeter, 5 millimeter, 0 Sections",https://portal.hubmapconsortium.org/browse/sample/cefd7149b0bc0056ded8ab1ca7f214e9,http://purl.org/ccf/1.5/deb3e00a-3d22-4596-858e-68bb51cabdbe,5,5,5,Valentina Stanley,Valentina,Stanley,,0
https://entity.api.hubmapconsortium.org/entities/cf78f9f47d96378a93b8ccedbe85e4d2,Tissue Block,"Registered 7/20/2022, Valentina Stanley, TMC - University of California San Diego focusing on female reproduction","5 x 5 x 5 millimeter, 5 millimeter, 0 Sections",https://portal.hubmapconsortium.org/browse/sample/cf78f9f47d96378a93b8ccedbe85e4d2,http://purl.org/ccf/1.5/59f00069-4b72-451c-b9c2-78a7a390ad32,5,5,5,Valentina Stanley,Valentina,Stanley,,0
https://entity.api.hubmapconsortium.org/entities/d0d4e1bc4c850801b62e1b7db86c7577,Tissue Block,"Registered 5/6/2024, Angela Kruse, TMC-Vanderbilt","10 x 10 x 5 millimeter, 5 millimeter, 1 Sections",https://portal.hubmapconsortium.org/browse/sample/d0d4e1bc4c850801b62e1b7db86c7577,http://purl.org/ccf/1.5/34550b68-ca59-453b-b570-dd7fb627b959,10,10,5,Angela Kruse,Angela,Kruse,,0
https://entity.api.hubmapconsortium.org/entities/d4f929a3d8c206e12131a916caa4b52d,Tissue Block,"Registered 7/20/2022, Valentina Stanley, TMC - University of California San Diego focusing on female reproduction","5 x 5 x 5 millimeter, 5 millimeter, 0 Sections",https://portal.hubmapconsortium.org/browse/sample/d4f929a3d8c206e12131a916caa4b52d,http://purl.org/ccf/1.5/750df664-09e7-4b10-bee0-c3ad25e95148,5,5,5,Valentina Stanley,Valentina,Stanley,,0
https://entity.api.hubmapconsortium.org/entities/d765c44fbef7710cf6d72337a8f0e93f,Tissue Block,"Registered 7/21/2022, Valentina Stanley, TMC - University of California San Diego focusing on female reproduction","5 x 5 x 5 millimeter, 5 millimeter, 0 Sections",https://portal.hubmapconsortium.org/browse/sample/d765c44fbef7710cf6d72337a8f0e93f,http://purl.org/ccf/1.5/f09ff32c-6f41-465c-bfeb-8cf41fefe144,5,5,5,Valentina Stanley,Valentina,Stanley,,0
https://entity.api.hubmapconsortium.org/entities/e4187051080b75c1fe4bee806511dabb,Tissue Block,"Registered 7/21/2022, Valentina Stanley, TMC - University of California San Diego focusing on female reproduction","5 x 5 x 5 millimeter, 5 millimeter, 0 Sections",https://portal.hubmapconsortium.org/browse/sample/e4187051080b75c1fe4bee806511dabb,http://purl.org/ccf/1.5/e27e0574-12cb-40c7-9544-842a53e091a5,5,5,5,Valentina Stanley,Valentina,Stanley,,0
https://entity.api.hubmapconsortium.org/entities/ea377f62b60bfe33aa7d94bdf344321e,Tissue Block,"Registered 8/2/2022, Valentina Stanley, TMC - University of California San Diego focusing on female reproduction","5 x 5 x 5 millimeter, 5 millimeter, 0 Sections",https://portal.hubmapconsortium.org/browse/sample/ea377f62b60bfe33aa7d94bdf344321e,http://purl.org/ccf/1.5/96f9d9b0-fb6d-416d-a1dc-1c384fb35aad,5,5,5,Valentina Stanley,Valentina,Stanley,,0
https://entity.api.hubmapconsortium.org/entities/ecebccaf9ce9b6a1f6c3184f21d05f21,Tissue Block,"Registered 7/21/2022, Valentina Stanley, TMC - University of California San Diego focusing on female reproduction","5 x 5 x 5 millimeter, 5 millimeter, 0 Sections",https://portal.hubmapconsortium.org/browse/sample/ecebccaf9ce9b6a1f6c3184f21d05f21,http://purl.org/ccf/1.5/7b4ab917-9650-43b5-825b-1b0a4cf46681,5,5,5,Valentina Stanley,Valentina,Stanley,,0
https://entity.api.hubmapconsortium.org/entities/ef80d60f887592d0f3f4def7e1196ca7,Tissue Block,"Registered 7/20/2022, Valentina Stanley, TMC - University of California San Diego focusing on female reproduction","5 x 5 x 5 millimeter, 5 millimeter, 0 Sections",https://portal.hubmapconsortium.org/browse/sample/ef80d60f887592d0f3f4def7e1196ca7,http://purl.org/ccf/1.5/58c14f9d-cb92-47f5-bb98-361212fdb5e2,5,5,5,Valentina Stanley,Valentina,Stanley,,0
https://entity.api.hubmapconsortium.org/entities/f46e1a9cee14e943a14d2850df5e35fc,Tissue Block,"Registered 7/21/2022, Valentina Stanley, TMC - University of California San Diego focusing on female reproduction","5 x 5 x 5 millimeter, 5 millimeter, 0 Sections",https://portal.hubmapconsortium.org/browse/sample/f46e1a9cee14e943a14d2850df5e35fc,http://purl.org/ccf/1.5/b26d25a3-d586-4f60-af76-96c2183caee0,5,5,5,Valentina Stanley,Valentina,Stanley,,0
https://entity.api.hubmapconsortium.org/entities/f50497d7ee2b2d693229c0cb8c519f1c,Tissue Block,"Registered 8/2/2022, Valentina Stanley, TMC - University of California San Diego focusing on female reproduction","5 x 5 x 5 millimeter, 5 millimeter, 0 Sections",https://portal.hubmapconsortium.org/browse/sample/f50497d7ee2b2d693229c0cb8c519f1c,http://purl.org/ccf/1.5/67d37721-8fe8-4818-94b1-ed7bb1299dae,5,5,5,Valentina Stanley,Valentina,Stanley,,0
https://entity.api.hubmapconsortium.org/entities/f5aee3d9760678007fdb7b97ca4ca2db,Tissue Block,"Registered 7/7/2022, Valentina Stanley, TMC - University of California San Diego focusing on female reproduction","5 x 5 x 5 millimeter, 5 millimeter, 0 Sections",https://portal.hubmapconsortium.org/browse/sample/f5aee3d9760678007fdb7b97ca4ca2db,http://purl.org/ccf/1.5/7ec4ef9f-d321-454c-8f80-175db6390e20,5,5,5,Valentina Stanley,Valentina,Stanley,,0
https://entity.api.hubmapconsortium.org/entities/f638c646a9d0b7ed1ac371db1e620f9c,Tissue Block,"Registered 7/20/2022, Valentina Stanley, TMC - University of California San Diego focusing on female reproduction","5 x 5 x 5 millimeter, 5 millimeter, 0 Sections",https://portal.hubmapconsortium.org/browse/sample/f638c646a9d0b7ed1ac371db1e620f9c,http://purl.org/ccf/1.5/680357ea-b006-4db6-b7c8-4b06061c89d2,5,5,5,Valentina Stanley,Valentina,Stanley,,0
https://entity.api.hubmapconsortium.org/entities/f649c4c95895bfdd99aa83628e531ff5,Tissue Block,"Registered 7/21/2022, Valentina Stanley, TMC - University of California San Diego focusing on female reproduction","5 x 5 x 5 millimeter, 5 millimeter, 0 Sections",https://portal.hubmapconsortium.org/browse/sample/f649c4c95895bfdd99aa83628e531ff5,http://purl.org/ccf/1.5/6cb4bc28-f7f4-4553-b33a-058a1533e5dc,5,5,5,Valentina Stanley,Valentina,Stanley,,0
https://entity.api.hubmapconsortium.org/entities/f8575dcdb42d0da2e8d4b8c89d9545eb,Tissue Block,"Registered 7/20/2022, Valentina Stanley, TMC - University of California San Diego focusing on female reproduction","5 x 5 x 5 millimeter, 5 millimeter, 0 Sections",https://portal.hubmapconsortium.org/browse/sample/f8575dcdb42d0da2e8d4b8c89d9545eb,http://purl.org/ccf/1.5/e8b5ac45-1841-40e7-9a25-de9b2c14158f,5,5,5,Valentina Stanley,Valentina,Stanley,,0
https://entity.api.hubmapconsortium.org/entities/f919c15d3c7141cb6506c3bead1e1fc7,Tissue Block,"Registered 8/25/2022, Valentina Stanley, TMC - University of California San Diego focusing on female reproduction","6 x 2 x 1 millimeter, 1 millimeter, 0 Sections",https://portal.hubmapconsortium.org/browse/sample/f919c15d3c7141cb6506c3bead1e1fc7,http://purl.org/ccf/1.5/82e523ca-abb8-4b78-90de-d02964bbb2bb,6,2,1,Valentina Stanley,Valentina,Stanley,,0
https://entity.api.hubmapconsortium.org/entities/fd66b2a362ecc5b00b4efb288bcc10aa,Tissue Block,"Registered 7/20/2022, Valentina Stanley, TMC - University of California San Diego focusing on female reproduction","5 x 5 x 5 millimeter, 5 millimeter, 0 Sections",https://portal.hubmapconsortium.org/browse/sample/fd66b2a362ecc5b00b4efb288bcc10aa,http://purl.org/ccf/1.5/80e00d7b-42a2-4c84-8296-bb20dddd18ea,5,5,5,Valentina Stanley,Valentina,Stanley,,0
https://entity.api.hubmapconsortium.org/entities/ff95692a94ddd104d97431cce7d9ed09,Tissue Block,"Registered 7/21/2022, Valentina Stanley, TMC - University of California San Diego focusing on female reproduction","5 x 5 x 5 millimeter, 5 millimeter, 0 Sections",https://portal.hubmapconsortium.org/browse/sample/ff95692a94ddd104d97431cce7d9ed09,http://purl.org/ccf/1.5/ed187544-b1a3-4254-8eb9-df07c05851ae,5,5,5,Valentina Stanley,Valentina,Stanley,,0
https://zenodo.org/records/7653239#Donor1_TissueBlock1,Tissue Block,"Registered 1/23/2025, Angela Sabo, Indiana University","3 x 3 x 3 millimeter, 3 millimeter",https://zenodo.org/records/7653239,http://purl.org/ccf/1.5/5a2dbf8c-de18-4ed5-8699-7b4a42879149,3,3,3,Angela Sabo,Angela,Sabo,,0
https://zenodo.org/records/7653239#Donor2_TissueBlock1,Tissue Block,"Registered 1/20/2025, Angela Sabo, Indiana University","3 x 2 x 2 millimeter, 2 millimeter",https://zenodo.org/records/7653239,http://purl.org/ccf/1.5/b392110d-05a0-477e-8403-722357fd3942,3,2,2,Angela Sabo,Angela,Sabo,,0
https://entity.api.sennetconsortium.org/entities/01e014f755ac3045708882852c1cbce6,Tissue Block,"Registered 6/2/2025, Sergii Domanskyi, TMC - UConn Health","5 x 5 x 2 millimeter, 2 millimeter, 1 Sections",https://data.sennetconsortium.org/sample?uuid=01e014f755ac3045708882852c1cbce6,http://purl.org/ccf/1.5/44ece6dd-92ec-4489-841f-0a73636b91b5,5,5,2,Sergii Domanskyi,Sergii,Domanskyi,,0
https://entity.api.sennetconsortium.org/entities/df9169c7afa52edd3390e5709bcd6abb,Tissue Block,"Registered 6/2/2025, Sergii Domanskyi, TMC - UConn Health","5 x 5 x 2 millimeter, 2 millimeter, 1 Sections",https://data.sennetconsortium.org/sample?uuid=df9169c7afa52edd3390e5709bcd6abb,http://purl.org/ccf/1.5/44ece6dd-92ec-4489-841f-0a73636b91b5,5,5,2,Sergii Domanskyi,Sergii,Domanskyi,,0
https://entity.api.sennetconsortium.org/entities/03e536234f46cd9e2f49ba2ccc75d3de,Tissue Block,"Registered 8/30/2024, Sergii Domanskyi, TMC - UConn Health","10 x 10 x 5 millimeter, 5 millimeter, 1 Sections",https://data.sennetconsortium.org/sample?uuid=03e536234f46cd9e2f49ba2ccc75d3de,http://purl.org/ccf/1.5/9285a8ac-ad43-4e7d-ae23-7013879d1a04,10,10,5,Sergii Domanskyi,Sergii,Domanskyi,,0
https://entity.api.sennetconsortium.org/entities/05124890b033aae2390aeee312ecb95d,Tissue Block,"Registered 3/4/2025, Sergii Domanskyi, TMC - UConn Health","5 x 5 x 2 millimeter, 2 millimeter, 1 Sections",https://data.sennetconsortium.org/sample?uuid=05124890b033aae2390aeee312ecb95d,http://purl.org/ccf/1.5/86438cfe-9f98-40d8-a5cf-b1fc890a0c72,5,5,2,Sergii Domanskyi,Sergii,Domanskyi,,0
https://entity.api.sennetconsortium.org/entities/7b9e4468e824512e606841b2001cab42,Tissue Block,"Registered 3/4/2025, Sergii Domanskyi, TMC - UConn Health","5 x 5 x 2 millimeter, 2 millimeter, 1 Sections",https://data.sennetconsortium.org/sample?uuid=7b9e4468e824512e606841b2001cab42,http://purl.org/ccf/1.5/86438cfe-9f98-40d8-a5cf-b1fc890a0c72,5,5,2,Sergii Domanskyi,Sergii,Domanskyi,,0
https://entity.api.sennetconsortium.org/entities/058e8fcda086723d1856172c7309623b,Tissue Block,"Registered 1/6/2026, Sergii Domanskyi, TMC - UConn Health","5 x 5 x 2 millimeter, 2 millimeter, 1 Sections",https://data.sennetconsortium.org/sample?uuid=058e8fcda086723d1856172c7309623b,http://purl.org/ccf/1.5/0da66085-1106-47b1-9482-694857deda76,5,5,2,Sergii Domanskyi,Sergii,Domanskyi,,0
https://entity.api.sennetconsortium.org/entities/fddd5c5fb88ebc64cfd1e690e283ae2d,Tissue Block,"Registered 12/17/2025, Sergii Domanskyi, TMC - UConn Health","5 x 5 x 2 millimeter, 2 millimeter, 1 Sections",https://data.sennetconsortium.org/sample?uuid=fddd5c5fb88ebc64cfd1e690e283ae2d,http://purl.org/ccf/1.5/0da66085-1106-47b1-9482-694857deda76,5,5,2,Sergii Domanskyi,Sergii,Domanskyi,,0
https://entity.api.sennetconsortium.org/entities/082158af892ce1dd351c1f07f8172382,Tissue Block,"Registered 9/17/2025, Sergii Domanskyi, TMC - UConn Health","5 x 5 x 2 millimeter, 2 millimeter, 1 Sections",https://data.sennetconsortium.org/sample?uuid=082158af892ce1dd351c1f07f8172382,http://purl.org/ccf/1.5/12a06e5c-99cc-47a5-b569-e1b567697071,5,5,2,Sergii Domanskyi,Sergii,Domanskyi,,0
https://entity.api.sennetconsortium.org/entities/66779e32f159993cd3ef2c7586de4dd2,Tissue Block,"Registered 9/9/2025, Sergii Domanskyi, TMC - UConn Health","5 x 5 x 2 millimeter, 2 millimeter, 1 Sections",https://data.sennetconsortium.org/sample?uuid=66779e32f159993cd3ef2c7586de4dd2,http://purl.org/ccf/1.5/12a06e5c-99cc-47a5-b569-e1b567697071,5,5,2,Sergii Domanskyi,Sergii,Domanskyi,,0
https://entity.api.sennetconsortium.org/entities/0c41c0930d8b663d03ca485634c142ad,Tissue Block,"Registered 8/30/2024, Sergii Domanskyi, TMC - UConn Health","10 x 10 x 5 millimeter, 5 millimeter, 1 Sections",https://data.sennetconsortium.org/sample?uuid=0c41c0930d8b663d03ca485634c142ad,http://purl.org/ccf/1.5/03d9492a-ca42-4e06-8527-82aec092e65d,10,10,5,Sergii Domanskyi,Sergii,Domanskyi,,0
https://entity.api.sennetconsortium.org/entities/0d1c3a8305655496a25a6d5dd625ba8a,Tissue Block,"Registered 8/30/2024, Sergii Domanskyi, TMC - UConn Health","10 x 10 x 5 millimeter, 5 millimeter, 1 Sections",https://data.sennetconsortium.org/sample?uuid=0d1c3a8305655496a25a6d5dd625ba8a,http://purl.org/ccf/1.5/8e37ec98-6191-4b7b-a8eb-a3e811f78295,10,10,5,Sergii Domanskyi,Sergii,Domanskyi,,0
https://entity.api.sennetconsortium.org/entities/0e7d937b063ed0a553cf98a4db0cda6d,Tissue Block,"Registered 4/16/2025, Sergii Domanskyi, TMC - UConn Health","10 x 10 x 10 millimeter, 10 millimeter, 1 Sections",https://data.sennetconsortium.org/sample?uuid=0e7d937b063ed0a553cf98a4db0cda6d,http://purl.org/ccf/1.5/41708713-8944-48eb-9b6a-e8766e604326,10,10,10,Sergii Domanskyi,Sergii,Domanskyi,,0
https://entity.api.sennetconsortium.org/entities/0ee0e2f03810cb786281823d4eebaf24,Tissue Block,"Registered 8/30/2024, Sergii Domanskyi, TMC - UConn Health","10 x 10 x 5 millimeter, 5 millimeter, 1 Sections",https://data.sennetconsortium.org/sample?uuid=0ee0e2f03810cb786281823d4eebaf24,http://purl.org/ccf/1.5/174b77df-a3cd-44fd-8f50-209191d71226,10,10,5,Sergii Domanskyi,Sergii,Domanskyi,,0
https://entity.api.sennetconsortium.org/entities/0f44b899f87f69f0f89b9c0d9659fe9c,Tissue Block,"Registered 8/30/2024, Sergii Domanskyi, TMC - UConn Health","10 x 10 x 5 millimeter, 2.5 millimeter, 2 Sections",https://data.sennetconsortium.org/sample?uuid=0f44b899f87f69f0f89b9c0d9659fe9c,http://purl.org/ccf/1.5/7a1828cd-40d2-442a-aeaa-d18d0a909557,10,10,5,Sergii Domanskyi,Sergii,Domanskyi,,0
https://entity.api.sennetconsortium.org/entities/0fb8b84d8cccf7d55e85c4953df7cecf,Tissue Block,"Registered 8/30/2024, Sergii Domanskyi, TMC - UConn Health","10 x 10 x 5 millimeter, 5 millimeter, 1 Sections",https://data.sennetconsortium.org/sample?uuid=0fb8b84d8cccf7d55e85c4953df7cecf,http://purl.org/ccf/1.5/86dcf56f-5053-4df3-b19a-48438cbefeff,10,10,5,Sergii Domanskyi,Sergii,Domanskyi,,0
https://entity.api.sennetconsortium.org/entities/100d0d2d93eb6ace431e53a9d1b1cebc,Tissue Block,"Registered 4/16/2025, Sergii Domanskyi, TMC - UConn Health","10 x 10 x 10 millimeter, 10 millimeter, 1 Sections",https://data.sennetconsortium.org/sample?uuid=100d0d2d93eb6ace431e53a9d1b1cebc,http://purl.org/ccf/1.5/94591881-2b43-4132-b03f-842ae7b2c99b,10,10,10,Sergii Domanskyi,Sergii,Domanskyi,,0
https://entity.api.sennetconsortium.org/entities/18b599ca7f51fcf4ca3e9052baa5472e,Tissue Block,"Registered 4/16/2025, Sergii Domanskyi, TMC - UConn Health","10 x 10 x 10 millimeter, 10 millimeter, 1 Sections",https://data.sennetconsortium.org/sample?uuid=18b599ca7f51fcf4ca3e9052baa5472e,http://purl.org/ccf/1.5/8b0fe1eb-215a-42ae-824e-9ad6792d9833,10,10,10,Sergii Domanskyi,Sergii,Domanskyi,,0
https://entity.api.sennetconsortium.org/entities/19fd967c75435a8503df15ffa4c4b163,Tissue Block,"Registered 6/23/2025, Sergii Domanskyi, TMC - UConn Health","10 x 10 x 10 millimeter, 10 millimeter, 1 Sections",https://data.sennetconsortium.org/sample?uuid=19fd967c75435a8503df15ffa4c4b163,http://purl.org/ccf/1.5/9ab9b1bf-04b3-44b4-9912-005b7462f8c9,10,10,10,Ramalakshmi Ramasamy,Ramalakshmi,Ramasamy,,0
https://entity.api.sennetconsortium.org/entities/1a6410dd892d2b3177f00e395e24b9b1,Tissue Block,"Registered 9/5/2025, Sergii Domanskyi, TMC - UConn Health","4 x 18 x 25 millimeter, 4000 millimeter, 1 Sections",https://data.sennetconsortium.org/sample?uuid=1a6410dd892d2b3177f00e395e24b9b1,http://purl.org/ccf/1.5/5c921147-edef-44ce-845b-84dfbf6e0174,4,18,25,Sergii Domanskyi,Sergii,Domanskyi,,0
https://entity.api.sennetconsortium.org/entities/1de6f11bccbd3f2c24c99a8fc4e53804,Tissue Block,"Registered 12/17/2025, Sergii Domanskyi, TMC - UConn Health","5 x 5 x 2 millimeter, 2 millimeter, 1 Sections",https://data.sennetconsortium.org/sample?uuid=1de6f11bccbd3f2c24c99a8fc4e53804,http://purl.org/ccf/1.5/a2db1842-03e5-431e-8d4e-c15a2710c530,5,5,2,Sergii Domanskyi,Sergii,Domanskyi,,0
https://entity.api.sennetconsortium.org/entities/3e8ab1b7db1b896e4d053e4ef3d0771f,Tissue Block,"Registered 1/6/2026, Sergii Domanskyi, TMC - UConn Health","5 x 5 x 2 millimeter, 2 millimeter, 1 Sections",https://data.sennetconsortium.org/sample?uuid=3e8ab1b7db1b896e4d053e4ef3d0771f,http://purl.org/ccf/1.5/a2db1842-03e5-431e-8d4e-c15a2710c530,5,5,2,Sergii Domanskyi,Sergii,Domanskyi,,0
https://entity.api.sennetconsortium.org/entities/1e1313b58f7a36079d4614ec04453278,Tissue Block,"Registered 6/23/2025, Sergii Domanskyi, TMC - UConn Health","10 x 10 x 10 millimeter, 10 millimeter, 1 Sections",https://data.sennetconsortium.org/sample?uuid=1e1313b58f7a36079d4614ec04453278,http://purl.org/ccf/1.5/c67d4f92-4bc6-4432-a855-780c2b1472cb,10,10,10,Ramalakshmi Ramasamy,Ramalakshmi,Ramasamy,,0
https://entity.api.sennetconsortium.org/entities/1f9180db3fd24066d6e38290b012a2b8,Tissue Block,"Registered 2/28/2025, Sergii Domanskyi, TMC - UConn Health","4 x 18 x 25 millimeter, 4000 millimeter, 1 Sections",https://data.sennetconsortium.org/sample?uuid=1f9180db3fd24066d6e38290b012a2b8,http://purl.org/ccf/1.5/77615c9f-d235-4c71-8775-ad3ec270b976,4,18,25,Sergii Domanskyi,Sergii,Domanskyi,,0
https://entity.api.sennetconsortium.org/entities/20a85428a190d7945a5d96e095133596,Tissue Block,"Registered 6/23/2025, Sergii Domanskyi, TMC - UConn Health","10 x 10 x 10 millimeter, 10 millimeter, 1 Sections",https://data.sennetconsortium.org/sample?uuid=20a85428a190d7945a5d96e095133596,http://purl.org/ccf/1.5/e19e6ca6-6f3f-42fe-93f5-2029afeba2ce,10,10,10,Ramalakshmi Ramasamy,Ramalakshmi,Ramasamy,,0
https://entity.api.sennetconsortium.org/entities/2179f87e574ed2a8757fdfc26ac3c89d,Tissue Block,"Registered 4/16/2025, Sergii Domanskyi, TMC - UConn Health","10 x 10 x 10 millimeter, 10 millimeter, 1 Sections",https://data.sennetconsortium.org/sample?uuid=2179f87e574ed2a8757fdfc26ac3c89d,http://purl.org/ccf/1.5/518ca715-4d2c-4458-88bc-cc4d483368f4,10,10,10,Sergii Domanskyi,Sergii,Domanskyi,,0
https://entity.api.sennetconsortium.org/entities/2447953af32c5421783960d29529b95e,Tissue Block,"Registered 9/5/2025, Sergii Domanskyi, TMC - UConn Health","4 x 18 x 25 millimeter, 4000 millimeter, 1 Sections",https://data.sennetconsortium.org/sample?uuid=2447953af32c5421783960d29529b95e,http://purl.org/ccf/1.5/58e1cc32-cc6c-4d72-ae5e-cf96a524b2ad,4,18,25,Sergii Domanskyi,Sergii,Domanskyi,,0
https://entity.api.sennetconsortium.org/entities/25748623693df9ebef1eb6d80434e6c3,Tissue Block,"Registered 6/4/2025, Sergii Domanskyi, TMC - UConn Health","4 x 18 x 25 millimeter, 4000 millimeter, 1 Sections",https://data.sennetconsortium.org/sample?uuid=25748623693df9ebef1eb6d80434e6c3,http://purl.org/ccf/1.5/170c16c9-b5c4-4466-a270-a6968ef51e7a,4,18,25,Sergii Domanskyi,Sergii,Domanskyi,,0
https://entity.api.sennetconsortium.org/entities/25eddff1d20d1cf30c10221fd035d12a,Tissue Block,"Registered 9/5/2024, Sergii Domanskyi, TMC - UConn Health","4 x 18 x 25 millimeter, 4000 millimeter, 1 Sections",https://data.sennetconsortium.org/sample?uuid=25eddff1d20d1cf30c10221fd035d12a,http://purl.org/ccf/1.5/337410fd-2744-403e-a9cc-ffa8e94c7b61,4,18,25,Sergii Domanskyi,Sergii,Domanskyi,,0
https://entity.api.sennetconsortium.org/entities/27434852c9c5b42c9ce707c8b5975c0d,Tissue Block,"Registered 12/17/2025, Sergii Domanskyi, TMC - UConn Health","10 x 10 x 10 millimeter, 10 millimeter, 1 Sections",https://data.sennetconsortium.org/sample?uuid=27434852c9c5b42c9ce707c8b5975c0d,http://purl.org/ccf/1.5/e663e024-636f-4a69-89b9-f1aa663c8ebd,10,10,10,Ramalakshmi Ramasamy,Ramalakshmi,Ramasamy,,0
https://entity.api.sennetconsortium.org/entities/278d8b34cad198c34b85e9ec3659738c,Tissue Block,"Registered 9/5/2025, Sergii Domanskyi, TMC - UConn Health","4 x 18 x 25 millimeter, 4000 millimeter, 1 Sections",https://data.sennetconsortium.org/sample?uuid=278d8b34cad198c34b85e9ec3659738c,http://purl.org/ccf/1.5/a8979505-c579-4a74-af8d-6500b7a440af,4,18,25,Sergii Domanskyi,Sergii,Domanskyi,,0
https://entity.api.sennetconsortium.org/entities/288e93977878d10c71bde381652e9cfa,Tissue Block,"Registered 4/24/2025, Sergii Domanskyi, TMC - UConn Health","10 x 10 x 10 millimeter, 10 millimeter, 1 Sections",https://data.sennetconsortium.org/sample?uuid=288e93977878d10c71bde381652e9cfa,http://purl.org/ccf/1.5/372b0889-3e37-4175-91b8-e1b70dfb8612,10,10,10,Sergii Domanskyi,Sergii,Domanskyi,,0
https://entity.api.sennetconsortium.org/entities/295b503ed8497732e27c8af0f4538047,Tissue Block,"Registered 4/24/2025, Sergii Domanskyi, TMC - UConn Health","10 x 10 x 10 millimeter, 10 millimeter, 1 Sections",https://data.sennetconsortium.org/sample?uuid=295b503ed8497732e27c8af0f4538047,http://purl.org/ccf/1.5/18db4580-3fb4-4093-aabf-58aae83faf32,10,10,10,Sergii Domanskyi,Sergii,Domanskyi,,0
https://entity.api.sennetconsortium.org/entities/29e26b80b35cb74569feed532100180d,Tissue Block,"Registered 6/23/2025, Sergii Domanskyi, TMC - UConn Health","10 x 10 x 10 millimeter, 10 millimeter, 1 Sections",https://data.sennetconsortium.org/sample?uuid=29e26b80b35cb74569feed532100180d,http://purl.org/ccf/1.5/a5fc27e3-87d6-498f-96b6-2b55ebb75d57,10,10,10,Ramalakshmi Ramasamy,Ramalakshmi,Ramasamy,,0
https://entity.api.sennetconsortium.org/entities/2a15910c6c68c435f4ec44ef00f5b514,Tissue Block,"Registered 6/2/2025, Sergii Domanskyi, TMC - UConn Health","5 x 5 x 2 millimeter, 2 millimeter, 1 Sections",https://data.sennetconsortium.org/sample?uuid=2a15910c6c68c435f4ec44ef00f5b514,http://purl.org/ccf/1.5/190cb151-8ac2-49b1-8532-18a2cc0c8acb,5,5,2,Sergii Domanskyi,Sergii,Domanskyi,,0
https://entity.api.sennetconsortium.org/entities/93517d538fbe87cdf2e79799b04f4d77,Tissue Block,"Registered 6/2/2025, Sergii Domanskyi, TMC - UConn Health","5 x 5 x 2 millimeter, 2 millimeter, 1 Sections",https://data.sennetconsortium.org/sample?uuid=93517d538fbe87cdf2e79799b04f4d77,http://purl.org/ccf/1.5/190cb151-8ac2-49b1-8532-18a2cc0c8acb,5,5,2,Sergii Domanskyi,Sergii,Domanskyi,,0
https://entity.api.sennetconsortium.org/entities/2d101555168a301e6f0acd9831a6f36f,Tissue Block,"Registered 4/24/2025, Sergii Domanskyi, TMC - UConn Health","10 x 10 x 10 millimeter, 5 millimeter, 2 Sections",https://data.sennetconsortium.org/sample?uuid=2d101555168a301e6f0acd9831a6f36f,http://purl.org/ccf/1.5/a24b5b4a-ee11-4ddb-894a-e39531065cf0,10,10,10,Sergii Domanskyi,Sergii,Domanskyi,,0
https://entity.api.sennetconsortium.org/entities/307606813d8df7cb72586181bce236bc,Tissue Block,"Registered 1/6/2026, Sergii Domanskyi, TMC - UConn Health","5 x 5 x 2 millimeter, 2 millimeter, 1 Sections",https://data.sennetconsortium.org/sample?uuid=307606813d8df7cb72586181bce236bc,http://purl.org/ccf/1.5/a473a598-5756-4a2f-ab91-682774640cd0,5,5,2,Sergii Domanskyi,Sergii,Domanskyi,,0
https://entity.api.sennetconsortium.org/entities/5de184ced04aafb7d722d08d7e04ffae,Tissue Block,"Registered 12/17/2025, Sergii Domanskyi, TMC - UConn Health","5 x 5 x 2 millimeter, 2 millimeter, 1 Sections",https://data.sennetconsortium.org/sample?uuid=5de184ced04aafb7d722d08d7e04ffae,http://purl.org/ccf/1.5/a473a598-5756-4a2f-ab91-682774640cd0,5,5,2,Sergii Domanskyi,Sergii,Domanskyi,,0
https://entity.api.sennetconsortium.org/entities/33f9ac4f8ea259cc0702b1e05ea133b6,Tissue Block,"Registered 3/4/2025, Sergii Domanskyi, TMC - UConn Health","5 x 5 x 2 millimeter, 2 millimeter, 1 Sections",https://data.sennetconsortium.org/sample?uuid=33f9ac4f8ea259cc0702b1e05ea133b6,http://purl.org/ccf/1.5/502147a0-cca6-4658-a165-811cb6013c71,5,5,2,Sergii Domanskyi,Sergii,Domanskyi,,0
https://entity.api.sennetconsortium.org/entities/cbe606a77736e119af0e6423a5ea3ea0,Tissue Block,"Registered 3/4/2025, Sergii Domanskyi, TMC - UConn Health","5 x 5 x 2 millimeter, 2 millimeter, 1 Sections",https://data.sennetconsortium.org/sample?uuid=cbe606a77736e119af0e6423a5ea3ea0,http://purl.org/ccf/1.5/502147a0-cca6-4658-a165-811cb6013c71,5,5,2,Sergii Domanskyi,Sergii,Domanskyi,,0
https://entity.api.sennetconsortium.org/entities/3aedac90b1ac4516fe04bb3acb6e3222,Tissue Block,"Registered 4/24/2025, Sergii Domanskyi, TMC - UConn Health","10 x 10 x 10 millimeter, 10 millimeter, 1 Sections",https://data.sennetconsortium.org/sample?uuid=3aedac90b1ac4516fe04bb3acb6e3222,http://purl.org/ccf/1.5/12dc086e-4f3b-4004-a1c7-17e7f9fa5650,10,10,10,Sergii Domanskyi,Sergii,Domanskyi,,0
https://entity.api.sennetconsortium.org/entities/46dbd33336bd6261be84b724c3e5f568,Tissue Block,"Registered 6/2/2025, Sergii Domanskyi, TMC - UConn Health","5 x 5 x 2 millimeter, 2 millimeter, 1 Sections",https://data.sennetconsortium.org/sample?uuid=46dbd33336bd6261be84b724c3e5f568,http://purl.org/ccf/1.5/8ca8f632-6859-4054-a7d6-17d7cc8a4aff,5,5,2,Sergii Domanskyi,Sergii,Domanskyi,,0
https://entity.api.sennetconsortium.org/entities/cbd72f9a544620b7708317a7cfd91657,Tissue Block,"Registered 6/2/2025, Sergii Domanskyi, TMC - UConn Health","5 x 5 x 2 millimeter, 2 millimeter, 1 Sections",https://data.sennetconsortium.org/sample?uuid=cbd72f9a544620b7708317a7cfd91657,http://purl.org/ccf/1.5/8ca8f632-6859-4054-a7d6-17d7cc8a4aff,5,5,2,Sergii Domanskyi,Sergii,Domanskyi,,0
https://entity.api.sennetconsortium.org/entities/4d0331778ce1fbfd82c43cd57ab8561d,Tissue Block,"Registered 4/16/2025, Sergii Domanskyi, TMC - UConn Health","10 x 10 x 10 millimeter, 10 millimeter, 1 Sections",https://data.sennetconsortium.org/sample?uuid=4d0331778ce1fbfd82c43cd57ab8561d,http://purl.org/ccf/1.5/9033bbdb-6e22-4695-ab5f-01512c9fedc9,10,10,10,Sergii Domanskyi,Sergii,Domanskyi,,0
https://entity.api.sennetconsortium.org/entities/51aac44c9b8352f56cadd1add63abfcf,Tissue Block,"Registered 4/24/2025, Sergii Domanskyi, TMC - UConn Health","10 x 10 x 10 millimeter, 10 millimeter, 1 Sections",https://data.sennetconsortium.org/sample?uuid=51aac44c9b8352f56cadd1add63abfcf,http://purl.org/ccf/1.5/5016d56e-d747-4175-a65b-0d600f685184,10,10,10,Sergii Domanskyi,Sergii,Domanskyi,,0
https://entity.api.sennetconsortium.org/entities/561083068a4e53823c23abd76ad010f2,Tissue Block,"Registered 6/2/2025, Sergii Domanskyi, TMC - UConn Health","7 x 5 x 2 millimeter, 2 millimeter, 1 Sections",https://data.sennetconsortium.org/sample?uuid=561083068a4e53823c23abd76ad010f2,http://purl.org/ccf/1.5/094c1ba3-f5ff-446e-8e9f-56db95e51774,7,5,2,Sergii Domanskyi,Sergii,Domanskyi,,0
https://entity.api.sennetconsortium.org/entities/9c718941e1cc41add2bb03d99e5b700e,Tissue Block,"Registered 6/2/2025, Sergii Domanskyi, TMC - UConn Health","7 x 5 x 2 millimeter, 2 millimeter, 1 Sections",https://data.sennetconsortium.org/sample?uuid=9c718941e1cc41add2bb03d99e5b700e,http://purl.org/ccf/1.5/094c1ba3-f5ff-446e-8e9f-56db95e51774,7,5,2,Sergii Domanskyi,Sergii,Domanskyi,,0
https://entity.api.sennetconsortium.org/entities/571a6ab55320d9c9a168998dff6f5888,Tissue Block,"Registered 8/30/2024, Sergii Domanskyi, TMC - UConn Health","10 x 10 x 5 millimeter, 5 millimeter, 1 Sections",https://data.sennetconsortium.org/sample?uuid=571a6ab55320d9c9a168998dff6f5888,http://purl.org/ccf/1.5/3c8d2571-3769-4525-8162-9dd2f6f34386,10,10,5,Sergii Domanskyi,Sergii,Domanskyi,,0
https://entity.api.sennetconsortium.org/entities/645b2e351e79ec7ed22d78d245d126db,Tissue Block,"Registered 2/28/2025, Sergii Domanskyi, TMC - UConn Health","4 x 18 x 25 millimeter, 4000 millimeter, 1 Sections",https://data.sennetconsortium.org/sample?uuid=645b2e351e79ec7ed22d78d245d126db,http://purl.org/ccf/1.5/39d0c94a-56c3-47cf-bb42-8b072d5a5abe,4,18,25,Sergii Domanskyi,Sergii,Domanskyi,,0
https://entity.api.sennetconsortium.org/entities/651498acc3f129f36752887aefdc29e7,Tissue Block,"Registered 9/5/2024, Sergii Domanskyi, TMC - UConn Health","4 x 15 x 25 millimeter, 4000 millimeter, 1 Sections",https://data.sennetconsortium.org/sample?uuid=651498acc3f129f36752887aefdc29e7,http://purl.org/ccf/1.5/65fe3b83-e95a-490b-8547-8a6e0064aeec,4,15,25,Sergii Domanskyi,Sergii,Domanskyi,,0
https://entity.api.sennetconsortium.org/entities/6bb3ea973525efac1c3342d0e7dfca86,Tissue Block,"Registered 6/23/2025, Sergii Domanskyi, TMC - UConn Health","10 x 10 x 10 millimeter, 10 millimeter, 1 Sections",https://data.sennetconsortium.org/sample?uuid=6bb3ea973525efac1c3342d0e7dfca86,http://purl.org/ccf/1.5/d4c95e38-fd74-4f1c-93ba-7bc0cf6bac29,10,10,10,Ramalakshmi Ramasamy,Ramalakshmi,Ramasamy,,0
https://entity.api.sennetconsortium.org/entities/6bcdd2b86abb954819f97ee0080099d4,Tissue Block,"Registered 2/28/2025, Sergii Domanskyi, TMC - UConn Health","4 x 18 x 25 millimeter, 4000 millimeter, 1 Sections",https://data.sennetconsortium.org/sample?uuid=6bcdd2b86abb954819f97ee0080099d4,http://purl.org/ccf/1.5/213dd177-4b3d-4537-b228-0e479e44b9fb,4,18,25,Sergii Domanskyi,Sergii,Domanskyi,,0
https://entity.api.sennetconsortium.org/entities/6c2564202b1039ee2c5c26292cdb3e6d,Tissue Block,"Registered 8/30/2024, Sergii Domanskyi, TMC - UConn Health","10 x 10 x 5 millimeter, 5 millimeter, 1 Sections",https://data.sennetconsortium.org/sample?uuid=6c2564202b1039ee2c5c26292cdb3e6d,http://purl.org/ccf/1.5/61b676ce-e25a-46b9-a38b-f2e80efe14bf,10,10,5,Sergii Domanskyi,Sergii,Domanskyi,,0
https://entity.api.sennetconsortium.org/entities/76fcea4573a928dda0698c7c1dfe4b57,Tissue Block,"Registered 4/16/2025, Sergii Domanskyi, TMC - UConn Health","10 x 10 x 10 millimeter, 10 millimeter, 1 Sections",https://data.sennetconsortium.org/sample?uuid=76fcea4573a928dda0698c7c1dfe4b57,http://purl.org/ccf/1.5/7ca2cce1-dab7-4f81-8829-1df931919829,10,10,10,Sergii Domanskyi,Sergii,Domanskyi,,0
https://entity.api.sennetconsortium.org/entities/77d22153e6d03c4ba58c26b3231594eb,Tissue Block,"Registered 8/30/2024, Sergii Domanskyi, TMC - UConn Health","10 x 10 x 5 millimeter, 5 millimeter, 1 Sections",https://data.sennetconsortium.org/sample?uuid=77d22153e6d03c4ba58c26b3231594eb,http://purl.org/ccf/1.5/43c8e73f-8ab1-4a12-9573-f176d8c0417e,10,10,5,Sergii Domanskyi,Sergii,Domanskyi,,0
https://entity.api.sennetconsortium.org/entities/7c2a56e4600ae1021830bdff9c979d7c,Tissue Block,"Registered 6/23/2025, Sergii Domanskyi, TMC - UConn Health","10 x 10 x 10 millimeter, 10 millimeter, 1 Sections",https://data.sennetconsortium.org/sample?uuid=7c2a56e4600ae1021830bdff9c979d7c,http://purl.org/ccf/1.5/9c8a8849-0ed0-48b4-be69-2aa6e560d598,10,10,10,Ramalakshmi Ramasamy,Ramalakshmi,Ramasamy,,0
https://entity.api.sennetconsortium.org/entities/7faa1930e7e306e1cd33e2f6bb364e10,Tissue Block,"Registered 6/23/2025, Sergii Domanskyi, TMC - UConn Health","10 x 10 x 10 millimeter, 10 millimeter, 1 Sections",https://data.sennetconsortium.org/sample?uuid=7faa1930e7e306e1cd33e2f6bb364e10,http://purl.org/ccf/1.5/b14b9928-bc27-4423-899c-9a731cc894f2,10,10,10,Ramalakshmi Ramasamy,Ramalakshmi,Ramasamy,,0
https://entity.api.sennetconsortium.org/entities/8155e1d65460751ab87db724feb5577b,Tissue Block,"Registered 8/30/2024, Sergii Domanskyi, TMC - UConn Health","10 x 10 x 5 millimeter, 5 millimeter, 1 Sections",https://data.sennetconsortium.org/sample?uuid=8155e1d65460751ab87db724feb5577b,http://purl.org/ccf/1.5/9ca63efc-2932-49ed-bab9-7ce3d9bf4867,10,10,5,Sergii Domanskyi,Sergii,Domanskyi,,0
https://entity.api.sennetconsortium.org/entities/87ad9217d97d165dc3777662adfe48cd,Tissue Block,"Registered 2/28/2025, Sergii Domanskyi, TMC - UConn Health","4 x 18 x 25 millimeter, 4000 millimeter, 1 Sections",https://data.sennetconsortium.org/sample?uuid=87ad9217d97d165dc3777662adfe48cd,http://purl.org/ccf/1.5/bc680918-fd73-44ba-9ea4-17786f0446f7,4,18,25,Sergii Domanskyi,Sergii,Domanskyi,,0
https://entity.api.sennetconsortium.org/entities/87e1eba59ed47c49747cb7e68ab90b6e,Tissue Block,"Registered 4/24/2025, Sergii Domanskyi, TMC - UConn Health","10 x 10 x 10 millimeter, 10 millimeter, 1 Sections",https://data.sennetconsortium.org/sample?uuid=87e1eba59ed47c49747cb7e68ab90b6e,http://purl.org/ccf/1.5/66c70066-d154-4a70-99e1-83636a84348e,10,10,10,Sergii Domanskyi,Sergii,Domanskyi,,0
https://entity.api.sennetconsortium.org/entities/8a43dd404e94fed9fcfba2014aaf36e3,Tissue Block,"Registered 6/23/2025, Sergii Domanskyi, TMC - UConn Health","10 x 10 x 10 millimeter, 10 millimeter, 1 Sections",https://data.sennetconsortium.org/sample?uuid=8a43dd404e94fed9fcfba2014aaf36e3,http://purl.org/ccf/1.5/cd2395b8-b21c-4a63-9ab7-80439085cfd7,10,10,10,Ramalakshmi Ramasamy,Ramalakshmi,Ramasamy,,0
https://entity.api.sennetconsortium.org/entities/8aff3ba9b8e1b7028ec47773fb85a6a3,Tissue Block,"Registered 9/5/2025, Sergii Domanskyi, TMC - UConn Health","4 x 18 x 25 millimeter, 4000 millimeter, 1 Sections",https://data.sennetconsortium.org/sample?uuid=8aff3ba9b8e1b7028ec47773fb85a6a3,http://purl.org/ccf/1.5/44b796af-69b5-4cbf-9a90-14144678d851,4,18,25,Sergii Domanskyi,Sergii,Domanskyi,,0
https://entity.api.sennetconsortium.org/entities/940b8b541cef8afcb83576c3405d16ff,Tissue Block,"Registered 11/15/2024, Sergii Domanskyi, TMC - UConn Health","4 x 18 x 25 millimeter, 4000 millimeter, 1 Sections",https://data.sennetconsortium.org/sample?uuid=940b8b541cef8afcb83576c3405d16ff,http://purl.org/ccf/1.5/9ed68ed1-b352-487f-b4be-3d23398cdaf6,4,18,25,Sergii Domanskyi,Sergii,Domanskyi,,0
https://entity.api.sennetconsortium.org/entities/94222c3e00b16359e8b093bf5870597d,Tissue Block,"Registered 6/23/2025, Sergii Domanskyi, TMC - UConn Health","10 x 10 x 10 millimeter, 10 millimeter, 1 Sections",https://data.sennetconsortium.org/sample?uuid=94222c3e00b16359e8b093bf5870597d,http://purl.org/ccf/1.5/a5f8bbc4-be4f-46c3-bbb6-dfc4a27b4586,10,10,10,Ramalakshmi Ramasamy,Ramalakshmi,Ramasamy,,0
https://entity.api.sennetconsortium.org/entities/947f7f1c6a073c5af34ba5ae6111119c,Tissue Block,"Registered 4/16/2025, Sergii Domanskyi, TMC - UConn Health","10 x 10 x 10 millimeter, 10 millimeter, 1 Sections",https://data.sennetconsortium.org/sample?uuid=947f7f1c6a073c5af34ba5ae6111119c,http://purl.org/ccf/1.5/89f4a828-ee5c-45e3-8dff-2c8dec53801c,10,10,10,Sergii Domanskyi,Sergii,Domanskyi,,0
https://entity.api.sennetconsortium.org/entities/94dac05da38f0cde1b5b185e7d981dae,Tissue Block,"Registered 8/30/2024, Sergii Domanskyi, TMC - UConn Health","10 x 10 x 5 millimeter, 5 millimeter, 1 Sections",https://data.sennetconsortium.org/sample?uuid=94dac05da38f0cde1b5b185e7d981dae,http://purl.org/ccf/1.5/9efa35bc-0240-42a0-9dbd-dfe79a8926b7,10,10,5,Sergii Domanskyi,Sergii,Domanskyi,,0
https://entity.api.sennetconsortium.org/entities/9c939e9d0ce3a92258a5c4222228796f,Tissue Block,"Registered 12/17/2025, Sergii Domanskyi, TMC - UConn Health","10 x 10 x 10 millimeter, 10 millimeter, 1 Sections",https://data.sennetconsortium.org/sample?uuid=9c939e9d0ce3a92258a5c4222228796f,http://purl.org/ccf/1.5/e5266904-b3c5-4ab3-b063-458b030aa889,10,10,10,Ramalakshmi Ramasamy,Ramalakshmi,Ramasamy,,0
https://entity.api.sennetconsortium.org/entities/9fe89e1ee78f81830b6c6a39de77b555,Tissue Block,"Registered 9/5/2025, Sergii Domanskyi, TMC - UConn Health","4 x 18 x 25 millimeter, 4000 millimeter, 1 Sections",https://data.sennetconsortium.org/sample?uuid=9fe89e1ee78f81830b6c6a39de77b555,http://purl.org/ccf/1.5/c38e99c4-7ab0-4cbe-bd8a-f9276cec9f04,4,18,25,Sergii Domanskyi,Sergii,Domanskyi,,0
https://entity.api.sennetconsortium.org/entities/a08a4a3ac88984398a9320db42fae014,Tissue Block,"Registered 12/17/2025, Sergii Domanskyi, TMC - UConn Health","10 x 10 x 10 millimeter, 10 millimeter, 1 Sections",https://data.sennetconsortium.org/sample?uuid=a08a4a3ac88984398a9320db42fae014,http://purl.org/ccf/1.5/c06453f4-97da-44a7-a56d-bd0b86cc06a9,10,10,10,Ramalakshmi Ramasamy,Ramalakshmi,Ramasamy,,0
https://entity.api.sennetconsortium.org/entities/a62bcfeef76d4b5e57837ee2e33f7956,Tissue Block,"Registered 6/23/2025, Sergii Domanskyi, TMC - UConn Health","10 x 10 x 10 millimeter, 10 millimeter, 1 Sections",https://data.sennetconsortium.org/sample?uuid=a62bcfeef76d4b5e57837ee2e33f7956,http://purl.org/ccf/1.5/db6a042f-5dd4-486b-8d78-b9ad36a7cec4,10,10,10,Ramalakshmi Ramasamy,Ramalakshmi,Ramasamy,,0
https://entity.api.sennetconsortium.org/entities/a73ddd8b4c6923e19f8ee23dc52087b2,Tissue Block,"Registered 4/16/2025, Sergii Domanskyi, TMC - UConn Health","10 x 10 x 10 millimeter, 10 millimeter, 1 Sections",https://data.sennetconsortium.org/sample?uuid=a73ddd8b4c6923e19f8ee23dc52087b2,http://purl.org/ccf/1.5/16c0c184-90a0-47b5-8d29-9f28366ec71b,10,10,10,Sergii Domanskyi,Sergii,Domanskyi,,0
https://entity.api.sennetconsortium.org/entities/a7ad3ffe57e8bd304116d61465c2888e,Tissue Block,"Registered 6/4/2025, Sergii Domanskyi, TMC - UConn Health","4 x 18 x 25 millimeter, 4000 millimeter, 1 Sections",https://data.sennetconsortium.org/sample?uuid=a7ad3ffe57e8bd304116d61465c2888e,http://purl.org/ccf/1.5/11feab50-94f5-4579-b715-fe37549f6b3d,4,18,25,Sergii Domanskyi,Sergii,Domanskyi,,0
https://entity.api.sennetconsortium.org/entities/a9d4dda84c5efd3659f6e86ea2e3c817,Tissue Block,"Registered 8/30/2024, Sergii Domanskyi, TMC - UConn Health","10 x 10 x 5 millimeter, 5 millimeter, 1 Sections",https://data.sennetconsortium.org/sample?uuid=a9d4dda84c5efd3659f6e86ea2e3c817,http://purl.org/ccf/1.5/3558feb3-44e0-47c2-ae6c-ca87dc63a3db,10,10,5,Sergii Domanskyi,Sergii,Domanskyi,,0
https://entity.api.sennetconsortium.org/entities/aa31a2c421bbe2fe16533be945925c38,Tissue Block,"Registered 4/24/2025, Sergii Domanskyi, TMC - UConn Health","10 x 10 x 10 millimeter, 10 millimeter, 1 Sections",https://data.sennetconsortium.org/sample?uuid=aa31a2c421bbe2fe16533be945925c38,http://purl.org/ccf/1.5/9cdb928b-b4b0-4e08-84ad-cc383ca71ad1,10,10,10,Sergii Domanskyi,Sergii,Domanskyi,,0
https://entity.api.sennetconsortium.org/entities/aa978713d5d61c94708c098f54a52d45,Tissue Block,"Registered 2/28/2025, Sergii Domanskyi, TMC - UConn Health","4 x 20 x 25 millimeter, 4000 millimeter, 1 Sections",https://data.sennetconsortium.org/sample?uuid=aa978713d5d61c94708c098f54a52d45,http://purl.org/ccf/1.5/ace2376b-8386-4830-b76a-7ed645686567,4,20,25,Sergii Domanskyi,Sergii,Domanskyi,,0
https://entity.api.sennetconsortium.org/entities/b13c5d2d908207208a80f194dc5031a4,Tissue Block,"Registered 8/30/2024, Sergii Domanskyi, TMC - UConn Health","10 x 10 x 5 millimeter, 5 millimeter, 1 Sections",https://data.sennetconsortium.org/sample?uuid=b13c5d2d908207208a80f194dc5031a4,http://purl.org/ccf/1.5/023b9dbe-b858-484b-9b06-256945279f1c,10,10,5,Sergii Domanskyi,Sergii,Domanskyi,,0
https://entity.api.sennetconsortium.org/entities/b71683a209993183ed081c355cbbeb9e,Tissue Block,"Registered 6/23/2025, Sergii Domanskyi, TMC - UConn Health","10 x 10 x 10 millimeter, 10 millimeter, 1 Sections",https://data.sennetconsortium.org/sample?uuid=b71683a209993183ed081c355cbbeb9e,http://purl.org/ccf/1.5/c020c3d7-45c5-4e8f-b45b-0924fbd894c3,10,10,10,Ramalakshmi Ramasamy,Ramalakshmi,Ramasamy,,0
https://entity.api.sennetconsortium.org/entities/b9c3c9ca05af9728304c62e0b77a8fee,Tissue Block,"Registered 4/24/2025, Sergii Domanskyi, TMC - UConn Health","10 x 10 x 10 millimeter, 10 millimeter, 1 Sections",https://data.sennetconsortium.org/sample?uuid=b9c3c9ca05af9728304c62e0b77a8fee,http://purl.org/ccf/1.5/24ddddec-d3f1-4101-a255-0f196d667023,10,10,10,Sergii Domanskyi,Sergii,Domanskyi,,0
https://entity.api.sennetconsortium.org/entities/ba5660451f17e67a75ddbe09217024fa,Tissue Block,"Registered 4/16/2025, Sergii Domanskyi, TMC - UConn Health","10 x 10 x 10 millimeter, 10 millimeter, 1 Sections",https://data.sennetconsortium.org/sample?uuid=ba5660451f17e67a75ddbe09217024fa,http://purl.org/ccf/1.5/57d40622-27e4-4ffc-a9e5-cc03155c0d7c,10,10,10,Sergii Domanskyi,Sergii,Domanskyi,,0
https://entity.api.sennetconsortium.org/entities/bdc7e91d5a438ea3af6fd94845c370cb,Tissue Block,"Registered 2/28/2025, Sergii Domanskyi, TMC - UConn Health","4 x 15 x 25 millimeter, 4000 millimeter, 1 Sections",https://data.sennetconsortium.org/sample?uuid=bdc7e91d5a438ea3af6fd94845c370cb,http://purl.org/ccf/1.5/79e64107-e4c9-4a10-9f8e-2cbffca3b550,4,15,25,Sergii Domanskyi,Sergii,Domanskyi,,0
https://entity.api.sennetconsortium.org/entities/c23f2f9b563aa14ed5df498fb0dfdca1,Tissue Block,"Registered 4/16/2025, Sergii Domanskyi, TMC - UConn Health","10 x 10 x 10 millimeter, 10 millimeter, 1 Sections",https://data.sennetconsortium.org/sample?uuid=c23f2f9b563aa14ed5df498fb0dfdca1,http://purl.org/ccf/1.5/31210e77-aa3a-4d7c-b0e3-24bfa925824b,10,10,10,Sergii Domanskyi,Sergii,Domanskyi,,0
https://entity.api.sennetconsortium.org/entities/c880c2e2c2489bcc90d3ce1c895c2be0,Tissue Block,"Registered 9/5/2024, Sergii Domanskyi, TMC - UConn Health","4 x 15 x 25 millimeter, 4000 millimeter, 1 Sections",https://data.sennetconsortium.org/sample?uuid=c880c2e2c2489bcc90d3ce1c895c2be0,http://purl.org/ccf/1.5/533e3dd2-b42e-40c5-8eb5-7d3667e98765,4,15,25,Sergii Domanskyi,Sergii,Domanskyi,,0
https://entity.api.sennetconsortium.org/entities/d3c72b4f084dc0fea348368eb61d552e,Tissue Block,"Registered 6/23/2025, Sergii Domanskyi, TMC - UConn Health","10 x 10 x 10 millimeter, 10 millimeter, 1 Sections",https://data.sennetconsortium.org/sample?uuid=d3c72b4f084dc0fea348368eb61d552e,http://purl.org/ccf/1.5/cff5dcc3-1698-4204-ba62-1c6d14c0fb40,10,10,10,Ramalakshmi Ramasamy,Ramalakshmi,Ramasamy,,0
https://entity.api.sennetconsortium.org/entities/d91667370484d967ffab65eeb8f52554,Tissue Block,"Registered 4/24/2025, Sergii Domanskyi, TMC - UConn Health","10 x 10 x 10 millimeter, 10 millimeter, 1 Sections",https://data.sennetconsortium.org/sample?uuid=d91667370484d967ffab65eeb8f52554,http://purl.org/ccf/1.5/6965f9a5-cd64-44b7-bf24-061e70efd824,10,10,10,Sergii Domanskyi,Sergii,Domanskyi,,0
https://entity.api.sennetconsortium.org/entities/e243e162c7f1404c17a8d883998842ce,Tissue Block,"Registered 4/24/2025, Sergii Domanskyi, TMC - UConn Health","10 x 10 x 10 millimeter, 10 millimeter, 1 Sections",https://data.sennetconsortium.org/sample?uuid=e243e162c7f1404c17a8d883998842ce,http://purl.org/ccf/1.5/67f7a2e0-6454-40cd-8af6-bcee459178f8,10,10,10,Sergii Domanskyi,Sergii,Domanskyi,,0
https://entity.api.sennetconsortium.org/entities/e7a8d46eda98b8281984cff0f7cbc86f,Tissue Block,"Registered 8/30/2024, Sergii Domanskyi, TMC - UConn Health","10 x 10 x 5 millimeter, 5 millimeter, 1 Sections",https://data.sennetconsortium.org/sample?uuid=e7a8d46eda98b8281984cff0f7cbc86f,http://purl.org/ccf/1.5/5f835bf3-5039-4815-80ab-04cbb490d906,10,10,5,Sergii Domanskyi,Sergii,Domanskyi,,0
https://entity.api.sennetconsortium.org/entities/f11b2c118dc24a5cd7482f53601adb0c,Tissue Block,"Registered 4/24/2025, Sergii Domanskyi, TMC - UConn Health","10 x 10 x 10 millimeter, 10 millimeter, 1 Sections",https://data.sennetconsortium.org/sample?uuid=f11b2c118dc24a5cd7482f53601adb0c,http://purl.org/ccf/1.5/1b594878-61fe-49a0-baab-79524f420b59,10,10,10,Sergii Domanskyi,Sergii,Domanskyi,,0
https://entity.api.sennetconsortium.org/entities/f577860e1d56c3ca92b6fe2c9978711e,Tissue Block,"Registered 6/4/2025, Sergii Domanskyi, TMC - UConn Health","4 x 18 x 25 millimeter, 4000 millimeter, 1 Sections",https://data.sennetconsortium.org/sample?uuid=f577860e1d56c3ca92b6fe2c9978711e,http://purl.org/ccf/1.5/4f882102-72a8-4fc9-a6fd-45963c96ed6f,4,18,25,Sergii Domanskyi,Sergii,Domanskyi,,0
https://entity.api.sennetconsortium.org/entities/fd2f62423808fe8ab21e249d9371144d,Tissue Block,"Registered 4/24/2025, Sergii Domanskyi, TMC - UConn Health","10 x 10 x 10 millimeter, 10 millimeter, 1 Sections",https://data.sennetconsortium.org/sample?uuid=fd2f62423808fe8ab21e249d9371144d,http://purl.org/ccf/1.5/b58a9c30-13ca-47a1-836f-5b7341eec1d5,10,10,10,Sergii Domanskyi,Sergii,Domanskyi,,0
https://entity.api.sennetconsortium.org/entities/fd77df02d36a4d5ea6b2e739467bd050,Tissue Block,"Registered 4/16/2025, Sergii Domanskyi, TMC - UConn Health","10 x 10 x 10 millimeter, 10 millimeter, 1 Sections",https://data.sennetconsortium.org/sample?uuid=fd77df02d36a4d5ea6b2e739467bd050,http://purl.org/ccf/1.5/6a680f34-84cf-4d71-bce2-6729c0ecbbcf,10,10,10,Sergii Domanskyi,Sergii,Domanskyi,,0
https://entity.api.sennetconsortium.org/entities/5f59fd1337cf160fa4c41bea5f8e5762,Tissue Block,"Registered 6/23/2025, Sergii Domanskyi, TMC - UConn Health","10 x 10 x 10 millimeter, 10 millimeter, 1 Sections",https://data.sennetconsortium.org/sample?uuid=5f59fd1337cf160fa4c41bea5f8e5762,http://purl.org/ccf/1.5/369a34ce-f798-45c3-b700-ce10f696f487,10,10,10,Ramalakshmi Ramasamy,Ramalakshmi,Ramasamy,,0
https://entity.api.sennetconsortium.org/entities/712425978346e162949c03151fc8c288,Tissue Block,"Registered 6/23/2025, Sergii Domanskyi, TMC - UConn Health","10 x 10 x 10 millimeter, 10 millimeter, 1 Sections",https://data.sennetconsortium.org/sample?uuid=712425978346e162949c03151fc8c288,http://purl.org/ccf/1.5/34889f17-1483-4924-b733-f946da3d9433,10,10,10,Ramalakshmi Ramasamy,Ramalakshmi,Ramasamy,,0
https://entity.api.sennetconsortium.org/entities/9b3a027e8bb14f5b7ac2d2aced7875e9,Tissue Block,"Registered 6/23/2025, Sergii Domanskyi, TMC - UConn Health","10 x 10 x 10 millimeter, 10 millimeter, 1 Sections",https://data.sennetconsortium.org/sample?uuid=9b3a027e8bb14f5b7ac2d2aced7875e9,http://purl.org/ccf/1.5/3ca1e5ad-9131-4767-a49e-ed7415812e2e,10,10,10,Ramalakshmi Ramasamy,Ramalakshmi,Ramasamy,,0
https://entity.api.sennetconsortium.org/entities/9ffa629eb2b7a48d72c06e4f3d0aa31a,Tissue Block,"Registered 6/23/2025, Sergii Domanskyi, TMC - UConn Health","10 x 10 x 10 millimeter, 10 millimeter, 1 Sections",https://data.sennetconsortium.org/sample?uuid=9ffa629eb2b7a48d72c06e4f3d0aa31a,http://purl.org/ccf/1.5/277aacfa-c6b9-4ab7-8523-0fee0d5cbd5e,10,10,10,Ramalakshmi Ramasamy,Ramalakshmi,Ramasamy,,0
https://entity.api.sennetconsortium.org/entities/bd796e3e38e2be77c9dd0d451d48809b,Tissue Block,"Registered 6/23/2025, Sergii Domanskyi, TMC - UConn Health","10 x 10 x 10 millimeter, 10 millimeter, 1 Sections",https://data.sennetconsortium.org/sample?uuid=bd796e3e38e2be77c9dd0d451d48809b,http://purl.org/ccf/1.5/396938fc-f554-49d4-8a4b-b8a05c380d70,10,10,10,Ramalakshmi Ramasamy,Ramalakshmi,Ramasamy,,0
https://entity.api.sennetconsortium.org/entities/c6fa27efbf89b9f31d5dd87c5ba9d251,Tissue Block,"Registered 6/23/2025, Sergii Domanskyi, TMC - UConn Health","10 x 10 x 10 millimeter, 10 millimeter, 1 Sections",https://data.sennetconsortium.org/sample?uuid=c6fa27efbf89b9f31d5dd87c5ba9d251,http://purl.org/ccf/1.5/08a11a63-43b0-4d1e-b2f2-0a456fa44d44,10,10,10,Ramalakshmi Ramasamy,Ramalakshmi,Ramasamy,,0
https://entity.api.sennetconsortium.org/entities/c9206fb5a811256bff0d13832c0571cc,Tissue Block,"Registered 12/17/2025, Sergii Domanskyi, TMC - UConn Health","10 x 10 x 10 millimeter, 10 millimeter, 1 Sections",https://data.sennetconsortium.org/sample?uuid=c9206fb5a811256bff0d13832c0571cc,http://purl.org/ccf/1.5/3656bada-7414-4288-a031-ab8dd4efa7c7,10,10,10,Ramalakshmi Ramasamy,Ramalakshmi,Ramasamy,,0
https://entity.api.sennetconsortium.org/entities/cecb82933aa90b0217cc0fbccd4c9604,Tissue Block,"Registered 6/23/2025, Sergii Domanskyi, TMC - UConn Health","10 x 10 x 10 millimeter, 10 millimeter, 1 Sections",https://data.sennetconsortium.org/sample?uuid=cecb82933aa90b0217cc0fbccd4c9604,http://purl.org/ccf/1.5/21209095-bdeb-4bfa-bb60-2855747a661b,10,10,10,Ramalakshmi Ramasamy,Ramalakshmi,Ramasamy,,0
https://entity.api.sennetconsortium.org/entities/d2d0471468ad23b60be3713afb511d11,Tissue Block,"Registered 12/17/2025, Sergii Domanskyi, TMC - UConn Health","10 x 10 x 10 millimeter, 10 millimeter, 1 Sections",https://data.sennetconsortium.org/sample?uuid=d2d0471468ad23b60be3713afb511d11,http://purl.org/ccf/1.5/49f913e4-b613-4aa9-935a-52b63ccf68f9,10,10,10,Ramalakshmi Ramasamy,Ramalakshmi,Ramasamy,,0
https://entity.api.sennetconsortium.org/entities/f11baf557bd8ceffc059697fb4d84457,Tissue Block,"Registered 12/17/2025, Sergii Domanskyi, TMC - UConn Health","10 x 10 x 10 millimeter, 10 millimeter, 1 Sections",https://data.sennetconsortium.org/sample?uuid=f11baf557bd8ceffc059697fb4d84457,http://purl.org/ccf/1.5/50b5b6ee-87ac-4385-bc54-6a46fd7bdd43,10,10,10,Ramalakshmi Ramasamy,Ramalakshmi,Ramasamy,,0
