modality,tool,cell_label,cell_id,cell_count,is_mapped,level_1_cell_id,level_1_cell_label,level_2_cell_id,level_2_cell_label
sc_proteomics,sc_proteomics,macrophage,http://purl.obolibrary.org/obo/CL_0000235,390,true,http://purl.obolibrary.org/obo/CL_0000988,hematopoietic cell,http://purl.obolibrary.org/obo/CL_0000235,macrophage
sc_proteomics,sc_proteomics,enterocyte,http://purl.obolibrary.org/obo/CL_0000584,362,true,http://purl.obolibrary.org/obo/CL_0000066,epithelial cell,,
sc_proteomics,sc_proteomics,"CD4-positive, alpha-beta T cell",http://purl.obolibrary.org/obo/CL_0000624,285,true,http://purl.obolibrary.org/obo/CL_0000988,hematopoietic cell,http://purl.obolibrary.org/obo/CL_0000084,T cell
sc_proteomics,sc_proteomics,endothelial cell,http://purl.obolibrary.org/obo/CL_0000115,282,true,http://purl.obolibrary.org/obo/CL_0000115,endothelial cell,,
sc_proteomics,sc_proteomics,B cell,http://purl.obolibrary.org/obo/CL_0000236,248,true,http://purl.obolibrary.org/obo/CL_0000988,hematopoietic cell,http://purl.obolibrary.org/obo/CL_0000236,B cell
sc_proteomics,sc_proteomics,"CD8-positive, alpha-beta T cell",http://purl.obolibrary.org/obo/CL_0000625,245,true,http://purl.obolibrary.org/obo/CL_0000988,hematopoietic cell,http://purl.obolibrary.org/obo/CL_0000084,T cell
sc_proteomics,sc_proteomics,plasma cell,http://purl.obolibrary.org/obo/CL_0000786,221,true,http://purl.obolibrary.org/obo/CL_0000988,hematopoietic cell,,
sc_proteomics,sc_proteomics,goblet cell,http://purl.obolibrary.org/obo/CL_0000160,207,true,http://purl.obolibrary.org/obo/CL_0000066,epithelial cell,,
sc_proteomics,sc_proteomics,smooth muscle cell,http://purl.obolibrary.org/obo/CL_0000192,196,true,http://purl.obolibrary.org/obo/CL_0000187,muscle cell,,
sc_proteomics,sc_proteomics,endothelial cell of lymphatic vessel,http://purl.obolibrary.org/obo/CL_0002138,194,true,http://purl.obolibrary.org/obo/CL_0000115,endothelial cell,,
sc_proteomics,sc_proteomics,"dendritic cell, human",http://purl.obolibrary.org/obo/CL_0001056,180,true,http://purl.obolibrary.org/obo/CL_0000988,hematopoietic cell,http://purl.obolibrary.org/obo/CL_0000451,dendritic cell
sc_proteomics,sc_proteomics,neuron,http://purl.obolibrary.org/obo/CL_0000540,178,true,http://purl.obolibrary.org/obo/CL_0002319,neural cell,http://purl.obolibrary.org/obo/CL_0000540,neuron
sc_proteomics,sc_proteomics,natural killer cell,http://purl.obolibrary.org/obo/CL_0000623,161,true,http://purl.obolibrary.org/obo/CL_0000988,hematopoietic cell,,
sc_proteomics,sc_proteomics,neutrophil,http://purl.obolibrary.org/obo/CL_0000775,151,true,http://purl.obolibrary.org/obo/CL_0000988,hematopoietic cell,http://purl.obolibrary.org/obo/CL_0000081,blood cell
sc_proteomics,sc_proteomics,stromal cell,http://purl.obolibrary.org/obo/CL_0000499,148,true,http://purl.obolibrary.org/obo/CL_0002320,connective tissue cell,http://purl.obolibrary.org/obo/CL_0000499,stromal cell
sc_proteomics,sc_proteomics,neuroendocrine cell,http://purl.obolibrary.org/obo/CL_0000165,148,true,http://purl.obolibrary.org/obo/CL_0002319,neural cell,http://purl.obolibrary.org/obo/CL_0000540,neuron
sc_proteomics,sc_proteomics,M1 macrophage,http://purl.obolibrary.org/obo/CL_0000863,148,true,http://purl.obolibrary.org/obo/CL_0000988,hematopoietic cell,http://purl.obolibrary.org/obo/CL_0000235,macrophage
sc_proteomics,sc_proteomics,interstitial cell of Cajal,http://purl.obolibrary.org/obo/CL_0002088,148,true,http://purl.obolibrary.org/obo/CL_0000066,epithelial cell,,
sc_proteomics,sc_proteomics,CD7-positive lymphoid progenitor cell,http://purl.obolibrary.org/obo/CL_0001028,146,true,http://purl.obolibrary.org/obo/CL_0000988,hematopoietic cell,,
sc_proteomics,sc_proteomics,CD57-positive enterocyte,http://purl.obolibrary.org/obo/CL_4033092,126,true,http://purl.obolibrary.org/obo/CL_0000066,epithelial cell,,
sc_proteomics,sc_proteomics,crypt-top fibroblast,http://purl.obolibrary.org/obo/CL_4052009,118,true,http://purl.obolibrary.org/obo/CL_0002320,connective tissue cell,http://purl.obolibrary.org/obo/CL_0000499,stromal cell
sc_proteomics,sc_proteomics,myofibroblast cell,http://purl.obolibrary.org/obo/CL_0000186,117,true,http://purl.obolibrary.org/obo/CL_0002320,connective tissue cell,,
sc_proteomics,sc_proteomics,paneth cell,http://purl.obolibrary.org/obo/CL_0000510,110,true,http://purl.obolibrary.org/obo/CL_0000066,epithelial cell,,
sc_proteomics,sc_proteomics,regulatory T cell,http://purl.obolibrary.org/obo/CL_0000815,100,true,http://purl.obolibrary.org/obo/CL_0000988,hematopoietic cell,http://purl.obolibrary.org/obo/CL_0000084,T cell
sc_proteomics,sc_proteomics,fibroblast,http://purl.obolibrary.org/obo/CL_0000057,60,true,http://purl.obolibrary.org/obo/CL_0002320,connective tissue cell,http://purl.obolibrary.org/obo/CL_0000499,stromal cell
sc_proteomics,sc_proteomics,adipocyte,http://purl.obolibrary.org/obo/CL_0000136,59,true,http://purl.obolibrary.org/obo/CL_0002320,connective tissue cell,http://purl.obolibrary.org/obo/CL_0000136,adipocyte
sc_proteomics,sc_proteomics,myeloid cell,http://purl.obolibrary.org/obo/CL_0000763,56,true,http://purl.obolibrary.org/obo/CL_0000988,hematopoietic cell,,
sc_proteomics,sc_proteomics,lymphocyte,http://purl.obolibrary.org/obo/CL_0000542,53,true,http://purl.obolibrary.org/obo/CL_0000988,hematopoietic cell,,
sc_proteomics,sc_proteomics,epithelial cell,http://purl.obolibrary.org/obo/CL_0000066,51,true,http://purl.obolibrary.org/obo/CL_0000066,epithelial cell,,
sc_proteomics,sc_proteomics,mast cell,http://purl.obolibrary.org/obo/CL_0000097,51,true,http://purl.obolibrary.org/obo/CL_0000988,hematopoietic cell,,
sc_proteomics,sc_proteomics,naive B cell,http://purl.obolibrary.org/obo/CL_0000788,48,true,http://purl.obolibrary.org/obo/CL_0000988,hematopoietic cell,http://purl.obolibrary.org/obo/CL_0000236,B cell
sc_proteomics,sc_proteomics,memory B cell,http://purl.obolibrary.org/obo/CL_0000787,48,true,http://purl.obolibrary.org/obo/CL_0000988,hematopoietic cell,http://purl.obolibrary.org/obo/CL_0000236,B cell
sc_proteomics,sc_proteomics,monocyte,http://purl.obolibrary.org/obo/CL_0000576,45,true,http://purl.obolibrary.org/obo/CL_0000988,hematopoietic cell,http://purl.obolibrary.org/obo/CL_0000576,monocyte
sc_proteomics,sc_proteomics,plasmacytoid dendritic cell,http://purl.obolibrary.org/obo/CL_0000784,45,true,http://purl.obolibrary.org/obo/CL_0000988,hematopoietic cell,http://purl.obolibrary.org/obo/CL_0000451,dendritic cell
sc_proteomics,sc_proteomics,keratinocyte,http://purl.obolibrary.org/obo/CL_0000312,44,true,http://purl.obolibrary.org/obo/CL_0000066,epithelial cell,,
sc_proteomics,sc_proteomics,megakaryocyte,http://purl.obolibrary.org/obo/CL_0000556,43,true,http://purl.obolibrary.org/obo/CL_0000988,hematopoietic cell,,
sc_proteomics,sc_proteomics,endothelial cell of sinusoid,http://purl.obolibrary.org/obo/CL_0002262,41,true,http://purl.obolibrary.org/obo/CL_0000115,endothelial cell,,
sc_proteomics,sc_proteomics,leukocyte,http://purl.obolibrary.org/obo/CL_0000738,34,true,http://purl.obolibrary.org/obo/CL_0000988,hematopoietic cell,,
sc_proteomics,sc_proteomics,type B pancreatic cell,http://purl.obolibrary.org/obo/CL_0000169,33,true,http://purl.obolibrary.org/obo/CL_0000066,epithelial cell,,
sc_proteomics,sc_proteomics,duct epithelial cell,http://purl.obolibrary.org/obo/CL_0000068,33,true,http://purl.obolibrary.org/obo/CL_0000066,epithelial cell,,
sc_proteomics,sc_proteomics,glial cell,http://purl.obolibrary.org/obo/CL_0000125,31,true,http://purl.obolibrary.org/obo/CL_0002319,neural cell,http://purl.obolibrary.org/obo/CL_0000125,glial cell
sc_proteomics,sc_proteomics,naive T cell,http://purl.obolibrary.org/obo/CL_0000898,31,true,http://purl.obolibrary.org/obo/CL_0000988,hematopoietic cell,http://purl.obolibrary.org/obo/CL_0000084,T cell
sc_proteomics,sc_proteomics,"effector memory CD8-positive, alpha-beta T cell",http://purl.obolibrary.org/obo/CL_0000913,31,true,http://purl.obolibrary.org/obo/CL_0000988,hematopoietic cell,http://purl.obolibrary.org/obo/CL_0000084,T cell
sc_proteomics,sc_proteomics,pericyte,http://purl.obolibrary.org/obo/CL_0000669,31,true,http://purl.obolibrary.org/obo/CL_0002320,connective tissue cell,,
sc_proteomics,sc_proteomics,stem cell,http://purl.obolibrary.org/obo/CL_0000034,31,true,http://purl.obolibrary.org/obo/CL_0000034,stem cell,,
sc_proteomics,sc_proteomics,intestinal tuft cell,http://purl.obolibrary.org/obo/CL_0019032,31,true,http://purl.obolibrary.org/obo/CL_0000066,epithelial cell,,
sc_proteomics,sc_proteomics,enteroendocrine cell,http://purl.obolibrary.org/obo/CL_0000164,31,true,http://purl.obolibrary.org/obo/CL_0000066,epithelial cell,,
sc_proteomics,sc_proteomics,BEST4+ enterocyte,http://purl.obolibrary.org/obo/CL_4030026,31,true,http://purl.obolibrary.org/obo/CL_0000066,epithelial cell,,
sc_proteomics,sc_proteomics,innate lymphoid cell,http://purl.obolibrary.org/obo/CL_0001065,30,true,http://purl.obolibrary.org/obo/CL_0000988,hematopoietic cell,,
sc_proteomics,sc_proteomics,non-classical monocyte,http://purl.obolibrary.org/obo/CL_0000875,28,true,http://purl.obolibrary.org/obo/CL_0000988,hematopoietic cell,http://purl.obolibrary.org/obo/CL_0000576,monocyte
sc_proteomics,sc_proteomics,immature B cell,http://purl.obolibrary.org/obo/CL_0000816,28,true,http://purl.obolibrary.org/obo/CL_0000988,hematopoietic cell,http://purl.obolibrary.org/obo/CL_0000236,B cell
sc_proteomics,sc_proteomics,"CD8-positive, alpha-beta regulatory T cell",http://purl.obolibrary.org/obo/CL_0000795,28,true,http://purl.obolibrary.org/obo/CL_0000988,hematopoietic cell,http://purl.obolibrary.org/obo/CL_0000084,T cell
sc_proteomics,sc_proteomics,"double-positive, alpha-beta thymocyte",http://purl.obolibrary.org/obo/CL_0000809,28,true,http://purl.obolibrary.org/obo/CL_0000988,hematopoietic cell,http://purl.obolibrary.org/obo/CL_0000084,T cell
sc_proteomics,sc_proteomics,double negative thymocyte,http://purl.obolibrary.org/obo/CL_0002489,28,true,http://purl.obolibrary.org/obo/CL_0000988,hematopoietic cell,http://purl.obolibrary.org/obo/CL_0000084,T cell
sc_proteomics,sc_proteomics,endothelial cell of artery,http://purl.obolibrary.org/obo/CL_1000413,28,true,http://purl.obolibrary.org/obo/CL_0000115,endothelial cell,,
sc_proteomics,sc_proteomics,mesenchymal stem cell,http://purl.obolibrary.org/obo/CL_0000134,28,true,http://purl.obolibrary.org/obo/CL_0000034,stem cell,,
sc_proteomics,sc_proteomics,common myeloid progenitor,http://purl.obolibrary.org/obo/CL_0000049,28,true,http://purl.obolibrary.org/obo/CL_0000988,hematopoietic cell,,
sc_proteomics,sc_proteomics,endosteal cell,http://purl.obolibrary.org/obo/CL_0002157,28,true,http://purl.obolibrary.org/obo/CL_0001035,bone cell,,
sc_proteomics,sc_proteomics,mesenchymal stem cell of adipose tissue,http://purl.obolibrary.org/obo/CL_0002570,28,true,http://purl.obolibrary.org/obo/CL_0000034,stem cell,,
sc_proteomics,sc_proteomics,granulocyte monocyte progenitor cell,http://purl.obolibrary.org/obo/CL_0000557,28,true,http://purl.obolibrary.org/obo/CL_0000988,hematopoietic cell,,
sc_proteomics,sc_proteomics,erythroid lineage cell,http://purl.obolibrary.org/obo/CL_0000764,28,true,http://purl.obolibrary.org/obo/CL_0000988,hematopoietic cell,,
sc_proteomics,sc_proteomics,erythroblast,http://purl.obolibrary.org/obo/CL_0000765,28,true,http://purl.obolibrary.org/obo/CL_0000988,hematopoietic cell,,
sc_proteomics,sc_proteomics,hematopoietic multipotent progenitor cell,http://purl.obolibrary.org/obo/CL_0000837,28,true,http://purl.obolibrary.org/obo/CL_0000988,hematopoietic cell,,
sc_proteomics,sc_proteomics,basophilic erythroblast,http://purl.obolibrary.org/obo/CL_0000549,28,true,http://purl.obolibrary.org/obo/CL_0000988,hematopoietic cell,,
sc_proteomics,sc_proteomics,hematopoietic stem cell,http://purl.obolibrary.org/obo/CL_0000037,28,true,http://purl.obolibrary.org/obo/CL_0000988,hematopoietic cell,,
sc_proteomics,sc_proteomics,myeloid lineage restricted progenitor cell,http://purl.obolibrary.org/obo/CL_0000839,28,true,http://purl.obolibrary.org/obo/CL_0000988,hematopoietic cell,,
sc_proteomics,sc_proteomics,common lymphoid progenitor,http://purl.obolibrary.org/obo/CL_0000051,27,true,http://purl.obolibrary.org/obo/CL_0000988,hematopoietic cell,,
sc_proteomics,sc_proteomics,Schwann cell,http://purl.obolibrary.org/obo/CL_0002573,23,true,http://purl.obolibrary.org/obo/CL_0002319,neural cell,http://purl.obolibrary.org/obo/CL_0000125,glial cell
sc_proteomics,sc_proteomics,germinal center B cell,http://purl.obolibrary.org/obo/CL_0000844,22,true,http://purl.obolibrary.org/obo/CL_0000988,hematopoietic cell,http://purl.obolibrary.org/obo/CL_0000236,B cell
sc_proteomics,sc_proteomics,T cell,http://purl.obolibrary.org/obo/CL_0000084,21,true,http://purl.obolibrary.org/obo/CL_0000988,hematopoietic cell,http://purl.obolibrary.org/obo/CL_0000084,T cell
sc_proteomics,sc_proteomics,cycling B cell,http://purl.obolibrary.org/obo/CL_4033068,17,true,http://purl.obolibrary.org/obo/CL_0000988,hematopoietic cell,http://purl.obolibrary.org/obo/CL_0000236,B cell
sc_proteomics,sc_proteomics,follicular dendritic cell,http://purl.obolibrary.org/obo/CL_0000442,17,true,http://purl.obolibrary.org/obo/CL_0000988,hematopoietic cell,http://purl.obolibrary.org/obo/CL_0000451,dendritic cell
sc_proteomics,sc_proteomics,CD141-positive myeloid dendritic cell,http://purl.obolibrary.org/obo/CL_0002394,17,true,http://purl.obolibrary.org/obo/CL_0000988,hematopoietic cell,http://purl.obolibrary.org/obo/CL_0000451,dendritic cell
sc_proteomics,sc_proteomics,mature NK T cell,http://purl.obolibrary.org/obo/CL_0000814,17,true,http://purl.obolibrary.org/obo/CL_0000988,hematopoietic cell,http://purl.obolibrary.org/obo/CL_0000084,T cell
sc_proteomics,sc_proteomics,T follicular helper cell,http://purl.obolibrary.org/obo/CL_0002038,17,true,http://purl.obolibrary.org/obo/CL_0000988,hematopoietic cell,http://purl.obolibrary.org/obo/CL_0000084,T cell
sc_proteomics,sc_proteomics,"effector CD4-positive, alpha-beta T cell",http://purl.obolibrary.org/obo/CL_0001044,17,true,http://purl.obolibrary.org/obo/CL_0000988,hematopoietic cell,http://purl.obolibrary.org/obo/CL_0000084,T cell
sc_proteomics,sc_proteomics,"naive thymus-derived CD4-positive, alpha-beta T cell",http://purl.obolibrary.org/obo/CL_0000895,17,true,http://purl.obolibrary.org/obo/CL_0000988,hematopoietic cell,http://purl.obolibrary.org/obo/CL_0000084,T cell
sc_proteomics,sc_proteomics,CD1c-positive myeloid dendritic cell,http://purl.obolibrary.org/obo/CL_0002399,17,true,http://purl.obolibrary.org/obo/CL_0000988,hematopoietic cell,http://purl.obolibrary.org/obo/CL_0000451,dendritic cell
sc_proteomics,sc_proteomics,migratory dendritic cell,http://purl.obolibrary.org/obo/CL_4047054,17,true,http://purl.obolibrary.org/obo/CL_0000988,hematopoietic cell,http://purl.obolibrary.org/obo/CL_0000451,dendritic cell
sc_proteomics,sc_proteomics,follicular B cell,http://purl.obolibrary.org/obo/CL_0000843,13,true,http://purl.obolibrary.org/obo/CL_0000988,hematopoietic cell,http://purl.obolibrary.org/obo/CL_0000236,B cell
sc_proteomics,sc_proteomics,"CD4-positive, alpha-beta memory T cell",http://purl.obolibrary.org/obo/CL_0000897,13,true,http://purl.obolibrary.org/obo/CL_0000988,hematopoietic cell,http://purl.obolibrary.org/obo/CL_0000084,T cell
sc_proteomics,sc_proteomics,"CD8-positive, alpha-beta memory T cell",http://purl.obolibrary.org/obo/CL_0000909,13,true,http://purl.obolibrary.org/obo/CL_0000988,hematopoietic cell,http://purl.obolibrary.org/obo/CL_0000084,T cell
sc_proteomics,sc_proteomics,myeloid leukocyte,http://purl.obolibrary.org/obo/CL_0000766,13,true,http://purl.obolibrary.org/obo/CL_0000988,hematopoietic cell,,
sc_proteomics,sc_proteomics,endothelial cell of vascular tree,http://purl.obolibrary.org/obo/CL_0002139,13,true,http://purl.obolibrary.org/obo/CL_0000115,endothelial cell,,
sc_proteomics,sc_proteomics,memory T cell,http://purl.obolibrary.org/obo/CL_0000813,4,true,http://purl.obolibrary.org/obo/CL_0000988,hematopoietic cell,http://purl.obolibrary.org/obo/CL_0000084,T cell
sc_proteomics,sc_proteomics,CD11b-positive dendritic cell,http://purl.obolibrary.org/obo/CL_0002465,3,true,http://purl.obolibrary.org/obo/CL_0000988,hematopoietic cell,http://purl.obolibrary.org/obo/CL_0000451,dendritic cell
sc_proteomics,sc_proteomics,Langerhans cell,http://purl.obolibrary.org/obo/CL_0000453,3,true,http://purl.obolibrary.org/obo/CL_0000988,hematopoietic cell,http://purl.obolibrary.org/obo/CL_0000451,dendritic cell
sc_proteomics,sc_proteomics,lung interstitial macrophage,http://purl.obolibrary.org/obo/CL_4033043,3,true,http://purl.obolibrary.org/obo/CL_0000988,hematopoietic cell,http://purl.obolibrary.org/obo/CL_0000235,macrophage
sc_proteomics,sc_proteomics,pulmonary alveolar type 1 cell,http://purl.obolibrary.org/obo/CL_0002062,3,true,http://purl.obolibrary.org/obo/CL_0000066,epithelial cell,,
sc_proteomics,sc_proteomics,pulmonary alveolar type 2 cell,http://purl.obolibrary.org/obo/CL_0002063,3,true,http://purl.obolibrary.org/obo/CL_0000066,epithelial cell,,
sc_transcriptomics,azimuth,B cell,http://purl.obolibrary.org/obo/CL_0000236,640,true,http://purl.obolibrary.org/obo/CL_0000988,hematopoietic cell,http://purl.obolibrary.org/obo/CL_0000236,B cell
sc_transcriptomics,azimuth,mast cell,http://purl.obolibrary.org/obo/CL_0000097,628,true,http://purl.obolibrary.org/obo/CL_0000988,hematopoietic cell,,
sc_transcriptomics,azimuth,T cell,http://purl.obolibrary.org/obo/CL_0000084,482,true,http://purl.obolibrary.org/obo/CL_0000988,hematopoietic cell,http://purl.obolibrary.org/obo/CL_0000084,T cell
sc_transcriptomics,azimuth,monocyte-derived dendritic cell,http://purl.obolibrary.org/obo/CL_0011031,480,true,http://purl.obolibrary.org/obo/CL_0000988,hematopoietic cell,http://purl.obolibrary.org/obo/CL_0000451,dendritic cell
sc_transcriptomics,azimuth,smooth muscle cell,http://purl.obolibrary.org/obo/CL_0000192,458,true,http://purl.obolibrary.org/obo/CL_0000187,muscle cell,,
sc_transcriptomics,azimuth,endothelial cell of lymphatic vessel,http://purl.obolibrary.org/obo/CL_0002138,420,true,http://purl.obolibrary.org/obo/CL_0000115,endothelial cell,,
sc_transcriptomics,azimuth,non-classical monocyte,http://purl.obolibrary.org/obo/CL_0000875,387,true,http://purl.obolibrary.org/obo/CL_0000988,hematopoietic cell,http://purl.obolibrary.org/obo/CL_0000576,monocyte
sc_transcriptomics,azimuth,natural killer cell,http://purl.obolibrary.org/obo/CL_0000623,361,true,http://purl.obolibrary.org/obo/CL_0000988,hematopoietic cell,,
sc_transcriptomics,azimuth,plasma cell,http://purl.obolibrary.org/obo/CL_0000786,318,true,http://purl.obolibrary.org/obo/CL_0000988,hematopoietic cell,,
sc_transcriptomics,azimuth,M2 macrophage,http://purl.obolibrary.org/obo/CL_0000890,274,true,http://purl.obolibrary.org/obo/CL_0000988,hematopoietic cell,http://purl.obolibrary.org/obo/CL_0000235,macrophage
sc_transcriptomics,azimuth,vascular associated smooth muscle cell,http://purl.obolibrary.org/obo/CL_0000359,274,true,http://purl.obolibrary.org/obo/CL_0000187,muscle cell,,
sc_transcriptomics,azimuth,vasa recta descending limb cell,http://purl.obolibrary.org/obo/CL_1001285,272,true,http://purl.obolibrary.org/obo/CL_0000115,endothelial cell,,
sc_transcriptomics,azimuth,kidney connecting tubule epithelial cell,http://purl.obolibrary.org/obo/CL_1000768,272,true,http://purl.obolibrary.org/obo/CL_0000066,epithelial cell,,
sc_transcriptomics,azimuth,kidney interstitial fibroblast,http://purl.obolibrary.org/obo/CL_1000692,270,true,http://purl.obolibrary.org/obo/CL_0002320,connective tissue cell,http://purl.obolibrary.org/obo/CL_0000499,stromal cell
sc_transcriptomics,azimuth,kidney inner medulla collecting duct epithelial cell,http://purl.obolibrary.org/obo/CL_1000547,269,true,http://purl.obolibrary.org/obo/CL_0000066,epithelial cell,,
sc_transcriptomics,azimuth,renal medullary fibroblast,http://purl.obolibrary.org/obo/CL_4030022,268,true,http://purl.obolibrary.org/obo/CL_0002320,connective tissue cell,http://purl.obolibrary.org/obo/CL_0000499,stromal cell
sc_transcriptomics,azimuth,kidney cortex collecting duct principal cell,http://purl.obolibrary.org/obo/CL_1000714,268,true,http://purl.obolibrary.org/obo/CL_0000066,epithelial cell,,
sc_transcriptomics,azimuth,peritubular capillary endothelial cell,http://purl.obolibrary.org/obo/CL_1001033,263,true,http://purl.obolibrary.org/obo/CL_0000115,endothelial cell,,
sc_transcriptomics,azimuth,kidney loop of Henle short descending thin limb epithelial cell,http://purl.obolibrary.org/obo/CL_4030012,258,true,http://purl.obolibrary.org/obo/CL_0000066,epithelial cell,,
sc_transcriptomics,azimuth,kidney outer medulla collecting duct principal cell,http://purl.obolibrary.org/obo/CL_1000716,258,true,http://purl.obolibrary.org/obo/CL_0000066,epithelial cell,,
sc_transcriptomics,azimuth,macula densa epithelial cell,http://purl.obolibrary.org/obo/CL_1000850,253,true,http://purl.obolibrary.org/obo/CL_0000066,epithelial cell,,
sc_transcriptomics,azimuth,alveolar type 1 fibroblast cell,http://purl.obolibrary.org/obo/CL_4028004,251,true,http://purl.obolibrary.org/obo/CL_0002320,connective tissue cell,http://purl.obolibrary.org/obo/CL_0000499,stromal cell
sc_transcriptomics,azimuth,"CD4-positive, alpha-beta T cell",http://purl.obolibrary.org/obo/CL_0000624,251,true,http://purl.obolibrary.org/obo/CL_0000988,hematopoietic cell,http://purl.obolibrary.org/obo/CL_0000084,T cell
sc_transcriptomics,azimuth,"CD8-positive, alpha-beta T cell",http://purl.obolibrary.org/obo/CL_0000625,251,true,http://purl.obolibrary.org/obo/CL_0000988,hematopoietic cell,http://purl.obolibrary.org/obo/CL_0000084,T cell
sc_transcriptomics,azimuth,pulmonary alveolar type 1 cell,http://purl.obolibrary.org/obo/CL_0002062,251,true,http://purl.obolibrary.org/obo/CL_0000066,epithelial cell,,
sc_transcriptomics,azimuth,vein endothelial cell of respiratory system,http://purl.obolibrary.org/obo/CL_4033008,251,true,http://purl.obolibrary.org/obo/CL_0000115,endothelial cell,,
sc_transcriptomics,azimuth,alveolar capillary type 1 endothelial cell,http://purl.obolibrary.org/obo/CL_4028002,251,true,http://purl.obolibrary.org/obo/CL_0000115,endothelial cell,,
sc_transcriptomics,azimuth,multiciliated columnar cell of tracheobronchial tree,http://purl.obolibrary.org/obo/CL_0002145,251,true,http://purl.obolibrary.org/obo/CL_0000066,epithelial cell,,
sc_transcriptomics,azimuth,kidney connecting tubule principal cell,http://purl.obolibrary.org/obo/CL_4030018,250,true,http://purl.obolibrary.org/obo/CL_0000066,epithelial cell,,
sc_transcriptomics,azimuth,parietal epithelial cell,http://purl.obolibrary.org/obo/CL_1000452,248,true,http://purl.obolibrary.org/obo/CL_0000066,epithelial cell,,
sc_transcriptomics,azimuth,kidney loop of Henle long descending thin limb inner medulla epithelial cell,http://purl.obolibrary.org/obo/CL_4030014,248,true,http://purl.obolibrary.org/obo/CL_0000066,epithelial cell,,
sc_transcriptomics,azimuth,vasa recta ascending limb cell,http://purl.obolibrary.org/obo/CL_1001131,247,true,http://purl.obolibrary.org/obo/CL_0000115,endothelial cell,,
sc_transcriptomics,azimuth,adventitial fibroblast,http://purl.obolibrary.org/obo/CL_4052030,245,true,http://purl.obolibrary.org/obo/CL_0002320,connective tissue cell,http://purl.obolibrary.org/obo/CL_0000499,stromal cell
sc_transcriptomics,azimuth,pulmonary alveolar type 2 cell,http://purl.obolibrary.org/obo/CL_0002063,245,true,http://purl.obolibrary.org/obo/CL_0000066,epithelial cell,,
sc_transcriptomics,azimuth,endothelial cell of respiratory system lymphatic vessel,http://purl.obolibrary.org/obo/CL_0009086,245,true,http://purl.obolibrary.org/obo/CL_0000115,endothelial cell,,
sc_transcriptomics,azimuth,lung pericyte,http://purl.obolibrary.org/obo/CL_0009089,244,true,http://purl.obolibrary.org/obo/CL_0002320,connective tissue cell,,
sc_transcriptomics,azimuth,pulmonary artery endothelial cell,http://purl.obolibrary.org/obo/CL_1001568,242,true,http://purl.obolibrary.org/obo/CL_0000115,endothelial cell,,
sc_transcriptomics,azimuth,kidney loop of Henle long descending thin limb outer medulla epithelial cell,http://purl.obolibrary.org/obo/CL_4030013,240,true,http://purl.obolibrary.org/obo/CL_0000066,epithelial cell,,
sc_transcriptomics,azimuth,CD1c-positive myeloid dendritic cell,http://purl.obolibrary.org/obo/CL_0002399,239,true,http://purl.obolibrary.org/obo/CL_0000988,hematopoietic cell,http://purl.obolibrary.org/obo/CL_0000451,dendritic cell
sc_transcriptomics,azimuth,endothelial cell of arteriole,http://purl.obolibrary.org/obo/CL_1000412,238,true,http://purl.obolibrary.org/obo/CL_0000115,endothelial cell,,
sc_transcriptomics,azimuth,kidney loop of Henle thin ascending limb epithelial cell,http://purl.obolibrary.org/obo/CL_1001107,238,true,http://purl.obolibrary.org/obo/CL_0000066,epithelial cell,,
sc_transcriptomics,azimuth,kidney loop of Henle cortical thick ascending limb epithelial cell,http://purl.obolibrary.org/obo/CL_1001109,237,true,http://purl.obolibrary.org/obo/CL_0000066,epithelial cell,,
sc_transcriptomics,azimuth,kidney collecting duct alpha-intercalated cell,http://purl.obolibrary.org/obo/CL_4030015,233,true,http://purl.obolibrary.org/obo/CL_0000066,epithelial cell,,
sc_transcriptomics,azimuth,epithelial cell of early distal convoluted tubule,http://purl.obolibrary.org/obo/CL_4030016,232,true,http://purl.obolibrary.org/obo/CL_0000066,epithelial cell,,
sc_transcriptomics,azimuth,lung macrophage,http://purl.obolibrary.org/obo/CL_1001603,229,true,http://purl.obolibrary.org/obo/CL_0000988,hematopoietic cell,http://purl.obolibrary.org/obo/CL_0000235,macrophage
sc_transcriptomics,azimuth,kidney outer medulla collecting duct intercalated cell,http://purl.obolibrary.org/obo/CL_1000717,229,true,http://purl.obolibrary.org/obo/CL_0000066,epithelial cell,,
sc_transcriptomics,azimuth,kidney loop of Henle medullary thick ascending limb epithelial cell,http://purl.obolibrary.org/obo/CL_1001108,228,true,http://purl.obolibrary.org/obo/CL_0000066,epithelial cell,,
sc_transcriptomics,azimuth,pulmonary ionocyte,http://purl.obolibrary.org/obo/CL_0017000,227,true,http://purl.obolibrary.org/obo/CL_0000066,epithelial cell,,
sc_transcriptomics,azimuth,alveolar capillary type 2 endothelial cell,http://purl.obolibrary.org/obo/CL_4028003,225,true,http://purl.obolibrary.org/obo/CL_0000115,endothelial cell,,
sc_transcriptomics,azimuth,mesangial cell,http://purl.obolibrary.org/obo/CL_0000650,223,true,http://purl.obolibrary.org/obo/CL_0002320,connective tissue cell,,
sc_transcriptomics,azimuth,classical monocyte,http://purl.obolibrary.org/obo/CL_0000860,222,true,http://purl.obolibrary.org/obo/CL_0000988,hematopoietic cell,http://purl.obolibrary.org/obo/CL_0000576,monocyte
sc_transcriptomics,azimuth,podocyte,http://purl.obolibrary.org/obo/CL_0000653,221,true,http://purl.obolibrary.org/obo/CL_0000066,epithelial cell,,
sc_transcriptomics,azimuth,macrophage,http://purl.obolibrary.org/obo/CL_0000235,219,true,http://purl.obolibrary.org/obo/CL_0000988,hematopoietic cell,http://purl.obolibrary.org/obo/CL_0000235,macrophage
sc_transcriptomics,azimuth,neuron,http://purl.obolibrary.org/obo/CL_0000540,219,true,http://purl.obolibrary.org/obo/CL_0002319,neural cell,http://purl.obolibrary.org/obo/CL_0000540,neuron
sc_transcriptomics,azimuth,fibroblast,http://purl.obolibrary.org/obo/CL_0000057,219,true,http://purl.obolibrary.org/obo/CL_0002320,connective tissue cell,http://purl.obolibrary.org/obo/CL_0000499,stromal cell
sc_transcriptomics,azimuth,vein endothelial cell,http://purl.obolibrary.org/obo/CL_0002543,219,true,http://purl.obolibrary.org/obo/CL_0000115,endothelial cell,,
sc_transcriptomics,azimuth,pericyte,http://purl.obolibrary.org/obo/CL_0000669,219,true,http://purl.obolibrary.org/obo/CL_0002320,connective tissue cell,,
sc_transcriptomics,azimuth,capillary endothelial cell,http://purl.obolibrary.org/obo/CL_0002144,219,true,http://purl.obolibrary.org/obo/CL_0000115,endothelial cell,,
sc_transcriptomics,azimuth,renal beta-intercalated cell,http://purl.obolibrary.org/obo/CL_0002201,218,true,http://purl.obolibrary.org/obo/CL_0000066,epithelial cell,,
sc_transcriptomics,azimuth,epithelial cell of proximal tubule segment 3,http://purl.obolibrary.org/obo/CL_4030011,218,true,http://purl.obolibrary.org/obo/CL_0000066,epithelial cell,,
sc_transcriptomics,azimuth,respiratory basal cell,http://purl.obolibrary.org/obo/CL_0002633,218,true,http://purl.obolibrary.org/obo/CL_0000034,stem cell,,
sc_transcriptomics,azimuth,endothelial cell of artery,http://purl.obolibrary.org/obo/CL_1000413,217,true,http://purl.obolibrary.org/obo/CL_0000115,endothelial cell,,
sc_transcriptomics,azimuth,epithelial cell of proximal tubule segment 1,http://purl.obolibrary.org/obo/CL_4030009,216,true,http://purl.obolibrary.org/obo/CL_0000066,epithelial cell,,
sc_transcriptomics,azimuth,glomerular capillary endothelial cell,http://purl.obolibrary.org/obo/CL_1001005,213,true,http://purl.obolibrary.org/obo/CL_0000115,endothelial cell,,
sc_transcriptomics,azimuth,myofibroblast cell,http://purl.obolibrary.org/obo/CL_0000186,213,true,http://purl.obolibrary.org/obo/CL_0002320,connective tissue cell,,
sc_transcriptomics,azimuth,regular ventricular cardiac myocyte,http://purl.obolibrary.org/obo/CL_0002131,207,true,http://purl.obolibrary.org/obo/CL_0000187,muscle cell,,
sc_transcriptomics,azimuth,adipocyte,http://purl.obolibrary.org/obo/CL_0000136,205,true,http://purl.obolibrary.org/obo/CL_0002320,connective tissue cell,http://purl.obolibrary.org/obo/CL_0000136,adipocyte
sc_transcriptomics,azimuth,pulmonary alveolar epithelial cell,http://purl.obolibrary.org/obo/CL_0000322,202,true,http://purl.obolibrary.org/obo/CL_0000066,epithelial cell,,
sc_transcriptomics,azimuth,alveolar macrophage,http://purl.obolibrary.org/obo/CL_0000583,201,true,http://purl.obolibrary.org/obo/CL_0000988,hematopoietic cell,http://purl.obolibrary.org/obo/CL_0000235,macrophage
sc_transcriptomics,azimuth,conventional dendritic cell,http://purl.obolibrary.org/obo/CL_0000990,200,true,http://purl.obolibrary.org/obo/CL_0000988,hematopoietic cell,http://purl.obolibrary.org/obo/CL_0000451,dendritic cell
sc_transcriptomics,azimuth,endocardial cell,http://purl.obolibrary.org/obo/CL_0002350,199,true,http://purl.obolibrary.org/obo/CL_0000115,endothelial cell,,
sc_transcriptomics,azimuth,Schwann cell,http://purl.obolibrary.org/obo/CL_0002573,191,true,http://purl.obolibrary.org/obo/CL_0002319,neural cell,http://purl.obolibrary.org/obo/CL_0000125,glial cell
sc_transcriptomics,azimuth,regular atrial cardiac myocyte,http://purl.obolibrary.org/obo/CL_0002129,189,true,http://purl.obolibrary.org/obo/CL_0000187,muscle cell,,
sc_transcriptomics,azimuth,club cell,http://purl.obolibrary.org/obo/CL_0000158,185,true,http://purl.obolibrary.org/obo/CL_0000066,epithelial cell,,
sc_transcriptomics,azimuth,"plasmacytoid dendritic cell, human",http://purl.obolibrary.org/obo/CL_0001058,172,true,http://purl.obolibrary.org/obo/CL_0000988,hematopoietic cell,http://purl.obolibrary.org/obo/CL_0000451,dendritic cell
sc_transcriptomics,azimuth,mesothelial cell,http://purl.obolibrary.org/obo/CL_0000077,171,true,http://purl.obolibrary.org/obo/CL_0000066,epithelial cell,,
sc_transcriptomics,azimuth,mature NK T cell,http://purl.obolibrary.org/obo/CL_0000814,166,true,http://purl.obolibrary.org/obo/CL_0000988,hematopoietic cell,http://purl.obolibrary.org/obo/CL_0000084,T cell
sc_transcriptomics,azimuth,lung interstitial macrophage,http://purl.obolibrary.org/obo/CL_4033043,166,true,http://purl.obolibrary.org/obo/CL_0000988,hematopoietic cell,http://purl.obolibrary.org/obo/CL_0000235,macrophage
sc_transcriptomics,azimuth,epithelial cell of late distal convoluted tubule,http://purl.obolibrary.org/obo/CL_4030017,157,true,http://purl.obolibrary.org/obo/CL_0000066,epithelial cell,,
sc_transcriptomics,azimuth,epithelial cell of proximal tubule segment 2,http://purl.obolibrary.org/obo/CL_4030010,151,true,http://purl.obolibrary.org/obo/CL_0000066,epithelial cell,,
sc_transcriptomics,azimuth,endothelial cell,http://purl.obolibrary.org/obo/CL_0000115,148,true,http://purl.obolibrary.org/obo/CL_0000115,endothelial cell,,
sc_transcriptomics,azimuth,kidney granular cell,http://purl.obolibrary.org/obo/CL_0000648,147,true,http://purl.obolibrary.org/obo/CL_0000187,muscle cell,,
sc_transcriptomics,azimuth,kidney connecting tubule alpha-intercalated cell,http://purl.obolibrary.org/obo/CL_4030020,142,true,http://purl.obolibrary.org/obo/CL_0000066,epithelial cell,,
sc_transcriptomics,azimuth,cycling pulmonary alveolar type 2 cell,http://purl.obolibrary.org/obo/CL_4033080,135,true,http://purl.obolibrary.org/obo/CL_0000066,epithelial cell,,
sc_transcriptomics,azimuth,cycling T cell,http://purl.obolibrary.org/obo/CL_4033069,109,true,http://purl.obolibrary.org/obo/CL_0000988,hematopoietic cell,http://purl.obolibrary.org/obo/CL_0000084,T cell
sc_transcriptomics,azimuth,fibroblast of lung,http://purl.obolibrary.org/obo/CL_0002553,102,true,http://purl.obolibrary.org/obo/CL_0002320,connective tissue cell,http://purl.obolibrary.org/obo/CL_0000499,stromal cell
sc_transcriptomics,azimuth,nasal mucosa goblet cell,http://purl.obolibrary.org/obo/CL_0002480,99,true,http://purl.obolibrary.org/obo/CL_0000066,epithelial cell,,
sc_transcriptomics,azimuth,respiratory tract suprabasal cell,http://purl.obolibrary.org/obo/CL_4033048,89,true,http://purl.obolibrary.org/obo/CL_0000066,epithelial cell,,
sc_transcriptomics,azimuth,multiciliated epithelial cell,http://purl.obolibrary.org/obo/CL_0005012,75,true,http://purl.obolibrary.org/obo/CL_0000066,epithelial cell,,
sc_transcriptomics,azimuth,deuterosomal cell,http://purl.obolibrary.org/obo/CL_4033044,67,true,http://purl.obolibrary.org/obo/CL_0000066,epithelial cell,,
sc_transcriptomics,azimuth,brush cell of tracheobronchial tree,http://purl.obolibrary.org/obo/CL_0002075,55,true,http://purl.obolibrary.org/obo/CL_0000066,epithelial cell,,
sc_transcriptomics,azimuth,innate lymphoid cell,http://purl.obolibrary.org/obo/CL_0001065,46,true,http://purl.obolibrary.org/obo/CL_0000988,hematopoietic cell,,
sc_transcriptomics,azimuth,cycling alveolar macrophage,http://purl.obolibrary.org/obo/CL_4033077,43,true,http://purl.obolibrary.org/obo/CL_0000988,hematopoietic cell,http://purl.obolibrary.org/obo/CL_0000235,macrophage
sc_transcriptomics,azimuth,serous secreting cell of bronchus submucosal gland,http://purl.obolibrary.org/obo/CL_4033005,42,true,http://purl.obolibrary.org/obo/CL_0000152,exocrine cell,,
sc_transcriptomics,azimuth,airway submucosal gland duct basal cell,http://purl.obolibrary.org/obo/CL_4033024,41,true,http://purl.obolibrary.org/obo/CL_0000034,stem cell,,
sc_transcriptomics,azimuth,neutrophil,http://purl.obolibrary.org/obo/CL_0000775,39,true,http://purl.obolibrary.org/obo/CL_0000988,hematopoietic cell,http://purl.obolibrary.org/obo/CL_0000081,blood cell
sc_transcriptomics,azimuth,bronchial goblet cell,http://purl.obolibrary.org/obo/CL_1000312,26,true,http://purl.obolibrary.org/obo/CL_0000066,epithelial cell,,
sc_transcriptomics,azimuth,nasal serous secreting cell,http://purl.obolibrary.org/obo/CL_4042016,25,true,http://purl.obolibrary.org/obo/CL_0000152,exocrine cell,,
sc_transcriptomics,azimuth,cycling mononuclear phagocyte,http://purl.obolibrary.org/obo/CL_4033078,25,true,http://purl.obolibrary.org/obo/CL_0000988,hematopoietic cell,,
sc_transcriptomics,azimuth,mucus secreting cell of bronchus submucosal gland,http://purl.obolibrary.org/obo/CL_4033022,16,true,http://purl.obolibrary.org/obo/CL_0000152,exocrine cell,,
sc_transcriptomics,azimuth,mesothelial cell of visceral pleura,http://purl.obolibrary.org/obo/CL_1000493,13,true,http://purl.obolibrary.org/obo/CL_0000066,epithelial cell,,
sc_transcriptomics,azimuth,pancreatic stellate cell,http://purl.obolibrary.org/obo/CL_0002410,7,true,http://purl.obolibrary.org/obo/CL_0002320,connective tissue cell,http://purl.obolibrary.org/obo/CL_0000499,stromal cell
sc_transcriptomics,azimuth,pulmonary neuroendocrine cell,http://purl.obolibrary.org/obo/CL_1000223,7,true,http://purl.obolibrary.org/obo/CL_0002319,neural cell,http://purl.obolibrary.org/obo/CL_0000540,neuron
sc_transcriptomics,azimuth,pancreatic D cell,http://purl.obolibrary.org/obo/CL_0000173,7,true,http://purl.obolibrary.org/obo/CL_0002319,neural cell,http://purl.obolibrary.org/obo/CL_0000540,neuron
sc_transcriptomics,azimuth,type B pancreatic cell,http://purl.obolibrary.org/obo/CL_0000169,7,true,http://purl.obolibrary.org/obo/CL_0000066,epithelial cell,,
sc_transcriptomics,azimuth,leukocyte,http://purl.obolibrary.org/obo/CL_0000738,7,true,http://purl.obolibrary.org/obo/CL_0000988,hematopoietic cell,,
sc_transcriptomics,azimuth,pancreatic acinar cell,http://purl.obolibrary.org/obo/CL_0002064,7,true,http://purl.obolibrary.org/obo/CL_0000152,exocrine cell,,
sc_transcriptomics,azimuth,pancreatic ductal cell,http://purl.obolibrary.org/obo/CL_0002079,7,true,http://purl.obolibrary.org/obo/CL_0000066,epithelial cell,,
sc_transcriptomics,azimuth,CCL3-positive alveolar macrophage,http://purl.obolibrary.org/obo/CL_4033041,5,true,http://purl.obolibrary.org/obo/CL_0000988,hematopoietic cell,http://purl.obolibrary.org/obo/CL_0000235,macrophage
sc_transcriptomics,azimuth,lung migratory dendritic cell,http://purl.obolibrary.org/obo/CL_4033045,4,true,http://purl.obolibrary.org/obo/CL_0000988,hematopoietic cell,http://purl.obolibrary.org/obo/CL_0000451,dendritic cell
sc_transcriptomics,azimuth,subpleural fibroblast,http://purl.obolibrary.org/obo/CL_4052029,3,true,http://purl.obolibrary.org/obo/CL_0002320,connective tissue cell,http://purl.obolibrary.org/obo/CL_0000499,stromal cell
sc_transcriptomics,celltypist,endothelial cell of artery,http://purl.obolibrary.org/obo/CL_1000413,624,true,http://purl.obolibrary.org/obo/CL_0000115,endothelial cell,,
sc_transcriptomics,celltypist,endothelial cell of lymphatic vessel,http://purl.obolibrary.org/obo/CL_0002138,619,true,http://purl.obolibrary.org/obo/CL_0000115,endothelial cell,,
sc_transcriptomics,celltypist,mast cell,http://purl.obolibrary.org/obo/CL_0000097,619,true,http://purl.obolibrary.org/obo/CL_0000988,hematopoietic cell,,
sc_transcriptomics,celltypist,"CD8-positive, alpha-beta T cell",http://purl.obolibrary.org/obo/CL_0000625,615,true,http://purl.obolibrary.org/obo/CL_0000988,hematopoietic cell,http://purl.obolibrary.org/obo/CL_0000084,T cell
sc_transcriptomics,celltypist,capillary endothelial cell,http://purl.obolibrary.org/obo/CL_0002144,470,true,http://purl.obolibrary.org/obo/CL_0000115,endothelial cell,,
sc_transcriptomics,celltypist,B cell,http://purl.obolibrary.org/obo/CL_0000236,463,true,http://purl.obolibrary.org/obo/CL_0000988,hematopoietic cell,http://purl.obolibrary.org/obo/CL_0000236,B cell
sc_transcriptomics,celltypist,plasma cell,http://purl.obolibrary.org/obo/CL_0000786,454,true,http://purl.obolibrary.org/obo/CL_0000988,hematopoietic cell,,
sc_transcriptomics,celltypist,natural killer cell,http://purl.obolibrary.org/obo/CL_0000623,415,true,http://purl.obolibrary.org/obo/CL_0000988,hematopoietic cell,,
sc_transcriptomics,celltypist,plasmacytoid dendritic cell,http://purl.obolibrary.org/obo/CL_0000784,414,true,http://purl.obolibrary.org/obo/CL_0000988,hematopoietic cell,http://purl.obolibrary.org/obo/CL_0000451,dendritic cell
sc_transcriptomics,celltypist,CD141-positive myeloid dendritic cell,http://purl.obolibrary.org/obo/CL_0002394,409,true,http://purl.obolibrary.org/obo/CL_0000988,hematopoietic cell,http://purl.obolibrary.org/obo/CL_0000451,dendritic cell
sc_transcriptomics,celltypist,macrophage,http://purl.obolibrary.org/obo/CL_0000235,405,true,http://purl.obolibrary.org/obo/CL_0000988,hematopoietic cell,http://purl.obolibrary.org/obo/CL_0000235,macrophage
sc_transcriptomics,celltypist,CD1c-positive myeloid dendritic cell,http://purl.obolibrary.org/obo/CL_0002399,400,true,http://purl.obolibrary.org/obo/CL_0000988,hematopoietic cell,http://purl.obolibrary.org/obo/CL_0000451,dendritic cell
sc_transcriptomics,celltypist,myofibroblast cell,http://purl.obolibrary.org/obo/CL_0000186,393,true,http://purl.obolibrary.org/obo/CL_0002320,connective tissue cell,,
sc_transcriptomics,celltypist,"CD4-positive, alpha-beta T cell",http://purl.obolibrary.org/obo/CL_0000624,392,true,http://purl.obolibrary.org/obo/CL_0000988,hematopoietic cell,http://purl.obolibrary.org/obo/CL_0000084,T cell
sc_transcriptomics,celltypist,pericyte,http://purl.obolibrary.org/obo/CL_0000669,386,true,http://purl.obolibrary.org/obo/CL_0002320,connective tissue cell,,
sc_transcriptomics,celltypist,smooth muscle cell,http://purl.obolibrary.org/obo/CL_0000192,380,true,http://purl.obolibrary.org/obo/CL_0000187,muscle cell,,
sc_transcriptomics,celltypist,vein endothelial cell,http://purl.obolibrary.org/obo/CL_0002543,376,true,http://purl.obolibrary.org/obo/CL_0000115,endothelial cell,,
sc_transcriptomics,celltypist,glial cell,http://purl.obolibrary.org/obo/CL_0000125,369,true,http://purl.obolibrary.org/obo/CL_0002319,neural cell,http://purl.obolibrary.org/obo/CL_0000125,glial cell
sc_transcriptomics,celltypist,mesothelial cell,http://purl.obolibrary.org/obo/CL_0000077,288,true,http://purl.obolibrary.org/obo/CL_0000066,epithelial cell,,
sc_transcriptomics,celltypist,mature NK T cell,http://purl.obolibrary.org/obo/CL_0000814,275,true,http://purl.obolibrary.org/obo/CL_0000988,hematopoietic cell,http://purl.obolibrary.org/obo/CL_0000084,T cell
sc_transcriptomics,celltypist,T-helper 1 cell,http://purl.obolibrary.org/obo/CL_0000545,272,true,http://purl.obolibrary.org/obo/CL_0000988,hematopoietic cell,http://purl.obolibrary.org/obo/CL_0000084,T cell
sc_transcriptomics,celltypist,T follicular helper cell,http://purl.obolibrary.org/obo/CL_0002038,269,true,http://purl.obolibrary.org/obo/CL_0000988,hematopoietic cell,http://purl.obolibrary.org/obo/CL_0000084,T cell
sc_transcriptomics,celltypist,non-classical monocyte,http://purl.obolibrary.org/obo/CL_0000875,251,true,http://purl.obolibrary.org/obo/CL_0000988,hematopoietic cell,http://purl.obolibrary.org/obo/CL_0000576,monocyte
sc_transcriptomics,celltypist,lung macrophage,http://purl.obolibrary.org/obo/CL_1001603,251,true,http://purl.obolibrary.org/obo/CL_0000988,hematopoietic cell,http://purl.obolibrary.org/obo/CL_0000235,macrophage
sc_transcriptomics,celltypist,pulmonary interstitial fibroblast,http://purl.obolibrary.org/obo/CL_0002241,251,true,http://purl.obolibrary.org/obo/CL_0002320,connective tissue cell,http://purl.obolibrary.org/obo/CL_0000499,stromal cell
sc_transcriptomics,celltypist,alveolar type 1 fibroblast cell,http://purl.obolibrary.org/obo/CL_4028004,251,true,http://purl.obolibrary.org/obo/CL_0002320,connective tissue cell,http://purl.obolibrary.org/obo/CL_0000499,stromal cell
sc_transcriptomics,celltypist,alveolar adventitial fibroblast,http://purl.obolibrary.org/obo/CL_4028006,251,true,http://purl.obolibrary.org/obo/CL_0002320,connective tissue cell,http://purl.obolibrary.org/obo/CL_0000499,stromal cell
sc_transcriptomics,celltypist,club cell,http://purl.obolibrary.org/obo/CL_0000158,251,true,http://purl.obolibrary.org/obo/CL_0000066,epithelial cell,,
sc_transcriptomics,celltypist,serous secreting cell of bronchus submucosal gland,http://purl.obolibrary.org/obo/CL_4033005,251,true,http://purl.obolibrary.org/obo/CL_0000152,exocrine cell,,
sc_transcriptomics,celltypist,pulmonary alveolar type 1 cell,http://purl.obolibrary.org/obo/CL_0002062,251,true,http://purl.obolibrary.org/obo/CL_0000066,epithelial cell,,
sc_transcriptomics,celltypist,pulmonary alveolar type 2 cell,http://purl.obolibrary.org/obo/CL_0002063,251,true,http://purl.obolibrary.org/obo/CL_0000066,epithelial cell,,
sc_transcriptomics,celltypist,multiciliated epithelial cell,http://purl.obolibrary.org/obo/CL_0005012,251,true,http://purl.obolibrary.org/obo/CL_0000066,epithelial cell,,
sc_transcriptomics,celltypist,vein endothelial cell of respiratory system,http://purl.obolibrary.org/obo/CL_4033008,251,true,http://purl.obolibrary.org/obo/CL_0000115,endothelial cell,,
sc_transcriptomics,celltypist,respiratory basal cell,http://purl.obolibrary.org/obo/CL_0002633,251,true,http://purl.obolibrary.org/obo/CL_0000034,stem cell,,
sc_transcriptomics,celltypist,cycling pulmonary alveolar type 2 cell,http://purl.obolibrary.org/obo/CL_4033080,248,true,http://purl.obolibrary.org/obo/CL_0000066,epithelial cell,,
sc_transcriptomics,celltypist,alveolar macrophage,http://purl.obolibrary.org/obo/CL_0000583,247,true,http://purl.obolibrary.org/obo/CL_0000988,hematopoietic cell,http://purl.obolibrary.org/obo/CL_0000235,macrophage
sc_transcriptomics,celltypist,lung interstitial macrophage,http://purl.obolibrary.org/obo/CL_4033043,247,true,http://purl.obolibrary.org/obo/CL_0000988,hematopoietic cell,http://purl.obolibrary.org/obo/CL_0000235,macrophage
sc_transcriptomics,celltypist,nasal mucosa goblet cell,http://purl.obolibrary.org/obo/CL_0002480,247,true,http://purl.obolibrary.org/obo/CL_0000066,epithelial cell,,
sc_transcriptomics,celltypist,fibroblast,http://purl.obolibrary.org/obo/CL_0000057,246,true,http://purl.obolibrary.org/obo/CL_0002320,connective tissue cell,http://purl.obolibrary.org/obo/CL_0000499,stromal cell
sc_transcriptomics,celltypist,respiratory tract suprabasal cell,http://purl.obolibrary.org/obo/CL_4033048,244,true,http://purl.obolibrary.org/obo/CL_0000066,epithelial cell,,
sc_transcriptomics,celltypist,lung pericyte,http://purl.obolibrary.org/obo/CL_0009089,244,true,http://purl.obolibrary.org/obo/CL_0002320,connective tissue cell,,
sc_transcriptomics,celltypist,CCL3-positive alveolar macrophage,http://purl.obolibrary.org/obo/CL_4033041,243,true,http://purl.obolibrary.org/obo/CL_0000988,hematopoietic cell,http://purl.obolibrary.org/obo/CL_0000235,macrophage
sc_transcriptomics,celltypist,alveolar capillary type 2 endothelial cell,http://purl.obolibrary.org/obo/CL_4028003,243,true,http://purl.obolibrary.org/obo/CL_0000115,endothelial cell,,
sc_transcriptomics,celltypist,cycling alveolar macrophage,http://purl.obolibrary.org/obo/CL_4033077,242,true,http://purl.obolibrary.org/obo/CL_0000988,hematopoietic cell,http://purl.obolibrary.org/obo/CL_0000235,macrophage
sc_transcriptomics,celltypist,gamma-delta T cell,http://purl.obolibrary.org/obo/CL_0000798,240,true,http://purl.obolibrary.org/obo/CL_0000988,hematopoietic cell,http://purl.obolibrary.org/obo/CL_0000084,T cell
sc_transcriptomics,celltypist,endothelial cell,http://purl.obolibrary.org/obo/CL_0000115,238,true,http://purl.obolibrary.org/obo/CL_0000115,endothelial cell,,
sc_transcriptomics,celltypist,deuterosomal cell,http://purl.obolibrary.org/obo/CL_4033044,236,true,http://purl.obolibrary.org/obo/CL_0000066,epithelial cell,,
sc_transcriptomics,celltypist,bronchial goblet cell,http://purl.obolibrary.org/obo/CL_1000312,236,true,http://purl.obolibrary.org/obo/CL_0000066,epithelial cell,,
sc_transcriptomics,celltypist,pulmonary alveolar epithelial cell,http://purl.obolibrary.org/obo/CL_0000322,234,true,http://purl.obolibrary.org/obo/CL_0000066,epithelial cell,,
sc_transcriptomics,celltypist,hillock cell,http://purl.obolibrary.org/obo/CL_4030024,233,true,http://purl.obolibrary.org/obo/CL_0000066,epithelial cell,,
sc_transcriptomics,celltypist,classical monocyte,http://purl.obolibrary.org/obo/CL_0000860,232,true,http://purl.obolibrary.org/obo/CL_0000988,hematopoietic cell,http://purl.obolibrary.org/obo/CL_0000576,monocyte
sc_transcriptomics,celltypist,nasal serous secreting cell,http://purl.obolibrary.org/obo/CL_4042016,232,true,http://purl.obolibrary.org/obo/CL_0000152,exocrine cell,,
sc_transcriptomics,celltypist,pulmonary neuroendocrine cell,http://purl.obolibrary.org/obo/CL_1000223,228,true,http://purl.obolibrary.org/obo/CL_0002319,neural cell,http://purl.obolibrary.org/obo/CL_0000540,neuron
sc_transcriptomics,celltypist,lung migratory dendritic cell,http://purl.obolibrary.org/obo/CL_4033045,220,true,http://purl.obolibrary.org/obo/CL_0000988,hematopoietic cell,http://purl.obolibrary.org/obo/CL_0000451,dendritic cell
sc_transcriptomics,celltypist,adipocyte,http://purl.obolibrary.org/obo/CL_0000136,219,true,http://purl.obolibrary.org/obo/CL_0002320,connective tissue cell,http://purl.obolibrary.org/obo/CL_0000136,adipocyte
sc_transcriptomics,celltypist,metallothionein-positive alveolar macrophage,http://purl.obolibrary.org/obo/CL_4033042,219,true,http://purl.obolibrary.org/obo/CL_0000988,hematopoietic cell,http://purl.obolibrary.org/obo/CL_0000235,macrophage
sc_transcriptomics,celltypist,vascular associated smooth muscle cell,http://purl.obolibrary.org/obo/CL_0000359,219,true,http://purl.obolibrary.org/obo/CL_0000187,muscle cell,,
sc_transcriptomics,celltypist,"CD14-low, CD16-positive monocyte",http://purl.obolibrary.org/obo/CL_0002396,217,true,http://purl.obolibrary.org/obo/CL_0000988,hematopoietic cell,http://purl.obolibrary.org/obo/CL_0000576,monocyte
sc_transcriptomics,celltypist,mesothelial cell of pleura,http://purl.obolibrary.org/obo/CL_1000491,217,true,http://purl.obolibrary.org/obo/CL_0000066,epithelial cell,,
sc_transcriptomics,celltypist,regular ventricular cardiac myocyte,http://purl.obolibrary.org/obo/CL_0002131,215,true,http://purl.obolibrary.org/obo/CL_0000187,muscle cell,,
sc_transcriptomics,celltypist,cycling macrophage,http://purl.obolibrary.org/obo/CL_4033076,213,true,http://purl.obolibrary.org/obo/CL_0000988,hematopoietic cell,http://purl.obolibrary.org/obo/CL_0000235,macrophage
sc_transcriptomics,celltypist,"CD16-positive, CD56-dim natural killer cell, human",http://purl.obolibrary.org/obo/CL_0000939,213,true,http://purl.obolibrary.org/obo/CL_0000988,hematopoietic cell,,
sc_transcriptomics,celltypist,"naive thymus-derived CD4-positive, alpha-beta T cell",http://purl.obolibrary.org/obo/CL_0000895,212,true,http://purl.obolibrary.org/obo/CL_0000988,hematopoietic cell,http://purl.obolibrary.org/obo/CL_0000084,T cell
sc_transcriptomics,celltypist,"activated CD4-positive, alpha-beta T cell, human",http://purl.obolibrary.org/obo/CL_0001043,212,true,http://purl.obolibrary.org/obo/CL_0000988,hematopoietic cell,http://purl.obolibrary.org/obo/CL_0000084,T cell
sc_transcriptomics,celltypist,cycling T cell,http://purl.obolibrary.org/obo/CL_4033069,211,true,http://purl.obolibrary.org/obo/CL_0000988,hematopoietic cell,http://purl.obolibrary.org/obo/CL_0000084,T cell
sc_transcriptomics,celltypist,airway submucosal gland collecting duct epithelial cell,http://purl.obolibrary.org/obo/CL_4033023,211,true,http://purl.obolibrary.org/obo/CL_0000066,epithelial cell,,
sc_transcriptomics,celltypist,dendritic cell,http://purl.obolibrary.org/obo/CL_0000451,210,true,http://purl.obolibrary.org/obo/CL_0000988,hematopoietic cell,http://purl.obolibrary.org/obo/CL_0000451,dendritic cell
sc_transcriptomics,celltypist,brush cell of tracheobronchial tree,http://purl.obolibrary.org/obo/CL_0002075,209,true,http://purl.obolibrary.org/obo/CL_0000066,epithelial cell,,
sc_transcriptomics,celltypist,"effector memory CD8-positive, alpha-beta T cell",http://purl.obolibrary.org/obo/CL_0000913,208,true,http://purl.obolibrary.org/obo/CL_0000988,hematopoietic cell,http://purl.obolibrary.org/obo/CL_0000084,T cell
sc_transcriptomics,celltypist,cycling endothelial cell of lymphatic vessel,http://purl.obolibrary.org/obo/CL_4033079,207,true,http://purl.obolibrary.org/obo/CL_0000115,endothelial cell,,
sc_transcriptomics,celltypist,"CD8-positive, alpha-beta cytotoxic T cell",http://purl.obolibrary.org/obo/CL_0000794,204,true,http://purl.obolibrary.org/obo/CL_0000988,hematopoietic cell,http://purl.obolibrary.org/obo/CL_0000084,T cell
sc_transcriptomics,celltypist,endocardial cell,http://purl.obolibrary.org/obo/CL_0002350,204,true,http://purl.obolibrary.org/obo/CL_0000115,endothelial cell,,
sc_transcriptomics,celltypist,CD14-positive monocyte,http://purl.obolibrary.org/obo/CL_0001054,203,true,http://purl.obolibrary.org/obo/CL_0000988,hematopoietic cell,http://purl.obolibrary.org/obo/CL_0000576,monocyte
sc_transcriptomics,celltypist,pulmonary ionocyte,http://purl.obolibrary.org/obo/CL_0017000,203,true,http://purl.obolibrary.org/obo/CL_0000066,epithelial cell,,
sc_transcriptomics,celltypist,"CD16-negative, CD56-bright natural killer cell, human",http://purl.obolibrary.org/obo/CL_0000938,200,true,http://purl.obolibrary.org/obo/CL_0000988,hematopoietic cell,,
sc_transcriptomics,celltypist,T-helper 17 cell,http://purl.obolibrary.org/obo/CL_0000899,199,true,http://purl.obolibrary.org/obo/CL_0000988,hematopoietic cell,http://purl.obolibrary.org/obo/CL_0000084,T cell
sc_transcriptomics,celltypist,regular atrial cardiac myocyte,http://purl.obolibrary.org/obo/CL_0002129,195,true,http://purl.obolibrary.org/obo/CL_0000187,muscle cell,,
sc_transcriptomics,celltypist,hematopoietic stem cell,http://purl.obolibrary.org/obo/CL_0000037,192,true,http://purl.obolibrary.org/obo/CL_0000988,hematopoietic cell,,
sc_transcriptomics,celltypist,tracheobronchial goblet cell,http://purl.obolibrary.org/obo/CL_0019003,188,true,http://purl.obolibrary.org/obo/CL_0000066,epithelial cell,,
sc_transcriptomics,celltypist,"effector CD8-positive, alpha-beta T cell",http://purl.obolibrary.org/obo/CL_0001050,186,true,http://purl.obolibrary.org/obo/CL_0000988,hematopoietic cell,http://purl.obolibrary.org/obo/CL_0000084,T cell
sc_transcriptomics,celltypist,mature alpha-beta T cell,http://purl.obolibrary.org/obo/CL_0000791,184,true,http://purl.obolibrary.org/obo/CL_0000988,hematopoietic cell,http://purl.obolibrary.org/obo/CL_0000084,T cell
sc_transcriptomics,celltypist,T cell,http://purl.obolibrary.org/obo/CL_0000084,175,true,http://purl.obolibrary.org/obo/CL_0000988,hematopoietic cell,http://purl.obolibrary.org/obo/CL_0000084,T cell
sc_transcriptomics,celltypist,subpleural fibroblast,http://purl.obolibrary.org/obo/CL_4052029,167,true,http://purl.obolibrary.org/obo/CL_0002320,connective tissue cell,http://purl.obolibrary.org/obo/CL_0000499,stromal cell
sc_transcriptomics,celltypist,stromal cell,http://purl.obolibrary.org/obo/CL_0000499,159,true,http://purl.obolibrary.org/obo/CL_0002320,connective tissue cell,http://purl.obolibrary.org/obo/CL_0000499,stromal cell
sc_transcriptomics,celltypist,"CD8-positive, alpha-beta memory T cell",http://purl.obolibrary.org/obo/CL_0000909,159,true,http://purl.obolibrary.org/obo/CL_0000988,hematopoietic cell,http://purl.obolibrary.org/obo/CL_0000084,T cell
sc_transcriptomics,celltypist,goblet cell,http://purl.obolibrary.org/obo/CL_0000160,159,true,http://purl.obolibrary.org/obo/CL_0000066,epithelial cell,,
sc_transcriptomics,celltypist,naive B cell,http://purl.obolibrary.org/obo/CL_0000788,158,true,http://purl.obolibrary.org/obo/CL_0000988,hematopoietic cell,http://purl.obolibrary.org/obo/CL_0000236,B cell
sc_transcriptomics,celltypist,stem cell,http://purl.obolibrary.org/obo/CL_0000034,158,true,http://purl.obolibrary.org/obo/CL_0000034,stem cell,,
sc_transcriptomics,celltypist,cycling plasma cell,http://purl.obolibrary.org/obo/CL_4047003,158,true,http://purl.obolibrary.org/obo/CL_0000988,hematopoietic cell,,
sc_transcriptomics,celltypist,post-arteriole capillary cell,http://purl.obolibrary.org/obo/CL_4047029,158,true,http://purl.obolibrary.org/obo/CL_0000115,endothelial cell,,
sc_transcriptomics,celltypist,cycling B cell,http://purl.obolibrary.org/obo/CL_4033068,157,true,http://purl.obolibrary.org/obo/CL_0000988,hematopoietic cell,http://purl.obolibrary.org/obo/CL_0000236,B cell
sc_transcriptomics,celltypist,monocyte,http://purl.obolibrary.org/obo/CL_0000576,157,true,http://purl.obolibrary.org/obo/CL_0000988,hematopoietic cell,http://purl.obolibrary.org/obo/CL_0000576,monocyte
sc_transcriptomics,celltypist,tuft cell,http://purl.obolibrary.org/obo/CL_0002204,157,true,http://purl.obolibrary.org/obo/CL_0000066,epithelial cell,,
sc_transcriptomics,celltypist,innate lymphoid cell,http://purl.obolibrary.org/obo/CL_0001065,155,true,http://purl.obolibrary.org/obo/CL_0000988,hematopoietic cell,,
sc_transcriptomics,celltypist,BEST4+ enterocyte,http://purl.obolibrary.org/obo/CL_4030026,155,true,http://purl.obolibrary.org/obo/CL_0000066,epithelial cell,,
sc_transcriptomics,celltypist,migratory enteric neural crest cell,http://purl.obolibrary.org/obo/CL_0002607,155,true,http://purl.obolibrary.org/obo/CL_0000034,stem cell,,
sc_transcriptomics,celltypist,type EC enteroendocrine cell,http://purl.obolibrary.org/obo/CL_0000577,154,true,http://purl.obolibrary.org/obo/CL_0002319,neural cell,http://purl.obolibrary.org/obo/CL_0000540,neuron
sc_transcriptomics,celltypist,precursor B cell,http://purl.obolibrary.org/obo/CL_0000817,153,true,http://purl.obolibrary.org/obo/CL_0000988,hematopoietic cell,http://purl.obolibrary.org/obo/CL_0000236,B cell
sc_transcriptomics,celltypist,memory B cell,http://purl.obolibrary.org/obo/CL_0000787,152,true,http://purl.obolibrary.org/obo/CL_0000988,hematopoietic cell,http://purl.obolibrary.org/obo/CL_0000236,B cell
sc_transcriptomics,celltypist,common lymphoid progenitor,http://purl.obolibrary.org/obo/CL_0000051,152,true,http://purl.obolibrary.org/obo/CL_0000988,hematopoietic cell,,
sc_transcriptomics,celltypist,enteroglial cell,http://purl.obolibrary.org/obo/CL_4040002,151,true,http://purl.obolibrary.org/obo/CL_0002319,neural cell,http://purl.obolibrary.org/obo/CL_0000125,glial cell
sc_transcriptomics,celltypist,type L enteroendocrine cell,http://purl.obolibrary.org/obo/CL_0002279,151,true,http://purl.obolibrary.org/obo/CL_0000066,epithelial cell,,
sc_transcriptomics,celltypist,IgG plasma cell,http://purl.obolibrary.org/obo/CL_0000985,151,true,http://purl.obolibrary.org/obo/CL_0000988,hematopoietic cell,,
sc_transcriptomics,celltypist,paneth cell,http://purl.obolibrary.org/obo/CL_0000510,150,true,http://purl.obolibrary.org/obo/CL_0000066,epithelial cell,,
sc_transcriptomics,celltypist,group 3 innate lymphoid cell,http://purl.obolibrary.org/obo/CL_0001071,150,true,http://purl.obolibrary.org/obo/CL_0000988,hematopoietic cell,,
sc_transcriptomics,celltypist,cycling type EC enteroendocrine cell,http://purl.obolibrary.org/obo/CL_4047004,149,true,http://purl.obolibrary.org/obo/CL_0002319,neural cell,http://purl.obolibrary.org/obo/CL_0000540,neuron
sc_transcriptomics,celltypist,enterocyte,http://purl.obolibrary.org/obo/CL_0000584,149,true,http://purl.obolibrary.org/obo/CL_0000066,epithelial cell,,
sc_transcriptomics,celltypist,regulatory T cell,http://purl.obolibrary.org/obo/CL_0000815,147,true,http://purl.obolibrary.org/obo/CL_0000988,hematopoietic cell,http://purl.obolibrary.org/obo/CL_0000084,T cell
sc_transcriptomics,celltypist,germinal center B cell,http://purl.obolibrary.org/obo/CL_0000844,146,true,http://purl.obolibrary.org/obo/CL_0000988,hematopoietic cell,http://purl.obolibrary.org/obo/CL_0000236,B cell
sc_transcriptomics,celltypist,T cell zone reticular cell,http://purl.obolibrary.org/obo/CL_0009105,146,true,http://purl.obolibrary.org/obo/CL_0002320,connective tissue cell,http://purl.obolibrary.org/obo/CL_0000499,stromal cell
sc_transcriptomics,celltypist,fetal vein endothelial cell,http://purl.obolibrary.org/obo/CL_4047011,146,true,http://purl.obolibrary.org/obo/CL_0000115,endothelial cell,,
sc_transcriptomics,celltypist,M1 macrophage,http://purl.obolibrary.org/obo/CL_0000863,145,true,http://purl.obolibrary.org/obo/CL_0000988,hematopoietic cell,http://purl.obolibrary.org/obo/CL_0000235,macrophage
sc_transcriptomics,celltypist,mucosal-associated invariant T cell,http://purl.obolibrary.org/obo/CL_0000940,144,true,http://purl.obolibrary.org/obo/CL_0000988,hematopoietic cell,http://purl.obolibrary.org/obo/CL_0000084,T cell
sc_transcriptomics,celltypist,transit amplifying cell of gut,http://purl.obolibrary.org/obo/CL_4047017,144,true,http://purl.obolibrary.org/obo/CL_0000066,epithelial cell,,
sc_transcriptomics,celltypist,angiogenic pericyte,http://purl.obolibrary.org/obo/CL_4047012,143,true,http://purl.obolibrary.org/obo/CL_0002320,connective tissue cell,,
sc_transcriptomics,celltypist,type I enteroendocrine cell,http://purl.obolibrary.org/obo/CL_0002277,141,true,http://purl.obolibrary.org/obo/CL_0000066,epithelial cell,,
sc_transcriptomics,celltypist,T-helper 2 cell,http://purl.obolibrary.org/obo/CL_0000546,138,true,http://purl.obolibrary.org/obo/CL_0000988,hematopoietic cell,http://purl.obolibrary.org/obo/CL_0000084,T cell
sc_transcriptomics,celltypist,"group 3 innate lymphoid cell, human",http://purl.obolibrary.org/obo/CL_0001078,136,true,http://purl.obolibrary.org/obo/CL_0000988,hematopoietic cell,,
sc_transcriptomics,celltypist,GIP cell,http://purl.obolibrary.org/obo/CL_0002278,134,true,http://purl.obolibrary.org/obo/CL_0000066,epithelial cell,,
sc_transcriptomics,celltypist,IgA plasma cell,http://purl.obolibrary.org/obo/CL_0000987,133,true,http://purl.obolibrary.org/obo/CL_0000988,hematopoietic cell,,
sc_transcriptomics,celltypist,fetal artery endothelial cell,http://purl.obolibrary.org/obo/CL_4047006,131,true,http://purl.obolibrary.org/obo/CL_0000115,endothelial cell,,
sc_transcriptomics,celltypist,pro-B cell,http://purl.obolibrary.org/obo/CL_0000826,130,true,http://purl.obolibrary.org/obo/CL_0000988,hematopoietic cell,,
sc_transcriptomics,celltypist,colonocyte,http://purl.obolibrary.org/obo/CL_1000347,130,true,http://purl.obolibrary.org/obo/CL_0000066,epithelial cell,,
sc_transcriptomics,celltypist,neutrophil,http://purl.obolibrary.org/obo/CL_0000775,125,true,http://purl.obolibrary.org/obo/CL_0000988,hematopoietic cell,http://purl.obolibrary.org/obo/CL_0000081,blood cell
sc_transcriptomics,celltypist,erythrocyte,http://purl.obolibrary.org/obo/CL_0000232,124,true,http://purl.obolibrary.org/obo/CL_0000988,hematopoietic cell,http://purl.obolibrary.org/obo/CL_0000081,blood cell
sc_transcriptomics,celltypist,"activated CD8-positive, alpha-beta T cell",http://purl.obolibrary.org/obo/CL_0000906,123,true,http://purl.obolibrary.org/obo/CL_0000988,hematopoietic cell,http://purl.obolibrary.org/obo/CL_0000084,T cell
sc_transcriptomics,celltypist,enteroendocrine cell,http://purl.obolibrary.org/obo/CL_0000164,120,true,http://purl.obolibrary.org/obo/CL_0000066,epithelial cell,,
sc_transcriptomics,celltypist,germ cell,http://purl.obolibrary.org/obo/CL_0000586,118,true,http://purl.obolibrary.org/obo/CL_0000039,germ line cell,,
sc_transcriptomics,celltypist,immature pericyte,http://purl.obolibrary.org/obo/CL_4047007,117,true,http://purl.obolibrary.org/obo/CL_0002320,connective tissue cell,,
sc_transcriptomics,celltypist,"CD4-positive, CD25-positive, alpha-beta regulatory T cell",http://purl.obolibrary.org/obo/CL_0000792,116,true,http://purl.obolibrary.org/obo/CL_0000988,hematopoietic cell,http://purl.obolibrary.org/obo/CL_0000084,T cell
sc_transcriptomics,celltypist,megakaryocyte,http://purl.obolibrary.org/obo/CL_0000556,116,true,http://purl.obolibrary.org/obo/CL_0000988,hematopoietic cell,,
sc_transcriptomics,celltypist,follicular dendritic cell,http://purl.obolibrary.org/obo/CL_0000442,114,true,http://purl.obolibrary.org/obo/CL_0000988,hematopoietic cell,http://purl.obolibrary.org/obo/CL_0000451,dendritic cell
sc_transcriptomics,celltypist,"activated CD4-positive, alpha-beta T cell",http://purl.obolibrary.org/obo/CL_0000896,113,true,http://purl.obolibrary.org/obo/CL_0000988,hematopoietic cell,http://purl.obolibrary.org/obo/CL_0000084,T cell
sc_transcriptomics,celltypist,cycling glial cell,http://purl.obolibrary.org/obo/CL_4047002,111,true,http://purl.obolibrary.org/obo/CL_0002319,neural cell,http://purl.obolibrary.org/obo/CL_0000125,glial cell
sc_transcriptomics,celltypist,type N enteroendocrine cell,http://purl.obolibrary.org/obo/CL_0002280,108,true,http://purl.obolibrary.org/obo/CL_0000066,epithelial cell,,
sc_transcriptomics,celltypist,"group 2 innate lymphoid cell, human",http://purl.obolibrary.org/obo/CL_0001081,108,true,http://purl.obolibrary.org/obo/CL_0000988,hematopoietic cell,,
sc_transcriptomics,celltypist,pre-venule capillary cell,http://purl.obolibrary.org/obo/CL_4047030,100,true,http://purl.obolibrary.org/obo/CL_0000115,endothelial cell,,
sc_transcriptomics,celltypist,interstitial cell of Cajal,http://purl.obolibrary.org/obo/CL_0002088,99,true,http://purl.obolibrary.org/obo/CL_0000066,epithelial cell,,
sc_transcriptomics,celltypist,centrocyte,http://purl.obolibrary.org/obo/CL_0009111,97,true,http://purl.obolibrary.org/obo/CL_0000988,hematopoietic cell,http://purl.obolibrary.org/obo/CL_0000236,B cell
sc_transcriptomics,celltypist,myeloid leukocyte,http://purl.obolibrary.org/obo/CL_0000766,90,true,http://purl.obolibrary.org/obo/CL_0000988,hematopoietic cell,,
sc_transcriptomics,celltypist,enterocyte of epithelium of small intestine,http://purl.obolibrary.org/obo/CL_1000334,81,true,http://purl.obolibrary.org/obo/CL_0000066,epithelial cell,,
sc_transcriptomics,celltypist,microfold cell of epithelium of small intestine,http://purl.obolibrary.org/obo/CL_1000353,81,true,http://purl.obolibrary.org/obo/CL_0000066,epithelial cell,,
sc_transcriptomics,celltypist,immature B cell,http://purl.obolibrary.org/obo/CL_0000816,78,true,http://purl.obolibrary.org/obo/CL_0000988,hematopoietic cell,http://purl.obolibrary.org/obo/CL_0000236,B cell
sc_transcriptomics,celltypist,type D cell of small intestine,http://purl.obolibrary.org/obo/CL_0002266,78,true,http://purl.obolibrary.org/obo/CL_0002319,neural cell,http://purl.obolibrary.org/obo/CL_0000540,neuron
sc_transcriptomics,celltypist,microfold cell of epithelium proper of large intestine,http://purl.obolibrary.org/obo/CL_1000360,76,true,http://purl.obolibrary.org/obo/CL_0000066,epithelial cell,,
sc_transcriptomics,celltypist,enterocyte of epithelium of large intestine,http://purl.obolibrary.org/obo/CL_0002071,75,true,http://purl.obolibrary.org/obo/CL_0000066,epithelial cell,,
sc_transcriptomics,celltypist,Schwann cell,http://purl.obolibrary.org/obo/CL_0002573,72,true,http://purl.obolibrary.org/obo/CL_0002319,neural cell,http://purl.obolibrary.org/obo/CL_0000125,glial cell
sc_transcriptomics,celltypist,type D enteroendocrine cell,http://purl.obolibrary.org/obo/CL_0000502,60,true,http://purl.obolibrary.org/obo/CL_0002319,neural cell,http://purl.obolibrary.org/obo/CL_0000540,neuron
sc_transcriptomics,celltypist,Purkinje cell,http://purl.obolibrary.org/obo/CL_0000121,58,true,http://purl.obolibrary.org/obo/CL_0002319,neural cell,http://purl.obolibrary.org/obo/CL_0000540,neuron
sc_transcriptomics,celltypist,cardiac pacemaker cell of sinoatrial node,http://purl.obolibrary.org/obo/CL_1000477,52,true,http://purl.obolibrary.org/obo/CL_0000187,muscle cell,,
sc_transcriptomics,celltypist,cycling stromal cell,http://purl.obolibrary.org/obo/CL_4047001,46,true,http://purl.obolibrary.org/obo/CL_0002320,connective tissue cell,http://purl.obolibrary.org/obo/CL_0000499,stromal cell
sc_transcriptomics,celltypist,Purkinje myocyte of atrioventricular bundle,http://purl.obolibrary.org/obo/CL_1000484,39,true,http://purl.obolibrary.org/obo/CL_0000187,muscle cell,,
sc_transcriptomics,celltypist,IgM plasma cell,http://purl.obolibrary.org/obo/CL_0000986,36,true,http://purl.obolibrary.org/obo/CL_0000988,hematopoietic cell,,
sc_transcriptomics,celltypist,liver-resident natural killer cell,http://purl.obolibrary.org/obo/CL_4047101,19,true,http://purl.obolibrary.org/obo/CL_0000988,hematopoietic cell,,
sc_transcriptomics,celltypist,hepatocyte,http://purl.obolibrary.org/obo/CL_0000182,19,true,http://purl.obolibrary.org/obo/CL_0000066,epithelial cell,,
sc_transcriptomics,celltypist,myeloid cell,http://purl.obolibrary.org/obo/CL_0000763,19,true,http://purl.obolibrary.org/obo/CL_0000988,hematopoietic cell,,
sc_transcriptomics,celltypist,cholangiocyte,http://purl.obolibrary.org/obo/CL_1000488,19,true,http://purl.obolibrary.org/obo/CL_0000066,epithelial cell,,
sc_transcriptomics,celltypist,basophil,http://purl.obolibrary.org/obo/CL_0000767,17,true,http://purl.obolibrary.org/obo/CL_0000988,hematopoietic cell,http://purl.obolibrary.org/obo/CL_0000081,blood cell
sc_transcriptomics,celltypist,myeloid dendritic cell,http://purl.obolibrary.org/obo/CL_0000782,13,true,http://purl.obolibrary.org/obo/CL_0000988,hematopoietic cell,http://purl.obolibrary.org/obo/CL_0000451,dendritic cell
sc_transcriptomics,celltypist,"dendritic cell, human",http://purl.obolibrary.org/obo/CL_0001056,8,true,http://purl.obolibrary.org/obo/CL_0000988,hematopoietic cell,http://purl.obolibrary.org/obo/CL_0000451,dendritic cell
sc_transcriptomics,celltypist,cytotoxic T cell,http://purl.obolibrary.org/obo/CL_0000910,8,true,http://purl.obolibrary.org/obo/CL_0000988,hematopoietic cell,http://purl.obolibrary.org/obo/CL_0000084,T cell
sc_transcriptomics,celltypist,epidermal Langerhans cell,http://purl.obolibrary.org/obo/CL_0002457,8,true,http://purl.obolibrary.org/obo/CL_0000988,hematopoietic cell,http://purl.obolibrary.org/obo/CL_0000451,dendritic cell
sc_transcriptomics,celltypist,helper T cell,http://purl.obolibrary.org/obo/CL_0000912,8,true,http://purl.obolibrary.org/obo/CL_0000988,hematopoietic cell,http://purl.obolibrary.org/obo/CL_0000084,T cell
sc_transcriptomics,celltypist,monocyte-derived dendritic cell,http://purl.obolibrary.org/obo/CL_0011031,8,true,http://purl.obolibrary.org/obo/CL_0000988,hematopoietic cell,http://purl.obolibrary.org/obo/CL_0000451,dendritic cell
sc_transcriptomics,celltypist,blood vessel endothelial cell,http://purl.obolibrary.org/obo/CL_0000071,8,true,http://purl.obolibrary.org/obo/CL_0000115,endothelial cell,,
sc_transcriptomics,celltypist,melanocyte of skin,http://purl.obolibrary.org/obo/CL_1000458,8,true,http://purl.obolibrary.org/obo/CL_0000148,melanocyte,,
sc_transcriptomics,celltypist,keratinocyte,http://purl.obolibrary.org/obo/CL_0000312,8,true,http://purl.obolibrary.org/obo/CL_0000066,epithelial cell,,
sc_transcriptomics,celltypist,pancreatic D cell,http://purl.obolibrary.org/obo/CL_0000173,7,true,http://purl.obolibrary.org/obo/CL_0002319,neural cell,http://purl.obolibrary.org/obo/CL_0000540,neuron
sc_transcriptomics,celltypist,type B pancreatic cell,http://purl.obolibrary.org/obo/CL_0000169,7,true,http://purl.obolibrary.org/obo/CL_0000066,epithelial cell,,
sc_transcriptomics,celltypist,pancreatic PP cell,http://purl.obolibrary.org/obo/CL_0002275,7,true,http://purl.obolibrary.org/obo/CL_0000066,epithelial cell,,
sc_transcriptomics,celltypist,pancreatic A cell,http://purl.obolibrary.org/obo/CL_0000171,7,true,http://purl.obolibrary.org/obo/CL_0000066,epithelial cell,,
sc_transcriptomics,frmatch,B cell,http://purl.obolibrary.org/obo/CL_0000236,226,true,http://purl.obolibrary.org/obo/CL_0000988,hematopoietic cell,http://purl.obolibrary.org/obo/CL_0000236,B cell
sc_transcriptomics,frmatch,fibroblast of lung,http://purl.obolibrary.org/obo/CL_0002553,226,true,http://purl.obolibrary.org/obo/CL_0002320,connective tissue cell,http://purl.obolibrary.org/obo/CL_0000499,stromal cell
sc_transcriptomics,frmatch,pulmonary alveolar type 1 cell,http://purl.obolibrary.org/obo/CL_0002062,226,true,http://purl.obolibrary.org/obo/CL_0000066,epithelial cell,,
sc_transcriptomics,frmatch,pulmonary alveolar type 2 cell,http://purl.obolibrary.org/obo/CL_0002063,226,true,http://purl.obolibrary.org/obo/CL_0000066,epithelial cell,,
sc_transcriptomics,frmatch,"CD4-positive, alpha-beta T cell",http://purl.obolibrary.org/obo/CL_0000624,225,true,http://purl.obolibrary.org/obo/CL_0000988,hematopoietic cell,http://purl.obolibrary.org/obo/CL_0000084,T cell
sc_transcriptomics,frmatch,endothelial cell of lymphatic vessel,http://purl.obolibrary.org/obo/CL_0002138,224,true,http://purl.obolibrary.org/obo/CL_0000115,endothelial cell,,
sc_transcriptomics,frmatch,alveolar macrophage,http://purl.obolibrary.org/obo/CL_0000583,223,true,http://purl.obolibrary.org/obo/CL_0000988,hematopoietic cell,http://purl.obolibrary.org/obo/CL_0000235,macrophage
sc_transcriptomics,frmatch,metallothionein-positive alveolar macrophage,http://purl.obolibrary.org/obo/CL_4033042,223,true,http://purl.obolibrary.org/obo/CL_0000988,hematopoietic cell,http://purl.obolibrary.org/obo/CL_0000235,macrophage
sc_transcriptomics,frmatch,club cell,http://purl.obolibrary.org/obo/CL_0000158,223,true,http://purl.obolibrary.org/obo/CL_0000066,epithelial cell,,
sc_transcriptomics,frmatch,deuterosomal cell,http://purl.obolibrary.org/obo/CL_4033044,223,true,http://purl.obolibrary.org/obo/CL_0000066,epithelial cell,,
sc_transcriptomics,frmatch,multiciliated columnar cell of tracheobronchial tree,http://purl.obolibrary.org/obo/CL_0002145,223,true,http://purl.obolibrary.org/obo/CL_0000066,epithelial cell,,
sc_transcriptomics,frmatch,"CD8-positive, alpha-beta T cell",http://purl.obolibrary.org/obo/CL_0000625,222,true,http://purl.obolibrary.org/obo/CL_0000988,hematopoietic cell,http://purl.obolibrary.org/obo/CL_0000084,T cell
sc_transcriptomics,frmatch,nasal mucosa goblet cell,http://purl.obolibrary.org/obo/CL_0002480,221,true,http://purl.obolibrary.org/obo/CL_0000066,epithelial cell,,
sc_transcriptomics,frmatch,smooth muscle cell,http://purl.obolibrary.org/obo/CL_0000192,221,true,http://purl.obolibrary.org/obo/CL_0000187,muscle cell,,
sc_transcriptomics,frmatch,vein endothelial cell of respiratory system,http://purl.obolibrary.org/obo/CL_4033008,221,true,http://purl.obolibrary.org/obo/CL_0000115,endothelial cell,,
sc_transcriptomics,frmatch,respiratory basal cell,http://purl.obolibrary.org/obo/CL_0002633,221,true,http://purl.obolibrary.org/obo/CL_0000034,stem cell,,
sc_transcriptomics,frmatch,pulmonary capillary endothelial cell,http://purl.obolibrary.org/obo/CL_4028001,220,true,http://purl.obolibrary.org/obo/CL_0000115,endothelial cell,,
sc_transcriptomics,frmatch,classical monocyte,http://purl.obolibrary.org/obo/CL_0000860,219,true,http://purl.obolibrary.org/obo/CL_0000988,hematopoietic cell,http://purl.obolibrary.org/obo/CL_0000576,monocyte
sc_transcriptomics,frmatch,CD1c-positive myeloid dendritic cell,http://purl.obolibrary.org/obo/CL_0002399,218,true,http://purl.obolibrary.org/obo/CL_0000988,hematopoietic cell,http://purl.obolibrary.org/obo/CL_0000451,dendritic cell
sc_transcriptomics,frmatch,respiratory tract suprabasal cell,http://purl.obolibrary.org/obo/CL_4033048,218,true,http://purl.obolibrary.org/obo/CL_0000066,epithelial cell,,
sc_transcriptomics,frmatch,CCL3-positive alveolar macrophage,http://purl.obolibrary.org/obo/CL_4033041,217,true,http://purl.obolibrary.org/obo/CL_0000988,hematopoietic cell,http://purl.obolibrary.org/obo/CL_0000235,macrophage
sc_transcriptomics,frmatch,endothelial cell of artery,http://purl.obolibrary.org/obo/CL_1000413,217,true,http://purl.obolibrary.org/obo/CL_0000115,endothelial cell,,
sc_transcriptomics,frmatch,duct epithelial cell,http://purl.obolibrary.org/obo/CL_0000068,217,true,http://purl.obolibrary.org/obo/CL_0000066,epithelial cell,,
sc_transcriptomics,frmatch,brush cell of tracheobronchial tree,http://purl.obolibrary.org/obo/CL_0002075,217,true,http://purl.obolibrary.org/obo/CL_0000066,epithelial cell,,
sc_transcriptomics,frmatch,bronchial goblet cell,http://purl.obolibrary.org/obo/CL_1000312,217,true,http://purl.obolibrary.org/obo/CL_0000066,epithelial cell,,
sc_transcriptomics,frmatch,hematopoietic stem cell,http://purl.obolibrary.org/obo/CL_0000037,217,true,http://purl.obolibrary.org/obo/CL_0000988,hematopoietic cell,,
sc_transcriptomics,frmatch,ionocyte,http://purl.obolibrary.org/obo/CL_0005006,216,true,http://purl.obolibrary.org/obo/CL_0000066,epithelial cell,,
sc_transcriptomics,frmatch,non-classical monocyte,http://purl.obolibrary.org/obo/CL_0000875,215,true,http://purl.obolibrary.org/obo/CL_0000988,hematopoietic cell,http://purl.obolibrary.org/obo/CL_0000576,monocyte
sc_transcriptomics,frmatch,capillary endothelial cell,http://purl.obolibrary.org/obo/CL_0002144,215,true,http://purl.obolibrary.org/obo/CL_0000115,endothelial cell,,
sc_transcriptomics,frmatch,plasma cell,http://purl.obolibrary.org/obo/CL_0000786,215,true,http://purl.obolibrary.org/obo/CL_0000988,hematopoietic cell,,
sc_transcriptomics,frmatch,respiratory tract multiciliated cell,http://purl.obolibrary.org/obo/CL_4030034,215,true,http://purl.obolibrary.org/obo/CL_0000066,epithelial cell,,
sc_transcriptomics,frmatch,myofibroblast cell,http://purl.obolibrary.org/obo/CL_0000186,214,true,http://purl.obolibrary.org/obo/CL_0002320,connective tissue cell,,
sc_transcriptomics,frmatch,epithelial cell of lower respiratory tract,http://purl.obolibrary.org/obo/CL_0002632,214,true,http://purl.obolibrary.org/obo/CL_0000066,epithelial cell,,
sc_transcriptomics,frmatch,T cell,http://purl.obolibrary.org/obo/CL_0000084,213,true,http://purl.obolibrary.org/obo/CL_0000988,hematopoietic cell,http://purl.obolibrary.org/obo/CL_0000084,T cell
sc_transcriptomics,frmatch,lung macrophage,http://purl.obolibrary.org/obo/CL_1001603,213,true,http://purl.obolibrary.org/obo/CL_0000988,hematopoietic cell,http://purl.obolibrary.org/obo/CL_0000235,macrophage
sc_transcriptomics,frmatch,plasmacytoid dendritic cell,http://purl.obolibrary.org/obo/CL_0000784,212,true,http://purl.obolibrary.org/obo/CL_0000988,hematopoietic cell,http://purl.obolibrary.org/obo/CL_0000451,dendritic cell
sc_transcriptomics,frmatch,bronchus fibroblast of lung,http://purl.obolibrary.org/obo/CL_2000093,212,true,http://purl.obolibrary.org/obo/CL_0002320,connective tissue cell,http://purl.obolibrary.org/obo/CL_0000499,stromal cell
sc_transcriptomics,frmatch,respiratory tract hillock cell,http://purl.obolibrary.org/obo/CL_4030023,212,true,http://purl.obolibrary.org/obo/CL_0000066,epithelial cell,,
sc_transcriptomics,frmatch,vein endothelial cell,http://purl.obolibrary.org/obo/CL_0002543,211,true,http://purl.obolibrary.org/obo/CL_0000115,endothelial cell,,
sc_transcriptomics,frmatch,mesothelial cell,http://purl.obolibrary.org/obo/CL_0000077,211,true,http://purl.obolibrary.org/obo/CL_0000066,epithelial cell,,
sc_transcriptomics,frmatch,elicited macrophage,http://purl.obolibrary.org/obo/CL_0000861,210,true,http://purl.obolibrary.org/obo/CL_0000988,hematopoietic cell,http://purl.obolibrary.org/obo/CL_0000235,macrophage
sc_transcriptomics,frmatch,conventional dendritic cell,http://purl.obolibrary.org/obo/CL_0000990,209,true,http://purl.obolibrary.org/obo/CL_0000988,hematopoietic cell,http://purl.obolibrary.org/obo/CL_0000451,dendritic cell
sc_transcriptomics,frmatch,mast cell,http://purl.obolibrary.org/obo/CL_0000097,209,true,http://purl.obolibrary.org/obo/CL_0000988,hematopoietic cell,,
sc_transcriptomics,frmatch,natural killer cell,http://purl.obolibrary.org/obo/CL_0000623,209,true,http://purl.obolibrary.org/obo/CL_0000988,hematopoietic cell,,
sc_transcriptomics,frmatch,lung pericyte,http://purl.obolibrary.org/obo/CL_0009089,209,true,http://purl.obolibrary.org/obo/CL_0002320,connective tissue cell,,
sc_transcriptomics,frmatch,lung migratory dendritic cell,http://purl.obolibrary.org/obo/CL_4033045,207,true,http://purl.obolibrary.org/obo/CL_0000988,hematopoietic cell,http://purl.obolibrary.org/obo/CL_0000451,dendritic cell
sc_transcriptomics,frmatch,fibroblast,http://purl.obolibrary.org/obo/CL_0000057,205,true,http://purl.obolibrary.org/obo/CL_0002320,connective tissue cell,http://purl.obolibrary.org/obo/CL_0000499,stromal cell
sc_transcriptomics,frmatch,tracheobronchial goblet cell,http://purl.obolibrary.org/obo/CL_0019003,205,true,http://purl.obolibrary.org/obo/CL_0000066,epithelial cell,,
sc_transcriptomics,frmatch,pulmonary neuroendocrine cell,http://purl.obolibrary.org/obo/CL_1000223,203,true,http://purl.obolibrary.org/obo/CL_0002319,neural cell,http://purl.obolibrary.org/obo/CL_0000540,neuron
sc_transcriptomics,frmatch,mucus secreting cell of bronchus submucosal gland,http://purl.obolibrary.org/obo/CL_4033022,199,true,http://purl.obolibrary.org/obo/CL_0000152,exocrine cell,,
sc_transcriptomics,pan-human-azimuth,plasma cell,http://purl.obolibrary.org/obo/CL_0000786,1080,true,http://purl.obolibrary.org/obo/CL_0000988,hematopoietic cell,,
sc_transcriptomics,pan-human-azimuth,"naive thymus-derived CD4-positive, alpha-beta T cell",http://purl.obolibrary.org/obo/CL_0000895,1047,true,http://purl.obolibrary.org/obo/CL_0000988,hematopoietic cell,http://purl.obolibrary.org/obo/CL_0000084,T cell
sc_transcriptomics,pan-human-azimuth,"CD16-positive, CD56-dim natural killer cell, human",http://purl.obolibrary.org/obo/CL_0000939,1043,true,http://purl.obolibrary.org/obo/CL_0000988,hematopoietic cell,,
sc_transcriptomics,pan-human-azimuth,fibroblast,http://purl.obolibrary.org/obo/CL_0000057,987,true,http://purl.obolibrary.org/obo/CL_0002320,connective tissue cell,http://purl.obolibrary.org/obo/CL_0000499,stromal cell
sc_transcriptomics,pan-human-azimuth,"CD8-positive, alpha-beta memory T cell",http://purl.obolibrary.org/obo/CL_0000909,987,true,http://purl.obolibrary.org/obo/CL_0000988,hematopoietic cell,http://purl.obolibrary.org/obo/CL_0000084,T cell
sc_transcriptomics,pan-human-azimuth,capillary endothelial cell,http://purl.obolibrary.org/obo/CL_0002144,918,true,http://purl.obolibrary.org/obo/CL_0000115,endothelial cell,,
sc_transcriptomics,pan-human-azimuth,endothelial cell of artery,http://purl.obolibrary.org/obo/CL_1000413,915,true,http://purl.obolibrary.org/obo/CL_0000115,endothelial cell,,
sc_transcriptomics,pan-human-azimuth,vein endothelial cell,http://purl.obolibrary.org/obo/CL_0002543,910,true,http://purl.obolibrary.org/obo/CL_0000115,endothelial cell,,
sc_transcriptomics,pan-human-azimuth,naive B cell,http://purl.obolibrary.org/obo/CL_0000788,902,true,http://purl.obolibrary.org/obo/CL_0000988,hematopoietic cell,http://purl.obolibrary.org/obo/CL_0000236,B cell
sc_transcriptomics,pan-human-azimuth,"CD4-positive, alpha-beta memory T cell",http://purl.obolibrary.org/obo/CL_0000897,898,true,http://purl.obolibrary.org/obo/CL_0000988,hematopoietic cell,http://purl.obolibrary.org/obo/CL_0000084,T cell
sc_transcriptomics,pan-human-azimuth,macrophage,http://purl.obolibrary.org/obo/CL_0000235,890,true,http://purl.obolibrary.org/obo/CL_0000988,hematopoietic cell,http://purl.obolibrary.org/obo/CL_0000235,macrophage
sc_transcriptomics,pan-human-azimuth,"CD4-positive, CD25-positive, alpha-beta regulatory T cell",http://purl.obolibrary.org/obo/CL_0000792,885,true,http://purl.obolibrary.org/obo/CL_0000988,hematopoietic cell,http://purl.obolibrary.org/obo/CL_0000084,T cell
sc_transcriptomics,pan-human-azimuth,fetal derived definitive erythrocyte,http://purl.obolibrary.org/obo/CL_0002357,848,true,http://purl.obolibrary.org/obo/CL_0000988,hematopoietic cell,http://purl.obolibrary.org/obo/CL_0000081,blood cell
sc_transcriptomics,pan-human-azimuth,erythroblast,http://purl.obolibrary.org/obo/CL_0000765,775,true,http://purl.obolibrary.org/obo/CL_0000988,hematopoietic cell,,
sc_transcriptomics,pan-human-azimuth,pericyte,http://purl.obolibrary.org/obo/CL_0000669,766,true,http://purl.obolibrary.org/obo/CL_0002320,connective tissue cell,,
sc_transcriptomics,pan-human-azimuth,immature alpha-beta T cell,http://purl.obolibrary.org/obo/CL_0000790,754,true,http://purl.obolibrary.org/obo/CL_0000988,hematopoietic cell,http://purl.obolibrary.org/obo/CL_0000084,T cell
sc_transcriptomics,pan-human-azimuth,endothelial cell of lymphatic vessel,http://purl.obolibrary.org/obo/CL_0002138,738,true,http://purl.obolibrary.org/obo/CL_0000115,endothelial cell,,
sc_transcriptomics,pan-human-azimuth,granzyme K-associated CD8 T cell,http://purl.obolibrary.org/obo/CL_4052021,737,true,http://purl.obolibrary.org/obo/CL_0000988,hematopoietic cell,http://purl.obolibrary.org/obo/CL_0000084,T cell
sc_transcriptomics,pan-human-azimuth,CD1c-positive myeloid dendritic cell,http://purl.obolibrary.org/obo/CL_0002399,733,true,http://purl.obolibrary.org/obo/CL_0000988,hematopoietic cell,http://purl.obolibrary.org/obo/CL_0000451,dendritic cell
sc_transcriptomics,pan-human-azimuth,vascular associated smooth muscle cell,http://purl.obolibrary.org/obo/CL_0000359,704,true,http://purl.obolibrary.org/obo/CL_0000187,muscle cell,,
sc_transcriptomics,pan-human-azimuth,M1 macrophage,http://purl.obolibrary.org/obo/CL_0000863,646,true,http://purl.obolibrary.org/obo/CL_0000988,hematopoietic cell,http://purl.obolibrary.org/obo/CL_0000235,macrophage
sc_transcriptomics,pan-human-azimuth,mature NK T cell,http://purl.obolibrary.org/obo/CL_0000814,622,true,http://purl.obolibrary.org/obo/CL_0000988,hematopoietic cell,http://purl.obolibrary.org/obo/CL_0000084,T cell
sc_transcriptomics,pan-human-azimuth,mast cell,http://purl.obolibrary.org/obo/CL_0000097,618,true,http://purl.obolibrary.org/obo/CL_0000988,hematopoietic cell,,
sc_transcriptomics,pan-human-azimuth,myofibroblast cell,http://purl.obolibrary.org/obo/CL_0000186,607,true,http://purl.obolibrary.org/obo/CL_0002320,connective tissue cell,,
sc_transcriptomics,pan-human-azimuth,neutrophil,http://purl.obolibrary.org/obo/CL_0000775,604,true,http://purl.obolibrary.org/obo/CL_0000988,hematopoietic cell,http://purl.obolibrary.org/obo/CL_0000081,blood cell
sc_transcriptomics,pan-human-azimuth,memory B cell,http://purl.obolibrary.org/obo/CL_0000787,581,true,http://purl.obolibrary.org/obo/CL_0000988,hematopoietic cell,http://purl.obolibrary.org/obo/CL_0000236,B cell
sc_transcriptomics,pan-human-azimuth,alveolar macrophage,http://purl.obolibrary.org/obo/CL_0000583,573,true,http://purl.obolibrary.org/obo/CL_0000988,hematopoietic cell,http://purl.obolibrary.org/obo/CL_0000235,macrophage
sc_transcriptomics,pan-human-azimuth,"CD4-positive, alpha-beta cytotoxic T cell",http://purl.obolibrary.org/obo/CL_0000934,570,true,http://purl.obolibrary.org/obo/CL_0000988,hematopoietic cell,http://purl.obolibrary.org/obo/CL_0000084,T cell
sc_transcriptomics,pan-human-azimuth,basal cell,http://purl.obolibrary.org/obo/CL_0000646,545,true,http://purl.obolibrary.org/obo/CL_0000034,stem cell,,
sc_transcriptomics,pan-human-azimuth,CD14-positive monocyte,http://purl.obolibrary.org/obo/CL_0001054,534,true,http://purl.obolibrary.org/obo/CL_0000988,hematopoietic cell,http://purl.obolibrary.org/obo/CL_0000576,monocyte
sc_transcriptomics,pan-human-azimuth,CD141-positive myeloid dendritic cell,http://purl.obolibrary.org/obo/CL_0002394,533,true,http://purl.obolibrary.org/obo/CL_0000988,hematopoietic cell,http://purl.obolibrary.org/obo/CL_0000451,dendritic cell
sc_transcriptomics,pan-human-azimuth,microglial cell,http://purl.obolibrary.org/obo/CL_0000129,511,true,http://purl.obolibrary.org/obo/CL_0002319,neural cell,http://purl.obolibrary.org/obo/CL_0000125,glial cell
sc_transcriptomics,pan-human-azimuth,monocyte,http://purl.obolibrary.org/obo/CL_0000576,474,true,http://purl.obolibrary.org/obo/CL_0000988,hematopoietic cell,http://purl.obolibrary.org/obo/CL_0000576,monocyte
sc_transcriptomics,pan-human-azimuth,adipocyte,http://purl.obolibrary.org/obo/CL_0000136,437,true,http://purl.obolibrary.org/obo/CL_0002320,connective tissue cell,http://purl.obolibrary.org/obo/CL_0000136,adipocyte
sc_transcriptomics,pan-human-azimuth,retinal ganglion cell,http://purl.obolibrary.org/obo/CL_0000740,431,true,http://purl.obolibrary.org/obo/CL_0002319,neural cell,http://purl.obolibrary.org/obo/CL_0000540,neuron
sc_transcriptomics,pan-human-azimuth,intestine goblet cell,http://purl.obolibrary.org/obo/CL_0019031,428,true,http://purl.obolibrary.org/obo/CL_0000066,epithelial cell,,
sc_transcriptomics,pan-human-azimuth,retina horizontal cell,http://purl.obolibrary.org/obo/CL_0000745,426,true,http://purl.obolibrary.org/obo/CL_0002319,neural cell,http://purl.obolibrary.org/obo/CL_0000540,neuron
sc_transcriptomics,pan-human-azimuth,amacrine cell,http://purl.obolibrary.org/obo/CL_0000561,365,true,http://purl.obolibrary.org/obo/CL_0002319,neural cell,http://purl.obolibrary.org/obo/CL_0000540,neuron
sc_transcriptomics,pan-human-azimuth,naive T cell,http://purl.obolibrary.org/obo/CL_0000898,342,true,http://purl.obolibrary.org/obo/CL_0000988,hematopoietic cell,http://purl.obolibrary.org/obo/CL_0000084,T cell
sc_transcriptomics,pan-human-azimuth,"CD16-negative, CD56-bright natural killer cell, human",http://purl.obolibrary.org/obo/CL_0000938,335,true,http://purl.obolibrary.org/obo/CL_0000988,hematopoietic cell,,
sc_transcriptomics,pan-human-azimuth,mesothelial cell,http://purl.obolibrary.org/obo/CL_0000077,329,true,http://purl.obolibrary.org/obo/CL_0000066,epithelial cell,,
sc_transcriptomics,pan-human-azimuth,memory T cell,http://purl.obolibrary.org/obo/CL_0000813,305,true,http://purl.obolibrary.org/obo/CL_0000988,hematopoietic cell,http://purl.obolibrary.org/obo/CL_0000084,T cell
sc_transcriptomics,pan-human-azimuth,kidney loop of Henle epithelial cell,http://purl.obolibrary.org/obo/CL_1000909,301,true,http://purl.obolibrary.org/obo/CL_0000066,epithelial cell,,
sc_transcriptomics,pan-human-azimuth,club cell,http://purl.obolibrary.org/obo/CL_0000158,296,true,http://purl.obolibrary.org/obo/CL_0000066,epithelial cell,,
sc_transcriptomics,pan-human-azimuth,respiratory basal cell,http://purl.obolibrary.org/obo/CL_0002633,278,true,http://purl.obolibrary.org/obo/CL_0000034,stem cell,,
sc_transcriptomics,pan-human-azimuth,mammillary body neuron,http://purl.obolibrary.org/obo/CL_4023074,265,true,http://purl.obolibrary.org/obo/CL_0002319,neural cell,http://purl.obolibrary.org/obo/CL_0000540,neuron
sc_transcriptomics,pan-human-azimuth,lung multiciliated epithelial cell,http://purl.obolibrary.org/obo/CL_1000271,261,true,http://purl.obolibrary.org/obo/CL_0000066,epithelial cell,,
sc_transcriptomics,pan-human-azimuth,epithelial cell of distal tubule,http://purl.obolibrary.org/obo/CL_0002305,261,true,http://purl.obolibrary.org/obo/CL_0000066,epithelial cell,,
sc_transcriptomics,pan-human-azimuth,Hofbauer cell,http://purl.obolibrary.org/obo/CL_3000001,249,true,http://purl.obolibrary.org/obo/CL_0000988,hematopoietic cell,http://purl.obolibrary.org/obo/CL_0000235,macrophage
sc_transcriptomics,pan-human-azimuth,glial cell,http://purl.obolibrary.org/obo/CL_0000125,248,true,http://purl.obolibrary.org/obo/CL_0002319,neural cell,http://purl.obolibrary.org/obo/CL_0000125,glial cell
sc_transcriptomics,pan-human-azimuth,astrocyte,http://purl.obolibrary.org/obo/CL_0000127,240,true,http://purl.obolibrary.org/obo/CL_0002319,neural cell,http://purl.obolibrary.org/obo/CL_0000125,glial cell
sc_transcriptomics,pan-human-azimuth,neuron,http://purl.obolibrary.org/obo/CL_0000540,236,true,http://purl.obolibrary.org/obo/CL_0002319,neural cell,http://purl.obolibrary.org/obo/CL_0000540,neuron
sc_transcriptomics,pan-human-azimuth,pulmonary alveolar type 1 cell,http://purl.obolibrary.org/obo/CL_0002062,236,true,http://purl.obolibrary.org/obo/CL_0000066,epithelial cell,,
sc_transcriptomics,pan-human-azimuth,pulmonary alveolar type 2 cell,http://purl.obolibrary.org/obo/CL_0002063,236,true,http://purl.obolibrary.org/obo/CL_0000066,epithelial cell,,
sc_transcriptomics,pan-human-azimuth,T follicular helper cell,http://purl.obolibrary.org/obo/CL_0002038,235,true,http://purl.obolibrary.org/obo/CL_0000988,hematopoietic cell,http://purl.obolibrary.org/obo/CL_0000084,T cell
sc_transcriptomics,pan-human-azimuth,germinal center B cell,http://purl.obolibrary.org/obo/CL_0000844,233,true,http://purl.obolibrary.org/obo/CL_0000988,hematopoietic cell,http://purl.obolibrary.org/obo/CL_0000236,B cell
sc_transcriptomics,pan-human-azimuth,ventricular cardiac muscle cell,http://purl.obolibrary.org/obo/CL_2000046,231,true,http://purl.obolibrary.org/obo/CL_0000187,muscle cell,,
sc_transcriptomics,pan-human-azimuth,epithelial cell of proximal tubule,http://purl.obolibrary.org/obo/CL_0002306,227,true,http://purl.obolibrary.org/obo/CL_0000066,epithelial cell,,
sc_transcriptomics,pan-human-azimuth,foveolar cell of stomach,http://purl.obolibrary.org/obo/CL_0002179,219,true,http://purl.obolibrary.org/obo/CL_0000066,epithelial cell,,
sc_transcriptomics,pan-human-azimuth,alveolar capillary type 2 endothelial cell,http://purl.obolibrary.org/obo/CL_4028003,215,true,http://purl.obolibrary.org/obo/CL_0000115,endothelial cell,,
sc_transcriptomics,pan-human-azimuth,renal beta-intercalated cell,http://purl.obolibrary.org/obo/CL_0002201,207,true,http://purl.obolibrary.org/obo/CL_0000066,epithelial cell,,
sc_transcriptomics,pan-human-azimuth,endocardial cell,http://purl.obolibrary.org/obo/CL_0002350,204,true,http://purl.obolibrary.org/obo/CL_0000115,endothelial cell,,
sc_transcriptomics,pan-human-azimuth,podocyte,http://purl.obolibrary.org/obo/CL_0000653,200,true,http://purl.obolibrary.org/obo/CL_0000066,epithelial cell,,
sc_transcriptomics,pan-human-azimuth,pro-B cell,http://purl.obolibrary.org/obo/CL_0000826,199,true,http://purl.obolibrary.org/obo/CL_0000988,hematopoietic cell,,
sc_transcriptomics,pan-human-azimuth,innate lymphoid cell,http://purl.obolibrary.org/obo/CL_0001065,194,true,http://purl.obolibrary.org/obo/CL_0000988,hematopoietic cell,,
sc_transcriptomics,pan-human-azimuth,regular atrial cardiac myocyte,http://purl.obolibrary.org/obo/CL_0002129,193,true,http://purl.obolibrary.org/obo/CL_0000187,muscle cell,,
sc_transcriptomics,pan-human-azimuth,renal alpha-intercalated cell,http://purl.obolibrary.org/obo/CL_0005011,187,true,http://purl.obolibrary.org/obo/CL_0000066,epithelial cell,,
sc_transcriptomics,pan-human-azimuth,epithelial cell,http://purl.obolibrary.org/obo/CL_0000066,186,true,http://purl.obolibrary.org/obo/CL_0000066,epithelial cell,,
sc_transcriptomics,pan-human-azimuth,monocyte-derived dendritic cell,http://purl.obolibrary.org/obo/CL_0011031,181,true,http://purl.obolibrary.org/obo/CL_0000988,hematopoietic cell,http://purl.obolibrary.org/obo/CL_0000451,dendritic cell
sc_transcriptomics,pan-human-azimuth,direct pathway medium spiny neuron,http://purl.obolibrary.org/obo/CL_4023026,177,true,http://purl.obolibrary.org/obo/CL_0002319,neural cell,http://purl.obolibrary.org/obo/CL_0000540,neuron
sc_transcriptomics,pan-human-azimuth,cycling myeloid cell,http://purl.obolibrary.org/obo/CL_4033081,161,true,http://purl.obolibrary.org/obo/CL_0000988,hematopoietic cell,,
sc_transcriptomics,pan-human-azimuth,transit amplifying cell of gut,http://purl.obolibrary.org/obo/CL_4047017,159,true,http://purl.obolibrary.org/obo/CL_0000066,epithelial cell,,
sc_transcriptomics,pan-human-azimuth,L5/6 near-projecting glutamatergic neuron of the primary motor cortex,http://purl.obolibrary.org/obo/CL_4023043,157,true,http://purl.obolibrary.org/obo/CL_0002319,neural cell,http://purl.obolibrary.org/obo/CL_0000540,neuron
sc_transcriptomics,pan-human-azimuth,enterocyte,http://purl.obolibrary.org/obo/CL_0000584,155,true,http://purl.obolibrary.org/obo/CL_0000066,epithelial cell,,
sc_transcriptomics,pan-human-azimuth,plasmacytoid dendritic cell,http://purl.obolibrary.org/obo/CL_0000784,148,true,http://purl.obolibrary.org/obo/CL_0000988,hematopoietic cell,http://purl.obolibrary.org/obo/CL_0000451,dendritic cell
sc_transcriptomics,pan-human-azimuth,enteroendocrine cell,http://purl.obolibrary.org/obo/CL_0000164,138,true,http://purl.obolibrary.org/obo/CL_0000066,epithelial cell,,
sc_transcriptomics,pan-human-azimuth,paneth cell,http://purl.obolibrary.org/obo/CL_0000510,137,true,http://purl.obolibrary.org/obo/CL_0000066,epithelial cell,,
sc_transcriptomics,pan-human-azimuth,cycling macrophage,http://purl.obolibrary.org/obo/CL_4033076,132,true,http://purl.obolibrary.org/obo/CL_0000988,hematopoietic cell,http://purl.obolibrary.org/obo/CL_0000235,macrophage
sc_transcriptomics,pan-human-azimuth,intestinal tuft cell,http://purl.obolibrary.org/obo/CL_0019032,130,true,http://purl.obolibrary.org/obo/CL_0000066,epithelial cell,,
sc_transcriptomics,pan-human-azimuth,mucosal-associated invariant T cell,http://purl.obolibrary.org/obo/CL_0000940,129,true,http://purl.obolibrary.org/obo/CL_0000988,hematopoietic cell,http://purl.obolibrary.org/obo/CL_0000084,T cell
sc_transcriptomics,pan-human-azimuth,colonocyte,http://purl.obolibrary.org/obo/CL_1000347,128,true,http://purl.obolibrary.org/obo/CL_0000066,epithelial cell,,
sc_transcriptomics,pan-human-azimuth,dendritic cell,http://purl.obolibrary.org/obo/CL_0000451,127,true,http://purl.obolibrary.org/obo/CL_0000988,hematopoietic cell,http://purl.obolibrary.org/obo/CL_0000451,dendritic cell
sc_transcriptomics,pan-human-azimuth,OFF-bipolar cell,http://purl.obolibrary.org/obo/CL_0000750,125,true,http://purl.obolibrary.org/obo/CL_0002319,neural cell,http://purl.obolibrary.org/obo/CL_0000540,neuron
sc_transcriptomics,pan-human-azimuth,cholangiocyte,http://purl.obolibrary.org/obo/CL_1000488,104,true,http://purl.obolibrary.org/obo/CL_0000066,epithelial cell,,
sc_transcriptomics,pan-human-azimuth,double negative thymocyte,http://purl.obolibrary.org/obo/CL_0002489,103,true,http://purl.obolibrary.org/obo/CL_0000988,hematopoietic cell,http://purl.obolibrary.org/obo/CL_0000084,T cell
sc_transcriptomics,pan-human-azimuth,caudal ganglionic eminence derived interneuron,http://purl.obolibrary.org/obo/CL_4023064,98,true,http://purl.obolibrary.org/obo/CL_0002319,neural cell,http://purl.obolibrary.org/obo/CL_0000540,neuron
sc_transcriptomics,pan-human-azimuth,melanocyte,http://purl.obolibrary.org/obo/CL_0000148,90,true,http://purl.obolibrary.org/obo/CL_0000148,melanocyte,,
sc_transcriptomics,pan-human-azimuth,"naive thymus-derived CD8-positive, alpha-beta T cell",http://purl.obolibrary.org/obo/CL_0000900,85,true,http://purl.obolibrary.org/obo/CL_0000988,hematopoietic cell,http://purl.obolibrary.org/obo/CL_0000084,T cell
sc_transcriptomics,pan-human-azimuth,luminal adaptive secretory precursor cell of mammary gland,http://purl.obolibrary.org/obo/CL_4033057,80,true,http://purl.obolibrary.org/obo/CL_0000066,epithelial cell,,
sc_transcriptomics,pan-human-azimuth,sst GABAergic interneuron,http://purl.obolibrary.org/obo/CL_4023017,78,true,http://purl.obolibrary.org/obo/CL_0002319,neural cell,http://purl.obolibrary.org/obo/CL_0000540,neuron
sc_transcriptomics,pan-human-azimuth,gamma-delta T cell,http://purl.obolibrary.org/obo/CL_0000798,76,true,http://purl.obolibrary.org/obo/CL_0000988,hematopoietic cell,http://purl.obolibrary.org/obo/CL_0000084,T cell
sc_transcriptomics,pan-human-azimuth,hematopoietic stem cell,http://purl.obolibrary.org/obo/CL_0000037,76,true,http://purl.obolibrary.org/obo/CL_0000988,hematopoietic cell,,
sc_transcriptomics,pan-human-azimuth,granulocyte monocyte progenitor cell,http://purl.obolibrary.org/obo/CL_0000557,74,true,http://purl.obolibrary.org/obo/CL_0000988,hematopoietic cell,,
sc_transcriptomics,pan-human-azimuth,L4/5 intratelencephalic projecting glutamatergic neuron of the primary motor cortex,http://purl.obolibrary.org/obo/CL_4023048,72,true,http://purl.obolibrary.org/obo/CL_0002319,neural cell,http://purl.obolibrary.org/obo/CL_0000540,neuron
sc_transcriptomics,pan-human-azimuth,M cell of gut,http://purl.obolibrary.org/obo/CL_0000682,70,true,http://purl.obolibrary.org/obo/CL_0000066,epithelial cell,,
sc_transcriptomics,pan-human-azimuth,amygdala excitatory neuron,http://purl.obolibrary.org/obo/CL_4023039,69,true,http://purl.obolibrary.org/obo/CL_0002319,neural cell,http://purl.obolibrary.org/obo/CL_0000540,neuron
sc_transcriptomics,pan-human-azimuth,precursor B cell,http://purl.obolibrary.org/obo/CL_0000817,64,true,http://purl.obolibrary.org/obo/CL_0000988,hematopoietic cell,http://purl.obolibrary.org/obo/CL_0000236,B cell
sc_transcriptomics,pan-human-azimuth,pulmonary ionocyte,http://purl.obolibrary.org/obo/CL_0017000,64,true,http://purl.obolibrary.org/obo/CL_0000066,epithelial cell,,
sc_transcriptomics,pan-human-azimuth,leukocyte,http://purl.obolibrary.org/obo/CL_0000738,63,true,http://purl.obolibrary.org/obo/CL_0000988,hematopoietic cell,,
sc_transcriptomics,pan-human-azimuth,hematopoietic multipotent progenitor cell,http://purl.obolibrary.org/obo/CL_0000837,62,true,http://purl.obolibrary.org/obo/CL_0000988,hematopoietic cell,,
sc_transcriptomics,pan-human-azimuth,luminal hormone-sensing cell of mammary gland,http://purl.obolibrary.org/obo/CL_4033058,60,true,http://purl.obolibrary.org/obo/CL_0000066,epithelial cell,,
sc_transcriptomics,pan-human-azimuth,pancreatic ductal cell,http://purl.obolibrary.org/obo/CL_0002079,58,true,http://purl.obolibrary.org/obo/CL_0000066,epithelial cell,,
sc_transcriptomics,pan-human-azimuth,retinal cone cell,http://purl.obolibrary.org/obo/CL_0000573,56,true,http://purl.obolibrary.org/obo/CL_0002319,neural cell,http://purl.obolibrary.org/obo/CL_0000540,neuron
sc_transcriptomics,pan-human-azimuth,cycling B cell,http://purl.obolibrary.org/obo/CL_4033068,55,true,http://purl.obolibrary.org/obo/CL_0000988,hematopoietic cell,http://purl.obolibrary.org/obo/CL_0000236,B cell
sc_transcriptomics,pan-human-azimuth,platelet,http://purl.obolibrary.org/obo/CL_0000233,54,true,http://purl.obolibrary.org/obo/CL_0000988,hematopoietic cell,http://purl.obolibrary.org/obo/CL_0000081,blood cell
sc_transcriptomics,pan-human-azimuth,natural killer cell,http://purl.obolibrary.org/obo/CL_0000623,53,true,http://purl.obolibrary.org/obo/CL_0000988,hematopoietic cell,,
sc_transcriptomics,pan-human-azimuth,keratinocyte,http://purl.obolibrary.org/obo/CL_0000312,52,true,http://purl.obolibrary.org/obo/CL_0000066,epithelial cell,,
sc_transcriptomics,pan-human-azimuth,cycling T cell,http://purl.obolibrary.org/obo/CL_4033069,50,true,http://purl.obolibrary.org/obo/CL_0000988,hematopoietic cell,http://purl.obolibrary.org/obo/CL_0000084,T cell
sc_transcriptomics,pan-human-azimuth,adrenal gland glandular cell,http://purl.obolibrary.org/obo/CL_1001601,50,true,http://purl.obolibrary.org/obo/CL_0000066,epithelial cell,,
sc_transcriptomics,pan-human-azimuth,L6 intratelencephalic projecting glutamatergic neuron of the primary motor cortex,http://purl.obolibrary.org/obo/CL_4023050,46,true,http://purl.obolibrary.org/obo/CL_0002319,neural cell,http://purl.obolibrary.org/obo/CL_0000540,neuron
sc_transcriptomics,pan-human-azimuth,conjunctival epithelial cell,http://purl.obolibrary.org/obo/CL_1000432,45,true,http://purl.obolibrary.org/obo/CL_0000066,epithelial cell,,
sc_transcriptomics,pan-human-azimuth,basal-myoepithelial cell of mammary gland,http://purl.obolibrary.org/obo/CL_0002324,44,true,http://purl.obolibrary.org/obo/CL_0000066,epithelial cell,,
sc_transcriptomics,pan-human-azimuth,Sertoli cell,http://purl.obolibrary.org/obo/CL_0000216,43,true,http://purl.obolibrary.org/obo/CL_0000066,epithelial cell,,
sc_transcriptomics,pan-human-azimuth,eccentric medium spiny neuron,http://purl.obolibrary.org/obo/CL_4030057,39,true,http://purl.obolibrary.org/obo/CL_0002319,neural cell,http://purl.obolibrary.org/obo/CL_0000540,neuron
sc_transcriptomics,pan-human-azimuth,rod bipolar cell,http://purl.obolibrary.org/obo/CL_0000751,37,true,http://purl.obolibrary.org/obo/CL_0002319,neural cell,http://purl.obolibrary.org/obo/CL_0000540,neuron
sc_transcriptomics,pan-human-azimuth,endothelial cell,http://purl.obolibrary.org/obo/CL_0000115,37,true,http://purl.obolibrary.org/obo/CL_0000115,endothelial cell,,
sc_transcriptomics,pan-human-azimuth,hepatocyte,http://purl.obolibrary.org/obo/CL_0000182,36,true,http://purl.obolibrary.org/obo/CL_0000066,epithelial cell,,
sc_transcriptomics,pan-human-azimuth,type D cell of stomach,http://purl.obolibrary.org/obo/CL_0002267,34,true,http://purl.obolibrary.org/obo/CL_0002319,neural cell,http://purl.obolibrary.org/obo/CL_0000540,neuron
sc_transcriptomics,pan-human-azimuth,L5 intratelencephalic projecting glutamatergic neuron of the primary motor cortex,http://purl.obolibrary.org/obo/CL_4023049,33,true,http://purl.obolibrary.org/obo/CL_0002319,neural cell,http://purl.obolibrary.org/obo/CL_0000540,neuron
sc_transcriptomics,pan-human-azimuth,lactocyte,http://purl.obolibrary.org/obo/CL_0002325,33,true,http://purl.obolibrary.org/obo/CL_0000066,epithelial cell,,
sc_transcriptomics,pan-human-azimuth,epithelial cell of pancreas,http://purl.obolibrary.org/obo/CL_0000083,32,true,http://purl.obolibrary.org/obo/CL_0000066,epithelial cell,,
sc_transcriptomics,pan-human-azimuth,pyramidal neuron,http://purl.obolibrary.org/obo/CL_0000598,31,true,http://purl.obolibrary.org/obo/CL_0002319,neural cell,http://purl.obolibrary.org/obo/CL_0000540,neuron
sc_transcriptomics,pan-human-azimuth,L2/3 intratelencephalic projecting glutamatergic neuron of the primary motor cortex,http://purl.obolibrary.org/obo/CL_4023047,30,true,http://purl.obolibrary.org/obo/CL_0002319,neural cell,http://purl.obolibrary.org/obo/CL_0000540,neuron
sc_transcriptomics,pan-human-azimuth,pulmonary neuroendocrine cell,http://purl.obolibrary.org/obo/CL_1000223,29,true,http://purl.obolibrary.org/obo/CL_0002319,neural cell,http://purl.obolibrary.org/obo/CL_0000540,neuron
sc_transcriptomics,pan-human-azimuth,thalamic excitatory neuron,http://purl.obolibrary.org/obo/CL_4023068,29,true,http://purl.obolibrary.org/obo/CL_0002319,neural cell,http://purl.obolibrary.org/obo/CL_0000540,neuron
sc_transcriptomics,pan-human-azimuth,hippocampal CA1-3 neuron,http://purl.obolibrary.org/obo/CL_4023060,29,true,http://purl.obolibrary.org/obo/CL_0002319,neural cell,http://purl.obolibrary.org/obo/CL_0000540,neuron
sc_transcriptomics,pan-human-azimuth,common lymphoid progenitor,http://purl.obolibrary.org/obo/CL_0000051,28,true,http://purl.obolibrary.org/obo/CL_0000988,hematopoietic cell,,
sc_transcriptomics,pan-human-azimuth,Merkel cell,http://purl.obolibrary.org/obo/CL_0000242,28,true,http://purl.obolibrary.org/obo/CL_0000066,epithelial cell,,
sc_transcriptomics,pan-human-azimuth,granulosa cell,http://purl.obolibrary.org/obo/CL_0000501,25,true,http://purl.obolibrary.org/obo/CL_0000066,epithelial cell,,
sc_transcriptomics,pan-human-azimuth,VIP GABAergic interneuron,http://purl.obolibrary.org/obo/CL_4023016,23,true,http://purl.obolibrary.org/obo/CL_0002319,neural cell,http://purl.obolibrary.org/obo/CL_0000540,neuron
sc_transcriptomics,pan-human-azimuth,squamous epithelial cell,http://purl.obolibrary.org/obo/CL_0000076,23,true,http://purl.obolibrary.org/obo/CL_0000066,epithelial cell,,
sc_transcriptomics,pan-human-azimuth,endothelial tip cell,http://purl.obolibrary.org/obo/CL_0000704,23,true,http://purl.obolibrary.org/obo/CL_0000115,endothelial cell,,
sc_transcriptomics,pan-human-azimuth,hippocampal CA4 neuron,http://purl.obolibrary.org/obo/CL_4023061,22,true,http://purl.obolibrary.org/obo/CL_0002319,neural cell,http://purl.obolibrary.org/obo/CL_0000540,neuron
sc_transcriptomics,pan-human-azimuth,pancreatic acinar cell,http://purl.obolibrary.org/obo/CL_0002064,20,true,http://purl.obolibrary.org/obo/CL_0000152,exocrine cell,,
sc_transcriptomics,pan-human-azimuth,corneal epithelial cell,http://purl.obolibrary.org/obo/CL_0000575,18,true,http://purl.obolibrary.org/obo/CL_0000066,epithelial cell,,
sc_transcriptomics,pan-human-azimuth,lymphoid lineage restricted progenitor cell,http://purl.obolibrary.org/obo/CL_0000838,18,true,http://purl.obolibrary.org/obo/CL_0000988,hematopoietic cell,,
sc_transcriptomics,pan-human-azimuth,type EC enteroendocrine cell,http://purl.obolibrary.org/obo/CL_0000577,17,true,http://purl.obolibrary.org/obo/CL_0002319,neural cell,http://purl.obolibrary.org/obo/CL_0000540,neuron
sc_transcriptomics,pan-human-azimuth,retinal rod cell,http://purl.obolibrary.org/obo/CL_0000604,17,true,http://purl.obolibrary.org/obo/CL_0002319,neural cell,http://purl.obolibrary.org/obo/CL_0000540,neuron
sc_transcriptomics,pan-human-azimuth,peptic cell,http://purl.obolibrary.org/obo/CL_0000155,17,true,http://purl.obolibrary.org/obo/CL_0000152,exocrine cell,,
sc_transcriptomics,pan-human-azimuth,neutrophil progenitor cell,http://purl.obolibrary.org/obo/CL_0000834,17,true,http://purl.obolibrary.org/obo/CL_0000988,hematopoietic cell,,
sc_transcriptomics,pan-human-azimuth,"double-positive, alpha-beta thymocyte",http://purl.obolibrary.org/obo/CL_0000809,15,true,http://purl.obolibrary.org/obo/CL_0000988,hematopoietic cell,http://purl.obolibrary.org/obo/CL_0000084,T cell
sc_transcriptomics,pan-human-azimuth,oligodendrocyte,http://purl.obolibrary.org/obo/CL_0000128,14,true,http://purl.obolibrary.org/obo/CL_0002319,neural cell,http://purl.obolibrary.org/obo/CL_0000125,glial cell
sc_transcriptomics,pan-human-azimuth,epithelial cell of thymus,http://purl.obolibrary.org/obo/CL_0002293,14,true,http://purl.obolibrary.org/obo/CL_0000066,epithelial cell,,
sc_transcriptomics,pan-human-azimuth,CD8aa(I) thymocyte,http://purl.obolibrary.org/obo/CL_0009068,13,true,http://purl.obolibrary.org/obo/CL_0000988,hematopoietic cell,http://purl.obolibrary.org/obo/CL_0000084,T cell
sc_transcriptomics,pan-human-azimuth,midbrain-derived inhibitory neuron,http://purl.obolibrary.org/obo/CL_4023079,12,true,http://purl.obolibrary.org/obo/CL_0002319,neural cell,http://purl.obolibrary.org/obo/CL_0000540,neuron
sc_transcriptomics,pan-human-azimuth,peritubular myoid cell,http://purl.obolibrary.org/obo/CL_0002481,10,true,http://purl.obolibrary.org/obo/CL_0000066,epithelial cell,,
sc_transcriptomics,pan-human-azimuth,medullary thymic epithelial cell,http://purl.obolibrary.org/obo/CL_0002365,10,true,http://purl.obolibrary.org/obo/CL_0000066,epithelial cell,,
sc_transcriptomics,pan-human-azimuth,T cell,http://purl.obolibrary.org/obo/CL_0000084,9,true,http://purl.obolibrary.org/obo/CL_0000988,hematopoietic cell,http://purl.obolibrary.org/obo/CL_0000084,T cell
sc_transcriptomics,pan-human-azimuth,oocyte,http://purl.obolibrary.org/obo/CL_0000023,9,true,http://purl.obolibrary.org/obo/CL_0000039,germ line cell,,
sc_transcriptomics,pan-human-azimuth,megakaryocyte progenitor cell,http://purl.obolibrary.org/obo/CL_0000553,9,true,http://purl.obolibrary.org/obo/CL_0000988,hematopoietic cell,,
sc_transcriptomics,pan-human-azimuth,early lymphoid progenitor,http://purl.obolibrary.org/obo/CL_0000936,9,true,http://purl.obolibrary.org/obo/CL_0000988,hematopoietic cell,,
sc_transcriptomics,pan-human-azimuth,type B pancreatic cell,http://purl.obolibrary.org/obo/CL_0000169,7,true,http://purl.obolibrary.org/obo/CL_0000066,epithelial cell,,
sc_transcriptomics,pan-human-azimuth,L4 intratelencephalic projecting glutamatergic neuron,http://purl.obolibrary.org/obo/CL_4030063,5,true,http://purl.obolibrary.org/obo/CL_0002319,neural cell,http://purl.obolibrary.org/obo/CL_0000540,neuron
sc_transcriptomics,pan-human-azimuth,dentate gyrus neuron,http://purl.obolibrary.org/obo/CL_4023062,5,true,http://purl.obolibrary.org/obo/CL_0002319,neural cell,http://purl.obolibrary.org/obo/CL_0000540,neuron
sc_transcriptomics,pan-human-azimuth,granulocytopoietic cell,http://purl.obolibrary.org/obo/CL_0002191,5,true,http://purl.obolibrary.org/obo/CL_0000988,hematopoietic cell,,
sc_transcriptomics,pan-human-azimuth,spermatocyte,http://purl.obolibrary.org/obo/CL_0000017,4,true,http://purl.obolibrary.org/obo/CL_0000039,germ line cell,,
sc_transcriptomics,pan-human-azimuth,megakaryocyte-erythroid progenitor cell,http://purl.obolibrary.org/obo/CL_0000050,4,true,http://purl.obolibrary.org/obo/CL_0000988,hematopoietic cell,,
sc_transcriptomics,pan-human-azimuth,pancreatic A cell,http://purl.obolibrary.org/obo/CL_0000171,3,true,http://purl.obolibrary.org/obo/CL_0000066,epithelial cell,,
sc_transcriptomics,popv,plasma cell,http://purl.obolibrary.org/obo/CL_0000786,480,true,http://purl.obolibrary.org/obo/CL_0000988,hematopoietic cell,,
sc_transcriptomics,popv,neutrophil,http://purl.obolibrary.org/obo/CL_0000775,432,true,http://purl.obolibrary.org/obo/CL_0000988,hematopoietic cell,http://purl.obolibrary.org/obo/CL_0000081,blood cell
sc_transcriptomics,popv,"CD8-positive, alpha-beta T cell",http://purl.obolibrary.org/obo/CL_0000625,428,true,http://purl.obolibrary.org/obo/CL_0000988,hematopoietic cell,http://purl.obolibrary.org/obo/CL_0000084,T cell
sc_transcriptomics,popv,B cell,http://purl.obolibrary.org/obo/CL_0000236,418,true,http://purl.obolibrary.org/obo/CL_0000988,hematopoietic cell,http://purl.obolibrary.org/obo/CL_0000236,B cell
sc_transcriptomics,popv,"CD4-positive, alpha-beta T cell",http://purl.obolibrary.org/obo/CL_0000624,402,true,http://purl.obolibrary.org/obo/CL_0000988,hematopoietic cell,http://purl.obolibrary.org/obo/CL_0000084,T cell
sc_transcriptomics,popv,mature NK T cell,http://purl.obolibrary.org/obo/CL_0000814,368,true,http://purl.obolibrary.org/obo/CL_0000988,hematopoietic cell,http://purl.obolibrary.org/obo/CL_0000084,T cell
sc_transcriptomics,popv,vein endothelial cell,http://purl.obolibrary.org/obo/CL_0002543,303,true,http://purl.obolibrary.org/obo/CL_0000115,endothelial cell,,
sc_transcriptomics,popv,vascular associated smooth muscle cell,http://purl.obolibrary.org/obo/CL_0000359,291,true,http://purl.obolibrary.org/obo/CL_0000187,muscle cell,,
sc_transcriptomics,popv,fibroblast,http://purl.obolibrary.org/obo/CL_0000057,275,true,http://purl.obolibrary.org/obo/CL_0002320,connective tissue cell,http://purl.obolibrary.org/obo/CL_0000499,stromal cell
sc_transcriptomics,popv,classical monocyte,http://purl.obolibrary.org/obo/CL_0000860,271,true,http://purl.obolibrary.org/obo/CL_0000988,hematopoietic cell,http://purl.obolibrary.org/obo/CL_0000576,monocyte
sc_transcriptomics,popv,endothelial cell of artery,http://purl.obolibrary.org/obo/CL_1000413,270,true,http://purl.obolibrary.org/obo/CL_0000115,endothelial cell,,
sc_transcriptomics,popv,club cell,http://purl.obolibrary.org/obo/CL_0000158,269,true,http://purl.obolibrary.org/obo/CL_0000066,epithelial cell,,
sc_transcriptomics,popv,non-classical monocyte,http://purl.obolibrary.org/obo/CL_0000875,251,true,http://purl.obolibrary.org/obo/CL_0000988,hematopoietic cell,http://purl.obolibrary.org/obo/CL_0000576,monocyte
sc_transcriptomics,popv,lung macrophage,http://purl.obolibrary.org/obo/CL_1001603,251,true,http://purl.obolibrary.org/obo/CL_0000988,hematopoietic cell,http://purl.obolibrary.org/obo/CL_0000235,macrophage
sc_transcriptomics,popv,fibroblast of lung,http://purl.obolibrary.org/obo/CL_0002553,251,true,http://purl.obolibrary.org/obo/CL_0002320,connective tissue cell,http://purl.obolibrary.org/obo/CL_0000499,stromal cell
sc_transcriptomics,popv,basophil,http://purl.obolibrary.org/obo/CL_0000767,251,true,http://purl.obolibrary.org/obo/CL_0000988,hematopoietic cell,http://purl.obolibrary.org/obo/CL_0000081,blood cell
sc_transcriptomics,popv,pulmonary capillary endothelial cell,http://purl.obolibrary.org/obo/CL_4028001,251,true,http://purl.obolibrary.org/obo/CL_0000115,endothelial cell,,
sc_transcriptomics,popv,pulmonary alveolar type 1 cell,http://purl.obolibrary.org/obo/CL_0002062,251,true,http://purl.obolibrary.org/obo/CL_0000066,epithelial cell,,
sc_transcriptomics,popv,pulmonary alveolar type 2 cell,http://purl.obolibrary.org/obo/CL_0002063,251,true,http://purl.obolibrary.org/obo/CL_0000066,epithelial cell,,
sc_transcriptomics,popv,lung multiciliated epithelial cell,http://purl.obolibrary.org/obo/CL_1000271,251,true,http://purl.obolibrary.org/obo/CL_0000066,epithelial cell,,
sc_transcriptomics,popv,respiratory basal cell,http://purl.obolibrary.org/obo/CL_0002633,251,true,http://purl.obolibrary.org/obo/CL_0000034,stem cell,,
sc_transcriptomics,popv,respiratory tract goblet cell,http://purl.obolibrary.org/obo/CL_0002370,247,true,http://purl.obolibrary.org/obo/CL_0000066,epithelial cell,,
sc_transcriptomics,popv,"effector CD8-positive, alpha-beta T cell",http://purl.obolibrary.org/obo/CL_0001050,246,true,http://purl.obolibrary.org/obo/CL_0000988,hematopoietic cell,http://purl.obolibrary.org/obo/CL_0000084,T cell
sc_transcriptomics,popv,endothelial cell of respiratory system lymphatic vessel,http://purl.obolibrary.org/obo/CL_0009086,243,true,http://purl.obolibrary.org/obo/CL_0000115,endothelial cell,,
sc_transcriptomics,popv,lung pericyte,http://purl.obolibrary.org/obo/CL_0009089,238,true,http://purl.obolibrary.org/obo/CL_0002320,connective tissue cell,,
sc_transcriptomics,popv,"effector CD4-positive, alpha-beta T cell",http://purl.obolibrary.org/obo/CL_0001044,237,true,http://purl.obolibrary.org/obo/CL_0000988,hematopoietic cell,http://purl.obolibrary.org/obo/CL_0000084,T cell
sc_transcriptomics,popv,bronchial smooth muscle cell,http://purl.obolibrary.org/obo/CL_0002598,231,true,http://purl.obolibrary.org/obo/CL_0000187,muscle cell,,
sc_transcriptomics,popv,dendritic cell,http://purl.obolibrary.org/obo/CL_0000451,229,true,http://purl.obolibrary.org/obo/CL_0000988,hematopoietic cell,http://purl.obolibrary.org/obo/CL_0000451,dendritic cell
sc_transcriptomics,popv,intermediate monocyte,http://purl.obolibrary.org/obo/CL_0002393,219,true,http://purl.obolibrary.org/obo/CL_0000988,hematopoietic cell,http://purl.obolibrary.org/obo/CL_0000576,monocyte
sc_transcriptomics,popv,lung microvascular endothelial cell,http://purl.obolibrary.org/obo/CL_2000016,211,true,http://purl.obolibrary.org/obo/CL_0000115,endothelial cell,,
sc_transcriptomics,popv,alveolar adventitial fibroblast,http://purl.obolibrary.org/obo/CL_4028006,189,true,http://purl.obolibrary.org/obo/CL_0002320,connective tissue cell,http://purl.obolibrary.org/obo/CL_0000499,stromal cell
sc_transcriptomics,popv,monocyte,http://purl.obolibrary.org/obo/CL_0000576,170,true,http://purl.obolibrary.org/obo/CL_0000988,hematopoietic cell,http://purl.obolibrary.org/obo/CL_0000576,monocyte
sc_transcriptomics,popv,blood vessel endothelial cell,http://purl.obolibrary.org/obo/CL_0000071,167,true,http://purl.obolibrary.org/obo/CL_0000115,endothelial cell,,
sc_transcriptomics,popv,mast cell,http://purl.obolibrary.org/obo/CL_0000097,159,true,http://purl.obolibrary.org/obo/CL_0000988,hematopoietic cell,,
sc_transcriptomics,popv,gut endothelial cell,http://purl.obolibrary.org/obo/CL_0000131,155,true,http://purl.obolibrary.org/obo/CL_0000115,endothelial cell,,
sc_transcriptomics,popv,pulmonary alveolar epithelial cell,http://purl.obolibrary.org/obo/CL_0000322,149,true,http://purl.obolibrary.org/obo/CL_0000066,epithelial cell,,
sc_transcriptomics,popv,macrophage,http://purl.obolibrary.org/obo/CL_0000235,144,true,http://purl.obolibrary.org/obo/CL_0000988,hematopoietic cell,http://purl.obolibrary.org/obo/CL_0000235,macrophage
sc_transcriptomics,popv,smooth muscle cell,http://purl.obolibrary.org/obo/CL_0000192,131,true,http://purl.obolibrary.org/obo/CL_0000187,muscle cell,,
sc_transcriptomics,popv,T cell,http://purl.obolibrary.org/obo/CL_0000084,106,true,http://purl.obolibrary.org/obo/CL_0000988,hematopoietic cell,http://purl.obolibrary.org/obo/CL_0000084,T cell
sc_transcriptomics,popv,endothelial cell,http://purl.obolibrary.org/obo/CL_0000115,97,true,http://purl.obolibrary.org/obo/CL_0000115,endothelial cell,,
sc_transcriptomics,popv,endothelial cell of lymphatic vessel,http://purl.obolibrary.org/obo/CL_0002138,87,true,http://purl.obolibrary.org/obo/CL_0000115,endothelial cell,,
sc_transcriptomics,popv,pulmonary ionocyte,http://purl.obolibrary.org/obo/CL_0017000,84,true,http://purl.obolibrary.org/obo/CL_0000066,epithelial cell,,
sc_transcriptomics,popv,enterocyte of epithelium of small intestine,http://purl.obolibrary.org/obo/CL_1000334,81,true,http://purl.obolibrary.org/obo/CL_0000066,epithelial cell,,
sc_transcriptomics,popv,paneth cell of epithelium of small intestine,http://purl.obolibrary.org/obo/CL_1000343,81,true,http://purl.obolibrary.org/obo/CL_0000066,epithelial cell,,
sc_transcriptomics,popv,small intestine goblet cell,http://purl.obolibrary.org/obo/CL_1000495,81,true,http://purl.obolibrary.org/obo/CL_0000066,epithelial cell,,
sc_transcriptomics,popv,tuft cell of small intestine,http://purl.obolibrary.org/obo/CL_0009080,79,true,http://purl.obolibrary.org/obo/CL_0000066,epithelial cell,,
sc_transcriptomics,popv,paneth cell of colon,http://purl.obolibrary.org/obo/CL_0009009,78,true,http://purl.obolibrary.org/obo/CL_0000066,epithelial cell,,
sc_transcriptomics,popv,large intestine goblet cell,http://purl.obolibrary.org/obo/CL_1000320,77,true,http://purl.obolibrary.org/obo/CL_0000066,epithelial cell,,
sc_transcriptomics,popv,enterocyte of epithelium of large intestine,http://purl.obolibrary.org/obo/CL_0002071,77,true,http://purl.obolibrary.org/obo/CL_0000066,epithelial cell,,
sc_transcriptomics,popv,enteroendocrine cell of small intestine,http://purl.obolibrary.org/obo/CL_0009006,77,true,http://purl.obolibrary.org/obo/CL_0000066,epithelial cell,,
sc_transcriptomics,popv,intestinal enteroendocrine cell,http://purl.obolibrary.org/obo/CL_1001516,76,true,http://purl.obolibrary.org/obo/CL_0000066,epithelial cell,,
sc_transcriptomics,popv,intestinal tuft cell,http://purl.obolibrary.org/obo/CL_0019032,76,true,http://purl.obolibrary.org/obo/CL_0000066,epithelial cell,,
sc_transcriptomics,popv,transit amplifying cell of colon,http://purl.obolibrary.org/obo/CL_0009011,74,true,http://purl.obolibrary.org/obo/CL_0000066,epithelial cell,,
sc_transcriptomics,popv,transit amplifying cell of small intestine,http://purl.obolibrary.org/obo/CL_0009012,72,true,http://purl.obolibrary.org/obo/CL_0000066,epithelial cell,,
sc_transcriptomics,popv,pericyte,http://purl.obolibrary.org/obo/CL_0000669,66,true,http://purl.obolibrary.org/obo/CL_0002320,connective tissue cell,,
sc_transcriptomics,popv,plasmacytoid dendritic cell,http://purl.obolibrary.org/obo/CL_0000784,55,true,http://purl.obolibrary.org/obo/CL_0000988,hematopoietic cell,http://purl.obolibrary.org/obo/CL_0000451,dendritic cell
sc_transcriptomics,popv,intestinal crypt stem cell of large intestine,http://purl.obolibrary.org/obo/CL_0009016,52,true,http://purl.obolibrary.org/obo/CL_0000034,stem cell,,
sc_transcriptomics,popv,intestinal crypt stem cell of small intestine,http://purl.obolibrary.org/obo/CL_0009017,51,true,http://purl.obolibrary.org/obo/CL_0000034,stem cell,,
sc_transcriptomics,popv,epithelial cell,http://purl.obolibrary.org/obo/CL_0000066,51,true,http://purl.obolibrary.org/obo/CL_0000066,epithelial cell,,
sc_transcriptomics,popv,epithelial cell of uterus,http://purl.obolibrary.org/obo/CL_0002149,44,true,http://purl.obolibrary.org/obo/CL_0000066,epithelial cell,,
sc_transcriptomics,popv,myometrial cell,http://purl.obolibrary.org/obo/CL_0002366,44,true,http://purl.obolibrary.org/obo/CL_0000187,muscle cell,,
sc_transcriptomics,popv,mesothelial cell,http://purl.obolibrary.org/obo/CL_0000077,42,true,http://purl.obolibrary.org/obo/CL_0000066,epithelial cell,,
sc_transcriptomics,popv,capillary endothelial cell,http://purl.obolibrary.org/obo/CL_0002144,38,true,http://purl.obolibrary.org/obo/CL_0000115,endothelial cell,,
sc_transcriptomics,popv,epithelial cell of large intestine,http://purl.obolibrary.org/obo/CL_0002253,31,true,http://purl.obolibrary.org/obo/CL_0000066,epithelial cell,,
sc_transcriptomics,popv,erythrocyte,http://purl.obolibrary.org/obo/CL_0000232,30,true,http://purl.obolibrary.org/obo/CL_0000988,hematopoietic cell,http://purl.obolibrary.org/obo/CL_0000081,blood cell
sc_transcriptomics,popv,"CD4-positive, alpha-beta memory T cell",http://purl.obolibrary.org/obo/CL_0000897,28,true,http://purl.obolibrary.org/obo/CL_0000988,hematopoietic cell,http://purl.obolibrary.org/obo/CL_0000084,T cell
sc_transcriptomics,popv,"CD8-positive, alpha-beta memory T cell",http://purl.obolibrary.org/obo/CL_0000909,28,true,http://purl.obolibrary.org/obo/CL_0000988,hematopoietic cell,http://purl.obolibrary.org/obo/CL_0000084,T cell
sc_transcriptomics,popv,stromal cell,http://purl.obolibrary.org/obo/CL_0000499,26,true,http://purl.obolibrary.org/obo/CL_0002320,connective tissue cell,http://purl.obolibrary.org/obo/CL_0000499,stromal cell
sc_transcriptomics,popv,"naive thymus-derived CD4-positive, alpha-beta T cell",http://purl.obolibrary.org/obo/CL_0000895,26,true,http://purl.obolibrary.org/obo/CL_0000988,hematopoietic cell,http://purl.obolibrary.org/obo/CL_0000084,T cell
sc_transcriptomics,popv,bladder urothelial cell,http://purl.obolibrary.org/obo/CL_1001428,26,true,http://purl.obolibrary.org/obo/CL_0000066,epithelial cell,,
sc_transcriptomics,popv,microvascular endothelial cell,http://purl.obolibrary.org/obo/CL_2000008,26,true,http://purl.obolibrary.org/obo/CL_0000115,endothelial cell,,
sc_transcriptomics,popv,innate lymphoid cell,http://purl.obolibrary.org/obo/CL_0001065,25,true,http://purl.obolibrary.org/obo/CL_0000988,hematopoietic cell,,
sc_transcriptomics,popv,regulatory T cell,http://purl.obolibrary.org/obo/CL_0000815,23,true,http://purl.obolibrary.org/obo/CL_0000988,hematopoietic cell,http://purl.obolibrary.org/obo/CL_0000084,T cell
sc_transcriptomics,popv,myofibroblast cell,http://purl.obolibrary.org/obo/CL_0000186,23,true,http://purl.obolibrary.org/obo/CL_0002320,connective tissue cell,,
sc_transcriptomics,popv,"naive thymus-derived CD8-positive, alpha-beta T cell",http://purl.obolibrary.org/obo/CL_0000900,21,true,http://purl.obolibrary.org/obo/CL_0000988,hematopoietic cell,http://purl.obolibrary.org/obo/CL_0000084,T cell
sc_transcriptomics,popv,CD141-positive myeloid dendritic cell,http://purl.obolibrary.org/obo/CL_0002394,20,true,http://purl.obolibrary.org/obo/CL_0000988,hematopoietic cell,http://purl.obolibrary.org/obo/CL_0000451,dendritic cell
sc_transcriptomics,popv,platelet,http://purl.obolibrary.org/obo/CL_0000233,20,true,http://purl.obolibrary.org/obo/CL_0000988,hematopoietic cell,http://purl.obolibrary.org/obo/CL_0000081,blood cell
sc_transcriptomics,popv,naive B cell,http://purl.obolibrary.org/obo/CL_0000788,20,true,http://purl.obolibrary.org/obo/CL_0000988,hematopoietic cell,http://purl.obolibrary.org/obo/CL_0000236,B cell
sc_transcriptomics,popv,memory B cell,http://purl.obolibrary.org/obo/CL_0000787,20,true,http://purl.obolibrary.org/obo/CL_0000988,hematopoietic cell,http://purl.obolibrary.org/obo/CL_0000236,B cell
sc_transcriptomics,popv,CD4-positive helper T cell,http://purl.obolibrary.org/obo/CL_0000492,20,true,http://purl.obolibrary.org/obo/CL_0000988,hematopoietic cell,http://purl.obolibrary.org/obo/CL_0000084,T cell
sc_transcriptomics,popv,"CD8-positive, alpha-beta cytotoxic T cell",http://purl.obolibrary.org/obo/CL_0000794,20,true,http://purl.obolibrary.org/obo/CL_0000988,hematopoietic cell,http://purl.obolibrary.org/obo/CL_0000084,T cell
sc_transcriptomics,popv,liver dendritic cell,http://purl.obolibrary.org/obo/CL_2000055,19,true,http://purl.obolibrary.org/obo/CL_0000988,hematopoietic cell,http://purl.obolibrary.org/obo/CL_0000451,dendritic cell
sc_transcriptomics,popv,hepatocyte,http://purl.obolibrary.org/obo/CL_0000182,19,true,http://purl.obolibrary.org/obo/CL_0000066,epithelial cell,,
sc_transcriptomics,popv,endothelial cell of hepatic sinusoid,http://purl.obolibrary.org/obo/CL_1000398,19,true,http://purl.obolibrary.org/obo/CL_0000115,endothelial cell,,
sc_transcriptomics,popv,intrahepatic cholangiocyte,http://purl.obolibrary.org/obo/CL_0002538,19,true,http://purl.obolibrary.org/obo/CL_0000066,epithelial cell,,
sc_transcriptomics,popv,luminal cell of prostate epithelium,http://purl.obolibrary.org/obo/CL_0002340,18,true,http://purl.obolibrary.org/obo/CL_0000066,epithelial cell,,
sc_transcriptomics,popv,basal cell of prostate epithelium,http://purl.obolibrary.org/obo/CL_0002341,18,true,http://purl.obolibrary.org/obo/CL_0000066,epithelial cell,,
sc_transcriptomics,popv,type I NK T cell,http://purl.obolibrary.org/obo/CL_0000921,17,true,http://purl.obolibrary.org/obo/CL_0000988,hematopoietic cell,http://purl.obolibrary.org/obo/CL_0000084,T cell
sc_transcriptomics,popv,CD1c-positive myeloid dendritic cell,http://purl.obolibrary.org/obo/CL_0002399,17,true,http://purl.obolibrary.org/obo/CL_0000988,hematopoietic cell,http://purl.obolibrary.org/obo/CL_0000451,dendritic cell
sc_transcriptomics,popv,bronchial epithelial cell,http://purl.obolibrary.org/obo/CL_0002328,17,true,http://purl.obolibrary.org/obo/CL_0000066,epithelial cell,,
sc_transcriptomics,popv,hematopoietic stem cell,http://purl.obolibrary.org/obo/CL_0000037,17,true,http://purl.obolibrary.org/obo/CL_0000988,hematopoietic cell,,
sc_transcriptomics,popv,erythroid progenitor cell,http://purl.obolibrary.org/obo/CL_0000038,15,true,http://purl.obolibrary.org/obo/CL_0000988,hematopoietic cell,,
sc_transcriptomics,popv,basal cell,http://purl.obolibrary.org/obo/CL_0000646,14,true,http://purl.obolibrary.org/obo/CL_0000034,stem cell,,
sc_transcriptomics,popv,luminal epithelial cell of mammary gland,http://purl.obolibrary.org/obo/CL_0002326,14,true,http://purl.obolibrary.org/obo/CL_0000066,epithelial cell,,
sc_transcriptomics,popv,fibroblast of breast,http://purl.obolibrary.org/obo/CL_4006000,13,true,http://purl.obolibrary.org/obo/CL_0002320,connective tissue cell,http://purl.obolibrary.org/obo/CL_0000499,stromal cell
sc_transcriptomics,popv,DN3 thymocyte,http://purl.obolibrary.org/obo/CL_0000807,12,true,http://purl.obolibrary.org/obo/CL_0000988,hematopoietic cell,http://purl.obolibrary.org/obo/CL_0000084,T cell
sc_transcriptomics,popv,DN4 thymocyte,http://purl.obolibrary.org/obo/CL_0000808,12,true,http://purl.obolibrary.org/obo/CL_0000988,hematopoietic cell,http://purl.obolibrary.org/obo/CL_0000084,T cell
sc_transcriptomics,popv,naive regulatory T cell,http://purl.obolibrary.org/obo/CL_0002677,12,true,http://purl.obolibrary.org/obo/CL_0000988,hematopoietic cell,http://purl.obolibrary.org/obo/CL_0000084,T cell
sc_transcriptomics,popv,DN1 thymic pro-T cell,http://purl.obolibrary.org/obo/CL_0000894,12,true,http://purl.obolibrary.org/obo/CL_0000988,hematopoietic cell,,
sc_transcriptomics,popv,medullary thymic epithelial cell,http://purl.obolibrary.org/obo/CL_0002365,12,true,http://purl.obolibrary.org/obo/CL_0000066,epithelial cell,,
sc_transcriptomics,popv,T follicular helper cell,http://purl.obolibrary.org/obo/CL_0002038,11,true,http://purl.obolibrary.org/obo/CL_0000988,hematopoietic cell,http://purl.obolibrary.org/obo/CL_0000084,T cell
sc_transcriptomics,popv,colon epithelial cell,http://purl.obolibrary.org/obo/CL_0011108,11,true,http://purl.obolibrary.org/obo/CL_0000066,epithelial cell,,
sc_transcriptomics,popv,ciliated epithelial cell,http://purl.obolibrary.org/obo/CL_0000067,10,true,http://purl.obolibrary.org/obo/CL_0000066,epithelial cell,,
sc_transcriptomics,popv,Langerhans cell,http://purl.obolibrary.org/obo/CL_0000453,8,true,http://purl.obolibrary.org/obo/CL_0000988,hematopoietic cell,http://purl.obolibrary.org/obo/CL_0000451,dendritic cell
sc_transcriptomics,popv,melanocyte,http://purl.obolibrary.org/obo/CL_0000148,8,true,http://purl.obolibrary.org/obo/CL_0000148,melanocyte,,
sc_transcriptomics,popv,muscle cell,http://purl.obolibrary.org/obo/CL_0000187,8,true,http://purl.obolibrary.org/obo/CL_0000187,muscle cell,,
sc_transcriptomics,popv,pancreatic stellate cell,http://purl.obolibrary.org/obo/CL_0002410,7,true,http://purl.obolibrary.org/obo/CL_0002320,connective tissue cell,http://purl.obolibrary.org/obo/CL_0000499,stromal cell
sc_transcriptomics,popv,type B pancreatic cell,http://purl.obolibrary.org/obo/CL_0000169,7,true,http://purl.obolibrary.org/obo/CL_0000066,epithelial cell,,
sc_transcriptomics,popv,pancreatic PP cell,http://purl.obolibrary.org/obo/CL_0002275,7,true,http://purl.obolibrary.org/obo/CL_0000066,epithelial cell,,
sc_transcriptomics,popv,myeloid cell,http://purl.obolibrary.org/obo/CL_0000763,7,true,http://purl.obolibrary.org/obo/CL_0000988,hematopoietic cell,,
sc_transcriptomics,popv,pancreatic acinar cell,http://purl.obolibrary.org/obo/CL_0002064,7,true,http://purl.obolibrary.org/obo/CL_0000152,exocrine cell,,
sc_transcriptomics,popv,pancreatic ductal cell,http://purl.obolibrary.org/obo/CL_0002079,7,true,http://purl.obolibrary.org/obo/CL_0000066,epithelial cell,,
sc_transcriptomics,popv,leukocyte,http://purl.obolibrary.org/obo/CL_0000738,6,true,http://purl.obolibrary.org/obo/CL_0000988,hematopoietic cell,,
sc_transcriptomics,popv,epithelial cell of small intestine,http://purl.obolibrary.org/obo/CL_0002254,4,true,http://purl.obolibrary.org/obo/CL_0000066,epithelial cell,,
sc_transcriptomics,popv,conventional dendritic cell,http://purl.obolibrary.org/obo/CL_0000990,3,true,http://purl.obolibrary.org/obo/CL_0000988,hematopoietic cell,http://purl.obolibrary.org/obo/CL_0000451,dendritic cell
sc_proteomics,sc_proteomics,transit amplifying cell,http://purl.obolibrary.org/obo/CL_0009010,271,false,,,,
sc_proteomics,sc_proteomics,cell,http://purl.obolibrary.org/obo/CL_0000000,144,false,,,,
sc_proteomics,sc_proteomics,neoplastic cell,http://purl.obolibrary.org/obo/CL_0001063,31,false,,,,
sc_transcriptomics,azimuth,papillary tips cell,http://purl.obolibrary.org/obo/CL_1000597,195,false,,,,
sc_transcriptomics,celltypist,tracheobronchial serous cell,http://purl.obolibrary.org/obo/CL_0019001,251,false,,,,
sc_transcriptomics,celltypist,mucus secreting cell,http://purl.obolibrary.org/obo/CL_0000319,216,false,,,,
sc_transcriptomics,celltypist,progenitor cell,http://purl.obolibrary.org/obo/CL_0011026,157,false,,,,
sc_transcriptomics,celltypist,mesodermal cell,http://purl.obolibrary.org/obo/CL_0000222,148,false,,,,
sc_transcriptomics,celltypist,neuroblast (sensu Vertebrata),http://purl.obolibrary.org/obo/CL_0000031,138,false,,,,
sc_transcriptomics,celltypist,cell,http://purl.obolibrary.org/obo/CL_0000000,136,false,,,,
sc_transcriptomics,celltypist,neural progenitor cell,http://purl.obolibrary.org/obo/CL_0011020,112,false,,,,
sc_transcriptomics,celltypist,cycling neuroblast (sensu Vertebrata),http://purl.obolibrary.org/obo/CL_4047005,93,false,,,,
sc_transcriptomics,celltypist,atrioventricular bundle cell,http://purl.obolibrary.org/obo/CL_0010005,27,false,,,,
sc_transcriptomics,celltypist,corneocyte,http://purl.obolibrary.org/obo/CL_0002153,8,false,,,,
sc_transcriptomics,frmatch,obsolete epithelial cell of alveolus of lung,http://purl.obolibrary.org/obo/CL_0010003,227,false,,,,
sc_transcriptomics,frmatch,tracheobronchial serous cell,http://purl.obolibrary.org/obo/CL_0019001,208,false,,,,
sc_transcriptomics,frmatch,serous secreting cell,http://purl.obolibrary.org/obo/CL_0000313,202,false,,,,
sc_transcriptomics,pan-human-azimuth,mesenchymal cell,http://purl.obolibrary.org/obo/CL_0008019,137,false,,,,
sc_transcriptomics,pan-human-azimuth,Leydig cell,http://purl.obolibrary.org/obo/CL_0000178,76,false,,,,
sc_transcriptomics,pan-human-azimuth,cell of skeletal muscle,http://purl.obolibrary.org/obo/CL_0000188,64,false,,,,
sc_transcriptomics,pan-human-azimuth,mesodermal cell,http://purl.obolibrary.org/obo/CL_0000222,33,false,,,,
sc_transcriptomics,pan-human-azimuth,cell,http://purl.obolibrary.org/obo/CL_0000000,11,false,,,,
sc_transcriptomics,pan-human-azimuth,progenitor cell,http://purl.obolibrary.org/obo/CL_0011026,8,false,,,,
sc_transcriptomics,pan-human-azimuth,supporting cell,http://purl.obolibrary.org/obo/CL_0000630,4,false,,,,
sc_transcriptomics,pan-human-azimuth,perivascular cell,http://purl.obolibrary.org/obo/CL_4033054,4,false,,,,
sc_transcriptomics,popv,serous cell of epithelium of bronchus,http://purl.obolibrary.org/obo/CL_1000331,26,false,,,,
