cell_label,cell_id,is_mapped,level_1_cell_id,level_1_cell_label,level_2_cell_id,level_2_cell_label
neural crest derived fibroblast,http://purl.obolibrary.org/obo/CL_0000005,true,http://purl.obolibrary.org/obo/CL_0002320,connective tissue cell,http://purl.obolibrary.org/obo/CL_0000499,stromal cell
neuronal receptor cell,http://purl.obolibrary.org/obo/CL_0000006,true,http://purl.obolibrary.org/obo/CL_0002319,neural cell,http://purl.obolibrary.org/obo/CL_0000540,neuron
migratory cranial neural crest cell,http://purl.obolibrary.org/obo/CL_0000008,true,http://purl.obolibrary.org/obo/CL_0000034,stem cell,,
migratory trunk neural crest cell,http://purl.obolibrary.org/obo/CL_0000011,true,http://purl.obolibrary.org/obo/CL_0000034,stem cell,,
germ line stem cell,http://purl.obolibrary.org/obo/CL_0000014,true,http://purl.obolibrary.org/obo/CL_0000034,stem cell,,
male germ cell,http://purl.obolibrary.org/obo/CL_0000015,true,http://purl.obolibrary.org/obo/CL_0000039,germ line cell,,
male germ line stem cell,http://purl.obolibrary.org/obo/CL_0000016,true,http://purl.obolibrary.org/obo/CL_0000034,stem cell,,
spermatocyte,http://purl.obolibrary.org/obo/CL_0000017,true,http://purl.obolibrary.org/obo/CL_0000039,germ line cell,,
spermatid,http://purl.obolibrary.org/obo/CL_0000018,true,http://purl.obolibrary.org/obo/CL_0000039,germ line cell,,
sperm,http://purl.obolibrary.org/obo/CL_0000019,true,http://purl.obolibrary.org/obo/CL_0000039,germ line cell,,
spermatogonium,http://purl.obolibrary.org/obo/CL_0000020,true,http://purl.obolibrary.org/obo/CL_0000039,germ line cell,,
female germ cell,http://purl.obolibrary.org/obo/CL_0000021,true,http://purl.obolibrary.org/obo/CL_0000039,germ line cell,,
female germ line stem cell,http://purl.obolibrary.org/obo/CL_0000022,true,http://purl.obolibrary.org/obo/CL_0000034,stem cell,,
oocyte,http://purl.obolibrary.org/obo/CL_0000023,true,http://purl.obolibrary.org/obo/CL_0000039,germ line cell,,
oogonial cell,http://purl.obolibrary.org/obo/CL_0000024,true,http://purl.obolibrary.org/obo/CL_0000039,germ line cell,,
egg cell,http://purl.obolibrary.org/obo/CL_0000025,true,http://purl.obolibrary.org/obo/CL_0000039,germ line cell,,
invertebrate nurse cell,http://purl.obolibrary.org/obo/CL_0000026,true,http://purl.obolibrary.org/obo/CL_0000039,germ line cell,,
smooth muscle cell neural crest derived,http://purl.obolibrary.org/obo/CL_0000027,true,http://purl.obolibrary.org/obo/CL_0000187,muscle cell,,
CNS neuron (sensu Nematoda and Protostomia),http://purl.obolibrary.org/obo/CL_0000028,true,http://purl.obolibrary.org/obo/CL_0002319,neural cell,http://purl.obolibrary.org/obo/CL_0000540,neuron
neural crest derived neuron,http://purl.obolibrary.org/obo/CL_0000029,true,http://purl.obolibrary.org/obo/CL_0002319,neural cell,http://purl.obolibrary.org/obo/CL_0000540,neuron
apocrine cell,http://purl.obolibrary.org/obo/CL_0000033,true,http://purl.obolibrary.org/obo/CL_0000152,exocrine cell,,
stem cell,http://purl.obolibrary.org/obo/CL_0000034,true,http://purl.obolibrary.org/obo/CL_0000034,stem cell,,
single fate stem cell,http://purl.obolibrary.org/obo/CL_0000035,true,http://purl.obolibrary.org/obo/CL_0000034,stem cell,,
epithelial fate stem cell,http://purl.obolibrary.org/obo/CL_0000036,true,http://purl.obolibrary.org/obo/CL_0000034,stem cell,,
hematopoietic stem cell,http://purl.obolibrary.org/obo/CL_0000037,true,http://purl.obolibrary.org/obo/CL_0000034,stem cell,,
erythroid progenitor cell,http://purl.obolibrary.org/obo/CL_0000038,true,http://purl.obolibrary.org/obo/CL_0000988,hematopoietic cell,,
germ line cell,http://purl.obolibrary.org/obo/CL_0000039,true,http://purl.obolibrary.org/obo/CL_0000039,germ line cell,,
monoblast,http://purl.obolibrary.org/obo/CL_0000040,true,http://purl.obolibrary.org/obo/CL_0000988,hematopoietic cell,,
mature eosinophil,http://purl.obolibrary.org/obo/CL_0000041,true,http://purl.obolibrary.org/obo/CL_0000988,hematopoietic cell,http://purl.obolibrary.org/obo/CL_0000081,blood cell
neutrophilic myeloblast,http://purl.obolibrary.org/obo/CL_0000042,true,http://purl.obolibrary.org/obo/CL_0000988,hematopoietic cell,,
mature basophil,http://purl.obolibrary.org/obo/CL_0000043,true,http://purl.obolibrary.org/obo/CL_0000988,hematopoietic cell,http://purl.obolibrary.org/obo/CL_0000081,blood cell
neural stem cell,http://purl.obolibrary.org/obo/CL_0000047,true,http://purl.obolibrary.org/obo/CL_0002319,neural cell,,
multi fate stem cell,http://purl.obolibrary.org/obo/CL_0000048,true,http://purl.obolibrary.org/obo/CL_0000034,stem cell,,
common myeloid progenitor,http://purl.obolibrary.org/obo/CL_0000049,true,http://purl.obolibrary.org/obo/CL_0000988,hematopoietic cell,,
megakaryocyte-erythroid progenitor cell,http://purl.obolibrary.org/obo/CL_0000050,true,http://purl.obolibrary.org/obo/CL_0000988,hematopoietic cell,,
common lymphoid progenitor,http://purl.obolibrary.org/obo/CL_0000051,true,http://purl.obolibrary.org/obo/CL_0000988,hematopoietic cell,,
totipotent stem cell,http://purl.obolibrary.org/obo/CL_0000052,true,http://purl.obolibrary.org/obo/CL_0000034,stem cell,,
fibroblast,http://purl.obolibrary.org/obo/CL_0000057,true,http://purl.obolibrary.org/obo/CL_0002320,connective tissue cell,http://purl.obolibrary.org/obo/CL_0000499,stromal cell
chondroblast,http://purl.obolibrary.org/obo/CL_0000058,true,http://purl.obolibrary.org/obo/CL_0002320,connective tissue cell,,
ameloblast,http://purl.obolibrary.org/obo/CL_0000059,true,http://purl.obolibrary.org/obo/CL_0000066,epithelial cell,,
odontoblast,http://purl.obolibrary.org/obo/CL_0000060,true,http://purl.obolibrary.org/obo/CL_0000066,epithelial cell,,
cementoblast,http://purl.obolibrary.org/obo/CL_0000061,true,http://purl.obolibrary.org/obo/CL_0002320,connective tissue cell,,
osteoblast,http://purl.obolibrary.org/obo/CL_0000062,true,http://purl.obolibrary.org/obo/CL_0002320,connective tissue cell,,
ependymal cell,http://purl.obolibrary.org/obo/CL_0000065,true,http://purl.obolibrary.org/obo/CL_0002319,neural cell,http://purl.obolibrary.org/obo/CL_0000125,glial cell
epithelial cell,http://purl.obolibrary.org/obo/CL_0000066,true,http://purl.obolibrary.org/obo/CL_0000066,epithelial cell,,
ciliated epithelial cell,http://purl.obolibrary.org/obo/CL_0000067,true,http://purl.obolibrary.org/obo/CL_0000066,epithelial cell,,
duct epithelial cell,http://purl.obolibrary.org/obo/CL_0000068,true,http://purl.obolibrary.org/obo/CL_0000066,epithelial cell,,
branched duct epithelial cell,http://purl.obolibrary.org/obo/CL_0000069,true,http://purl.obolibrary.org/obo/CL_0000066,epithelial cell,,
blood vessel endothelial cell,http://purl.obolibrary.org/obo/CL_0000071,true,http://purl.obolibrary.org/obo/CL_0000115,endothelial cell,,
non-branched duct epithelial cell,http://purl.obolibrary.org/obo/CL_0000072,true,http://purl.obolibrary.org/obo/CL_0000066,epithelial cell,,
columnar/cuboidal epithelial cell,http://purl.obolibrary.org/obo/CL_0000075,true,http://purl.obolibrary.org/obo/CL_0000066,epithelial cell,,
squamous epithelial cell,http://purl.obolibrary.org/obo/CL_0000076,true,http://purl.obolibrary.org/obo/CL_0000066,epithelial cell,,
mesothelial cell,http://purl.obolibrary.org/obo/CL_0000077,true,http://purl.obolibrary.org/obo/CL_0000066,epithelial cell,,
peridermal cell,http://purl.obolibrary.org/obo/CL_0000078,true,http://purl.obolibrary.org/obo/CL_0000066,epithelial cell,,
stratified epithelial cell,http://purl.obolibrary.org/obo/CL_0000079,true,http://purl.obolibrary.org/obo/CL_0000066,epithelial cell,,
blood cell,http://purl.obolibrary.org/obo/CL_0000081,true,http://purl.obolibrary.org/obo/CL_0000988,hematopoietic cell,http://purl.obolibrary.org/obo/CL_0000081,blood cell
epithelial cell of lung,http://purl.obolibrary.org/obo/CL_0000082,true,http://purl.obolibrary.org/obo/CL_0000066,epithelial cell,,
epithelial cell of pancreas,http://purl.obolibrary.org/obo/CL_0000083,true,http://purl.obolibrary.org/obo/CL_0000066,epithelial cell,,
T cell,http://purl.obolibrary.org/obo/CL_0000084,true,http://purl.obolibrary.org/obo/CL_0000988,hematopoietic cell,http://purl.obolibrary.org/obo/CL_0000084,T cell
Kupffer cell,http://purl.obolibrary.org/obo/CL_0000091,true,http://purl.obolibrary.org/obo/CL_0000988,hematopoietic cell,http://purl.obolibrary.org/obo/CL_0000235,macrophage
osteoclast,http://purl.obolibrary.org/obo/CL_0000092,true,http://purl.obolibrary.org/obo/CL_0001035,bone cell,,
granulocyte,http://purl.obolibrary.org/obo/CL_0000094,true,http://purl.obolibrary.org/obo/CL_0000988,hematopoietic cell,http://purl.obolibrary.org/obo/CL_0000081,blood cell
neuron associated cell,http://purl.obolibrary.org/obo/CL_0000095,true,http://purl.obolibrary.org/obo/CL_0002319,neural cell,,
mature neutrophil,http://purl.obolibrary.org/obo/CL_0000096,true,http://purl.obolibrary.org/obo/CL_0000988,hematopoietic cell,http://purl.obolibrary.org/obo/CL_0000081,blood cell
mast cell,http://purl.obolibrary.org/obo/CL_0000097,true,http://purl.obolibrary.org/obo/CL_0000988,hematopoietic cell,,
sensory epithelial cell,http://purl.obolibrary.org/obo/CL_0000098,true,http://purl.obolibrary.org/obo/CL_0000066,epithelial cell,,
interneuron,http://purl.obolibrary.org/obo/CL_0000099,true,http://purl.obolibrary.org/obo/CL_0002319,neural cell,http://purl.obolibrary.org/obo/CL_0000540,neuron
motor neuron,http://purl.obolibrary.org/obo/CL_0000100,true,http://purl.obolibrary.org/obo/CL_0002319,neural cell,http://purl.obolibrary.org/obo/CL_0000540,neuron
sensory neuron,http://purl.obolibrary.org/obo/CL_0000101,true,http://purl.obolibrary.org/obo/CL_0002319,neural cell,http://purl.obolibrary.org/obo/CL_0000540,neuron
polymodal neuron,http://purl.obolibrary.org/obo/CL_0000102,true,http://purl.obolibrary.org/obo/CL_0002319,neural cell,http://purl.obolibrary.org/obo/CL_0000540,neuron
bipolar neuron,http://purl.obolibrary.org/obo/CL_0000103,true,http://purl.obolibrary.org/obo/CL_0002319,neural cell,http://purl.obolibrary.org/obo/CL_0000540,neuron
multipolar neuron,http://purl.obolibrary.org/obo/CL_0000104,true,http://purl.obolibrary.org/obo/CL_0002319,neural cell,http://purl.obolibrary.org/obo/CL_0000540,neuron
pseudounipolar neuron,http://purl.obolibrary.org/obo/CL_0000105,true,http://purl.obolibrary.org/obo/CL_0002319,neural cell,http://purl.obolibrary.org/obo/CL_0000540,neuron
unipolar neuron,http://purl.obolibrary.org/obo/CL_0000106,true,http://purl.obolibrary.org/obo/CL_0002319,neural cell,http://purl.obolibrary.org/obo/CL_0000540,neuron
autonomic neuron,http://purl.obolibrary.org/obo/CL_0000107,true,http://purl.obolibrary.org/obo/CL_0002319,neural cell,http://purl.obolibrary.org/obo/CL_0000540,neuron
cholinergic neuron,http://purl.obolibrary.org/obo/CL_0000108,true,http://purl.obolibrary.org/obo/CL_0002319,neural cell,http://purl.obolibrary.org/obo/CL_0000540,neuron
adrenergic neuron,http://purl.obolibrary.org/obo/CL_0000109,true,http://purl.obolibrary.org/obo/CL_0002319,neural cell,http://purl.obolibrary.org/obo/CL_0000540,neuron
peptidergic neuron,http://purl.obolibrary.org/obo/CL_0000110,true,http://purl.obolibrary.org/obo/CL_0002319,neural cell,http://purl.obolibrary.org/obo/CL_0000540,neuron
columnar neuron,http://purl.obolibrary.org/obo/CL_0000112,true,http://purl.obolibrary.org/obo/CL_0002319,neural cell,http://purl.obolibrary.org/obo/CL_0000540,neuron
mononuclear phagocyte,http://purl.obolibrary.org/obo/CL_0000113,true,http://purl.obolibrary.org/obo/CL_0000988,hematopoietic cell,,
endothelial cell,http://purl.obolibrary.org/obo/CL_0000115,true,http://purl.obolibrary.org/obo/CL_0000115,endothelial cell,,
pioneer neuron,http://purl.obolibrary.org/obo/CL_0000116,true,http://purl.obolibrary.org/obo/CL_0002319,neural cell,http://purl.obolibrary.org/obo/CL_0000540,neuron
CNS neuron (sensu Vertebrata),http://purl.obolibrary.org/obo/CL_0000117,true,http://purl.obolibrary.org/obo/CL_0002319,neural cell,http://purl.obolibrary.org/obo/CL_0000540,neuron
basket cell,http://purl.obolibrary.org/obo/CL_0000118,true,http://purl.obolibrary.org/obo/CL_0002319,neural cell,http://purl.obolibrary.org/obo/CL_0000540,neuron
cerebellar Golgi cell,http://purl.obolibrary.org/obo/CL_0000119,true,http://purl.obolibrary.org/obo/CL_0002319,neural cell,http://purl.obolibrary.org/obo/CL_0000540,neuron
granule cell,http://purl.obolibrary.org/obo/CL_0000120,true,http://purl.obolibrary.org/obo/CL_0002319,neural cell,http://purl.obolibrary.org/obo/CL_0000540,neuron
Purkinje cell,http://purl.obolibrary.org/obo/CL_0000121,true,http://purl.obolibrary.org/obo/CL_0002319,neural cell,http://purl.obolibrary.org/obo/CL_0000540,neuron
stellate neuron,http://purl.obolibrary.org/obo/CL_0000122,true,http://purl.obolibrary.org/obo/CL_0002319,neural cell,http://purl.obolibrary.org/obo/CL_0000540,neuron
neuron associated cell (sensu Vertebrata),http://purl.obolibrary.org/obo/CL_0000123,true,http://purl.obolibrary.org/obo/CL_0002319,neural cell,,
glial cell,http://purl.obolibrary.org/obo/CL_0000125,true,http://purl.obolibrary.org/obo/CL_0002319,neural cell,http://purl.obolibrary.org/obo/CL_0000125,glial cell
macroglial cell,http://purl.obolibrary.org/obo/CL_0000126,true,http://purl.obolibrary.org/obo/CL_0002319,neural cell,http://purl.obolibrary.org/obo/CL_0000125,glial cell
astrocyte,http://purl.obolibrary.org/obo/CL_0000127,true,http://purl.obolibrary.org/obo/CL_0002319,neural cell,http://purl.obolibrary.org/obo/CL_0000125,glial cell
oligodendrocyte,http://purl.obolibrary.org/obo/CL_0000128,true,http://purl.obolibrary.org/obo/CL_0002319,neural cell,http://purl.obolibrary.org/obo/CL_0000125,glial cell
microglial cell,http://purl.obolibrary.org/obo/CL_0000129,true,http://purl.obolibrary.org/obo/CL_0002319,neural cell,http://purl.obolibrary.org/obo/CL_0000125,glial cell
neuron associated cell (sensu Nematoda and Protostomia),http://purl.obolibrary.org/obo/CL_0000130,true,http://purl.obolibrary.org/obo/CL_0002319,neural cell,,
gut endothelial cell,http://purl.obolibrary.org/obo/CL_0000131,true,http://purl.obolibrary.org/obo/CL_0000115,endothelial cell,,
corneal endothelial cell,http://purl.obolibrary.org/obo/CL_0000132,true,http://purl.obolibrary.org/obo/CL_0000115,endothelial cell,,
mesenchymal stem cell,http://purl.obolibrary.org/obo/CL_0000134,true,http://purl.obolibrary.org/obo/CL_0000034,stem cell,,
fibrocyte,http://purl.obolibrary.org/obo/CL_0000135,true,http://purl.obolibrary.org/obo/CL_0002320,connective tissue cell,http://purl.obolibrary.org/obo/CL_0000499,stromal cell
adipocyte,http://purl.obolibrary.org/obo/CL_0000136,true,http://purl.obolibrary.org/obo/CL_0002320,connective tissue cell,http://purl.obolibrary.org/obo/CL_0000136,adipocyte
osteocyte,http://purl.obolibrary.org/obo/CL_0000137,true,http://purl.obolibrary.org/obo/CL_0001035,bone cell,,
chondrocyte,http://purl.obolibrary.org/obo/CL_0000138,true,http://purl.obolibrary.org/obo/CL_0002320,connective tissue cell,http://purl.obolibrary.org/obo/CL_0000499,stromal cell
odontocyte,http://purl.obolibrary.org/obo/CL_0000140,true,http://purl.obolibrary.org/obo/CL_0002320,connective tissue cell,,
cementocyte,http://purl.obolibrary.org/obo/CL_0000141,true,http://purl.obolibrary.org/obo/CL_0001035,bone cell,,
hyalocyte,http://purl.obolibrary.org/obo/CL_0000142,true,http://purl.obolibrary.org/obo/CL_0002320,connective tissue cell,http://purl.obolibrary.org/obo/CL_0000499,stromal cell
guidepost cell,http://purl.obolibrary.org/obo/CL_0000143,true,http://purl.obolibrary.org/obo/CL_0002319,neural cell,,
professional antigen presenting cell,http://purl.obolibrary.org/obo/CL_0000145,true,http://purl.obolibrary.org/obo/CL_0000988,hematopoietic cell,,
simple columnar epithelial cell,http://purl.obolibrary.org/obo/CL_0000146,true,http://purl.obolibrary.org/obo/CL_0000066,epithelial cell,,
melanocyte,http://purl.obolibrary.org/obo/CL_0000148,true,http://purl.obolibrary.org/obo/CL_0000148,melanocyte,,
glandular secretory epithelial cell,http://purl.obolibrary.org/obo/CL_0000150,true,http://purl.obolibrary.org/obo/CL_0000066,epithelial cell,,
exocrine cell,http://purl.obolibrary.org/obo/CL_0000152,true,http://purl.obolibrary.org/obo/CL_0000152,exocrine cell,,
glycosaminoglycan secreting cell,http://purl.obolibrary.org/obo/CL_0000153,true,http://purl.obolibrary.org/obo/CL_0002320,connective tissue cell,http://purl.obolibrary.org/obo/CL_0000499,stromal cell
peptic cell,http://purl.obolibrary.org/obo/CL_0000155,true,http://purl.obolibrary.org/obo/CL_0000152,exocrine cell,,
club cell,http://purl.obolibrary.org/obo/CL_0000158,true,http://purl.obolibrary.org/obo/CL_0000066,epithelial cell,,
goblet cell,http://purl.obolibrary.org/obo/CL_0000160,true,http://purl.obolibrary.org/obo/CL_0000066,epithelial cell,,
parietal cell,http://purl.obolibrary.org/obo/CL_0000162,true,http://purl.obolibrary.org/obo/CL_0000152,exocrine cell,,
enteroendocrine cell,http://purl.obolibrary.org/obo/CL_0000164,true,http://purl.obolibrary.org/obo/CL_0000066,epithelial cell,,
neuroendocrine cell,http://purl.obolibrary.org/obo/CL_0000165,true,http://purl.obolibrary.org/obo/CL_0002319,neural cell,http://purl.obolibrary.org/obo/CL_0000540,neuron
chromaffin cell,http://purl.obolibrary.org/obo/CL_0000166,true,http://purl.obolibrary.org/obo/CL_0002319,neural cell,http://purl.obolibrary.org/obo/CL_0000540,neuron
type B pancreatic cell,http://purl.obolibrary.org/obo/CL_0000169,true,http://purl.obolibrary.org/obo/CL_0000066,epithelial cell,,
pancreatic A cell,http://purl.obolibrary.org/obo/CL_0000171,true,http://purl.obolibrary.org/obo/CL_0000066,epithelial cell,,
pancreatic D cell,http://purl.obolibrary.org/obo/CL_0000173,true,http://purl.obolibrary.org/obo/CL_0002319,neural cell,http://purl.obolibrary.org/obo/CL_0000540,neuron
hepatocyte,http://purl.obolibrary.org/obo/CL_0000182,true,http://purl.obolibrary.org/obo/CL_0000066,epithelial cell,,
myoepithelial cell,http://purl.obolibrary.org/obo/CL_0000185,true,http://purl.obolibrary.org/obo/CL_0000066,epithelial cell,,
myofibroblast cell,http://purl.obolibrary.org/obo/CL_0000186,true,http://purl.obolibrary.org/obo/CL_0002320,connective tissue cell,,
muscle cell,http://purl.obolibrary.org/obo/CL_0000187,true,http://purl.obolibrary.org/obo/CL_0000187,muscle cell,,
slow muscle cell,http://purl.obolibrary.org/obo/CL_0000189,true,http://purl.obolibrary.org/obo/CL_0000187,muscle cell,,
fast muscle cell,http://purl.obolibrary.org/obo/CL_0000190,true,http://purl.obolibrary.org/obo/CL_0000187,muscle cell,,
smooth muscle cell,http://purl.obolibrary.org/obo/CL_0000192,true,http://purl.obolibrary.org/obo/CL_0000187,muscle cell,,
cardiac muscle cell (sensu Arthopoda),http://purl.obolibrary.org/obo/CL_0000193,true,http://purl.obolibrary.org/obo/CL_0000187,muscle cell,,
insect flight muscle cell,http://purl.obolibrary.org/obo/CL_0000196,true,http://purl.obolibrary.org/obo/CL_0000187,muscle cell,,
pain receptor cell,http://purl.obolibrary.org/obo/CL_0000198,true,http://purl.obolibrary.org/obo/CL_0002319,neural cell,http://purl.obolibrary.org/obo/CL_0000540,neuron
mechanoreceptor cell,http://purl.obolibrary.org/obo/CL_0000199,true,http://purl.obolibrary.org/obo/CL_0002319,neural cell,http://purl.obolibrary.org/obo/CL_0000540,neuron
touch receptor cell,http://purl.obolibrary.org/obo/CL_0000200,true,http://purl.obolibrary.org/obo/CL_0002319,neural cell,http://purl.obolibrary.org/obo/CL_0000540,neuron
auditory hair cell,http://purl.obolibrary.org/obo/CL_0000202,true,http://purl.obolibrary.org/obo/CL_0002319,neural cell,http://purl.obolibrary.org/obo/CL_0000540,neuron
gravity sensitive cell,http://purl.obolibrary.org/obo/CL_0000203,true,http://purl.obolibrary.org/obo/CL_0002319,neural cell,http://purl.obolibrary.org/obo/CL_0000540,neuron
acceleration receptive cell,http://purl.obolibrary.org/obo/CL_0000204,true,http://purl.obolibrary.org/obo/CL_0002319,neural cell,http://purl.obolibrary.org/obo/CL_0000540,neuron
thermoreceptor cell,http://purl.obolibrary.org/obo/CL_0000205,true,http://purl.obolibrary.org/obo/CL_0002319,neural cell,http://purl.obolibrary.org/obo/CL_0000540,neuron
olfactory receptor cell,http://purl.obolibrary.org/obo/CL_0000207,true,http://purl.obolibrary.org/obo/CL_0002319,neural cell,http://purl.obolibrary.org/obo/CL_0000540,neuron
taste receptor cell,http://purl.obolibrary.org/obo/CL_0000209,true,http://purl.obolibrary.org/obo/CL_0000066,epithelial cell,,
photoreceptor cell,http://purl.obolibrary.org/obo/CL_0000210,true,http://purl.obolibrary.org/obo/CL_0002319,neural cell,http://purl.obolibrary.org/obo/CL_0000540,neuron
synovial cell,http://purl.obolibrary.org/obo/CL_0000214,true,http://purl.obolibrary.org/obo/CL_0000066,epithelial cell,,
Sertoli cell,http://purl.obolibrary.org/obo/CL_0000216,true,http://purl.obolibrary.org/obo/CL_0000066,epithelial cell,,
myelinating Schwann cell,http://purl.obolibrary.org/obo/CL_0000218,true,http://purl.obolibrary.org/obo/CL_0002319,neural cell,http://purl.obolibrary.org/obo/CL_0000125,glial cell
erythrocyte,http://purl.obolibrary.org/obo/CL_0000232,true,http://purl.obolibrary.org/obo/CL_0000988,hematopoietic cell,http://purl.obolibrary.org/obo/CL_0000081,blood cell
platelet,http://purl.obolibrary.org/obo/CL_0000233,true,http://purl.obolibrary.org/obo/CL_0000988,hematopoietic cell,http://purl.obolibrary.org/obo/CL_0000081,blood cell
macrophage,http://purl.obolibrary.org/obo/CL_0000235,true,http://purl.obolibrary.org/obo/CL_0000988,hematopoietic cell,http://purl.obolibrary.org/obo/CL_0000235,macrophage
B cell,http://purl.obolibrary.org/obo/CL_0000236,true,http://purl.obolibrary.org/obo/CL_0000988,hematopoietic cell,http://purl.obolibrary.org/obo/CL_0000236,B cell
keratinizing barrier epithelial cell,http://purl.obolibrary.org/obo/CL_0000237,true,http://purl.obolibrary.org/obo/CL_0000066,epithelial cell,,
non keratinizing barrier epithelial cell,http://purl.obolibrary.org/obo/CL_0000238,true,http://purl.obolibrary.org/obo/CL_0000066,epithelial cell,,
brush border epithelial cell,http://purl.obolibrary.org/obo/CL_0000239,true,http://purl.obolibrary.org/obo/CL_0000066,epithelial cell,,
stratified squamous epithelial cell,http://purl.obolibrary.org/obo/CL_0000240,true,http://purl.obolibrary.org/obo/CL_0000066,epithelial cell,,
stratified cuboidal epithelial cell,http://purl.obolibrary.org/obo/CL_0000241,true,http://purl.obolibrary.org/obo/CL_0000066,epithelial cell,,
Merkel cell,http://purl.obolibrary.org/obo/CL_0000242,true,http://purl.obolibrary.org/obo/CL_0000066,epithelial cell,,
transitional epithelial cell,http://purl.obolibrary.org/obo/CL_0000244,true,http://purl.obolibrary.org/obo/CL_0000066,epithelial cell,,
Mauthner neuron,http://purl.obolibrary.org/obo/CL_0000246,true,http://purl.obolibrary.org/obo/CL_0002319,neural cell,http://purl.obolibrary.org/obo/CL_0000540,neuron
Rohon-Beard neuron,http://purl.obolibrary.org/obo/CL_0000247,true,http://purl.obolibrary.org/obo/CL_0002319,neural cell,http://purl.obolibrary.org/obo/CL_0000540,neuron
extramedullary cell,http://purl.obolibrary.org/obo/CL_0000251,true,http://purl.obolibrary.org/obo/CL_0002319,neural cell,http://purl.obolibrary.org/obo/CL_0000540,neuron
eurydendroid cell,http://purl.obolibrary.org/obo/CL_0000253,true,http://purl.obolibrary.org/obo/CL_0002319,neural cell,http://purl.obolibrary.org/obo/CL_0000540,neuron
eye photoreceptor cell,http://purl.obolibrary.org/obo/CL_0000287,true,http://purl.obolibrary.org/obo/CL_0002319,neural cell,http://purl.obolibrary.org/obo/CL_0000540,neuron
gamete,http://purl.obolibrary.org/obo/CL_0000300,true,http://purl.obolibrary.org/obo/CL_0000039,germ line cell,,
pole cell,http://purl.obolibrary.org/obo/CL_0000301,true,http://purl.obolibrary.org/obo/CL_0000039,germ line cell,,
tracheal epithelial cell,http://purl.obolibrary.org/obo/CL_0000307,true,http://purl.obolibrary.org/obo/CL_0000066,epithelial cell,,
keratinocyte,http://purl.obolibrary.org/obo/CL_0000312,true,http://purl.obolibrary.org/obo/CL_0000066,epithelial cell,,
tear secreting cell,http://purl.obolibrary.org/obo/CL_0000315,true,http://purl.obolibrary.org/obo/CL_0000152,exocrine cell,,
sebocyte,http://purl.obolibrary.org/obo/CL_0000317,true,http://purl.obolibrary.org/obo/CL_0000152,exocrine cell,,
sweat secreting cell,http://purl.obolibrary.org/obo/CL_0000318,true,http://purl.obolibrary.org/obo/CL_0000066,epithelial cell,,
pulmonary alveolar epithelial cell,http://purl.obolibrary.org/obo/CL_0000322,true,http://purl.obolibrary.org/obo/CL_0000066,epithelial cell,,
metanephric mesenchyme stem cell,http://purl.obolibrary.org/obo/CL_0000324,true,http://purl.obolibrary.org/obo/CL_0002320,connective tissue cell,,
extracellular matrix secreting cell,http://purl.obolibrary.org/obo/CL_0000327,true,http://purl.obolibrary.org/obo/CL_0002320,connective tissue cell,http://purl.obolibrary.org/obo/CL_0000499,stromal cell
migratory neural crest cell,http://purl.obolibrary.org/obo/CL_0000333,true,http://purl.obolibrary.org/obo/CL_0000034,stem cell,,
adrenal medulla chromaffin cell,http://purl.obolibrary.org/obo/CL_0000336,true,http://purl.obolibrary.org/obo/CL_0002319,neural cell,http://purl.obolibrary.org/obo/CL_0000540,neuron
neuroblast (sensu Nematoda and Protostomia),http://purl.obolibrary.org/obo/CL_0000338,true,http://purl.obolibrary.org/obo/CL_0002319,neural cell,,
glioblast (sensu Vertebrata),http://purl.obolibrary.org/obo/CL_0000339,true,http://purl.obolibrary.org/obo/CL_0002319,neural cell,,
glioblast (sensu Nematoda and Protostomia),http://purl.obolibrary.org/obo/CL_0000340,true,http://purl.obolibrary.org/obo/CL_0002319,neural cell,,
hair follicle dermal papilla cell,http://purl.obolibrary.org/obo/CL_0000346,true,http://purl.obolibrary.org/obo/CL_0002320,connective tissue cell,,
extraembryonic cell,http://purl.obolibrary.org/obo/CL_0000349,true,http://purl.obolibrary.org/obo/CL_0000349,extraembryonic cell,,
amnioserosal cell,http://purl.obolibrary.org/obo/CL_0000350,true,http://purl.obolibrary.org/obo/CL_0000349,extraembryonic cell,,
trophoblast cell,http://purl.obolibrary.org/obo/CL_0000351,true,http://purl.obolibrary.org/obo/CL_0000349,extraembryonic cell,,
epiblast cell,http://purl.obolibrary.org/obo/CL_0000352,true,http://purl.obolibrary.org/obo/CL_0000034,stem cell,,
blastemal cell,http://purl.obolibrary.org/obo/CL_0000354,true,http://purl.obolibrary.org/obo/CL_0000034,stem cell,,
multi-potent skeletal muscle stem cell,http://purl.obolibrary.org/obo/CL_0000355,true,http://purl.obolibrary.org/obo/CL_0000034,stem cell,,
hair matrix stem cell,http://purl.obolibrary.org/obo/CL_0000356,true,http://purl.obolibrary.org/obo/CL_0000034,stem cell,,
stratified epithelial stem cell,http://purl.obolibrary.org/obo/CL_0000357,true,http://purl.obolibrary.org/obo/CL_0000034,stem cell,,
sphincter associated smooth muscle cell,http://purl.obolibrary.org/obo/CL_0000358,true,http://purl.obolibrary.org/obo/CL_0000187,muscle cell,,
vascular associated smooth muscle cell,http://purl.obolibrary.org/obo/CL_0000359,true,http://purl.obolibrary.org/obo/CL_0000187,muscle cell,,
epidermal cell,http://purl.obolibrary.org/obo/CL_0000362,true,http://purl.obolibrary.org/obo/CL_0000066,epithelial cell,,
tormogen cell,http://purl.obolibrary.org/obo/CL_0000372,true,http://purl.obolibrary.org/obo/CL_0000066,epithelial cell,,
trichogen cell,http://purl.obolibrary.org/obo/CL_0000374,true,http://purl.obolibrary.org/obo/CL_0000066,epithelial cell,,
humidity receptor cell,http://purl.obolibrary.org/obo/CL_0000376,true,http://purl.obolibrary.org/obo/CL_0002319,neural cell,http://purl.obolibrary.org/obo/CL_0000540,neuron
tracheoblast,http://purl.obolibrary.org/obo/CL_0000377,true,http://purl.obolibrary.org/obo/CL_0000066,epithelial cell,,
sensory processing neuron,http://purl.obolibrary.org/obo/CL_0000379,true,http://purl.obolibrary.org/obo/CL_0002319,neural cell,http://purl.obolibrary.org/obo/CL_0000540,neuron
nephrogenic mesenchyme stem cell,http://purl.obolibrary.org/obo/CL_0000383,true,http://purl.obolibrary.org/obo/CL_0002320,connective tissue cell,,
prohemocyte (sensu Nematoda and Protostomia),http://purl.obolibrary.org/obo/CL_0000385,true,http://purl.obolibrary.org/obo/CL_0000988,hematopoietic cell,,
hemocyte (sensu Arthropoda),http://purl.obolibrary.org/obo/CL_0000387,true,http://purl.obolibrary.org/obo/CL_0000988,hematopoietic cell,http://purl.obolibrary.org/obo/CL_0000081,blood cell
tendon cell,http://purl.obolibrary.org/obo/CL_0000388,true,http://purl.obolibrary.org/obo/CL_0002320,connective tissue cell,http://purl.obolibrary.org/obo/CL_0000499,stromal cell
socket cell (sensu Nematoda),http://purl.obolibrary.org/obo/CL_0000389,true,http://purl.obolibrary.org/obo/CL_0002320,connective tissue cell,http://purl.obolibrary.org/obo/CL_0000499,stromal cell
blood cell (sensu Nematoda and Protostomia),http://purl.obolibrary.org/obo/CL_0000390,true,http://purl.obolibrary.org/obo/CL_0000988,hematopoietic cell,http://purl.obolibrary.org/obo/CL_0000081,blood cell
crystal cell,http://purl.obolibrary.org/obo/CL_0000392,true,http://purl.obolibrary.org/obo/CL_0000988,hematopoietic cell,http://purl.obolibrary.org/obo/CL_0000081,blood cell
plasmatocyte,http://purl.obolibrary.org/obo/CL_0000394,true,http://purl.obolibrary.org/obo/CL_0000988,hematopoietic cell,http://purl.obolibrary.org/obo/CL_0000081,blood cell
procrystal cell,http://purl.obolibrary.org/obo/CL_0000395,true,http://purl.obolibrary.org/obo/CL_0000988,hematopoietic cell,,
lamellocyte,http://purl.obolibrary.org/obo/CL_0000396,true,http://purl.obolibrary.org/obo/CL_0000988,hematopoietic cell,http://purl.obolibrary.org/obo/CL_0000081,blood cell
ganglion interneuron,http://purl.obolibrary.org/obo/CL_0000397,true,http://purl.obolibrary.org/obo/CL_0002319,neural cell,http://purl.obolibrary.org/obo/CL_0000540,neuron
CNS short range interneuron,http://purl.obolibrary.org/obo/CL_0000406,true,http://purl.obolibrary.org/obo/CL_0002319,neural cell,http://purl.obolibrary.org/obo/CL_0000540,neuron
male gamete,http://purl.obolibrary.org/obo/CL_0000408,true,http://purl.obolibrary.org/obo/CL_0000039,germ line cell,,
CNS long range interneuron,http://purl.obolibrary.org/obo/CL_0000410,true,http://purl.obolibrary.org/obo/CL_0002319,neural cell,http://purl.obolibrary.org/obo/CL_0000540,neuron
Caenorhabditis hypodermal cell,http://purl.obolibrary.org/obo/CL_0000411,true,http://purl.obolibrary.org/obo/CL_0000066,epithelial cell,,
arcade cell,http://purl.obolibrary.org/obo/CL_0000418,true,http://purl.obolibrary.org/obo/CL_0000066,epithelial cell,,
seam cell,http://purl.obolibrary.org/obo/CL_0000419,true,http://purl.obolibrary.org/obo/CL_0000034,stem cell,,
syncytial epithelial cell,http://purl.obolibrary.org/obo/CL_0000420,true,http://purl.obolibrary.org/obo/CL_0000066,epithelial cell,,
pore cell,http://purl.obolibrary.org/obo/CL_0000425,true,http://purl.obolibrary.org/obo/CL_0002320,connective tissue cell,http://purl.obolibrary.org/obo/CL_0000499,stromal cell
GLR cell,http://purl.obolibrary.org/obo/CL_0000427,true,http://purl.obolibrary.org/obo/CL_0002320,connective tissue cell,,
yolk cell,http://purl.obolibrary.org/obo/CL_0000428,true,http://purl.obolibrary.org/obo/CL_0000349,extraembryonic cell,,
imaginal disc cell,http://purl.obolibrary.org/obo/CL_0000429,true,http://purl.obolibrary.org/obo/CL_0000066,epithelial cell,,
reticular cell,http://purl.obolibrary.org/obo/CL_0000432,true,http://purl.obolibrary.org/obo/CL_0002320,connective tissue cell,http://purl.obolibrary.org/obo/CL_0000499,stromal cell
eccrine cell,http://purl.obolibrary.org/obo/CL_0000434,true,http://purl.obolibrary.org/obo/CL_0000066,epithelial cell,,
gonadtroph,http://purl.obolibrary.org/obo/CL_0000437,true,http://purl.obolibrary.org/obo/CL_0002319,neural cell,http://purl.obolibrary.org/obo/CL_0000540,neuron
follicle stem cell (sensu Arthropoda),http://purl.obolibrary.org/obo/CL_0000441,true,http://purl.obolibrary.org/obo/CL_0000034,stem cell,,
follicular dendritic cell,http://purl.obolibrary.org/obo/CL_0000442,true,http://purl.obolibrary.org/obo/CL_0000988,hematopoietic cell,http://purl.obolibrary.org/obo/CL_0000451,dendritic cell
obliquely striated muscle cell,http://purl.obolibrary.org/obo/CL_0000444,true,http://purl.obolibrary.org/obo/CL_0000187,muscle cell,,
chief cell of parathyroid gland,http://purl.obolibrary.org/obo/CL_0000446,true,http://purl.obolibrary.org/obo/CL_0000066,epithelial cell,,
white adipocyte,http://purl.obolibrary.org/obo/CL_0000448,true,http://purl.obolibrary.org/obo/CL_0002320,connective tissue cell,http://purl.obolibrary.org/obo/CL_0000136,adipocyte
brown adipocyte,http://purl.obolibrary.org/obo/CL_0000449,true,http://purl.obolibrary.org/obo/CL_0002320,connective tissue cell,http://purl.obolibrary.org/obo/CL_0000136,adipocyte
dendritic cell,http://purl.obolibrary.org/obo/CL_0000451,true,http://purl.obolibrary.org/obo/CL_0000988,hematopoietic cell,http://purl.obolibrary.org/obo/CL_0000451,dendritic cell
Langerhans cell,http://purl.obolibrary.org/obo/CL_0000453,true,http://purl.obolibrary.org/obo/CL_0000988,hematopoietic cell,http://purl.obolibrary.org/obo/CL_0000451,dendritic cell
epidermal cell (sensu Arthropoda),http://purl.obolibrary.org/obo/CL_0000463,true,http://purl.obolibrary.org/obo/CL_0000066,epithelial cell,,
epidermoblast,http://purl.obolibrary.org/obo/CL_0000464,true,http://purl.obolibrary.org/obo/CL_0000066,epithelial cell,,
neuroglioblast (sensu Nematoda and Protostomia),http://purl.obolibrary.org/obo/CL_0000468,true,http://purl.obolibrary.org/obo/CL_0002319,neural cell,,
thyrotroph,http://purl.obolibrary.org/obo/CL_0000476,true,http://purl.obolibrary.org/obo/CL_0002319,neural cell,http://purl.obolibrary.org/obo/CL_0000540,neuron
follicle cell of egg chamber,http://purl.obolibrary.org/obo/CL_0000477,true,http://purl.obolibrary.org/obo/CL_0000066,epithelial cell,,
connective tissue type mast cell,http://purl.obolibrary.org/obo/CL_0000484,true,http://purl.obolibrary.org/obo/CL_0002320,connective tissue cell,,
mucosal type mast cell,http://purl.obolibrary.org/obo/CL_0000485,true,http://purl.obolibrary.org/obo/CL_0000988,hematopoietic cell,,
visible light photoreceptor cell,http://purl.obolibrary.org/obo/CL_0000488,true,http://purl.obolibrary.org/obo/CL_0002319,neural cell,http://purl.obolibrary.org/obo/CL_0000540,neuron
scotopic photoreceptor cell,http://purl.obolibrary.org/obo/CL_0000489,true,http://purl.obolibrary.org/obo/CL_0002319,neural cell,http://purl.obolibrary.org/obo/CL_0000540,neuron
photopic photoreceptor cell,http://purl.obolibrary.org/obo/CL_0000490,true,http://purl.obolibrary.org/obo/CL_0002319,neural cell,http://purl.obolibrary.org/obo/CL_0000540,neuron
CD4-positive helper T cell,http://purl.obolibrary.org/obo/CL_0000492,true,http://purl.obolibrary.org/obo/CL_0000988,hematopoietic cell,http://purl.obolibrary.org/obo/CL_0000084,T cell
UV sensitive photoreceptor cell,http://purl.obolibrary.org/obo/CL_0000494,true,http://purl.obolibrary.org/obo/CL_0002319,neural cell,http://purl.obolibrary.org/obo/CL_0000540,neuron
blue sensitive photoreceptor cell,http://purl.obolibrary.org/obo/CL_0000495,true,http://purl.obolibrary.org/obo/CL_0002319,neural cell,http://purl.obolibrary.org/obo/CL_0000540,neuron
green sensitive photoreceptor cell,http://purl.obolibrary.org/obo/CL_0000496,true,http://purl.obolibrary.org/obo/CL_0002319,neural cell,http://purl.obolibrary.org/obo/CL_0000540,neuron
red sensitive photoreceptor cell,http://purl.obolibrary.org/obo/CL_0000497,true,http://purl.obolibrary.org/obo/CL_0002319,neural cell,http://purl.obolibrary.org/obo/CL_0000540,neuron
inhibitory interneuron,http://purl.obolibrary.org/obo/CL_0000498,true,http://purl.obolibrary.org/obo/CL_0002319,neural cell,http://purl.obolibrary.org/obo/CL_0000540,neuron
stromal cell,http://purl.obolibrary.org/obo/CL_0000499,true,http://purl.obolibrary.org/obo/CL_0002320,connective tissue cell,http://purl.obolibrary.org/obo/CL_0000499,stromal cell
follicular epithelial cell,http://purl.obolibrary.org/obo/CL_0000500,true,http://purl.obolibrary.org/obo/CL_0000066,epithelial cell,,
type D enteroendocrine cell,http://purl.obolibrary.org/obo/CL_0000502,true,http://purl.obolibrary.org/obo/CL_0002319,neural cell,http://purl.obolibrary.org/obo/CL_0000540,neuron
theca cell,http://purl.obolibrary.org/obo/CL_0000503,true,http://purl.obolibrary.org/obo/CL_0002320,connective tissue cell,http://purl.obolibrary.org/obo/CL_0000499,stromal cell
enterochromaffin-like cell,http://purl.obolibrary.org/obo/CL_0000504,true,http://purl.obolibrary.org/obo/CL_0000066,epithelial cell,,
type G enteroendocrine cell,http://purl.obolibrary.org/obo/CL_0000508,true,http://purl.obolibrary.org/obo/CL_0002319,neural cell,http://purl.obolibrary.org/obo/CL_0000540,neuron
paneth cell,http://purl.obolibrary.org/obo/CL_0000510,true,http://purl.obolibrary.org/obo/CL_0000066,epithelial cell,,
perineuronal satellite cell,http://purl.obolibrary.org/obo/CL_0000516,true,http://purl.obolibrary.org/obo/CL_0002319,neural cell,,
mononuclear cytotrophoblast cell,http://purl.obolibrary.org/obo/CL_0000523,true,http://purl.obolibrary.org/obo/CL_0000349,extraembryonic cell,,
syncytiotrophoblast cell,http://purl.obolibrary.org/obo/CL_0000525,true,http://purl.obolibrary.org/obo/CL_0000349,extraembryonic cell,,
afferent neuron,http://purl.obolibrary.org/obo/CL_0000526,true,http://purl.obolibrary.org/obo/CL_0002319,neural cell,http://purl.obolibrary.org/obo/CL_0000540,neuron
efferent neuron,http://purl.obolibrary.org/obo/CL_0000527,true,http://purl.obolibrary.org/obo/CL_0002319,neural cell,http://purl.obolibrary.org/obo/CL_0000540,neuron
nitrergic neuron,http://purl.obolibrary.org/obo/CL_0000528,true,http://purl.obolibrary.org/obo/CL_0002319,neural cell,http://purl.obolibrary.org/obo/CL_0000540,neuron
pigmented epithelial cell,http://purl.obolibrary.org/obo/CL_0000529,true,http://purl.obolibrary.org/obo/CL_0000066,epithelial cell,,
primary neuron (sensu Teleostei),http://purl.obolibrary.org/obo/CL_0000530,true,http://purl.obolibrary.org/obo/CL_0002319,neural cell,http://purl.obolibrary.org/obo/CL_0000540,neuron
primary sensory neuron (sensu Teleostei),http://purl.obolibrary.org/obo/CL_0000531,true,http://purl.obolibrary.org/obo/CL_0002319,neural cell,http://purl.obolibrary.org/obo/CL_0000540,neuron
CAP motoneuron,http://purl.obolibrary.org/obo/CL_0000532,true,http://purl.obolibrary.org/obo/CL_0002319,neural cell,http://purl.obolibrary.org/obo/CL_0000540,neuron
primary motor neuron (sensu Teleostei),http://purl.obolibrary.org/obo/CL_0000533,true,http://purl.obolibrary.org/obo/CL_0002319,neural cell,http://purl.obolibrary.org/obo/CL_0000540,neuron
primary interneuron (sensu Teleostei),http://purl.obolibrary.org/obo/CL_0000534,true,http://purl.obolibrary.org/obo/CL_0002319,neural cell,http://purl.obolibrary.org/obo/CL_0000540,neuron
secondary neuron (sensu Teleostei),http://purl.obolibrary.org/obo/CL_0000535,true,http://purl.obolibrary.org/obo/CL_0002319,neural cell,http://purl.obolibrary.org/obo/CL_0000540,neuron
secondary motor neuron (sensu Teleostei),http://purl.obolibrary.org/obo/CL_0000536,true,http://purl.obolibrary.org/obo/CL_0002319,neural cell,http://purl.obolibrary.org/obo/CL_0000540,neuron
neuron,http://purl.obolibrary.org/obo/CL_0000540,true,http://purl.obolibrary.org/obo/CL_0002319,neural cell,http://purl.obolibrary.org/obo/CL_0000540,neuron
lymphocyte,http://purl.obolibrary.org/obo/CL_0000542,true,http://purl.obolibrary.org/obo/CL_0000988,hematopoietic cell,,
slowly adapting mechanoreceptor cell,http://purl.obolibrary.org/obo/CL_0000544,true,http://purl.obolibrary.org/obo/CL_0002319,neural cell,http://purl.obolibrary.org/obo/CL_0000540,neuron
T-helper 1 cell,http://purl.obolibrary.org/obo/CL_0000545,true,http://purl.obolibrary.org/obo/CL_0000988,hematopoietic cell,http://purl.obolibrary.org/obo/CL_0000084,T cell
T-helper 2 cell,http://purl.obolibrary.org/obo/CL_0000546,true,http://purl.obolibrary.org/obo/CL_0000988,hematopoietic cell,http://purl.obolibrary.org/obo/CL_0000084,T cell
proerythroblast,http://purl.obolibrary.org/obo/CL_0000547,true,http://purl.obolibrary.org/obo/CL_0000988,hematopoietic cell,,
basophilic erythroblast,http://purl.obolibrary.org/obo/CL_0000549,true,http://purl.obolibrary.org/obo/CL_0000988,hematopoietic cell,,
polychromatophilic erythroblast,http://purl.obolibrary.org/obo/CL_0000550,true,http://purl.obolibrary.org/obo/CL_0000988,hematopoietic cell,,
unimodal nocireceptor,http://purl.obolibrary.org/obo/CL_0000551,true,http://purl.obolibrary.org/obo/CL_0002319,neural cell,http://purl.obolibrary.org/obo/CL_0000540,neuron
orthochromatic erythroblast,http://purl.obolibrary.org/obo/CL_0000552,true,http://purl.obolibrary.org/obo/CL_0000988,hematopoietic cell,,
megakaryocyte progenitor cell,http://purl.obolibrary.org/obo/CL_0000553,true,http://purl.obolibrary.org/obo/CL_0000988,hematopoietic cell,,
megakaryocyte,http://purl.obolibrary.org/obo/CL_0000556,true,http://purl.obolibrary.org/obo/CL_0000988,hematopoietic cell,,
granulocyte monocyte progenitor cell,http://purl.obolibrary.org/obo/CL_0000557,true,http://purl.obolibrary.org/obo/CL_0000988,hematopoietic cell,,
reticulocyte,http://purl.obolibrary.org/obo/CL_0000558,true,http://purl.obolibrary.org/obo/CL_0000988,hematopoietic cell,,
promonocyte,http://purl.obolibrary.org/obo/CL_0000559,true,http://purl.obolibrary.org/obo/CL_0000988,hematopoietic cell,,
band form neutrophil,http://purl.obolibrary.org/obo/CL_0000560,true,http://purl.obolibrary.org/obo/CL_0000988,hematopoietic cell,http://purl.obolibrary.org/obo/CL_0000081,blood cell
amacrine cell,http://purl.obolibrary.org/obo/CL_0000561,true,http://purl.obolibrary.org/obo/CL_0002319,neural cell,http://purl.obolibrary.org/obo/CL_0000540,neuron
nucleate erythrocyte,http://purl.obolibrary.org/obo/CL_0000562,true,http://purl.obolibrary.org/obo/CL_0000988,hematopoietic cell,http://purl.obolibrary.org/obo/CL_0000081,blood cell
neutrophilic promyelocyte,http://purl.obolibrary.org/obo/CL_0000564,true,http://purl.obolibrary.org/obo/CL_0000988,hematopoietic cell,,
angioblastic mesenchymal cell,http://purl.obolibrary.org/obo/CL_0000566,true,http://purl.obolibrary.org/obo/CL_0000034,stem cell,,
polymodal nocireceptor,http://purl.obolibrary.org/obo/CL_0000567,true,http://purl.obolibrary.org/obo/CL_0002319,neural cell,http://purl.obolibrary.org/obo/CL_0000540,neuron
amine precursor uptake and decarboxylation cell,http://purl.obolibrary.org/obo/CL_0000568,true,http://purl.obolibrary.org/obo/CL_0002319,neural cell,http://purl.obolibrary.org/obo/CL_0000540,neuron
cardiac mesenchymal cell,http://purl.obolibrary.org/obo/CL_0000569,true,http://purl.obolibrary.org/obo/CL_0000034,stem cell,,
parafollicular cell,http://purl.obolibrary.org/obo/CL_0000570,true,http://purl.obolibrary.org/obo/CL_0000066,epithelial cell,,
retinal cone cell,http://purl.obolibrary.org/obo/CL_0000573,true,http://purl.obolibrary.org/obo/CL_0002319,neural cell,http://purl.obolibrary.org/obo/CL_0000540,neuron
corneal epithelial cell,http://purl.obolibrary.org/obo/CL_0000575,true,http://purl.obolibrary.org/obo/CL_0000066,epithelial cell,,
monocyte,http://purl.obolibrary.org/obo/CL_0000576,true,http://purl.obolibrary.org/obo/CL_0000988,hematopoietic cell,http://purl.obolibrary.org/obo/CL_0000576,monocyte
type EC enteroendocrine cell,http://purl.obolibrary.org/obo/CL_0000577,true,http://purl.obolibrary.org/obo/CL_0002319,neural cell,http://purl.obolibrary.org/obo/CL_0000540,neuron
border follicle cell,http://purl.obolibrary.org/obo/CL_0000579,true,http://purl.obolibrary.org/obo/CL_0000066,epithelial cell,,
neutrophilic myelocyte,http://purl.obolibrary.org/obo/CL_0000580,true,http://purl.obolibrary.org/obo/CL_0000988,hematopoietic cell,http://purl.obolibrary.org/obo/CL_0000081,blood cell
peritoneal macrophage,http://purl.obolibrary.org/obo/CL_0000581,true,http://purl.obolibrary.org/obo/CL_0000988,hematopoietic cell,http://purl.obolibrary.org/obo/CL_0000235,macrophage
neutrophilic metamyelocyte,http://purl.obolibrary.org/obo/CL_0000582,true,http://purl.obolibrary.org/obo/CL_0000988,hematopoietic cell,http://purl.obolibrary.org/obo/CL_0000081,blood cell
alveolar macrophage,http://purl.obolibrary.org/obo/CL_0000583,true,http://purl.obolibrary.org/obo/CL_0000988,hematopoietic cell,http://purl.obolibrary.org/obo/CL_0000235,macrophage
enterocyte,http://purl.obolibrary.org/obo/CL_0000584,true,http://purl.obolibrary.org/obo/CL_0000066,epithelial cell,,
germ cell,http://purl.obolibrary.org/obo/CL_0000586,true,http://purl.obolibrary.org/obo/CL_0000039,germ line cell,,
cold sensing thermoreceptor cell,http://purl.obolibrary.org/obo/CL_0000587,true,http://purl.obolibrary.org/obo/CL_0002319,neural cell,http://purl.obolibrary.org/obo/CL_0000540,neuron
odontoclast,http://purl.obolibrary.org/obo/CL_0000588,true,http://purl.obolibrary.org/obo/CL_0001035,bone cell,,
cochlear inner hair cell,http://purl.obolibrary.org/obo/CL_0000589,true,http://purl.obolibrary.org/obo/CL_0002319,neural cell,http://purl.obolibrary.org/obo/CL_0000540,neuron
warmth sensing thermoreceptor cell,http://purl.obolibrary.org/obo/CL_0000591,true,http://purl.obolibrary.org/obo/CL_0002319,neural cell,http://purl.obolibrary.org/obo/CL_0000540,neuron
enucleate erythrocyte,http://purl.obolibrary.org/obo/CL_0000595,true,http://purl.obolibrary.org/obo/CL_0000988,hematopoietic cell,http://purl.obolibrary.org/obo/CL_0000081,blood cell
pyramidal neuron,http://purl.obolibrary.org/obo/CL_0000598,true,http://purl.obolibrary.org/obo/CL_0002319,neural cell,http://purl.obolibrary.org/obo/CL_0000540,neuron
cochlear outer hair cell,http://purl.obolibrary.org/obo/CL_0000601,true,http://purl.obolibrary.org/obo/CL_0002319,neural cell,http://purl.obolibrary.org/obo/CL_0000540,neuron
pressoreceptor cell,http://purl.obolibrary.org/obo/CL_0000602,true,http://purl.obolibrary.org/obo/CL_0002319,neural cell,http://purl.obolibrary.org/obo/CL_0000540,neuron
retinal rod cell,http://purl.obolibrary.org/obo/CL_0000604,true,http://purl.obolibrary.org/obo/CL_0002319,neural cell,http://purl.obolibrary.org/obo/CL_0000540,neuron
vestibular hair cell,http://purl.obolibrary.org/obo/CL_0000609,true,http://purl.obolibrary.org/obo/CL_0002319,neural cell,http://purl.obolibrary.org/obo/CL_0000540,neuron
eosinophil progenitor cell,http://purl.obolibrary.org/obo/CL_0000611,true,http://purl.obolibrary.org/obo/CL_0000988,hematopoietic cell,,
eosinophilic myelocyte,http://purl.obolibrary.org/obo/CL_0000612,true,http://purl.obolibrary.org/obo/CL_0000988,hematopoietic cell,http://purl.obolibrary.org/obo/CL_0000081,blood cell
basophil progenitor cell,http://purl.obolibrary.org/obo/CL_0000613,true,http://purl.obolibrary.org/obo/CL_0000988,hematopoietic cell,,
basophilic myelocyte,http://purl.obolibrary.org/obo/CL_0000614,true,http://purl.obolibrary.org/obo/CL_0000988,hematopoietic cell,http://purl.obolibrary.org/obo/CL_0000081,blood cell
GABAergic neuron,http://purl.obolibrary.org/obo/CL_0000617,true,http://purl.obolibrary.org/obo/CL_0002319,neural cell,http://purl.obolibrary.org/obo/CL_0000540,neuron
sheath cell,http://purl.obolibrary.org/obo/CL_0000618,true,http://purl.obolibrary.org/obo/CL_0000066,epithelial cell,,
acinar cell,http://purl.obolibrary.org/obo/CL_0000622,true,http://purl.obolibrary.org/obo/CL_0000066,epithelial cell,,
natural killer cell,http://purl.obolibrary.org/obo/CL_0000623,true,http://purl.obolibrary.org/obo/CL_0000988,hematopoietic cell,,
"CD4-positive, alpha-beta T cell",http://purl.obolibrary.org/obo/CL_0000624,true,http://purl.obolibrary.org/obo/CL_0000988,hematopoietic cell,http://purl.obolibrary.org/obo/CL_0000084,T cell
"CD8-positive, alpha-beta T cell",http://purl.obolibrary.org/obo/CL_0000625,true,http://purl.obolibrary.org/obo/CL_0000988,hematopoietic cell,http://purl.obolibrary.org/obo/CL_0000084,T cell
olfactory granule cell,http://purl.obolibrary.org/obo/CL_0000626,true,http://purl.obolibrary.org/obo/CL_0002319,neural cell,http://purl.obolibrary.org/obo/CL_0000540,neuron
hepatic stellate cell,http://purl.obolibrary.org/obo/CL_0000632,true,http://purl.obolibrary.org/obo/CL_0002320,connective tissue cell,http://purl.obolibrary.org/obo/CL_0000499,stromal cell
Hensen cell,http://purl.obolibrary.org/obo/CL_0000633,true,http://purl.obolibrary.org/obo/CL_0001035,bone cell,,
Claudius cell,http://purl.obolibrary.org/obo/CL_0000634,true,http://purl.obolibrary.org/obo/CL_0001035,bone cell,,
Deiter's cell,http://purl.obolibrary.org/obo/CL_0000635,true,http://purl.obolibrary.org/obo/CL_0001035,bone cell,,
Mueller cell,http://purl.obolibrary.org/obo/CL_0000636,true,http://purl.obolibrary.org/obo/CL_0002319,neural cell,http://purl.obolibrary.org/obo/CL_0000125,glial cell
chromophil cell of anterior pituitary gland,http://purl.obolibrary.org/obo/CL_0000637,true,http://purl.obolibrary.org/obo/CL_0002319,neural cell,http://purl.obolibrary.org/obo/CL_0000540,neuron
acidophil cell of pars distalis of adenohypophysis,http://purl.obolibrary.org/obo/CL_0000638,true,http://purl.obolibrary.org/obo/CL_0002319,neural cell,http://purl.obolibrary.org/obo/CL_0000540,neuron
basophil cell of pars distalis of adenohypophysis,http://purl.obolibrary.org/obo/CL_0000639,true,http://purl.obolibrary.org/obo/CL_0002319,neural cell,http://purl.obolibrary.org/obo/CL_0000540,neuron
folliculostellate cell,http://purl.obolibrary.org/obo/CL_0000642,true,http://purl.obolibrary.org/obo/CL_0002319,neural cell,,
Bergmann glial cell,http://purl.obolibrary.org/obo/CL_0000644,true,http://purl.obolibrary.org/obo/CL_0002319,neural cell,http://purl.obolibrary.org/obo/CL_0000125,glial cell
pituicyte,http://purl.obolibrary.org/obo/CL_0000645,true,http://purl.obolibrary.org/obo/CL_0002319,neural cell,http://purl.obolibrary.org/obo/CL_0000125,glial cell
basal cell,http://purl.obolibrary.org/obo/CL_0000646,true,http://purl.obolibrary.org/obo/CL_0000034,stem cell,,
multinucleated giant cell,http://purl.obolibrary.org/obo/CL_0000647,true,http://purl.obolibrary.org/obo/CL_0000988,hematopoietic cell,,
kidney granular cell,http://purl.obolibrary.org/obo/CL_0000648,true,http://purl.obolibrary.org/obo/CL_0000187,muscle cell,,
prickle cell,http://purl.obolibrary.org/obo/CL_0000649,true,http://purl.obolibrary.org/obo/CL_0000066,epithelial cell,,
mesangial cell,http://purl.obolibrary.org/obo/CL_0000650,true,http://purl.obolibrary.org/obo/CL_0002320,connective tissue cell,,
pinealocyte,http://purl.obolibrary.org/obo/CL_0000652,true,http://purl.obolibrary.org/obo/CL_0002319,neural cell,,
podocyte,http://purl.obolibrary.org/obo/CL_0000653,true,http://purl.obolibrary.org/obo/CL_0000066,epithelial cell,,
primary oocyte,http://purl.obolibrary.org/obo/CL_0000654,true,http://purl.obolibrary.org/obo/CL_0000039,germ line cell,,
secondary oocyte,http://purl.obolibrary.org/obo/CL_0000655,true,http://purl.obolibrary.org/obo/CL_0000039,germ line cell,,
primary spermatocyte,http://purl.obolibrary.org/obo/CL_0000656,true,http://purl.obolibrary.org/obo/CL_0000039,germ line cell,,
secondary spermatocyte,http://purl.obolibrary.org/obo/CL_0000657,true,http://purl.obolibrary.org/obo/CL_0000039,germ line cell,,
cuticle secreting cell,http://purl.obolibrary.org/obo/CL_0000658,true,http://purl.obolibrary.org/obo/CL_0002320,connective tissue cell,http://purl.obolibrary.org/obo/CL_0000499,stromal cell
eggshell secreting cell,http://purl.obolibrary.org/obo/CL_0000659,true,http://purl.obolibrary.org/obo/CL_0002320,connective tissue cell,http://purl.obolibrary.org/obo/CL_0000499,stromal cell
glycocalyx secreting cell,http://purl.obolibrary.org/obo/CL_0000660,true,http://purl.obolibrary.org/obo/CL_0002320,connective tissue cell,http://purl.obolibrary.org/obo/CL_0000499,stromal cell
neuroglioblast (sensu Nematoda),http://purl.obolibrary.org/obo/CL_0000662,true,http://purl.obolibrary.org/obo/CL_0002319,neural cell,,
fenestrated endothelial cell,http://purl.obolibrary.org/obo/CL_0000666,true,http://purl.obolibrary.org/obo/CL_0000115,endothelial cell,,
collagen secreting cell,http://purl.obolibrary.org/obo/CL_0000667,true,http://purl.obolibrary.org/obo/CL_0002320,connective tissue cell,http://purl.obolibrary.org/obo/CL_0000499,stromal cell
pericyte,http://purl.obolibrary.org/obo/CL_0000669,true,http://purl.obolibrary.org/obo/CL_0002320,connective tissue cell,,
primordial germ cell,http://purl.obolibrary.org/obo/CL_0000670,true,http://purl.obolibrary.org/obo/CL_0000039,germ line cell,,
centripetally migrating follicle cell,http://purl.obolibrary.org/obo/CL_0000671,true,http://purl.obolibrary.org/obo/CL_0000066,epithelial cell,,
Kenyon cell,http://purl.obolibrary.org/obo/CL_0000673,true,http://purl.obolibrary.org/obo/CL_0002319,neural cell,http://purl.obolibrary.org/obo/CL_0000540,neuron
interfollicle cell,http://purl.obolibrary.org/obo/CL_0000674,true,http://purl.obolibrary.org/obo/CL_0000066,epithelial cell,,
female gamete,http://purl.obolibrary.org/obo/CL_0000675,true,http://purl.obolibrary.org/obo/CL_0000039,germ line cell,,
commissural neuron,http://purl.obolibrary.org/obo/CL_0000678,true,http://purl.obolibrary.org/obo/CL_0002319,neural cell,http://purl.obolibrary.org/obo/CL_0000540,neuron
glutamatergic neuron,http://purl.obolibrary.org/obo/CL_0000679,true,http://purl.obolibrary.org/obo/CL_0002319,neural cell,http://purl.obolibrary.org/obo/CL_0000540,neuron
radial glial cell,http://purl.obolibrary.org/obo/CL_0000681,true,http://purl.obolibrary.org/obo/CL_0002319,neural cell,http://purl.obolibrary.org/obo/CL_0000125,glial cell
M cell of gut,http://purl.obolibrary.org/obo/CL_0000682,true,http://purl.obolibrary.org/obo/CL_0000066,epithelial cell,,
ependymoglial cell,http://purl.obolibrary.org/obo/CL_0000683,true,http://purl.obolibrary.org/obo/CL_0002319,neural cell,http://purl.obolibrary.org/obo/CL_0000125,glial cell
littoral cell of liver,http://purl.obolibrary.org/obo/CL_0000684,true,http://purl.obolibrary.org/obo/CL_0000066,epithelial cell,,
cerebrospinal fluid secreting cell,http://purl.obolibrary.org/obo/CL_0000686,true,http://purl.obolibrary.org/obo/CL_0000066,epithelial cell,,
R1 photoreceptor cell,http://purl.obolibrary.org/obo/CL_0000687,true,http://purl.obolibrary.org/obo/CL_0002319,neural cell,http://purl.obolibrary.org/obo/CL_0000540,neuron
perijunctional fibroblast,http://purl.obolibrary.org/obo/CL_0000688,true,http://purl.obolibrary.org/obo/CL_0002320,connective tissue cell,http://purl.obolibrary.org/obo/CL_0000499,stromal cell
R2 photoreceptor cell,http://purl.obolibrary.org/obo/CL_0000690,true,http://purl.obolibrary.org/obo/CL_0002319,neural cell,http://purl.obolibrary.org/obo/CL_0000540,neuron
stellate interneuron,http://purl.obolibrary.org/obo/CL_0000691,true,http://purl.obolibrary.org/obo/CL_0002319,neural cell,http://purl.obolibrary.org/obo/CL_0000540,neuron
terminal Schwann cell,http://purl.obolibrary.org/obo/CL_0000692,true,http://purl.obolibrary.org/obo/CL_0002319,neural cell,http://purl.obolibrary.org/obo/CL_0000125,glial cell
neurogliaform cell,http://purl.obolibrary.org/obo/CL_0000693,true,http://purl.obolibrary.org/obo/CL_0002319,neural cell,http://purl.obolibrary.org/obo/CL_0000540,neuron
R3 photoreceptor cell,http://purl.obolibrary.org/obo/CL_0000694,true,http://purl.obolibrary.org/obo/CL_0002319,neural cell,http://purl.obolibrary.org/obo/CL_0000540,neuron
Cajal-Retzius cell,http://purl.obolibrary.org/obo/CL_0000695,true,http://purl.obolibrary.org/obo/CL_0002319,neural cell,http://purl.obolibrary.org/obo/CL_0000540,neuron
PP cell,http://purl.obolibrary.org/obo/CL_0000696,true,http://purl.obolibrary.org/obo/CL_0000066,epithelial cell,,
R4 photoreceptor cell,http://purl.obolibrary.org/obo/CL_0000697,true,http://purl.obolibrary.org/obo/CL_0002319,neural cell,http://purl.obolibrary.org/obo/CL_0000540,neuron
paraganglial type 1 cell,http://purl.obolibrary.org/obo/CL_0000699,true,http://purl.obolibrary.org/obo/CL_0002319,neural cell,http://purl.obolibrary.org/obo/CL_0000540,neuron
dopaminergic neuron,http://purl.obolibrary.org/obo/CL_0000700,true,http://purl.obolibrary.org/obo/CL_0002319,neural cell,http://purl.obolibrary.org/obo/CL_0000540,neuron
R5 photoreceptor cell,http://purl.obolibrary.org/obo/CL_0000702,true,http://purl.obolibrary.org/obo/CL_0002319,neural cell,http://purl.obolibrary.org/obo/CL_0000540,neuron
endothelial tip cell,http://purl.obolibrary.org/obo/CL_0000704,true,http://purl.obolibrary.org/obo/CL_0000115,endothelial cell,,
R6 photoreceptor cell,http://purl.obolibrary.org/obo/CL_0000705,true,http://purl.obolibrary.org/obo/CL_0002319,neural cell,http://purl.obolibrary.org/obo/CL_0000540,neuron
choroid plexus epithelial cell,http://purl.obolibrary.org/obo/CL_0000706,true,http://purl.obolibrary.org/obo/CL_0002319,neural cell,http://purl.obolibrary.org/obo/CL_0000125,glial cell
R7 photoreceptor cell,http://purl.obolibrary.org/obo/CL_0000707,true,http://purl.obolibrary.org/obo/CL_0002319,neural cell,http://purl.obolibrary.org/obo/CL_0000540,neuron
leptomeningeal cell,http://purl.obolibrary.org/obo/CL_0000708,true,http://purl.obolibrary.org/obo/CL_0002320,connective tissue cell,http://purl.obolibrary.org/obo/CL_0000499,stromal cell
R8 photoreceptor cell,http://purl.obolibrary.org/obo/CL_0000709,true,http://purl.obolibrary.org/obo/CL_0002319,neural cell,http://purl.obolibrary.org/obo/CL_0000540,neuron
neurecto-epithelial cell,http://purl.obolibrary.org/obo/CL_0000710,true,http://purl.obolibrary.org/obo/CL_0000066,epithelial cell,,
stratum granulosum cell,http://purl.obolibrary.org/obo/CL_0000712,true,http://purl.obolibrary.org/obo/CL_0000066,epithelial cell,,
embryonic crystal cell,http://purl.obolibrary.org/obo/CL_0000715,true,http://purl.obolibrary.org/obo/CL_0000988,hematopoietic cell,http://purl.obolibrary.org/obo/CL_0000081,blood cell
lymph gland crystal cell,http://purl.obolibrary.org/obo/CL_0000716,true,http://purl.obolibrary.org/obo/CL_0000988,hematopoietic cell,http://purl.obolibrary.org/obo/CL_0000081,blood cell
compound eye cone cell,http://purl.obolibrary.org/obo/CL_0000718,true,http://purl.obolibrary.org/obo/CL_0002319,neural cell,,
posterior cone cell (sensu Endopterygota),http://purl.obolibrary.org/obo/CL_0000719,true,http://purl.obolibrary.org/obo/CL_0002319,neural cell,,
anterior cone cell (sensu Endopterygota),http://purl.obolibrary.org/obo/CL_0000720,true,http://purl.obolibrary.org/obo/CL_0002319,neural cell,,
equatorial cone cell (sensu Endopterygota),http://purl.obolibrary.org/obo/CL_0000721,true,http://purl.obolibrary.org/obo/CL_0002319,neural cell,,
cystoblast,http://purl.obolibrary.org/obo/CL_0000722,true,http://purl.obolibrary.org/obo/CL_0000039,germ line cell,,
somatic stem cell,http://purl.obolibrary.org/obo/CL_0000723,true,http://purl.obolibrary.org/obo/CL_0000034,stem cell,,
leading edge cell,http://purl.obolibrary.org/obo/CL_0000730,true,http://purl.obolibrary.org/obo/CL_0000066,epithelial cell,,
urothelial cell,http://purl.obolibrary.org/obo/CL_0000731,true,http://purl.obolibrary.org/obo/CL_0000066,epithelial cell,,
lymph gland plasmatocyte,http://purl.obolibrary.org/obo/CL_0000733,true,http://purl.obolibrary.org/obo/CL_0000988,hematopoietic cell,http://purl.obolibrary.org/obo/CL_0000081,blood cell
lymph gland hemocyte,http://purl.obolibrary.org/obo/CL_0000735,true,http://purl.obolibrary.org/obo/CL_0000988,hematopoietic cell,http://purl.obolibrary.org/obo/CL_0000081,blood cell
striated muscle cell,http://purl.obolibrary.org/obo/CL_0000737,true,http://purl.obolibrary.org/obo/CL_0000187,muscle cell,,
leukocyte,http://purl.obolibrary.org/obo/CL_0000738,true,http://purl.obolibrary.org/obo/CL_0000988,hematopoietic cell,,
retinal ganglion cell,http://purl.obolibrary.org/obo/CL_0000740,true,http://purl.obolibrary.org/obo/CL_0002319,neural cell,http://purl.obolibrary.org/obo/CL_0000540,neuron
spinal accessory motor neuron,http://purl.obolibrary.org/obo/CL_0000741,true,http://purl.obolibrary.org/obo/CL_0002319,neural cell,http://purl.obolibrary.org/obo/CL_0000540,neuron
periarticular chondrocyte,http://purl.obolibrary.org/obo/CL_0000742,true,http://purl.obolibrary.org/obo/CL_0002320,connective tissue cell,http://purl.obolibrary.org/obo/CL_0000499,stromal cell
hypertrophic chondrocyte,http://purl.obolibrary.org/obo/CL_0000743,true,http://purl.obolibrary.org/obo/CL_0002320,connective tissue cell,http://purl.obolibrary.org/obo/CL_0000499,stromal cell
columnar chondrocyte,http://purl.obolibrary.org/obo/CL_0000744,true,http://purl.obolibrary.org/obo/CL_0002320,connective tissue cell,http://purl.obolibrary.org/obo/CL_0000499,stromal cell
retina horizontal cell,http://purl.obolibrary.org/obo/CL_0000745,true,http://purl.obolibrary.org/obo/CL_0002319,neural cell,http://purl.obolibrary.org/obo/CL_0000540,neuron
cardiac muscle cell,http://purl.obolibrary.org/obo/CL_0000746,true,http://purl.obolibrary.org/obo/CL_0000187,muscle cell,,
retinal bipolar neuron,http://purl.obolibrary.org/obo/CL_0000748,true,http://purl.obolibrary.org/obo/CL_0002319,neural cell,http://purl.obolibrary.org/obo/CL_0000540,neuron
ON-bipolar cell,http://purl.obolibrary.org/obo/CL_0000749,true,http://purl.obolibrary.org/obo/CL_0002319,neural cell,http://purl.obolibrary.org/obo/CL_0000540,neuron
OFF-bipolar cell,http://purl.obolibrary.org/obo/CL_0000750,true,http://purl.obolibrary.org/obo/CL_0002319,neural cell,http://purl.obolibrary.org/obo/CL_0000540,neuron
rod bipolar cell,http://purl.obolibrary.org/obo/CL_0000751,true,http://purl.obolibrary.org/obo/CL_0002319,neural cell,http://purl.obolibrary.org/obo/CL_0000540,neuron
cone retinal bipolar cell,http://purl.obolibrary.org/obo/CL_0000752,true,http://purl.obolibrary.org/obo/CL_0002319,neural cell,http://purl.obolibrary.org/obo/CL_0000540,neuron
type 1 cone bipolar cell (sensu Mus),http://purl.obolibrary.org/obo/CL_0000753,true,http://purl.obolibrary.org/obo/CL_0002319,neural cell,http://purl.obolibrary.org/obo/CL_0000540,neuron
type 2 cone bipolar cell (sensu Mus),http://purl.obolibrary.org/obo/CL_0000754,true,http://purl.obolibrary.org/obo/CL_0002319,neural cell,http://purl.obolibrary.org/obo/CL_0000540,neuron
type 3 cone bipolar cell (sensu Mus),http://purl.obolibrary.org/obo/CL_0000755,true,http://purl.obolibrary.org/obo/CL_0002319,neural cell,http://purl.obolibrary.org/obo/CL_0000540,neuron
type 4 cone bipolar cell (sensu Mus),http://purl.obolibrary.org/obo/CL_0000756,true,http://purl.obolibrary.org/obo/CL_0002319,neural cell,http://purl.obolibrary.org/obo/CL_0000540,neuron
type 5 cone bipolar cell (sensu Mus),http://purl.obolibrary.org/obo/CL_0000757,true,http://purl.obolibrary.org/obo/CL_0002319,neural cell,http://purl.obolibrary.org/obo/CL_0000540,neuron
type 6 cone bipolar cell (sensu Mus),http://purl.obolibrary.org/obo/CL_0000758,true,http://purl.obolibrary.org/obo/CL_0002319,neural cell,http://purl.obolibrary.org/obo/CL_0000540,neuron
type 7 cone bipolar cell (sensu Mus),http://purl.obolibrary.org/obo/CL_0000759,true,http://purl.obolibrary.org/obo/CL_0002319,neural cell,http://purl.obolibrary.org/obo/CL_0000540,neuron
type 8 cone bipolar cell (sensu Mus),http://purl.obolibrary.org/obo/CL_0000760,true,http://purl.obolibrary.org/obo/CL_0002319,neural cell,http://purl.obolibrary.org/obo/CL_0000540,neuron
type 9 cone bipolar cell (sensu Mus),http://purl.obolibrary.org/obo/CL_0000761,true,http://purl.obolibrary.org/obo/CL_0002319,neural cell,http://purl.obolibrary.org/obo/CL_0000540,neuron
nucleated thrombocyte,http://purl.obolibrary.org/obo/CL_0000762,true,http://purl.obolibrary.org/obo/CL_0000988,hematopoietic cell,,
myeloid cell,http://purl.obolibrary.org/obo/CL_0000763,true,http://purl.obolibrary.org/obo/CL_0000988,hematopoietic cell,,
erythroid lineage cell,http://purl.obolibrary.org/obo/CL_0000764,true,http://purl.obolibrary.org/obo/CL_0000988,hematopoietic cell,,
erythroblast,http://purl.obolibrary.org/obo/CL_0000765,true,http://purl.obolibrary.org/obo/CL_0000988,hematopoietic cell,,
myeloid leukocyte,http://purl.obolibrary.org/obo/CL_0000766,true,http://purl.obolibrary.org/obo/CL_0000988,hematopoietic cell,,
basophil,http://purl.obolibrary.org/obo/CL_0000767,true,http://purl.obolibrary.org/obo/CL_0000988,hematopoietic cell,http://purl.obolibrary.org/obo/CL_0000081,blood cell
immature basophil,http://purl.obolibrary.org/obo/CL_0000768,true,http://purl.obolibrary.org/obo/CL_0000988,hematopoietic cell,http://purl.obolibrary.org/obo/CL_0000081,blood cell
basophilic metamyelocyte,http://purl.obolibrary.org/obo/CL_0000769,true,http://purl.obolibrary.org/obo/CL_0000988,hematopoietic cell,http://purl.obolibrary.org/obo/CL_0000081,blood cell
band form basophil,http://purl.obolibrary.org/obo/CL_0000770,true,http://purl.obolibrary.org/obo/CL_0000988,hematopoietic cell,http://purl.obolibrary.org/obo/CL_0000081,blood cell
eosinophil,http://purl.obolibrary.org/obo/CL_0000771,true,http://purl.obolibrary.org/obo/CL_0000988,hematopoietic cell,http://purl.obolibrary.org/obo/CL_0000081,blood cell
immature eosinophil,http://purl.obolibrary.org/obo/CL_0000772,true,http://purl.obolibrary.org/obo/CL_0000988,hematopoietic cell,http://purl.obolibrary.org/obo/CL_0000081,blood cell
eosinophilic metamyelocyte,http://purl.obolibrary.org/obo/CL_0000773,true,http://purl.obolibrary.org/obo/CL_0000988,hematopoietic cell,http://purl.obolibrary.org/obo/CL_0000081,blood cell
band form eosinophil,http://purl.obolibrary.org/obo/CL_0000774,true,http://purl.obolibrary.org/obo/CL_0000988,hematopoietic cell,http://purl.obolibrary.org/obo/CL_0000081,blood cell
neutrophil,http://purl.obolibrary.org/obo/CL_0000775,true,http://purl.obolibrary.org/obo/CL_0000988,hematopoietic cell,http://purl.obolibrary.org/obo/CL_0000081,blood cell
immature neutrophil,http://purl.obolibrary.org/obo/CL_0000776,true,http://purl.obolibrary.org/obo/CL_0000988,hematopoietic cell,http://purl.obolibrary.org/obo/CL_0000081,blood cell
mesangial phagocyte,http://purl.obolibrary.org/obo/CL_0000777,true,http://purl.obolibrary.org/obo/CL_0000988,hematopoietic cell,http://purl.obolibrary.org/obo/CL_0000235,macrophage
mononuclear osteoclast,http://purl.obolibrary.org/obo/CL_0000778,true,http://purl.obolibrary.org/obo/CL_0001035,bone cell,,
multinuclear osteoclast,http://purl.obolibrary.org/obo/CL_0000779,true,http://purl.obolibrary.org/obo/CL_0001035,bone cell,,
multinuclear odontoclast,http://purl.obolibrary.org/obo/CL_0000780,true,http://purl.obolibrary.org/obo/CL_0001035,bone cell,,
mononuclear odontoclast,http://purl.obolibrary.org/obo/CL_0000781,true,http://purl.obolibrary.org/obo/CL_0001035,bone cell,,
myeloid dendritic cell,http://purl.obolibrary.org/obo/CL_0000782,true,http://purl.obolibrary.org/obo/CL_0000988,hematopoietic cell,http://purl.obolibrary.org/obo/CL_0000451,dendritic cell
plasmacytoid dendritic cell,http://purl.obolibrary.org/obo/CL_0000784,true,http://purl.obolibrary.org/obo/CL_0000988,hematopoietic cell,http://purl.obolibrary.org/obo/CL_0000451,dendritic cell
mature B cell,http://purl.obolibrary.org/obo/CL_0000785,true,http://purl.obolibrary.org/obo/CL_0000988,hematopoietic cell,http://purl.obolibrary.org/obo/CL_0000236,B cell
plasma cell,http://purl.obolibrary.org/obo/CL_0000786,true,http://purl.obolibrary.org/obo/CL_0000988,hematopoietic cell,,
memory B cell,http://purl.obolibrary.org/obo/CL_0000787,true,http://purl.obolibrary.org/obo/CL_0000988,hematopoietic cell,http://purl.obolibrary.org/obo/CL_0000236,B cell
naive B cell,http://purl.obolibrary.org/obo/CL_0000788,true,http://purl.obolibrary.org/obo/CL_0000988,hematopoietic cell,http://purl.obolibrary.org/obo/CL_0000236,B cell
alpha-beta T cell,http://purl.obolibrary.org/obo/CL_0000789,true,http://purl.obolibrary.org/obo/CL_0000988,hematopoietic cell,http://purl.obolibrary.org/obo/CL_0000084,T cell
immature alpha-beta T cell,http://purl.obolibrary.org/obo/CL_0000790,true,http://purl.obolibrary.org/obo/CL_0000988,hematopoietic cell,http://purl.obolibrary.org/obo/CL_0000084,T cell
mature alpha-beta T cell,http://purl.obolibrary.org/obo/CL_0000791,true,http://purl.obolibrary.org/obo/CL_0000988,hematopoietic cell,http://purl.obolibrary.org/obo/CL_0000084,T cell
"CD4-positive, CD25-positive, alpha-beta regulatory T cell",http://purl.obolibrary.org/obo/CL_0000792,true,http://purl.obolibrary.org/obo/CL_0000988,hematopoietic cell,http://purl.obolibrary.org/obo/CL_0000084,T cell
"CD4-positive, alpha-beta intraepithelial T cell",http://purl.obolibrary.org/obo/CL_0000793,true,http://purl.obolibrary.org/obo/CL_0000988,hematopoietic cell,http://purl.obolibrary.org/obo/CL_0000084,T cell
"CD8-positive, alpha-beta cytotoxic T cell",http://purl.obolibrary.org/obo/CL_0000794,true,http://purl.obolibrary.org/obo/CL_0000988,hematopoietic cell,http://purl.obolibrary.org/obo/CL_0000084,T cell
"CD8-positive, alpha-beta regulatory T cell",http://purl.obolibrary.org/obo/CL_0000795,true,http://purl.obolibrary.org/obo/CL_0000988,hematopoietic cell,http://purl.obolibrary.org/obo/CL_0000084,T cell
"CD8-alpha-beta-positive, alpha-beta intraepithelial T cell",http://purl.obolibrary.org/obo/CL_0000796,true,http://purl.obolibrary.org/obo/CL_0000988,hematopoietic cell,http://purl.obolibrary.org/obo/CL_0000084,T cell
alpha-beta intraepithelial T cell,http://purl.obolibrary.org/obo/CL_0000797,true,http://purl.obolibrary.org/obo/CL_0000988,hematopoietic cell,http://purl.obolibrary.org/obo/CL_0000084,T cell
gamma-delta T cell,http://purl.obolibrary.org/obo/CL_0000798,true,http://purl.obolibrary.org/obo/CL_0000988,hematopoietic cell,http://purl.obolibrary.org/obo/CL_0000084,T cell
immature gamma-delta T cell,http://purl.obolibrary.org/obo/CL_0000799,true,http://purl.obolibrary.org/obo/CL_0000988,hematopoietic cell,http://purl.obolibrary.org/obo/CL_0000084,T cell
mature gamma-delta T cell,http://purl.obolibrary.org/obo/CL_0000800,true,http://purl.obolibrary.org/obo/CL_0000988,hematopoietic cell,http://purl.obolibrary.org/obo/CL_0000084,T cell
gamma-delta intraepithelial T cell,http://purl.obolibrary.org/obo/CL_0000801,true,http://purl.obolibrary.org/obo/CL_0000988,hematopoietic cell,http://purl.obolibrary.org/obo/CL_0000084,T cell
"CD8-alpha alpha positive, gamma-delta intraepithelial T cell",http://purl.obolibrary.org/obo/CL_0000802,true,http://purl.obolibrary.org/obo/CL_0000988,hematopoietic cell,http://purl.obolibrary.org/obo/CL_0000084,T cell
CD4-negative CD8-negative gamma-delta intraepithelial T cell,http://purl.obolibrary.org/obo/CL_0000803,true,http://purl.obolibrary.org/obo/CL_0000988,hematopoietic cell,http://purl.obolibrary.org/obo/CL_0000084,T cell
immature single positive thymocyte,http://purl.obolibrary.org/obo/CL_0000805,true,http://purl.obolibrary.org/obo/CL_0000988,hematopoietic cell,http://purl.obolibrary.org/obo/CL_0000084,T cell
DN2 thymocyte,http://purl.obolibrary.org/obo/CL_0000806,true,http://purl.obolibrary.org/obo/CL_0000988,hematopoietic cell,http://purl.obolibrary.org/obo/CL_0000084,T cell
DN3 thymocyte,http://purl.obolibrary.org/obo/CL_0000807,true,http://purl.obolibrary.org/obo/CL_0000988,hematopoietic cell,http://purl.obolibrary.org/obo/CL_0000084,T cell
DN4 thymocyte,http://purl.obolibrary.org/obo/CL_0000808,true,http://purl.obolibrary.org/obo/CL_0000988,hematopoietic cell,http://purl.obolibrary.org/obo/CL_0000084,T cell
"double-positive, alpha-beta thymocyte",http://purl.obolibrary.org/obo/CL_0000809,true,http://purl.obolibrary.org/obo/CL_0000988,hematopoietic cell,http://purl.obolibrary.org/obo/CL_0000084,T cell
"CD4-positive, alpha-beta thymocyte",http://purl.obolibrary.org/obo/CL_0000810,true,http://purl.obolibrary.org/obo/CL_0000988,hematopoietic cell,http://purl.obolibrary.org/obo/CL_0000084,T cell
"CD8-positive, alpha-beta thymocyte",http://purl.obolibrary.org/obo/CL_0000811,true,http://purl.obolibrary.org/obo/CL_0000988,hematopoietic cell,http://purl.obolibrary.org/obo/CL_0000084,T cell
memory T cell,http://purl.obolibrary.org/obo/CL_0000813,true,http://purl.obolibrary.org/obo/CL_0000988,hematopoietic cell,http://purl.obolibrary.org/obo/CL_0000084,T cell
mature NK T cell,http://purl.obolibrary.org/obo/CL_0000814,true,http://purl.obolibrary.org/obo/CL_0000988,hematopoietic cell,http://purl.obolibrary.org/obo/CL_0000084,T cell
regulatory T cell,http://purl.obolibrary.org/obo/CL_0000815,true,http://purl.obolibrary.org/obo/CL_0000988,hematopoietic cell,http://purl.obolibrary.org/obo/CL_0000084,T cell
immature B cell,http://purl.obolibrary.org/obo/CL_0000816,true,http://purl.obolibrary.org/obo/CL_0000988,hematopoietic cell,http://purl.obolibrary.org/obo/CL_0000236,B cell
precursor B cell,http://purl.obolibrary.org/obo/CL_0000817,true,http://purl.obolibrary.org/obo/CL_0000988,hematopoietic cell,http://purl.obolibrary.org/obo/CL_0000236,B cell
transitional stage B cell,http://purl.obolibrary.org/obo/CL_0000818,true,http://purl.obolibrary.org/obo/CL_0000988,hematopoietic cell,http://purl.obolibrary.org/obo/CL_0000236,B cell
B-1 B cell,http://purl.obolibrary.org/obo/CL_0000819,true,http://purl.obolibrary.org/obo/CL_0000988,hematopoietic cell,http://purl.obolibrary.org/obo/CL_0000236,B cell
B-1a B cell,http://purl.obolibrary.org/obo/CL_0000820,true,http://purl.obolibrary.org/obo/CL_0000988,hematopoietic cell,http://purl.obolibrary.org/obo/CL_0000236,B cell
B-1b B cell,http://purl.obolibrary.org/obo/CL_0000821,true,http://purl.obolibrary.org/obo/CL_0000988,hematopoietic cell,http://purl.obolibrary.org/obo/CL_0000236,B cell
B-2 B cell,http://purl.obolibrary.org/obo/CL_0000822,true,http://purl.obolibrary.org/obo/CL_0000988,hematopoietic cell,http://purl.obolibrary.org/obo/CL_0000236,B cell
immature natural killer cell,http://purl.obolibrary.org/obo/CL_0000823,true,http://purl.obolibrary.org/obo/CL_0000988,hematopoietic cell,,
mature natural killer cell,http://purl.obolibrary.org/obo/CL_0000824,true,http://purl.obolibrary.org/obo/CL_0000988,hematopoietic cell,,
pro-NK cell,http://purl.obolibrary.org/obo/CL_0000825,true,http://purl.obolibrary.org/obo/CL_0000988,hematopoietic cell,,
pro-B cell,http://purl.obolibrary.org/obo/CL_0000826,true,http://purl.obolibrary.org/obo/CL_0000988,hematopoietic cell,,
pro-T cell,http://purl.obolibrary.org/obo/CL_0000827,true,http://purl.obolibrary.org/obo/CL_0000988,hematopoietic cell,,
thromboblast,http://purl.obolibrary.org/obo/CL_0000828,true,http://purl.obolibrary.org/obo/CL_0000988,hematopoietic cell,,
basophilic myeloblast,http://purl.obolibrary.org/obo/CL_0000829,true,http://purl.obolibrary.org/obo/CL_0000988,hematopoietic cell,,
basophilic promyelocyte,http://purl.obolibrary.org/obo/CL_0000830,true,http://purl.obolibrary.org/obo/CL_0000988,hematopoietic cell,,
mast cell progenitor,http://purl.obolibrary.org/obo/CL_0000831,true,http://purl.obolibrary.org/obo/CL_0000988,hematopoietic cell,,
eosinophilic myeloblast,http://purl.obolibrary.org/obo/CL_0000832,true,http://purl.obolibrary.org/obo/CL_0000988,hematopoietic cell,,
eosinophilic promyelocyte,http://purl.obolibrary.org/obo/CL_0000833,true,http://purl.obolibrary.org/obo/CL_0000988,hematopoietic cell,,
neutrophil progenitor cell,http://purl.obolibrary.org/obo/CL_0000834,true,http://purl.obolibrary.org/obo/CL_0000988,hematopoietic cell,,
myeloblast,http://purl.obolibrary.org/obo/CL_0000835,true,http://purl.obolibrary.org/obo/CL_0000988,hematopoietic cell,,
promyelocyte,http://purl.obolibrary.org/obo/CL_0000836,true,http://purl.obolibrary.org/obo/CL_0000988,hematopoietic cell,,
hematopoietic multipotent progenitor cell,http://purl.obolibrary.org/obo/CL_0000837,true,http://purl.obolibrary.org/obo/CL_0000988,hematopoietic cell,,
lymphoid lineage restricted progenitor cell,http://purl.obolibrary.org/obo/CL_0000838,true,http://purl.obolibrary.org/obo/CL_0000988,hematopoietic cell,,
myeloid lineage restricted progenitor cell,http://purl.obolibrary.org/obo/CL_0000839,true,http://purl.obolibrary.org/obo/CL_0000988,hematopoietic cell,,
immature conventional dendritic cell,http://purl.obolibrary.org/obo/CL_0000840,true,http://purl.obolibrary.org/obo/CL_0000988,hematopoietic cell,http://purl.obolibrary.org/obo/CL_0000451,dendritic cell
mature conventional dendritic cell,http://purl.obolibrary.org/obo/CL_0000841,true,http://purl.obolibrary.org/obo/CL_0000988,hematopoietic cell,http://purl.obolibrary.org/obo/CL_0000451,dendritic cell
mononuclear leukocyte,http://purl.obolibrary.org/obo/CL_0000842,true,http://purl.obolibrary.org/obo/CL_0000988,hematopoietic cell,,
follicular B cell,http://purl.obolibrary.org/obo/CL_0000843,true,http://purl.obolibrary.org/obo/CL_0000988,hematopoietic cell,http://purl.obolibrary.org/obo/CL_0000236,B cell
germinal center B cell,http://purl.obolibrary.org/obo/CL_0000844,true,http://purl.obolibrary.org/obo/CL_0000988,hematopoietic cell,http://purl.obolibrary.org/obo/CL_0000236,B cell
marginal zone B cell of spleen,http://purl.obolibrary.org/obo/CL_0000845,true,http://purl.obolibrary.org/obo/CL_0000988,hematopoietic cell,http://purl.obolibrary.org/obo/CL_0000236,B cell
vestibular dark cell,http://purl.obolibrary.org/obo/CL_0000846,true,http://purl.obolibrary.org/obo/CL_0000066,epithelial cell,,
ciliated olfactory receptor neuron,http://purl.obolibrary.org/obo/CL_0000847,true,http://purl.obolibrary.org/obo/CL_0002319,neural cell,http://purl.obolibrary.org/obo/CL_0000540,neuron
microvillous olfactory receptor neuron,http://purl.obolibrary.org/obo/CL_0000848,true,http://purl.obolibrary.org/obo/CL_0002319,neural cell,http://purl.obolibrary.org/obo/CL_0000540,neuron
crypt olfactory receptor neuron,http://purl.obolibrary.org/obo/CL_0000849,true,http://purl.obolibrary.org/obo/CL_0002319,neural cell,http://purl.obolibrary.org/obo/CL_0000540,neuron
serotonergic neuron,http://purl.obolibrary.org/obo/CL_0000850,true,http://purl.obolibrary.org/obo/CL_0002319,neural cell,http://purl.obolibrary.org/obo/CL_0000540,neuron
olfactory epithelial supporting cell,http://purl.obolibrary.org/obo/CL_0000853,true,http://purl.obolibrary.org/obo/CL_0002319,neural cell,,
sensory hair cell,http://purl.obolibrary.org/obo/CL_0000855,true,http://purl.obolibrary.org/obo/CL_0002319,neural cell,http://purl.obolibrary.org/obo/CL_0000540,neuron
neuromast hair cell,http://purl.obolibrary.org/obo/CL_0000856,true,http://purl.obolibrary.org/obo/CL_0002319,neural cell,http://purl.obolibrary.org/obo/CL_0000540,neuron
classical monocyte,http://purl.obolibrary.org/obo/CL_0000860,true,http://purl.obolibrary.org/obo/CL_0000988,hematopoietic cell,http://purl.obolibrary.org/obo/CL_0000576,monocyte
elicited macrophage,http://purl.obolibrary.org/obo/CL_0000861,true,http://purl.obolibrary.org/obo/CL_0000988,hematopoietic cell,http://purl.obolibrary.org/obo/CL_0000235,macrophage
suppressor macrophage,http://purl.obolibrary.org/obo/CL_0000862,true,http://purl.obolibrary.org/obo/CL_0000988,hematopoietic cell,http://purl.obolibrary.org/obo/CL_0000235,macrophage
inflammatory macrophage,http://purl.obolibrary.org/obo/CL_0000863,true,http://purl.obolibrary.org/obo/CL_0000988,hematopoietic cell,http://purl.obolibrary.org/obo/CL_0000235,macrophage
tissue-resident macrophage,http://purl.obolibrary.org/obo/CL_0000864,true,http://purl.obolibrary.org/obo/CL_0000988,hematopoietic cell,http://purl.obolibrary.org/obo/CL_0000235,macrophage
gastrointestinal tract (lamina propria) macrophage,http://purl.obolibrary.org/obo/CL_0000865,true,http://purl.obolibrary.org/obo/CL_0000988,hematopoietic cell,http://purl.obolibrary.org/obo/CL_0000235,macrophage
thymic macrophage,http://purl.obolibrary.org/obo/CL_0000866,true,http://purl.obolibrary.org/obo/CL_0000988,hematopoietic cell,http://purl.obolibrary.org/obo/CL_0000235,macrophage
secondary lymphoid organ macrophage,http://purl.obolibrary.org/obo/CL_0000867,true,http://purl.obolibrary.org/obo/CL_0000988,hematopoietic cell,http://purl.obolibrary.org/obo/CL_0000235,macrophage
lymph node macrophage,http://purl.obolibrary.org/obo/CL_0000868,true,http://purl.obolibrary.org/obo/CL_0000988,hematopoietic cell,http://purl.obolibrary.org/obo/CL_0000235,macrophage
tonsillar macrophage,http://purl.obolibrary.org/obo/CL_0000869,true,http://purl.obolibrary.org/obo/CL_0000988,hematopoietic cell,http://purl.obolibrary.org/obo/CL_0000235,macrophage
Peyer's patch macrophage,http://purl.obolibrary.org/obo/CL_0000870,true,http://purl.obolibrary.org/obo/CL_0000988,hematopoietic cell,http://purl.obolibrary.org/obo/CL_0000235,macrophage
splenic macrophage,http://purl.obolibrary.org/obo/CL_0000871,true,http://purl.obolibrary.org/obo/CL_0000988,hematopoietic cell,http://purl.obolibrary.org/obo/CL_0000235,macrophage
splenic marginal zone macrophage,http://purl.obolibrary.org/obo/CL_0000872,true,http://purl.obolibrary.org/obo/CL_0000988,hematopoietic cell,http://purl.obolibrary.org/obo/CL_0000235,macrophage
splenic metallophillic macrophage,http://purl.obolibrary.org/obo/CL_0000873,true,http://purl.obolibrary.org/obo/CL_0000988,hematopoietic cell,http://purl.obolibrary.org/obo/CL_0000235,macrophage
splenic red pulp macrophage,http://purl.obolibrary.org/obo/CL_0000874,true,http://purl.obolibrary.org/obo/CL_0000988,hematopoietic cell,http://purl.obolibrary.org/obo/CL_0000235,macrophage
non-classical monocyte,http://purl.obolibrary.org/obo/CL_0000875,true,http://purl.obolibrary.org/obo/CL_0000988,hematopoietic cell,http://purl.obolibrary.org/obo/CL_0000576,monocyte
splenic white pulp macrophage,http://purl.obolibrary.org/obo/CL_0000876,true,http://purl.obolibrary.org/obo/CL_0000988,hematopoietic cell,http://purl.obolibrary.org/obo/CL_0000235,macrophage
splenic tingible body macrophage,http://purl.obolibrary.org/obo/CL_0000877,true,http://purl.obolibrary.org/obo/CL_0000988,hematopoietic cell,http://purl.obolibrary.org/obo/CL_0000235,macrophage
central nervous system macrophage,http://purl.obolibrary.org/obo/CL_0000878,true,http://purl.obolibrary.org/obo/CL_0000988,hematopoietic cell,http://purl.obolibrary.org/obo/CL_0000235,macrophage
meningeal macrophage,http://purl.obolibrary.org/obo/CL_0000879,true,http://purl.obolibrary.org/obo/CL_0000988,hematopoietic cell,http://purl.obolibrary.org/obo/CL_0000235,macrophage
choroid plexus macrophage,http://purl.obolibrary.org/obo/CL_0000880,true,http://purl.obolibrary.org/obo/CL_0000988,hematopoietic cell,http://purl.obolibrary.org/obo/CL_0000235,macrophage
perivascular macrophage,http://purl.obolibrary.org/obo/CL_0000881,true,http://purl.obolibrary.org/obo/CL_0000988,hematopoietic cell,http://purl.obolibrary.org/obo/CL_0000235,macrophage
thymic medullary macrophage,http://purl.obolibrary.org/obo/CL_0000882,true,http://purl.obolibrary.org/obo/CL_0000988,hematopoietic cell,http://purl.obolibrary.org/obo/CL_0000235,macrophage
thymic cortical macrophage,http://purl.obolibrary.org/obo/CL_0000883,true,http://purl.obolibrary.org/obo/CL_0000988,hematopoietic cell,http://purl.obolibrary.org/obo/CL_0000235,macrophage
mucosa-associated lymphoid tissue macrophage,http://purl.obolibrary.org/obo/CL_0000884,true,http://purl.obolibrary.org/obo/CL_0000988,hematopoietic cell,http://purl.obolibrary.org/obo/CL_0000235,macrophage
gut-associated lymphoid tissue macrophage,http://purl.obolibrary.org/obo/CL_0000885,true,http://purl.obolibrary.org/obo/CL_0000988,hematopoietic cell,http://purl.obolibrary.org/obo/CL_0000235,macrophage
nasal and broncial associated lymphoid tissue macrophage,http://purl.obolibrary.org/obo/CL_0000886,true,http://purl.obolibrary.org/obo/CL_0000988,hematopoietic cell,http://purl.obolibrary.org/obo/CL_0000235,macrophage
lymph node subcapsular sinus macrophage,http://purl.obolibrary.org/obo/CL_0000887,true,http://purl.obolibrary.org/obo/CL_0000988,hematopoietic cell,http://purl.obolibrary.org/obo/CL_0000235,macrophage
lymph node tingible body macrophage,http://purl.obolibrary.org/obo/CL_0000888,true,http://purl.obolibrary.org/obo/CL_0000988,hematopoietic cell,http://purl.obolibrary.org/obo/CL_0000235,macrophage
myeloid suppressor cell,http://purl.obolibrary.org/obo/CL_0000889,true,http://purl.obolibrary.org/obo/CL_0000988,hematopoietic cell,,
alternatively activated macrophage,http://purl.obolibrary.org/obo/CL_0000890,true,http://purl.obolibrary.org/obo/CL_0000988,hematopoietic cell,http://purl.obolibrary.org/obo/CL_0000235,macrophage
thymocyte,http://purl.obolibrary.org/obo/CL_0000893,true,http://purl.obolibrary.org/obo/CL_0000988,hematopoietic cell,http://purl.obolibrary.org/obo/CL_0000084,T cell
DN1 thymic pro-T cell,http://purl.obolibrary.org/obo/CL_0000894,true,http://purl.obolibrary.org/obo/CL_0000988,hematopoietic cell,,
"naive thymus-derived CD4-positive, alpha-beta T cell",http://purl.obolibrary.org/obo/CL_0000895,true,http://purl.obolibrary.org/obo/CL_0000988,hematopoietic cell,http://purl.obolibrary.org/obo/CL_0000084,T cell
"activated CD4-positive, alpha-beta T cell",http://purl.obolibrary.org/obo/CL_0000896,true,http://purl.obolibrary.org/obo/CL_0000988,hematopoietic cell,http://purl.obolibrary.org/obo/CL_0000084,T cell
"CD4-positive, alpha-beta memory T cell",http://purl.obolibrary.org/obo/CL_0000897,true,http://purl.obolibrary.org/obo/CL_0000988,hematopoietic cell,http://purl.obolibrary.org/obo/CL_0000084,T cell
naive T cell,http://purl.obolibrary.org/obo/CL_0000898,true,http://purl.obolibrary.org/obo/CL_0000988,hematopoietic cell,http://purl.obolibrary.org/obo/CL_0000084,T cell
T-helper 17 cell,http://purl.obolibrary.org/obo/CL_0000899,true,http://purl.obolibrary.org/obo/CL_0000988,hematopoietic cell,http://purl.obolibrary.org/obo/CL_0000084,T cell
"naive thymus-derived CD8-positive, alpha-beta T cell",http://purl.obolibrary.org/obo/CL_0000900,true,http://purl.obolibrary.org/obo/CL_0000988,hematopoietic cell,http://purl.obolibrary.org/obo/CL_0000084,T cell
Tr1 cell,http://purl.obolibrary.org/obo/CL_0000901,true,http://purl.obolibrary.org/obo/CL_0000988,hematopoietic cell,http://purl.obolibrary.org/obo/CL_0000084,T cell
induced T-regulatory cell,http://purl.obolibrary.org/obo/CL_0000902,true,http://purl.obolibrary.org/obo/CL_0000988,hematopoietic cell,http://purl.obolibrary.org/obo/CL_0000084,T cell
natural T-regulatory cell,http://purl.obolibrary.org/obo/CL_0000903,true,http://purl.obolibrary.org/obo/CL_0000988,hematopoietic cell,http://purl.obolibrary.org/obo/CL_0000084,T cell
"central memory CD4-positive, alpha-beta T cell",http://purl.obolibrary.org/obo/CL_0000904,true,http://purl.obolibrary.org/obo/CL_0000988,hematopoietic cell,http://purl.obolibrary.org/obo/CL_0000084,T cell
"effector memory CD4-positive, alpha-beta T cell",http://purl.obolibrary.org/obo/CL_0000905,true,http://purl.obolibrary.org/obo/CL_0000988,hematopoietic cell,http://purl.obolibrary.org/obo/CL_0000084,T cell
"activated CD8-positive, alpha-beta T cell",http://purl.obolibrary.org/obo/CL_0000906,true,http://purl.obolibrary.org/obo/CL_0000988,hematopoietic cell,http://purl.obolibrary.org/obo/CL_0000084,T cell
"central memory CD8-positive, alpha-beta T cell",http://purl.obolibrary.org/obo/CL_0000907,true,http://purl.obolibrary.org/obo/CL_0000988,hematopoietic cell,http://purl.obolibrary.org/obo/CL_0000084,T cell
"CD8-positive, alpha-beta cytokine secreting effector T cell",http://purl.obolibrary.org/obo/CL_0000908,true,http://purl.obolibrary.org/obo/CL_0000988,hematopoietic cell,http://purl.obolibrary.org/obo/CL_0000084,T cell
"CD8-positive, alpha-beta memory T cell",http://purl.obolibrary.org/obo/CL_0000909,true,http://purl.obolibrary.org/obo/CL_0000988,hematopoietic cell,http://purl.obolibrary.org/obo/CL_0000084,T cell
cytotoxic T cell,http://purl.obolibrary.org/obo/CL_0000910,true,http://purl.obolibrary.org/obo/CL_0000988,hematopoietic cell,http://purl.obolibrary.org/obo/CL_0000084,T cell
effector T cell,http://purl.obolibrary.org/obo/CL_0000911,true,http://purl.obolibrary.org/obo/CL_0000988,hematopoietic cell,http://purl.obolibrary.org/obo/CL_0000084,T cell
helper T cell,http://purl.obolibrary.org/obo/CL_0000912,true,http://purl.obolibrary.org/obo/CL_0000988,hematopoietic cell,http://purl.obolibrary.org/obo/CL_0000084,T cell
"effector memory CD8-positive, alpha-beta T cell",http://purl.obolibrary.org/obo/CL_0000913,true,http://purl.obolibrary.org/obo/CL_0000988,hematopoietic cell,http://purl.obolibrary.org/obo/CL_0000084,T cell
immature NK T cell,http://purl.obolibrary.org/obo/CL_0000914,true,http://purl.obolibrary.org/obo/CL_0000988,hematopoietic cell,http://purl.obolibrary.org/obo/CL_0000084,T cell
"CD8-alpha-alpha-positive, alpha-beta intraepithelial T cell",http://purl.obolibrary.org/obo/CL_0000915,true,http://purl.obolibrary.org/obo/CL_0000988,hematopoietic cell,http://purl.obolibrary.org/obo/CL_0000084,T cell
dendritic epidermal T cell,http://purl.obolibrary.org/obo/CL_0000916,true,http://purl.obolibrary.org/obo/CL_0000988,hematopoietic cell,http://purl.obolibrary.org/obo/CL_0000084,T cell
Tc1 cell,http://purl.obolibrary.org/obo/CL_0000917,true,http://purl.obolibrary.org/obo/CL_0000988,hematopoietic cell,http://purl.obolibrary.org/obo/CL_0000084,T cell
Tc2 cell,http://purl.obolibrary.org/obo/CL_0000918,true,http://purl.obolibrary.org/obo/CL_0000988,hematopoietic cell,http://purl.obolibrary.org/obo/CL_0000084,T cell
"CD8-positive, CD25-positive, alpha-beta regulatory T cell",http://purl.obolibrary.org/obo/CL_0000919,true,http://purl.obolibrary.org/obo/CL_0000988,hematopoietic cell,http://purl.obolibrary.org/obo/CL_0000084,T cell
"CD8-positive, CD28-negative, alpha-beta regulatory T cell",http://purl.obolibrary.org/obo/CL_0000920,true,http://purl.obolibrary.org/obo/CL_0000988,hematopoietic cell,http://purl.obolibrary.org/obo/CL_0000084,T cell
type I NK T cell,http://purl.obolibrary.org/obo/CL_0000921,true,http://purl.obolibrary.org/obo/CL_0000988,hematopoietic cell,http://purl.obolibrary.org/obo/CL_0000084,T cell
type II NK T cell,http://purl.obolibrary.org/obo/CL_0000922,true,http://purl.obolibrary.org/obo/CL_0000988,hematopoietic cell,http://purl.obolibrary.org/obo/CL_0000084,T cell
CD4-positive type I NK T cell,http://purl.obolibrary.org/obo/CL_0000923,true,http://purl.obolibrary.org/obo/CL_0000988,hematopoietic cell,http://purl.obolibrary.org/obo/CL_0000084,T cell
"CD4-negative, CD8-negative type I NK T cell",http://purl.obolibrary.org/obo/CL_0000924,true,http://purl.obolibrary.org/obo/CL_0000988,hematopoietic cell,http://purl.obolibrary.org/obo/CL_0000084,T cell
activated CD4-positive type I NK T cell,http://purl.obolibrary.org/obo/CL_0000925,true,http://purl.obolibrary.org/obo/CL_0000988,hematopoietic cell,http://purl.obolibrary.org/obo/CL_0000084,T cell
CD4-positive type I NK T cell secreting interferon-gamma,http://purl.obolibrary.org/obo/CL_0000926,true,http://purl.obolibrary.org/obo/CL_0000988,hematopoietic cell,http://purl.obolibrary.org/obo/CL_0000084,T cell
CD4-positive type I NK T cell secreting interleukin-4,http://purl.obolibrary.org/obo/CL_0000927,true,http://purl.obolibrary.org/obo/CL_0000988,hematopoietic cell,http://purl.obolibrary.org/obo/CL_0000084,T cell
"activated CD4-negative, CD8-negative type I NK T cell",http://purl.obolibrary.org/obo/CL_0000928,true,http://purl.obolibrary.org/obo/CL_0000988,hematopoietic cell,http://purl.obolibrary.org/obo/CL_0000084,T cell
"CD4-negative, CD8-negative type I NK T cell secreting interferon-gamma",http://purl.obolibrary.org/obo/CL_0000929,true,http://purl.obolibrary.org/obo/CL_0000988,hematopoietic cell,http://purl.obolibrary.org/obo/CL_0000084,T cell
"CD4-negative, CD8-negative type I NK T cell secreting interleukin-4",http://purl.obolibrary.org/obo/CL_0000930,true,http://purl.obolibrary.org/obo/CL_0000988,hematopoietic cell,http://purl.obolibrary.org/obo/CL_0000084,T cell
activated type II NK T cell,http://purl.obolibrary.org/obo/CL_0000931,true,http://purl.obolibrary.org/obo/CL_0000988,hematopoietic cell,http://purl.obolibrary.org/obo/CL_0000084,T cell
type II NK T cell secreting interferon-gamma,http://purl.obolibrary.org/obo/CL_0000932,true,http://purl.obolibrary.org/obo/CL_0000988,hematopoietic cell,http://purl.obolibrary.org/obo/CL_0000084,T cell
type II NK T cell secreting interleukin-4,http://purl.obolibrary.org/obo/CL_0000933,true,http://purl.obolibrary.org/obo/CL_0000988,hematopoietic cell,http://purl.obolibrary.org/obo/CL_0000084,T cell
"CD4-positive, alpha-beta cytotoxic T cell",http://purl.obolibrary.org/obo/CL_0000934,true,http://purl.obolibrary.org/obo/CL_0000988,hematopoietic cell,http://purl.obolibrary.org/obo/CL_0000084,T cell
"CD4-negative, CD8-negative, alpha-beta intraepithelial T cell",http://purl.obolibrary.org/obo/CL_0000935,true,http://purl.obolibrary.org/obo/CL_0000988,hematopoietic cell,http://purl.obolibrary.org/obo/CL_0000084,T cell
early lymphoid progenitor,http://purl.obolibrary.org/obo/CL_0000936,true,http://purl.obolibrary.org/obo/CL_0000988,hematopoietic cell,,
pre-natural killer cell,http://purl.obolibrary.org/obo/CL_0000937,true,http://purl.obolibrary.org/obo/CL_0000988,hematopoietic cell,,
"CD16-negative, CD56-bright natural killer cell, human",http://purl.obolibrary.org/obo/CL_0000938,true,http://purl.obolibrary.org/obo/CL_0000988,hematopoietic cell,,
"CD16-positive, CD56-dim natural killer cell, human",http://purl.obolibrary.org/obo/CL_0000939,true,http://purl.obolibrary.org/obo/CL_0000988,hematopoietic cell,,
mucosal invariant T cell,http://purl.obolibrary.org/obo/CL_0000940,true,http://purl.obolibrary.org/obo/CL_0000988,hematopoietic cell,http://purl.obolibrary.org/obo/CL_0000084,T cell
thymic conventional dendritic cell,http://purl.obolibrary.org/obo/CL_0000941,true,http://purl.obolibrary.org/obo/CL_0000988,hematopoietic cell,http://purl.obolibrary.org/obo/CL_0000451,dendritic cell
thymic plasmacytoid dendritic cell,http://purl.obolibrary.org/obo/CL_0000942,true,http://purl.obolibrary.org/obo/CL_0000988,hematopoietic cell,http://purl.obolibrary.org/obo/CL_0000451,dendritic cell
Be1 Cell,http://purl.obolibrary.org/obo/CL_0000943,true,http://purl.obolibrary.org/obo/CL_0000988,hematopoietic cell,http://purl.obolibrary.org/obo/CL_0000236,B cell
Be2 cell,http://purl.obolibrary.org/obo/CL_0000944,true,http://purl.obolibrary.org/obo/CL_0000988,hematopoietic cell,http://purl.obolibrary.org/obo/CL_0000236,B cell
lymphocyte of B lineage,http://purl.obolibrary.org/obo/CL_0000945,true,http://purl.obolibrary.org/obo/CL_0000988,hematopoietic cell,,
antibody secreting cell,http://purl.obolibrary.org/obo/CL_0000946,true,http://purl.obolibrary.org/obo/CL_0000988,hematopoietic cell,,
IgE plasma cell,http://purl.obolibrary.org/obo/CL_0000947,true,http://purl.obolibrary.org/obo/CL_0000988,hematopoietic cell,,
IgE memory B cell,http://purl.obolibrary.org/obo/CL_0000948,true,http://purl.obolibrary.org/obo/CL_0000988,hematopoietic cell,http://purl.obolibrary.org/obo/CL_0000236,B cell
IgD plasmablast,http://purl.obolibrary.org/obo/CL_0000949,true,http://purl.obolibrary.org/obo/CL_0000988,hematopoietic cell,http://purl.obolibrary.org/obo/CL_0000236,B cell
IgE plasmablast,http://purl.obolibrary.org/obo/CL_0000950,true,http://purl.obolibrary.org/obo/CL_0000988,hematopoietic cell,http://purl.obolibrary.org/obo/CL_0000236,B cell
IgE short lived plasma cell,http://purl.obolibrary.org/obo/CL_0000951,true,http://purl.obolibrary.org/obo/CL_0000988,hematopoietic cell,,
preBCR-positive large pre-B-II cell,http://purl.obolibrary.org/obo/CL_0000952,true,http://purl.obolibrary.org/obo/CL_0000988,hematopoietic cell,http://purl.obolibrary.org/obo/CL_0000236,B cell
preBCR-negative large pre-B-II cell,http://purl.obolibrary.org/obo/CL_0000953,true,http://purl.obolibrary.org/obo/CL_0000988,hematopoietic cell,http://purl.obolibrary.org/obo/CL_0000236,B cell
small pre-B-II cell,http://purl.obolibrary.org/obo/CL_0000954,true,http://purl.obolibrary.org/obo/CL_0000988,hematopoietic cell,http://purl.obolibrary.org/obo/CL_0000236,B cell
pre-B-II cell,http://purl.obolibrary.org/obo/CL_0000955,true,http://purl.obolibrary.org/obo/CL_0000988,hematopoietic cell,http://purl.obolibrary.org/obo/CL_0000236,B cell
pre-B-I cell,http://purl.obolibrary.org/obo/CL_0000956,true,http://purl.obolibrary.org/obo/CL_0000988,hematopoietic cell,http://purl.obolibrary.org/obo/CL_0000236,B cell
large pre-B-II cell,http://purl.obolibrary.org/obo/CL_0000957,true,http://purl.obolibrary.org/obo/CL_0000988,hematopoietic cell,http://purl.obolibrary.org/obo/CL_0000236,B cell
T1 B cell,http://purl.obolibrary.org/obo/CL_0000958,true,http://purl.obolibrary.org/obo/CL_0000988,hematopoietic cell,http://purl.obolibrary.org/obo/CL_0000236,B cell
T2 B cell,http://purl.obolibrary.org/obo/CL_0000959,true,http://purl.obolibrary.org/obo/CL_0000988,hematopoietic cell,http://purl.obolibrary.org/obo/CL_0000236,B cell
T3 B cell,http://purl.obolibrary.org/obo/CL_0000960,true,http://purl.obolibrary.org/obo/CL_0000988,hematopoietic cell,http://purl.obolibrary.org/obo/CL_0000236,B cell
Bm1 B cell,http://purl.obolibrary.org/obo/CL_0000961,true,http://purl.obolibrary.org/obo/CL_0000988,hematopoietic cell,http://purl.obolibrary.org/obo/CL_0000236,B cell
Bm2 B cell,http://purl.obolibrary.org/obo/CL_0000962,true,http://purl.obolibrary.org/obo/CL_0000988,hematopoietic cell,http://purl.obolibrary.org/obo/CL_0000236,B cell
Bm3-delta B cell,http://purl.obolibrary.org/obo/CL_0000963,true,http://purl.obolibrary.org/obo/CL_0000988,hematopoietic cell,http://purl.obolibrary.org/obo/CL_0000236,B cell
Bm2' B cell,http://purl.obolibrary.org/obo/CL_0000964,true,http://purl.obolibrary.org/obo/CL_0000988,hematopoietic cell,http://purl.obolibrary.org/obo/CL_0000236,B cell
Bm3 B cell,http://purl.obolibrary.org/obo/CL_0000965,true,http://purl.obolibrary.org/obo/CL_0000988,hematopoietic cell,http://purl.obolibrary.org/obo/CL_0000236,B cell
Bm4 B cell,http://purl.obolibrary.org/obo/CL_0000966,true,http://purl.obolibrary.org/obo/CL_0000988,hematopoietic cell,http://purl.obolibrary.org/obo/CL_0000236,B cell
Bm5 B cell,http://purl.obolibrary.org/obo/CL_0000967,true,http://purl.obolibrary.org/obo/CL_0000988,hematopoietic cell,http://purl.obolibrary.org/obo/CL_0000236,B cell
Be cell,http://purl.obolibrary.org/obo/CL_0000968,true,http://purl.obolibrary.org/obo/CL_0000988,hematopoietic cell,http://purl.obolibrary.org/obo/CL_0000236,B cell
regulatory B cell,http://purl.obolibrary.org/obo/CL_0000969,true,http://purl.obolibrary.org/obo/CL_0000988,hematopoietic cell,http://purl.obolibrary.org/obo/CL_0000236,B cell
unswitched memory B cell,http://purl.obolibrary.org/obo/CL_0000970,true,http://purl.obolibrary.org/obo/CL_0000988,hematopoietic cell,http://purl.obolibrary.org/obo/CL_0000236,B cell
IgM memory B cell,http://purl.obolibrary.org/obo/CL_0000971,true,http://purl.obolibrary.org/obo/CL_0000988,hematopoietic cell,http://purl.obolibrary.org/obo/CL_0000236,B cell
class switched memory B cell,http://purl.obolibrary.org/obo/CL_0000972,true,http://purl.obolibrary.org/obo/CL_0000988,hematopoietic cell,http://purl.obolibrary.org/obo/CL_0000236,B cell
IgA memory B cell,http://purl.obolibrary.org/obo/CL_0000973,true,http://purl.obolibrary.org/obo/CL_0000988,hematopoietic cell,http://purl.obolibrary.org/obo/CL_0000236,B cell
long lived plasma cell,http://purl.obolibrary.org/obo/CL_0000974,true,http://purl.obolibrary.org/obo/CL_0000988,hematopoietic cell,,
short lived plasma cell,http://purl.obolibrary.org/obo/CL_0000975,true,http://purl.obolibrary.org/obo/CL_0000988,hematopoietic cell,,
IgA short lived plasma cell,http://purl.obolibrary.org/obo/CL_0000976,true,http://purl.obolibrary.org/obo/CL_0000988,hematopoietic cell,,
IgG short lived plasma cell,http://purl.obolibrary.org/obo/CL_0000977,true,http://purl.obolibrary.org/obo/CL_0000988,hematopoietic cell,,
IgM short lived plasma cell,http://purl.obolibrary.org/obo/CL_0000978,true,http://purl.obolibrary.org/obo/CL_0000988,hematopoietic cell,,
IgG memory B cell,http://purl.obolibrary.org/obo/CL_0000979,true,http://purl.obolibrary.org/obo/CL_0000988,hematopoietic cell,http://purl.obolibrary.org/obo/CL_0000236,B cell
plasmablast,http://purl.obolibrary.org/obo/CL_0000980,true,http://purl.obolibrary.org/obo/CL_0000988,hematopoietic cell,http://purl.obolibrary.org/obo/CL_0000236,B cell
double negative memory B cell,http://purl.obolibrary.org/obo/CL_0000981,true,http://purl.obolibrary.org/obo/CL_0000988,hematopoietic cell,http://purl.obolibrary.org/obo/CL_0000236,B cell
IgG plasmablast,http://purl.obolibrary.org/obo/CL_0000982,true,http://purl.obolibrary.org/obo/CL_0000988,hematopoietic cell,http://purl.obolibrary.org/obo/CL_0000236,B cell
IgM plasmablast,http://purl.obolibrary.org/obo/CL_0000983,true,http://purl.obolibrary.org/obo/CL_0000988,hematopoietic cell,http://purl.obolibrary.org/obo/CL_0000236,B cell
IgA plasmablast,http://purl.obolibrary.org/obo/CL_0000984,true,http://purl.obolibrary.org/obo/CL_0000988,hematopoietic cell,http://purl.obolibrary.org/obo/CL_0000236,B cell
IgG plasma cell,http://purl.obolibrary.org/obo/CL_0000985,true,http://purl.obolibrary.org/obo/CL_0000988,hematopoietic cell,,
IgM plasma cell,http://purl.obolibrary.org/obo/CL_0000986,true,http://purl.obolibrary.org/obo/CL_0000988,hematopoietic cell,,
IgA plasma cell,http://purl.obolibrary.org/obo/CL_0000987,true,http://purl.obolibrary.org/obo/CL_0000988,hematopoietic cell,,
hematopoietic cell,http://purl.obolibrary.org/obo/CL_0000988,true,http://purl.obolibrary.org/obo/CL_0000988,hematopoietic cell,,
CD11c-low plasmacytoid dendritic cell,http://purl.obolibrary.org/obo/CL_0000989,true,http://purl.obolibrary.org/obo/CL_0000988,hematopoietic cell,http://purl.obolibrary.org/obo/CL_0000451,dendritic cell
conventional dendritic cell,http://purl.obolibrary.org/obo/CL_0000990,true,http://purl.obolibrary.org/obo/CL_0000988,hematopoietic cell,http://purl.obolibrary.org/obo/CL_0000451,dendritic cell
CD11c-negative plasmacytoid dendritic cell,http://purl.obolibrary.org/obo/CL_0000991,true,http://purl.obolibrary.org/obo/CL_0000988,hematopoietic cell,http://purl.obolibrary.org/obo/CL_0000451,dendritic cell
immature CD11c-low plasmacytoid dendritic cell,http://purl.obolibrary.org/obo/CL_0000992,true,http://purl.obolibrary.org/obo/CL_0000988,hematopoietic cell,http://purl.obolibrary.org/obo/CL_0000451,dendritic cell
mature CD11c-low plasmacytoid dendritic cell,http://purl.obolibrary.org/obo/CL_0000993,true,http://purl.obolibrary.org/obo/CL_0000988,hematopoietic cell,http://purl.obolibrary.org/obo/CL_0000451,dendritic cell
immature CD11c-negative plasmacytoid dendritic cell,http://purl.obolibrary.org/obo/CL_0000994,true,http://purl.obolibrary.org/obo/CL_0000988,hematopoietic cell,http://purl.obolibrary.org/obo/CL_0000451,dendritic cell
"CD34-positive, CD38-positive common myeloid progenitor OR CD34-positive, CD38-positive common lymphoid progenitor",http://purl.obolibrary.org/obo/CL_0000995,true,http://purl.obolibrary.org/obo/CL_0000988,hematopoietic cell,,
mature CD11c-negative plasmacytoid dendritic cell,http://purl.obolibrary.org/obo/CL_0000996,true,http://purl.obolibrary.org/obo/CL_0000988,hematopoietic cell,http://purl.obolibrary.org/obo/CL_0000451,dendritic cell
immature CD8-alpha-negative CD11b-positive dendritic cell,http://purl.obolibrary.org/obo/CL_0000997,true,http://purl.obolibrary.org/obo/CL_0000988,hematopoietic cell,http://purl.obolibrary.org/obo/CL_0000451,dendritic cell
CD8-alpha-negative CD11b-negative dendritic cell,http://purl.obolibrary.org/obo/CL_0000998,true,http://purl.obolibrary.org/obo/CL_0000988,hematopoietic cell,http://purl.obolibrary.org/obo/CL_0000451,dendritic cell
CD4-positive CD11b-positive dendritic cell,http://purl.obolibrary.org/obo/CL_0000999,true,http://purl.obolibrary.org/obo/CL_0000988,hematopoietic cell,http://purl.obolibrary.org/obo/CL_0000451,dendritic cell
CD8-alpha-positive CD11b-negative dendritic cell,http://purl.obolibrary.org/obo/CL_0001000,true,http://purl.obolibrary.org/obo/CL_0000988,hematopoietic cell,http://purl.obolibrary.org/obo/CL_0000451,dendritic cell
immature CD8-alpha-negative CD11b-negative dendritic cell,http://purl.obolibrary.org/obo/CL_0001001,true,http://purl.obolibrary.org/obo/CL_0000988,hematopoietic cell,http://purl.obolibrary.org/obo/CL_0000451,dendritic cell
mature CD8-alpha-negative CD11b-negative dendritic cell,http://purl.obolibrary.org/obo/CL_0001002,true,http://purl.obolibrary.org/obo/CL_0000988,hematopoietic cell,http://purl.obolibrary.org/obo/CL_0000451,dendritic cell
mature CD8-alpha-negative CD11b-positive dendritic cell,http://purl.obolibrary.org/obo/CL_0001003,true,http://purl.obolibrary.org/obo/CL_0000988,hematopoietic cell,http://purl.obolibrary.org/obo/CL_0000451,dendritic cell
immature CD8-alpha-positive CD11b-negative dendritic cell,http://purl.obolibrary.org/obo/CL_0001004,true,http://purl.obolibrary.org/obo/CL_0000988,hematopoietic cell,http://purl.obolibrary.org/obo/CL_0000451,dendritic cell
mature CD8-alpha-positive CD11b-negative dendritic cell,http://purl.obolibrary.org/obo/CL_0001005,true,http://purl.obolibrary.org/obo/CL_0000988,hematopoietic cell,http://purl.obolibrary.org/obo/CL_0000451,dendritic cell
dermal dendritic cell,http://purl.obolibrary.org/obo/CL_0001006,true,http://purl.obolibrary.org/obo/CL_0000988,hematopoietic cell,http://purl.obolibrary.org/obo/CL_0000451,dendritic cell
interstitial dendritic cell,http://purl.obolibrary.org/obo/CL_0001007,true,http://purl.obolibrary.org/obo/CL_0000988,hematopoietic cell,http://purl.obolibrary.org/obo/CL_0000451,dendritic cell
Kit and Sca1-positive hematopoietic stem cell,http://purl.obolibrary.org/obo/CL_0001008,true,http://purl.obolibrary.org/obo/CL_0000034,stem cell,,
immature dermal dendritic cell,http://purl.obolibrary.org/obo/CL_0001009,true,http://purl.obolibrary.org/obo/CL_0000988,hematopoietic cell,http://purl.obolibrary.org/obo/CL_0000451,dendritic cell
mature dermal dendritic cell,http://purl.obolibrary.org/obo/CL_0001010,true,http://purl.obolibrary.org/obo/CL_0000988,hematopoietic cell,http://purl.obolibrary.org/obo/CL_0000451,dendritic cell
immature interstitial dendritic cell,http://purl.obolibrary.org/obo/CL_0001011,true,http://purl.obolibrary.org/obo/CL_0000988,hematopoietic cell,http://purl.obolibrary.org/obo/CL_0000451,dendritic cell
CD7-negative lymphoid progenitor OR granulocyte monocyte progenitor,http://purl.obolibrary.org/obo/CL_0001012,true,http://purl.obolibrary.org/obo/CL_0000988,hematopoietic cell,,
mature interstitial dendritic cell,http://purl.obolibrary.org/obo/CL_0001013,true,http://purl.obolibrary.org/obo/CL_0000988,hematopoietic cell,http://purl.obolibrary.org/obo/CL_0000451,dendritic cell
CD1a-positive Langerhans cell,http://purl.obolibrary.org/obo/CL_0001014,true,http://purl.obolibrary.org/obo/CL_0000988,hematopoietic cell,http://purl.obolibrary.org/obo/CL_0000451,dendritic cell
CD8-alpha-low Langerhans cell,http://purl.obolibrary.org/obo/CL_0001015,true,http://purl.obolibrary.org/obo/CL_0000988,hematopoietic cell,http://purl.obolibrary.org/obo/CL_0000451,dendritic cell
immature CD1a-positive Langerhans cell,http://purl.obolibrary.org/obo/CL_0001016,true,http://purl.obolibrary.org/obo/CL_0000988,hematopoietic cell,http://purl.obolibrary.org/obo/CL_0000451,dendritic cell
mature CD1a-positive Langerhans cell,http://purl.obolibrary.org/obo/CL_0001017,true,http://purl.obolibrary.org/obo/CL_0000988,hematopoietic cell,http://purl.obolibrary.org/obo/CL_0000451,dendritic cell
immature CD8-alpha-low Langerhans cell,http://purl.obolibrary.org/obo/CL_0001018,true,http://purl.obolibrary.org/obo/CL_0000988,hematopoietic cell,http://purl.obolibrary.org/obo/CL_0000451,dendritic cell
CD115-positive monocyte OR common dendritic progenitor,http://purl.obolibrary.org/obo/CL_0001019,true,http://purl.obolibrary.org/obo/CL_0000988,hematopoietic cell,,
mature CD8-alpha-low Langerhans cell,http://purl.obolibrary.org/obo/CL_0001020,true,http://purl.obolibrary.org/obo/CL_0000988,hematopoietic cell,http://purl.obolibrary.org/obo/CL_0000451,dendritic cell
"CD34-positive, CD38-positive common lymphoid progenitor",http://purl.obolibrary.org/obo/CL_0001021,true,http://purl.obolibrary.org/obo/CL_0000988,hematopoietic cell,,
CD115-positive monocyte,http://purl.obolibrary.org/obo/CL_0001022,true,http://purl.obolibrary.org/obo/CL_0000988,hematopoietic cell,http://purl.obolibrary.org/obo/CL_0000576,monocyte
"Kit-positive, CD34-positive common myeloid progenitor",http://purl.obolibrary.org/obo/CL_0001023,true,http://purl.obolibrary.org/obo/CL_0000988,hematopoietic cell,,
"CD34-positive, CD38-negative hematopoietic stem cell",http://purl.obolibrary.org/obo/CL_0001024,true,http://purl.obolibrary.org/obo/CL_0000034,stem cell,,
"Kit-positive, Sca1-positive common lymphoid progenitor",http://purl.obolibrary.org/obo/CL_0001025,true,http://purl.obolibrary.org/obo/CL_0000988,hematopoietic cell,,
"CD34-positive, CD38-positive common myeloid progenitor",http://purl.obolibrary.org/obo/CL_0001026,true,http://purl.obolibrary.org/obo/CL_0000988,hematopoietic cell,,
CD7-negative lymphoid progenitor cell,http://purl.obolibrary.org/obo/CL_0001027,true,http://purl.obolibrary.org/obo/CL_0000988,hematopoietic cell,,
CD7-positive lymphoid progenitor cell,http://purl.obolibrary.org/obo/CL_0001028,true,http://purl.obolibrary.org/obo/CL_0000988,hematopoietic cell,,
common dendritic progenitor,http://purl.obolibrary.org/obo/CL_0001029,true,http://purl.obolibrary.org/obo/CL_0000988,hematopoietic cell,,
CD117-positive common myeloid progenitor OR CD217-positive common lymphoid progenitor,http://purl.obolibrary.org/obo/CL_0001030,true,http://purl.obolibrary.org/obo/CL_0000988,hematopoietic cell,,
cerebellar granule cell,http://purl.obolibrary.org/obo/CL_0001031,true,http://purl.obolibrary.org/obo/CL_0002319,neural cell,http://purl.obolibrary.org/obo/CL_0000540,neuron
cortical granule cell,http://purl.obolibrary.org/obo/CL_0001032,true,http://purl.obolibrary.org/obo/CL_0002319,neural cell,http://purl.obolibrary.org/obo/CL_0000540,neuron
hippocampal granule cell,http://purl.obolibrary.org/obo/CL_0001033,true,http://purl.obolibrary.org/obo/CL_0002319,neural cell,http://purl.obolibrary.org/obo/CL_0000540,neuron
bone cell,http://purl.obolibrary.org/obo/CL_0001035,true,http://purl.obolibrary.org/obo/CL_0001035,bone cell,,
terminally differentiated osteoblast,http://purl.obolibrary.org/obo/CL_0001039,true,http://purl.obolibrary.org/obo/CL_0002320,connective tissue cell,,
non-terminally differentiated osteoblast,http://purl.obolibrary.org/obo/CL_0001040,true,http://purl.obolibrary.org/obo/CL_0001035,bone cell,,
"CD8-positive, CXCR3-positive, alpha-beta regulatory T cell",http://purl.obolibrary.org/obo/CL_0001041,true,http://purl.obolibrary.org/obo/CL_0000988,hematopoietic cell,http://purl.obolibrary.org/obo/CL_0000084,T cell
T-helper 22 cell,http://purl.obolibrary.org/obo/CL_0001042,true,http://purl.obolibrary.org/obo/CL_0000988,hematopoietic cell,http://purl.obolibrary.org/obo/CL_0000084,T cell
"activated CD4-positive, alpha-beta T cell, human",http://purl.obolibrary.org/obo/CL_0001043,true,http://purl.obolibrary.org/obo/CL_0000988,hematopoietic cell,http://purl.obolibrary.org/obo/CL_0000084,T cell
"effector CD4-positive, alpha-beta T cell",http://purl.obolibrary.org/obo/CL_0001044,true,http://purl.obolibrary.org/obo/CL_0000988,hematopoietic cell,http://purl.obolibrary.org/obo/CL_0000084,T cell
naive CCR4-positive regulatory T cell,http://purl.obolibrary.org/obo/CL_0001045,true,http://purl.obolibrary.org/obo/CL_0000988,hematopoietic cell,http://purl.obolibrary.org/obo/CL_0000084,T cell
memory CCR4-positive regulatory T cell,http://purl.obolibrary.org/obo/CL_0001046,true,http://purl.obolibrary.org/obo/CL_0000988,hematopoietic cell,http://purl.obolibrary.org/obo/CL_0000084,T cell
"CD4-positive, CD25-positive, CCR4-positive, alpha-beta regulatory T cell",http://purl.obolibrary.org/obo/CL_0001047,true,http://purl.obolibrary.org/obo/CL_0000988,hematopoietic cell,http://purl.obolibrary.org/obo/CL_0000084,T cell
"activated CD4-positive, CD25-positive, CCR4-positive, alpha-beta regulatory T cell, human",http://purl.obolibrary.org/obo/CL_0001048,true,http://purl.obolibrary.org/obo/CL_0000988,hematopoietic cell,http://purl.obolibrary.org/obo/CL_0000084,T cell
"activated CD8-positive, alpha-beta T cell, human",http://purl.obolibrary.org/obo/CL_0001049,true,http://purl.obolibrary.org/obo/CL_0000988,hematopoietic cell,http://purl.obolibrary.org/obo/CL_0000084,T cell
"effector CD8-positive, alpha-beta T cell",http://purl.obolibrary.org/obo/CL_0001050,true,http://purl.obolibrary.org/obo/CL_0000988,hematopoietic cell,http://purl.obolibrary.org/obo/CL_0000084,T cell
"CD4-positive, CXCR3-negative, CCR6-negative, alpha-beta T cell",http://purl.obolibrary.org/obo/CL_0001051,true,http://purl.obolibrary.org/obo/CL_0000988,hematopoietic cell,http://purl.obolibrary.org/obo/CL_0000084,T cell
"CD8-positive, CXCR3-negative, CCR6-negative, alpha-beta T cell",http://purl.obolibrary.org/obo/CL_0001052,true,http://purl.obolibrary.org/obo/CL_0000988,hematopoietic cell,http://purl.obolibrary.org/obo/CL_0000084,T cell
IgD-negative memory B cell,http://purl.obolibrary.org/obo/CL_0001053,true,http://purl.obolibrary.org/obo/CL_0000988,hematopoietic cell,http://purl.obolibrary.org/obo/CL_0000236,B cell
CD14-positive monocyte,http://purl.obolibrary.org/obo/CL_0001054,true,http://purl.obolibrary.org/obo/CL_0000988,hematopoietic cell,http://purl.obolibrary.org/obo/CL_0000576,monocyte
"CD14-positive, CD16-low monocyte",http://purl.obolibrary.org/obo/CL_0001055,true,http://purl.obolibrary.org/obo/CL_0000988,hematopoietic cell,http://purl.obolibrary.org/obo/CL_0000576,monocyte
"dendritic cell, human",http://purl.obolibrary.org/obo/CL_0001056,true,http://purl.obolibrary.org/obo/CL_0000988,hematopoietic cell,http://purl.obolibrary.org/obo/CL_0000451,dendritic cell
"myeloid dendritic cell, human",http://purl.obolibrary.org/obo/CL_0001057,true,http://purl.obolibrary.org/obo/CL_0000988,hematopoietic cell,http://purl.obolibrary.org/obo/CL_0000451,dendritic cell
"plasmacytoid dendritic cell, human",http://purl.obolibrary.org/obo/CL_0001058,true,http://purl.obolibrary.org/obo/CL_0000988,hematopoietic cell,http://purl.obolibrary.org/obo/CL_0000451,dendritic cell
"common myeloid progenitor, CD34-positive",http://purl.obolibrary.org/obo/CL_0001059,true,http://purl.obolibrary.org/obo/CL_0000988,hematopoietic cell,,
"hematopoietic oligopotent progenitor cell, lineage-negative",http://purl.obolibrary.org/obo/CL_0001060,true,http://purl.obolibrary.org/obo/CL_0000988,hematopoietic cell,,
"effector memory CD8-positive, alpha-beta T cell, terminally differentiated",http://purl.obolibrary.org/obo/CL_0001062,true,http://purl.obolibrary.org/obo/CL_0000988,hematopoietic cell,http://purl.obolibrary.org/obo/CL_0000084,T cell
innate lymphoid cell,http://purl.obolibrary.org/obo/CL_0001065,true,http://purl.obolibrary.org/obo/CL_0000988,hematopoietic cell,,
"erythroid progenitor cell, mammalian",http://purl.obolibrary.org/obo/CL_0001066,true,http://purl.obolibrary.org/obo/CL_0000988,hematopoietic cell,,
group 1 innate lymphoid cell,http://purl.obolibrary.org/obo/CL_0001067,true,http://purl.obolibrary.org/obo/CL_0000988,hematopoietic cell,,
ILC1,http://purl.obolibrary.org/obo/CL_0001068,true,http://purl.obolibrary.org/obo/CL_0000988,hematopoietic cell,,
group 2 innate lymphoid cell,http://purl.obolibrary.org/obo/CL_0001069,true,http://purl.obolibrary.org/obo/CL_0000988,hematopoietic cell,,
beige adipocyte,http://purl.obolibrary.org/obo/CL_0001070,true,http://purl.obolibrary.org/obo/CL_0002320,connective tissue cell,http://purl.obolibrary.org/obo/CL_0000136,adipocyte
group 3 innate lymphoid cell,http://purl.obolibrary.org/obo/CL_0001071,true,http://purl.obolibrary.org/obo/CL_0000988,hematopoietic cell,,
"CD34-negative, CD117-positive innate lymphoid cell, human",http://purl.obolibrary.org/obo/CL_0001072,true,http://purl.obolibrary.org/obo/CL_0000988,hematopoietic cell,,
"CD34-negative, CD56-positive, CD117-positive innate lymphoid cell, human",http://purl.obolibrary.org/obo/CL_0001073,true,http://purl.obolibrary.org/obo/CL_0000988,hematopoietic cell,,
"CD34-positive, CD56-positive, CD117-positive common innate lymphoid precursor, human",http://purl.obolibrary.org/obo/CL_0001074,true,http://purl.obolibrary.org/obo/CL_0000988,hematopoietic cell,,
"KLRG1-positive innate lymphoid cell, human",http://purl.obolibrary.org/obo/CL_0001075,true,http://purl.obolibrary.org/obo/CL_0000988,hematopoietic cell,,
"NKp46-positive innate lymphoid cell, human",http://purl.obolibrary.org/obo/CL_0001076,true,http://purl.obolibrary.org/obo/CL_0000988,hematopoietic cell,,
"ILC1, human",http://purl.obolibrary.org/obo/CL_0001077,true,http://purl.obolibrary.org/obo/CL_0000988,hematopoietic cell,,
"group 3 innate lymphoid cell, human",http://purl.obolibrary.org/obo/CL_0001078,true,http://purl.obolibrary.org/obo/CL_0000988,hematopoietic cell,,
"NKp44-positive group 3 innate lymphoid cell, human",http://purl.obolibrary.org/obo/CL_0001079,true,http://purl.obolibrary.org/obo/CL_0000988,hematopoietic cell,,
"NKp44-negative group 3 innate lymphoid cell, human",http://purl.obolibrary.org/obo/CL_0001080,true,http://purl.obolibrary.org/obo/CL_0000988,hematopoietic cell,,
"group 2 innate lymphoid cell, human",http://purl.obolibrary.org/obo/CL_0001081,true,http://purl.obolibrary.org/obo/CL_0000988,hematopoietic cell,,
immature innate lymphoid cell,http://purl.obolibrary.org/obo/CL_0001082,true,http://purl.obolibrary.org/obo/CL_0000988,hematopoietic cell,,
"effector memory CD4-positive, alpha-beta T cell, terminally differentiated",http://purl.obolibrary.org/obo/CL_0001087,true,http://purl.obolibrary.org/obo/CL_0000988,hematopoietic cell,http://purl.obolibrary.org/obo/CL_0000084,T cell
"lymphocyte of B lineage, CD19-positive",http://purl.obolibrary.org/obo/CL_0001200,true,http://purl.obolibrary.org/obo/CL_0000988,hematopoietic cell,,
"B cell, CD19-positive",http://purl.obolibrary.org/obo/CL_0001201,true,http://purl.obolibrary.org/obo/CL_0000988,hematopoietic cell,http://purl.obolibrary.org/obo/CL_0000236,B cell
CD86-positive plasmablast,http://purl.obolibrary.org/obo/CL_0001202,true,http://purl.obolibrary.org/obo/CL_0000988,hematopoietic cell,http://purl.obolibrary.org/obo/CL_0000236,B cell
"CD8-positive, alpha-beta memory T cell, CD45RO-positive",http://purl.obolibrary.org/obo/CL_0001203,true,http://purl.obolibrary.org/obo/CL_0000988,hematopoietic cell,http://purl.obolibrary.org/obo/CL_0000084,T cell
"CD4-positive, alpha-beta memory T cell, CD45RO-positive",http://purl.obolibrary.org/obo/CL_0001204,true,http://purl.obolibrary.org/obo/CL_0000988,hematopoietic cell,http://purl.obolibrary.org/obo/CL_0000084,T cell
Kit-positive erythroid progenitor cell,http://purl.obolibrary.org/obo/CL_0002000,true,http://purl.obolibrary.org/obo/CL_0000988,hematopoietic cell,,
"CD34-positive, CD38-positive granulocyte monocyte progenitor",http://purl.obolibrary.org/obo/CL_0002001,true,http://purl.obolibrary.org/obo/CL_0000988,hematopoietic cell,,
Kit-positive granulocyte monocyte progenitor,http://purl.obolibrary.org/obo/CL_0002002,true,http://purl.obolibrary.org/obo/CL_0000988,hematopoietic cell,,
"CD34-positive, GlyA-negative erythroid progenitor cell",http://purl.obolibrary.org/obo/CL_0002003,true,http://purl.obolibrary.org/obo/CL_0000988,hematopoietic cell,,
"CD34-negative, GlyA-negative proerythroblast",http://purl.obolibrary.org/obo/CL_0002004,true,http://purl.obolibrary.org/obo/CL_0000988,hematopoietic cell,,
"CD34-positive, CD38-positive megakaryocyte erythroid progenitor cell",http://purl.obolibrary.org/obo/CL_0002005,true,http://purl.obolibrary.org/obo/CL_0000988,hematopoietic cell,,
"Kit-positive, CD34-negative megakaryocyte erythroid progenitor cell",http://purl.obolibrary.org/obo/CL_0002006,true,http://purl.obolibrary.org/obo/CL_0000988,hematopoietic cell,,
"Kit-low, CD34-positive eosinophil progenitor cell",http://purl.obolibrary.org/obo/CL_0002007,true,http://purl.obolibrary.org/obo/CL_0000988,hematopoietic cell,,
"CD34-positive, CD38-positive eosinophil progenitor cell",http://purl.obolibrary.org/obo/CL_0002008,true,http://purl.obolibrary.org/obo/CL_0000988,hematopoietic cell,,
macrophage dendritic cell progenitor,http://purl.obolibrary.org/obo/CL_0002009,true,http://purl.obolibrary.org/obo/CL_0000988,hematopoietic cell,,
pre-conventional dendritic cell,http://purl.obolibrary.org/obo/CL_0002010,true,http://purl.obolibrary.org/obo/CL_0000988,hematopoietic cell,,
Kit-positive macrophage dendritic cell progenitor,http://purl.obolibrary.org/obo/CL_0002011,true,http://purl.obolibrary.org/obo/CL_0000988,hematopoietic cell,,
Kit-low proerythroblast,http://purl.obolibrary.org/obo/CL_0002012,true,http://purl.obolibrary.org/obo/CL_0000988,hematopoietic cell,,
GlyA-positive basophilic erythroblast,http://purl.obolibrary.org/obo/CL_0002013,true,http://purl.obolibrary.org/obo/CL_0000988,hematopoietic cell,,
"Kit-negative, Ly-76 high basophilic erythroblast",http://purl.obolibrary.org/obo/CL_0002014,true,http://purl.obolibrary.org/obo/CL_0000988,hematopoietic cell,,
"Kit-negative, Ly-76 high polychromatophilic erythroblast",http://purl.obolibrary.org/obo/CL_0002015,true,http://purl.obolibrary.org/obo/CL_0000988,hematopoietic cell,,
"CD71-low, GlyA-positive polychromatic erythroblast",http://purl.obolibrary.org/obo/CL_0002016,true,http://purl.obolibrary.org/obo/CL_0000988,hematopoietic cell,,
"Kit-negative, Ly-76 high orthochromatophilic erythroblasts",http://purl.obolibrary.org/obo/CL_0002017,true,http://purl.obolibrary.org/obo/CL_0000988,hematopoietic cell,,
"CD71-negative, GlyA-positive orthochromatic erythroblast",http://purl.obolibrary.org/obo/CL_0002018,true,http://purl.obolibrary.org/obo/CL_0000988,hematopoietic cell,,
Ly-76 high reticulocyte,http://purl.obolibrary.org/obo/CL_0002019,true,http://purl.obolibrary.org/obo/CL_0000988,hematopoietic cell,,
GlyA-positive reticulocytes,http://purl.obolibrary.org/obo/CL_0002020,true,http://purl.obolibrary.org/obo/CL_0000988,hematopoietic cell,,
GlyA-positive erythrocyte,http://purl.obolibrary.org/obo/CL_0002021,true,http://purl.obolibrary.org/obo/CL_0000988,hematopoietic cell,http://purl.obolibrary.org/obo/CL_0000081,blood cell
Ly-76 high positive erythrocyte,http://purl.obolibrary.org/obo/CL_0002022,true,http://purl.obolibrary.org/obo/CL_0000988,hematopoietic cell,http://purl.obolibrary.org/obo/CL_0000081,blood cell
"CD34-positive, CD41-positive, CD42-positive megakaryocyte progenitor cell",http://purl.obolibrary.org/obo/CL_0002023,true,http://purl.obolibrary.org/obo/CL_0000988,hematopoietic cell,,
Kit-positive megakaryocyte progenitor cell,http://purl.obolibrary.org/obo/CL_0002024,true,http://purl.obolibrary.org/obo/CL_0000988,hematopoietic cell,,
"CD34-positive, CD41-positive, CD42-negative megakaryocyte progenitor cell",http://purl.obolibrary.org/obo/CL_0002025,true,http://purl.obolibrary.org/obo/CL_0000988,hematopoietic cell,,
"CD34-negative, CD41-positive, CD42-positive megakaryocyte cell",http://purl.obolibrary.org/obo/CL_0002026,true,http://purl.obolibrary.org/obo/CL_0000988,hematopoietic cell,,
"CD9-positive, CD41-positive megakaryocyte cell",http://purl.obolibrary.org/obo/CL_0002027,true,http://purl.obolibrary.org/obo/CL_0000988,hematopoietic cell,,
basophil mast progenitor cell,http://purl.obolibrary.org/obo/CL_0002028,true,http://purl.obolibrary.org/obo/CL_0000988,hematopoietic cell,,
Fc-epsilon RIalpha-low mast cell progenitor,http://purl.obolibrary.org/obo/CL_0002029,true,http://purl.obolibrary.org/obo/CL_0000988,hematopoietic cell,,
Fc-epsilon RIalpha-high basophil progenitor cell,http://purl.obolibrary.org/obo/CL_0002030,true,http://purl.obolibrary.org/obo/CL_0000988,hematopoietic cell,,
hematopoietic lineage restricted progenitor cell,http://purl.obolibrary.org/obo/CL_0002031,true,http://purl.obolibrary.org/obo/CL_0000988,hematopoietic cell,,
hematopoietic oligopotent progenitor cell,http://purl.obolibrary.org/obo/CL_0002032,true,http://purl.obolibrary.org/obo/CL_0000988,hematopoietic cell,,
short term hematopoietic stem cell,http://purl.obolibrary.org/obo/CL_0002033,true,http://purl.obolibrary.org/obo/CL_0000034,stem cell,,
long term hematopoietic stem cell,http://purl.obolibrary.org/obo/CL_0002034,true,http://purl.obolibrary.org/obo/CL_0000034,stem cell,,
Slamf1-negative multipotent progenitor cell,http://purl.obolibrary.org/obo/CL_0002035,true,http://purl.obolibrary.org/obo/CL_0000988,hematopoietic cell,,
Slamf1-positive multipotent progenitor cell,http://purl.obolibrary.org/obo/CL_0002036,true,http://purl.obolibrary.org/obo/CL_0000988,hematopoietic cell,,
"CD2-positive, CD5-positive, CD44-positive alpha-beta intraepithelial T cell",http://purl.obolibrary.org/obo/CL_0002037,true,http://purl.obolibrary.org/obo/CL_0000988,hematopoietic cell,http://purl.obolibrary.org/obo/CL_0000084,T cell
T follicular helper cell,http://purl.obolibrary.org/obo/CL_0002038,true,http://purl.obolibrary.org/obo/CL_0000988,hematopoietic cell,http://purl.obolibrary.org/obo/CL_0000084,T cell
immature NK T cell stage I,http://purl.obolibrary.org/obo/CL_0002039,true,http://purl.obolibrary.org/obo/CL_0000988,hematopoietic cell,http://purl.obolibrary.org/obo/CL_0000084,T cell
immature NK T cell stage II,http://purl.obolibrary.org/obo/CL_0002040,true,http://purl.obolibrary.org/obo/CL_0000988,hematopoietic cell,http://purl.obolibrary.org/obo/CL_0000084,T cell
immature NK T cell stage III,http://purl.obolibrary.org/obo/CL_0002041,true,http://purl.obolibrary.org/obo/CL_0000988,hematopoietic cell,http://purl.obolibrary.org/obo/CL_0000084,T cell
immature NK T cell stage IV,http://purl.obolibrary.org/obo/CL_0002042,true,http://purl.obolibrary.org/obo/CL_0000988,hematopoietic cell,http://purl.obolibrary.org/obo/CL_0000084,T cell
"CD34-positive, CD38-negative multipotent progenitor cell",http://purl.obolibrary.org/obo/CL_0002043,true,http://purl.obolibrary.org/obo/CL_0000988,hematopoietic cell,,
"Kit-positive, integrin beta7-high basophil mast progenitor cell",http://purl.obolibrary.org/obo/CL_0002044,true,http://purl.obolibrary.org/obo/CL_0000988,hematopoietic cell,,
fraction A pre-pro B cell,http://purl.obolibrary.org/obo/CL_0002045,true,http://purl.obolibrary.org/obo/CL_0000988,hematopoietic cell,,
early pro-B cell,http://purl.obolibrary.org/obo/CL_0002046,true,http://purl.obolibrary.org/obo/CL_0000988,hematopoietic cell,,
fraction B precursor B cell,http://purl.obolibrary.org/obo/CL_0002047,true,http://purl.obolibrary.org/obo/CL_0000988,hematopoietic cell,http://purl.obolibrary.org/obo/CL_0000236,B cell
late pro-B cell,http://purl.obolibrary.org/obo/CL_0002048,true,http://purl.obolibrary.org/obo/CL_0000988,hematopoietic cell,http://purl.obolibrary.org/obo/CL_0000236,B cell
fraction C precursor B cell,http://purl.obolibrary.org/obo/CL_0002049,true,http://purl.obolibrary.org/obo/CL_0000988,hematopoietic cell,http://purl.obolibrary.org/obo/CL_0000236,B cell
fraction C' precursor B cell,http://purl.obolibrary.org/obo/CL_0002050,true,http://purl.obolibrary.org/obo/CL_0000988,hematopoietic cell,http://purl.obolibrary.org/obo/CL_0000236,B cell
CD38-high pre-BCR positive cell,http://purl.obolibrary.org/obo/CL_0002051,true,http://purl.obolibrary.org/obo/CL_0000988,hematopoietic cell,http://purl.obolibrary.org/obo/CL_0000236,B cell
fraction D precursor B cell,http://purl.obolibrary.org/obo/CL_0002052,true,http://purl.obolibrary.org/obo/CL_0000988,hematopoietic cell,http://purl.obolibrary.org/obo/CL_0000236,B cell
"CD22-positive, CD38-low small pre-B cell",http://purl.obolibrary.org/obo/CL_0002053,true,http://purl.obolibrary.org/obo/CL_0000988,hematopoietic cell,http://purl.obolibrary.org/obo/CL_0000236,B cell
fraction E immature B cell,http://purl.obolibrary.org/obo/CL_0002054,true,http://purl.obolibrary.org/obo/CL_0000988,hematopoietic cell,http://purl.obolibrary.org/obo/CL_0000236,B cell
CD38-negative immature B cell,http://purl.obolibrary.org/obo/CL_0002055,true,http://purl.obolibrary.org/obo/CL_0000988,hematopoietic cell,http://purl.obolibrary.org/obo/CL_0000236,B cell
fraction F mature B cell,http://purl.obolibrary.org/obo/CL_0002056,true,http://purl.obolibrary.org/obo/CL_0000988,hematopoietic cell,http://purl.obolibrary.org/obo/CL_0000236,B cell
"CD14-positive, CD16-negative classical monocyte",http://purl.obolibrary.org/obo/CL_0002057,true,http://purl.obolibrary.org/obo/CL_0000988,hematopoietic cell,http://purl.obolibrary.org/obo/CL_0000576,monocyte
Gr1-low non-classical monocyte,http://purl.obolibrary.org/obo/CL_0002058,true,http://purl.obolibrary.org/obo/CL_0000988,hematopoietic cell,http://purl.obolibrary.org/obo/CL_0000576,monocyte
CD8-alpha-positive thymic conventional dendritic cell,http://purl.obolibrary.org/obo/CL_0002059,true,http://purl.obolibrary.org/obo/CL_0000988,hematopoietic cell,http://purl.obolibrary.org/obo/CL_0000451,dendritic cell
melanophage,http://purl.obolibrary.org/obo/CL_0002060,true,http://purl.obolibrary.org/obo/CL_0000988,hematopoietic cell,http://purl.obolibrary.org/obo/CL_0000235,macrophage
T-helper 9 cell,http://purl.obolibrary.org/obo/CL_0002061,true,http://purl.obolibrary.org/obo/CL_0000988,hematopoietic cell,http://purl.obolibrary.org/obo/CL_0000084,T cell
pulmonary alveolar type 1 cell,http://purl.obolibrary.org/obo/CL_0002062,true,http://purl.obolibrary.org/obo/CL_0000066,epithelial cell,,
pulmonary alveolar type 2 cell,http://purl.obolibrary.org/obo/CL_0002063,true,http://purl.obolibrary.org/obo/CL_0000066,epithelial cell,,
pancreatic acinar cell,http://purl.obolibrary.org/obo/CL_0002064,true,http://purl.obolibrary.org/obo/CL_0000152,exocrine cell,,
Feyrter cell,http://purl.obolibrary.org/obo/CL_0002066,true,http://purl.obolibrary.org/obo/CL_0002319,neural cell,http://purl.obolibrary.org/obo/CL_0000540,neuron
type A enteroendocrine cell,http://purl.obolibrary.org/obo/CL_0002067,true,http://purl.obolibrary.org/obo/CL_0000066,epithelial cell,,
Purkinje myocyte,http://purl.obolibrary.org/obo/CL_0002068,true,http://purl.obolibrary.org/obo/CL_0000187,muscle cell,,
type II vestibular sensory cell,http://purl.obolibrary.org/obo/CL_0002069,true,http://purl.obolibrary.org/obo/CL_0002319,neural cell,http://purl.obolibrary.org/obo/CL_0000540,neuron
type I vestibular sensory cell,http://purl.obolibrary.org/obo/CL_0002070,true,http://purl.obolibrary.org/obo/CL_0002319,neural cell,http://purl.obolibrary.org/obo/CL_0000540,neuron
enterocyte of epithelium of large intestine,http://purl.obolibrary.org/obo/CL_0002071,true,http://purl.obolibrary.org/obo/CL_0000066,epithelial cell,,
nodal myocyte,http://purl.obolibrary.org/obo/CL_0002072,true,http://purl.obolibrary.org/obo/CL_0000187,muscle cell,,
transitional myocyte,http://purl.obolibrary.org/obo/CL_0002073,true,http://purl.obolibrary.org/obo/CL_0000187,muscle cell,,
myocardial endocrine cell,http://purl.obolibrary.org/obo/CL_0002074,true,http://purl.obolibrary.org/obo/CL_0000187,muscle cell,,
brush cell of tracheobronchial tree,http://purl.obolibrary.org/obo/CL_0002075,true,http://purl.obolibrary.org/obo/CL_0000066,epithelial cell,,
endo-epithelial cell,http://purl.obolibrary.org/obo/CL_0002076,true,http://purl.obolibrary.org/obo/CL_0000066,epithelial cell,,
ecto-epithelial cell,http://purl.obolibrary.org/obo/CL_0002077,true,http://purl.obolibrary.org/obo/CL_0000066,epithelial cell,,
meso-epithelial cell,http://purl.obolibrary.org/obo/CL_0002078,true,http://purl.obolibrary.org/obo/CL_0000066,epithelial cell,,
pancreatic ductal cell,http://purl.obolibrary.org/obo/CL_0002079,true,http://purl.obolibrary.org/obo/CL_0000066,epithelial cell,,
pancreatic centro-acinar cell,http://purl.obolibrary.org/obo/CL_0002080,true,http://purl.obolibrary.org/obo/CL_0000066,epithelial cell,,
type II cell of carotid body,http://purl.obolibrary.org/obo/CL_0002081,true,http://purl.obolibrary.org/obo/CL_0000066,epithelial cell,,
type II cell of adrenal medulla,http://purl.obolibrary.org/obo/CL_0002082,true,http://purl.obolibrary.org/obo/CL_0002319,neural cell,http://purl.obolibrary.org/obo/CL_0000540,neuron
type I cell of adrenal medulla,http://purl.obolibrary.org/obo/CL_0002083,true,http://purl.obolibrary.org/obo/CL_0002319,neural cell,http://purl.obolibrary.org/obo/CL_0000540,neuron
Boettcher cell,http://purl.obolibrary.org/obo/CL_0002084,true,http://purl.obolibrary.org/obo/CL_0001035,bone cell,,
tanycyte,http://purl.obolibrary.org/obo/CL_0002085,true,http://purl.obolibrary.org/obo/CL_0002319,neural cell,http://purl.obolibrary.org/obo/CL_0000125,glial cell
specialized cardiac myocyte,http://purl.obolibrary.org/obo/CL_0002086,true,http://purl.obolibrary.org/obo/CL_0000187,muscle cell,,
nongranular leukocyte,http://purl.obolibrary.org/obo/CL_0002087,true,http://purl.obolibrary.org/obo/CL_0000988,hematopoietic cell,,
interstitial cell of Cajal,http://purl.obolibrary.org/obo/CL_0002088,true,http://purl.obolibrary.org/obo/CL_0000066,epithelial cell,,
"group 2 innate lymphoid cell, mouse",http://purl.obolibrary.org/obo/CL_0002089,true,http://purl.obolibrary.org/obo/CL_0000988,hematopoietic cell,,
polar body,http://purl.obolibrary.org/obo/CL_0002090,true,http://purl.obolibrary.org/obo/CL_0000039,germ line cell,,
primary polar body,http://purl.obolibrary.org/obo/CL_0002091,true,http://purl.obolibrary.org/obo/CL_0000039,germ line cell,,
bone marrow cell,http://purl.obolibrary.org/obo/CL_0002092,true,http://purl.obolibrary.org/obo/CL_0001035,bone cell,,
secondary polar body,http://purl.obolibrary.org/obo/CL_0002093,true,http://purl.obolibrary.org/obo/CL_0000039,germ line cell,,
interstitial cell of ovary,http://purl.obolibrary.org/obo/CL_0002094,true,http://purl.obolibrary.org/obo/CL_0002320,connective tissue cell,http://purl.obolibrary.org/obo/CL_0000499,stromal cell
hilus cell of ovary,http://purl.obolibrary.org/obo/CL_0002095,true,http://purl.obolibrary.org/obo/CL_0002320,connective tissue cell,http://purl.obolibrary.org/obo/CL_0000499,stromal cell
internodal tract myocyte,http://purl.obolibrary.org/obo/CL_0002096,true,http://purl.obolibrary.org/obo/CL_0000187,muscle cell,,
cortical cell of adrenal gland,http://purl.obolibrary.org/obo/CL_0002097,true,http://purl.obolibrary.org/obo/CL_0000066,epithelial cell,,
regular cardiac myocyte,http://purl.obolibrary.org/obo/CL_0002098,true,http://purl.obolibrary.org/obo/CL_0000187,muscle cell,,
type I cell of adrenal cortex,http://purl.obolibrary.org/obo/CL_0002099,true,http://purl.obolibrary.org/obo/CL_0000066,epithelial cell,,
regular interventricular cardiac myocyte,http://purl.obolibrary.org/obo/CL_0002100,true,http://purl.obolibrary.org/obo/CL_0000187,muscle cell,,
CD38-positive naive B cell,http://purl.obolibrary.org/obo/CL_0002101,true,http://purl.obolibrary.org/obo/CL_0000988,hematopoietic cell,http://purl.obolibrary.org/obo/CL_0000236,B cell
CD38-negative naive B cell,http://purl.obolibrary.org/obo/CL_0002102,true,http://purl.obolibrary.org/obo/CL_0000988,hematopoietic cell,http://purl.obolibrary.org/obo/CL_0000236,B cell
IgG-positive double negative memory B cell,http://purl.obolibrary.org/obo/CL_0002103,true,http://purl.obolibrary.org/obo/CL_0000988,hematopoietic cell,http://purl.obolibrary.org/obo/CL_0000236,B cell
IgG-negative double negative memory B cell,http://purl.obolibrary.org/obo/CL_0002104,true,http://purl.obolibrary.org/obo/CL_0000988,hematopoietic cell,http://purl.obolibrary.org/obo/CL_0000236,B cell
CD38-positive IgG memory B cell,http://purl.obolibrary.org/obo/CL_0002105,true,http://purl.obolibrary.org/obo/CL_0000988,hematopoietic cell,http://purl.obolibrary.org/obo/CL_0000236,B cell
IgD-positive CD38-positive IgG memory B cell,http://purl.obolibrary.org/obo/CL_0002106,true,http://purl.obolibrary.org/obo/CL_0000988,hematopoietic cell,http://purl.obolibrary.org/obo/CL_0000236,B cell
IgD-negative CD38-positive IgG memory B cell,http://purl.obolibrary.org/obo/CL_0002107,true,http://purl.obolibrary.org/obo/CL_0000988,hematopoietic cell,http://purl.obolibrary.org/obo/CL_0000236,B cell
CD38-negative IgG memory B cell,http://purl.obolibrary.org/obo/CL_0002108,true,http://purl.obolibrary.org/obo/CL_0000988,hematopoietic cell,http://purl.obolibrary.org/obo/CL_0000236,B cell
B220-positive CD38-positive naive B cell,http://purl.obolibrary.org/obo/CL_0002109,true,http://purl.obolibrary.org/obo/CL_0000988,hematopoietic cell,http://purl.obolibrary.org/obo/CL_0000236,B cell
B220-low CD38-positive naive B cell,http://purl.obolibrary.org/obo/CL_0002110,true,http://purl.obolibrary.org/obo/CL_0000988,hematopoietic cell,http://purl.obolibrary.org/obo/CL_0000236,B cell
CD38-negative unswitched memory B cell,http://purl.obolibrary.org/obo/CL_0002111,true,http://purl.obolibrary.org/obo/CL_0000988,hematopoietic cell,http://purl.obolibrary.org/obo/CL_0000236,B cell
B220-positive CD38-negative unswitched memory B cell,http://purl.obolibrary.org/obo/CL_0002112,true,http://purl.obolibrary.org/obo/CL_0000988,hematopoietic cell,http://purl.obolibrary.org/obo/CL_0000236,B cell
B220-low CD38-negative unswitched memory B cell,http://purl.obolibrary.org/obo/CL_0002113,true,http://purl.obolibrary.org/obo/CL_0000988,hematopoietic cell,http://purl.obolibrary.org/obo/CL_0000236,B cell
CD38-positive unswitched memory B cell,http://purl.obolibrary.org/obo/CL_0002114,true,http://purl.obolibrary.org/obo/CL_0000988,hematopoietic cell,http://purl.obolibrary.org/obo/CL_0000236,B cell
B220-positive CD38-positive unswitched memory B cell,http://purl.obolibrary.org/obo/CL_0002115,true,http://purl.obolibrary.org/obo/CL_0000988,hematopoietic cell,http://purl.obolibrary.org/obo/CL_0000236,B cell
B220-low CD38-positive unswitched memory B cell,http://purl.obolibrary.org/obo/CL_0002116,true,http://purl.obolibrary.org/obo/CL_0000988,hematopoietic cell,http://purl.obolibrary.org/obo/CL_0000236,B cell
IgG-negative class switched memory B cell,http://purl.obolibrary.org/obo/CL_0002117,true,http://purl.obolibrary.org/obo/CL_0000988,hematopoietic cell,http://purl.obolibrary.org/obo/CL_0000236,B cell
CD38-negative IgG-negative class switched memory B cell,http://purl.obolibrary.org/obo/CL_0002118,true,http://purl.obolibrary.org/obo/CL_0000988,hematopoietic cell,http://purl.obolibrary.org/obo/CL_0000236,B cell
CD38-positive IgG-negative class switched memory B cell,http://purl.obolibrary.org/obo/CL_0002119,true,http://purl.obolibrary.org/obo/CL_0000988,hematopoietic cell,http://purl.obolibrary.org/obo/CL_0000236,B cell
CD24-positive CD38-negative IgG-negative class switched memory B cell,http://purl.obolibrary.org/obo/CL_0002120,true,http://purl.obolibrary.org/obo/CL_0000988,hematopoietic cell,http://purl.obolibrary.org/obo/CL_0000236,B cell
CD24-negative CD38-negative IgG-negative class switched memory B cell,http://purl.obolibrary.org/obo/CL_0002121,true,http://purl.obolibrary.org/obo/CL_0000988,hematopoietic cell,http://purl.obolibrary.org/obo/CL_0000236,B cell
B220-positive CD38-positive IgG-negative class switched memory B cell,http://purl.obolibrary.org/obo/CL_0002122,true,http://purl.obolibrary.org/obo/CL_0000988,hematopoietic cell,http://purl.obolibrary.org/obo/CL_0000236,B cell
B220-low CD38-positive IgG-negative class switched memory B cell,http://purl.obolibrary.org/obo/CL_0002123,true,http://purl.obolibrary.org/obo/CL_0000988,hematopoietic cell,http://purl.obolibrary.org/obo/CL_0000236,B cell
CD27-positive gamma-delta T cell,http://purl.obolibrary.org/obo/CL_0002124,true,http://purl.obolibrary.org/obo/CL_0000988,hematopoietic cell,http://purl.obolibrary.org/obo/CL_0000084,T cell
CD27-negative gamma-delta T cell,http://purl.obolibrary.org/obo/CL_0002125,true,http://purl.obolibrary.org/obo/CL_0000988,hematopoietic cell,http://purl.obolibrary.org/obo/CL_0000084,T cell
"CD25-positive, CD27-positive immature gamma-delta T cell",http://purl.obolibrary.org/obo/CL_0002126,true,http://purl.obolibrary.org/obo/CL_0000988,hematopoietic cell,http://purl.obolibrary.org/obo/CL_0000084,T cell
innate effector T cell,http://purl.obolibrary.org/obo/CL_0002127,true,http://purl.obolibrary.org/obo/CL_0000988,hematopoietic cell,http://purl.obolibrary.org/obo/CL_0000084,T cell
Tc17 cell,http://purl.obolibrary.org/obo/CL_0002128,true,http://purl.obolibrary.org/obo/CL_0000988,hematopoietic cell,http://purl.obolibrary.org/obo/CL_0000084,T cell
regular atrial cardiac myocyte,http://purl.obolibrary.org/obo/CL_0002129,true,http://purl.obolibrary.org/obo/CL_0000187,muscle cell,,
regular interatrial cardiac myocyte,http://purl.obolibrary.org/obo/CL_0002130,true,http://purl.obolibrary.org/obo/CL_0000187,muscle cell,,
regular ventricular cardiac myocyte,http://purl.obolibrary.org/obo/CL_0002131,true,http://purl.obolibrary.org/obo/CL_0000187,muscle cell,,
stromal cell of ovary,http://purl.obolibrary.org/obo/CL_0002132,true,http://purl.obolibrary.org/obo/CL_0002320,connective tissue cell,http://purl.obolibrary.org/obo/CL_0000499,stromal cell
stromal cell of ovarian cortex,http://purl.obolibrary.org/obo/CL_0002133,true,http://purl.obolibrary.org/obo/CL_0002320,connective tissue cell,http://purl.obolibrary.org/obo/CL_0000499,stromal cell
stromal cell of ovarian medulla,http://purl.obolibrary.org/obo/CL_0002134,true,http://purl.obolibrary.org/obo/CL_0002320,connective tissue cell,http://purl.obolibrary.org/obo/CL_0000499,stromal cell
nonkeratinized cell of epidermis,http://purl.obolibrary.org/obo/CL_0002135,true,http://purl.obolibrary.org/obo/CL_0000066,epithelial cell,,
type II cell of adrenal cortex,http://purl.obolibrary.org/obo/CL_0002136,true,http://purl.obolibrary.org/obo/CL_0000066,epithelial cell,,
type III cell of adrenal cortex,http://purl.obolibrary.org/obo/CL_0002137,true,http://purl.obolibrary.org/obo/CL_0000066,epithelial cell,,
endothelial cell of lymphatic vessel,http://purl.obolibrary.org/obo/CL_0002138,true,http://purl.obolibrary.org/obo/CL_0000115,endothelial cell,,
endothelial cell of vascular tree,http://purl.obolibrary.org/obo/CL_0002139,true,http://purl.obolibrary.org/obo/CL_0000115,endothelial cell,,
skin sebocyte,http://purl.obolibrary.org/obo/CL_0002140,true,http://purl.obolibrary.org/obo/CL_0000152,exocrine cell,,
active chief cell of parathyroid gland,http://purl.obolibrary.org/obo/CL_0002141,true,http://purl.obolibrary.org/obo/CL_0000066,epithelial cell,,
dark cell of eccrine sweat gland,http://purl.obolibrary.org/obo/CL_0002142,true,http://purl.obolibrary.org/obo/CL_0000152,exocrine cell,,
dark chief cell of parathyroid gland,http://purl.obolibrary.org/obo/CL_0002143,true,http://purl.obolibrary.org/obo/CL_0000066,epithelial cell,,
capillary endothelial cell,http://purl.obolibrary.org/obo/CL_0002144,true,http://purl.obolibrary.org/obo/CL_0000115,endothelial cell,,
multiciliated columnar cell of tracheobronchial tree,http://purl.obolibrary.org/obo/CL_0002145,true,http://purl.obolibrary.org/obo/CL_0000066,epithelial cell,,
clear cell of eccrine sweat gland,http://purl.obolibrary.org/obo/CL_0002146,true,http://purl.obolibrary.org/obo/CL_0000152,exocrine cell,,
clear chief cell of parathyroid gland,http://purl.obolibrary.org/obo/CL_0002147,true,http://purl.obolibrary.org/obo/CL_0000066,epithelial cell,,
dental pulp cell,http://purl.obolibrary.org/obo/CL_0002148,true,http://purl.obolibrary.org/obo/CL_0002320,connective tissue cell,,
epithelial cell of uterus,http://purl.obolibrary.org/obo/CL_0002149,true,http://purl.obolibrary.org/obo/CL_0000066,epithelial cell,,
epithelioid macrophage,http://purl.obolibrary.org/obo/CL_0002150,true,http://purl.obolibrary.org/obo/CL_0000988,hematopoietic cell,http://purl.obolibrary.org/obo/CL_0000235,macrophage
late promyelocyte,http://purl.obolibrary.org/obo/CL_0002151,true,http://purl.obolibrary.org/obo/CL_0000988,hematopoietic cell,,
columnar cell of endocervix,http://purl.obolibrary.org/obo/CL_0002152,true,http://purl.obolibrary.org/obo/CL_0000066,epithelial cell,,
early promyelocyte,http://purl.obolibrary.org/obo/CL_0002154,true,http://purl.obolibrary.org/obo/CL_0000988,hematopoietic cell,,
echinocyte,http://purl.obolibrary.org/obo/CL_0002155,true,http://purl.obolibrary.org/obo/CL_0000988,hematopoietic cell,http://purl.obolibrary.org/obo/CL_0000081,blood cell
endosteal cell,http://purl.obolibrary.org/obo/CL_0002157,true,http://purl.obolibrary.org/obo/CL_0001035,bone cell,,
external epithelial cell of tympanic membrane,http://purl.obolibrary.org/obo/CL_0002158,true,http://purl.obolibrary.org/obo/CL_0000066,epithelial cell,,
general ecto-epithelial cell,http://purl.obolibrary.org/obo/CL_0002159,true,http://purl.obolibrary.org/obo/CL_0000066,epithelial cell,,
basal external epithelial cell of tympanic membrane,http://purl.obolibrary.org/obo/CL_0002160,true,http://purl.obolibrary.org/obo/CL_0000066,epithelial cell,,
superficial external epithelial cell of tympanic membrane,http://purl.obolibrary.org/obo/CL_0002161,true,http://purl.obolibrary.org/obo/CL_0000066,epithelial cell,,
internal epithelial cell of tympanic membrane,http://purl.obolibrary.org/obo/CL_0002162,true,http://purl.obolibrary.org/obo/CL_0000066,epithelial cell,,
internal pillar cell of cochlea,http://purl.obolibrary.org/obo/CL_0002163,true,http://purl.obolibrary.org/obo/CL_0001035,bone cell,,
external pillar cell of cochlea,http://purl.obolibrary.org/obo/CL_0002164,true,http://purl.obolibrary.org/obo/CL_0001035,bone cell,,
phalangeal cell,http://purl.obolibrary.org/obo/CL_0002165,true,http://purl.obolibrary.org/obo/CL_0000066,epithelial cell,,
epithelial cell of Malassez,http://purl.obolibrary.org/obo/CL_0002166,true,http://purl.obolibrary.org/obo/CL_0000066,epithelial cell,,
olfactory epithelial cell,http://purl.obolibrary.org/obo/CL_0002167,true,http://purl.obolibrary.org/obo/CL_0000066,epithelial cell,,
border cell of cochlea,http://purl.obolibrary.org/obo/CL_0002168,true,http://purl.obolibrary.org/obo/CL_0001035,bone cell,,
basal cell of olfactory epithelium,http://purl.obolibrary.org/obo/CL_0002169,true,http://purl.obolibrary.org/obo/CL_0000066,epithelial cell,,
keratinized cell of the oral mucosa,http://purl.obolibrary.org/obo/CL_0002170,true,http://purl.obolibrary.org/obo/CL_0000066,epithelial cell,,
globose cell of olfactory epithelium,http://purl.obolibrary.org/obo/CL_0002171,true,http://purl.obolibrary.org/obo/CL_0000066,epithelial cell,,
interdental cell of cochlea,http://purl.obolibrary.org/obo/CL_0002172,true,http://purl.obolibrary.org/obo/CL_0001035,bone cell,,
extraglomerular mesangial cell,http://purl.obolibrary.org/obo/CL_0002173,true,http://purl.obolibrary.org/obo/CL_0002320,connective tissue cell,,
folliculostellate cell of pars distalis of adenohypophysis,http://purl.obolibrary.org/obo/CL_0002177,true,http://purl.obolibrary.org/obo/CL_0000066,epithelial cell,,
epithelial cell of stomach,http://purl.obolibrary.org/obo/CL_0002178,true,http://purl.obolibrary.org/obo/CL_0000066,epithelial cell,,
foveolar cell of stomach,http://purl.obolibrary.org/obo/CL_0002179,true,http://purl.obolibrary.org/obo/CL_0000066,epithelial cell,,
mucous cell of stomach,http://purl.obolibrary.org/obo/CL_0002180,true,http://purl.obolibrary.org/obo/CL_0000066,epithelial cell,,
mucous neck cell of gastric gland,http://purl.obolibrary.org/obo/CL_0002181,true,http://purl.obolibrary.org/obo/CL_0000066,epithelial cell,,
stem cell of gastric gland,http://purl.obolibrary.org/obo/CL_0002183,true,http://purl.obolibrary.org/obo/CL_0000034,stem cell,,
basal proper cell of olfactory epithelium,http://purl.obolibrary.org/obo/CL_0002184,true,http://purl.obolibrary.org/obo/CL_0000066,epithelial cell,,
basal cell of epidermis,http://purl.obolibrary.org/obo/CL_0002187,true,http://purl.obolibrary.org/obo/CL_0000034,stem cell,,
glomerular endothelial cell,http://purl.obolibrary.org/obo/CL_0002188,true,http://purl.obolibrary.org/obo/CL_0000115,endothelial cell,,
granular cell of epidermis,http://purl.obolibrary.org/obo/CL_0002189,true,http://purl.obolibrary.org/obo/CL_0000066,epithelial cell,,
squamous cell of epidermis,http://purl.obolibrary.org/obo/CL_0002190,true,http://purl.obolibrary.org/obo/CL_0000066,epithelial cell,,
granulocytopoietic cell,http://purl.obolibrary.org/obo/CL_0002191,true,http://purl.obolibrary.org/obo/CL_0000988,hematopoietic cell,,
metamyelocyte,http://purl.obolibrary.org/obo/CL_0002192,true,http://purl.obolibrary.org/obo/CL_0000988,hematopoietic cell,,
myelocyte,http://purl.obolibrary.org/obo/CL_0002193,true,http://purl.obolibrary.org/obo/CL_0000988,hematopoietic cell,,
monopoietic cell,http://purl.obolibrary.org/obo/CL_0002194,true,http://purl.obolibrary.org/obo/CL_0000988,hematopoietic cell,,
hepatic stem cell,http://purl.obolibrary.org/obo/CL_0002195,true,http://purl.obolibrary.org/obo/CL_0000034,stem cell,,
inactive chief cell of parathyoid gland,http://purl.obolibrary.org/obo/CL_0002197,true,http://purl.obolibrary.org/obo/CL_0000066,epithelial cell,,
oncocyte,http://purl.obolibrary.org/obo/CL_0002198,true,http://purl.obolibrary.org/obo/CL_0000066,epithelial cell,,
oxyphil cell of parathyroid gland,http://purl.obolibrary.org/obo/CL_0002199,true,http://purl.obolibrary.org/obo/CL_0000066,epithelial cell,,
oxyphil cell of thyroid,http://purl.obolibrary.org/obo/CL_0002200,true,http://purl.obolibrary.org/obo/CL_0000066,epithelial cell,,
renal beta-intercalated cell,http://purl.obolibrary.org/obo/CL_0002201,true,http://purl.obolibrary.org/obo/CL_0000066,epithelial cell,,
epithelial cell of tracheobronchial tree,http://purl.obolibrary.org/obo/CL_0002202,true,http://purl.obolibrary.org/obo/CL_0000066,epithelial cell,,
tuft cell of large intestine,http://purl.obolibrary.org/obo/CL_0002203,true,http://purl.obolibrary.org/obo/CL_0000066,epithelial cell,,
tuft cell,http://purl.obolibrary.org/obo/CL_0002204,true,http://purl.obolibrary.org/obo/CL_0000066,epithelial cell,,
brush cell of lobular bronchiole,http://purl.obolibrary.org/obo/CL_0002205,true,http://purl.obolibrary.org/obo/CL_0000066,epithelial cell,,
brush cell of terminal bronchiole,http://purl.obolibrary.org/obo/CL_0002206,true,http://purl.obolibrary.org/obo/CL_0000066,epithelial cell,,
brush cell of trachea,http://purl.obolibrary.org/obo/CL_0002207,true,http://purl.obolibrary.org/obo/CL_0000066,epithelial cell,,
brush cell of bronchus,http://purl.obolibrary.org/obo/CL_0002208,true,http://purl.obolibrary.org/obo/CL_0000066,epithelial cell,,
intermediate epitheliocyte,http://purl.obolibrary.org/obo/CL_0002209,true,http://purl.obolibrary.org/obo/CL_0000066,epithelial cell,,
red muscle cell,http://purl.obolibrary.org/obo/CL_0002210,true,http://purl.obolibrary.org/obo/CL_0000187,muscle cell,,
type I muscle cell,http://purl.obolibrary.org/obo/CL_0002211,true,http://purl.obolibrary.org/obo/CL_0000187,muscle cell,,
type II muscle cell,http://purl.obolibrary.org/obo/CL_0002212,true,http://purl.obolibrary.org/obo/CL_0000187,muscle cell,,
white muscle cell,http://purl.obolibrary.org/obo/CL_0002213,true,http://purl.obolibrary.org/obo/CL_0000187,muscle cell,,
type IIa muscle cell,http://purl.obolibrary.org/obo/CL_0002214,true,http://purl.obolibrary.org/obo/CL_0000187,muscle cell,,
type IIb muscle cell,http://purl.obolibrary.org/obo/CL_0002215,true,http://purl.obolibrary.org/obo/CL_0000187,muscle cell,,
intermediate muscle cell,http://purl.obolibrary.org/obo/CL_0002216,true,http://purl.obolibrary.org/obo/CL_0000187,muscle cell,,
intermediate trophoblast cell,http://purl.obolibrary.org/obo/CL_0002217,true,http://purl.obolibrary.org/obo/CL_0000349,extraembryonic cell,,
immature dendritic epithelial T cell precursor,http://purl.obolibrary.org/obo/CL_0002218,true,http://purl.obolibrary.org/obo/CL_0000988,hematopoietic cell,http://purl.obolibrary.org/obo/CL_0000084,T cell
anchoring trophoblast,http://purl.obolibrary.org/obo/CL_0002219,true,http://purl.obolibrary.org/obo/CL_0000349,extraembryonic cell,,
interstitial cell of pineal gland,http://purl.obolibrary.org/obo/CL_0002220,true,http://purl.obolibrary.org/obo/CL_0000066,epithelial cell,,
keratinized squamous cell of esophagus,http://purl.obolibrary.org/obo/CL_0002221,true,http://purl.obolibrary.org/obo/CL_0000066,epithelial cell,,
vertebrate lens cell,http://purl.obolibrary.org/obo/CL_0002222,true,http://purl.obolibrary.org/obo/CL_0000066,epithelial cell,,
anterior lens cell,http://purl.obolibrary.org/obo/CL_0002223,true,http://purl.obolibrary.org/obo/CL_0000066,epithelial cell,,
lens epithelial cell,http://purl.obolibrary.org/obo/CL_0002224,true,http://purl.obolibrary.org/obo/CL_0000066,epithelial cell,,
secondary lens fiber,http://purl.obolibrary.org/obo/CL_0002225,true,http://purl.obolibrary.org/obo/CL_0000066,epithelial cell,,
non-nucleated secondary lens fiber,http://purl.obolibrary.org/obo/CL_0002226,true,http://purl.obolibrary.org/obo/CL_0000066,epithelial cell,,
nucleated secondary lens fiber,http://purl.obolibrary.org/obo/CL_0002227,true,http://purl.obolibrary.org/obo/CL_0000066,epithelial cell,,
primary lens fiber,http://purl.obolibrary.org/obo/CL_0002228,true,http://purl.obolibrary.org/obo/CL_0000066,epithelial cell,,
light chief cell of parathyroid gland,http://purl.obolibrary.org/obo/CL_0002229,true,http://purl.obolibrary.org/obo/CL_0000066,epithelial cell,,
epithelial cell of prostate,http://purl.obolibrary.org/obo/CL_0002231,true,http://purl.obolibrary.org/obo/CL_0000066,epithelial cell,,
epithelial cell of prostatic duct,http://purl.obolibrary.org/obo/CL_0002232,true,http://purl.obolibrary.org/obo/CL_0000066,epithelial cell,,
epithelial cell of prostatic acinus,http://purl.obolibrary.org/obo/CL_0002233,true,http://purl.obolibrary.org/obo/CL_0000066,epithelial cell,,
basal cell of prostatic acinus,http://purl.obolibrary.org/obo/CL_0002234,true,http://purl.obolibrary.org/obo/CL_0000066,epithelial cell,,
luminal cell of prostatic acinus,http://purl.obolibrary.org/obo/CL_0002235,true,http://purl.obolibrary.org/obo/CL_0000066,epithelial cell,,
basal epithelial cell of prostatic duct,http://purl.obolibrary.org/obo/CL_0002236,true,http://purl.obolibrary.org/obo/CL_0000066,epithelial cell,,
luminal epithelial cell of prostatic duct,http://purl.obolibrary.org/obo/CL_0002237,true,http://purl.obolibrary.org/obo/CL_0000066,epithelial cell,,
male gonocyte,http://purl.obolibrary.org/obo/CL_0002238,true,http://purl.obolibrary.org/obo/CL_0000039,germ line cell,,
ooblast,http://purl.obolibrary.org/obo/CL_0002239,true,http://purl.obolibrary.org/obo/CL_0000039,germ line cell,,
marrow fibroblast,http://purl.obolibrary.org/obo/CL_0002240,true,http://purl.obolibrary.org/obo/CL_0002320,connective tissue cell,http://purl.obolibrary.org/obo/CL_0000499,stromal cell
pulmonary interstitial fibroblast,http://purl.obolibrary.org/obo/CL_0002241,true,http://purl.obolibrary.org/obo/CL_0002320,connective tissue cell,http://purl.obolibrary.org/obo/CL_0000499,stromal cell
smooth muscle cell of sphincter of pupil,http://purl.obolibrary.org/obo/CL_0002243,true,http://purl.obolibrary.org/obo/CL_0000187,muscle cell,,
squamous cell of ectocervix,http://purl.obolibrary.org/obo/CL_0002244,true,http://purl.obolibrary.org/obo/CL_0000066,epithelial cell,,
peripheral blood stem cell,http://purl.obolibrary.org/obo/CL_0002246,true,http://purl.obolibrary.org/obo/CL_0000034,stem cell,,
pleural macrophage,http://purl.obolibrary.org/obo/CL_0002247,true,http://purl.obolibrary.org/obo/CL_0000988,hematopoietic cell,http://purl.obolibrary.org/obo/CL_0000235,macrophage
pluripotent stem cell,http://purl.obolibrary.org/obo/CL_0002248,true,http://purl.obolibrary.org/obo/CL_0000034,stem cell,,
primitive cardiac myocyte,http://purl.obolibrary.org/obo/CL_0002249,true,http://purl.obolibrary.org/obo/CL_0000034,stem cell,,
intestinal crypt stem cell,http://purl.obolibrary.org/obo/CL_0002250,true,http://purl.obolibrary.org/obo/CL_0000034,stem cell,,
epithelial cell of alimentary canal,http://purl.obolibrary.org/obo/CL_0002251,true,http://purl.obolibrary.org/obo/CL_0000066,epithelial cell,,
epithelial cell of esophagus,http://purl.obolibrary.org/obo/CL_0002252,true,http://purl.obolibrary.org/obo/CL_0000066,epithelial cell,,
epithelial cell of large intestine,http://purl.obolibrary.org/obo/CL_0002253,true,http://purl.obolibrary.org/obo/CL_0000066,epithelial cell,,
epithelial cell of small intestine,http://purl.obolibrary.org/obo/CL_0002254,true,http://purl.obolibrary.org/obo/CL_0000066,epithelial cell,,
stromal cell of endometrium,http://purl.obolibrary.org/obo/CL_0002255,true,http://purl.obolibrary.org/obo/CL_0002320,connective tissue cell,http://purl.obolibrary.org/obo/CL_0000499,stromal cell
supporting cell of carotid body,http://purl.obolibrary.org/obo/CL_0002256,true,http://purl.obolibrary.org/obo/CL_0000066,epithelial cell,,
epithelial cell of thyroid gland,http://purl.obolibrary.org/obo/CL_0002257,true,http://purl.obolibrary.org/obo/CL_0000066,epithelial cell,,
thyroid follicular cell,http://purl.obolibrary.org/obo/CL_0002258,true,http://purl.obolibrary.org/obo/CL_0000066,epithelial cell,,
neuroepithelial stem cell,http://purl.obolibrary.org/obo/CL_0002259,true,http://purl.obolibrary.org/obo/CL_0000034,stem cell,,
epithelial cell of parathyroid gland,http://purl.obolibrary.org/obo/CL_0002260,true,http://purl.obolibrary.org/obo/CL_0000066,epithelial cell,,
endothelial cell of viscerocranial mucosa,http://purl.obolibrary.org/obo/CL_0002261,true,http://purl.obolibrary.org/obo/CL_0000066,epithelial cell,,
endothelial cell of sinusoid,http://purl.obolibrary.org/obo/CL_0002262,true,http://purl.obolibrary.org/obo/CL_0000115,endothelial cell,,
transitional cell of parathyroid gland,http://purl.obolibrary.org/obo/CL_0002263,true,http://purl.obolibrary.org/obo/CL_0000066,epithelial cell,,
type A cell of stomach,http://purl.obolibrary.org/obo/CL_0002264,true,http://purl.obolibrary.org/obo/CL_0000066,epithelial cell,,
type D cell of colon,http://purl.obolibrary.org/obo/CL_0002265,true,http://purl.obolibrary.org/obo/CL_0002319,neural cell,http://purl.obolibrary.org/obo/CL_0000540,neuron
type D cell of small intestine,http://purl.obolibrary.org/obo/CL_0002266,true,http://purl.obolibrary.org/obo/CL_0002319,neural cell,http://purl.obolibrary.org/obo/CL_0000540,neuron
type D cell of stomach,http://purl.obolibrary.org/obo/CL_0002267,true,http://purl.obolibrary.org/obo/CL_0002319,neural cell,http://purl.obolibrary.org/obo/CL_0000540,neuron
P/D1 enteroendocrine cell,http://purl.obolibrary.org/obo/CL_0002268,true,http://purl.obolibrary.org/obo/CL_0000066,epithelial cell,,
type EC2 enteroendocrine cell,http://purl.obolibrary.org/obo/CL_0002270,true,http://purl.obolibrary.org/obo/CL_0002319,neural cell,http://purl.obolibrary.org/obo/CL_0000540,neuron
type EC1 enteroendocrine cell,http://purl.obolibrary.org/obo/CL_0002271,true,http://purl.obolibrary.org/obo/CL_0002319,neural cell,http://purl.obolibrary.org/obo/CL_0000540,neuron
type ECL enteroendocrine cell,http://purl.obolibrary.org/obo/CL_0002273,true,http://purl.obolibrary.org/obo/CL_0002319,neural cell,http://purl.obolibrary.org/obo/CL_0000540,neuron
pancreatic PP cell,http://purl.obolibrary.org/obo/CL_0002275,true,http://purl.obolibrary.org/obo/CL_0000066,epithelial cell,,
type I enteroendocrine cell,http://purl.obolibrary.org/obo/CL_0002277,true,http://purl.obolibrary.org/obo/CL_0000066,epithelial cell,,
GIP cell,http://purl.obolibrary.org/obo/CL_0002278,true,http://purl.obolibrary.org/obo/CL_0000066,epithelial cell,,
type L enteroendocrine cell,http://purl.obolibrary.org/obo/CL_0002279,true,http://purl.obolibrary.org/obo/CL_0000066,epithelial cell,,
type N enteroendocrine cell,http://purl.obolibrary.org/obo/CL_0002280,true,http://purl.obolibrary.org/obo/CL_0000066,epithelial cell,,
type S enteroendocrine cell,http://purl.obolibrary.org/obo/CL_0002281,true,http://purl.obolibrary.org/obo/CL_0000066,epithelial cell,,
type TG enteroendocrine cell,http://purl.obolibrary.org/obo/CL_0002282,true,http://purl.obolibrary.org/obo/CL_0000066,epithelial cell,,
ecto-epithelial cell of viscerocranial mucosa,http://purl.obolibrary.org/obo/CL_0002283,true,http://purl.obolibrary.org/obo/CL_0000066,epithelial cell,,
type X enteroendocrine cell,http://purl.obolibrary.org/obo/CL_0002284,true,http://purl.obolibrary.org/obo/CL_0000066,epithelial cell,,
type III taste bud cell,http://purl.obolibrary.org/obo/CL_0002285,true,http://purl.obolibrary.org/obo/CL_0000034,stem cell,,
type II taste cell,http://purl.obolibrary.org/obo/CL_0002286,true,http://purl.obolibrary.org/obo/CL_0000066,epithelial cell,,
type IV taste receptor cell,http://purl.obolibrary.org/obo/CL_0002287,true,http://purl.obolibrary.org/obo/CL_0000034,stem cell,,
type V taste receptor cell,http://purl.obolibrary.org/obo/CL_0002288,true,http://purl.obolibrary.org/obo/CL_0000066,epithelial cell,,
type I taste bud cell,http://purl.obolibrary.org/obo/CL_0002289,true,http://purl.obolibrary.org/obo/CL_0000066,epithelial cell,,
Y chromosome-bearing sperm cell,http://purl.obolibrary.org/obo/CL_0002290,true,http://purl.obolibrary.org/obo/CL_0000039,germ line cell,,
X chromosome-bearing sperm cell,http://purl.obolibrary.org/obo/CL_0002291,true,http://purl.obolibrary.org/obo/CL_0000039,germ line cell,,
type I cell of carotid body,http://purl.obolibrary.org/obo/CL_0002292,true,http://purl.obolibrary.org/obo/CL_0000066,epithelial cell,,
epithelial cell of thymus,http://purl.obolibrary.org/obo/CL_0002293,true,http://purl.obolibrary.org/obo/CL_0000066,epithelial cell,,
type-1 epithelial cell of thymus,http://purl.obolibrary.org/obo/CL_0002294,true,http://purl.obolibrary.org/obo/CL_0000066,epithelial cell,,
type-6 epithelial cell of thymus,http://purl.obolibrary.org/obo/CL_0002295,true,http://purl.obolibrary.org/obo/CL_0000066,epithelial cell,,
type-4 epithelial cell of thymus,http://purl.obolibrary.org/obo/CL_0002296,true,http://purl.obolibrary.org/obo/CL_0000066,epithelial cell,,
type-3 epithelial cell of thymus,http://purl.obolibrary.org/obo/CL_0002297,true,http://purl.obolibrary.org/obo/CL_0000066,epithelial cell,,
type-5 epithelial cell of thymus,http://purl.obolibrary.org/obo/CL_0002298,true,http://purl.obolibrary.org/obo/CL_0000066,epithelial cell,,
type-2 epithelial cell of thymus,http://purl.obolibrary.org/obo/CL_0002299,true,http://purl.obolibrary.org/obo/CL_0000066,epithelial cell,,
type-7 epithelial cell of thymus,http://purl.obolibrary.org/obo/CL_0002300,true,http://purl.obolibrary.org/obo/CL_0000066,epithelial cell,,
type B synovial cell,http://purl.obolibrary.org/obo/CL_0002301,true,http://purl.obolibrary.org/obo/CL_0002320,connective tissue cell,http://purl.obolibrary.org/obo/CL_0000499,stromal cell
type A synovial cell,http://purl.obolibrary.org/obo/CL_0002302,true,http://purl.obolibrary.org/obo/CL_0000066,epithelial cell,,
pigmented ciliary epithelial cell,http://purl.obolibrary.org/obo/CL_0002303,true,http://purl.obolibrary.org/obo/CL_0000066,epithelial cell,,
non-pigmented ciliary epithelial cell,http://purl.obolibrary.org/obo/CL_0002304,true,http://purl.obolibrary.org/obo/CL_0000066,epithelial cell,,
epithelial cell of distal tubule,http://purl.obolibrary.org/obo/CL_0002305,true,http://purl.obolibrary.org/obo/CL_0000066,epithelial cell,,
epithelial cell of proximal tubule,http://purl.obolibrary.org/obo/CL_0002306,true,http://purl.obolibrary.org/obo/CL_0000066,epithelial cell,,
brush border cell of the proximal tubule,http://purl.obolibrary.org/obo/CL_0002307,true,http://purl.obolibrary.org/obo/CL_0000066,epithelial cell,,
epithelial cell of skin gland,http://purl.obolibrary.org/obo/CL_0002308,true,http://purl.obolibrary.org/obo/CL_0000066,epithelial cell,,
corticotroph,http://purl.obolibrary.org/obo/CL_0002309,true,http://purl.obolibrary.org/obo/CL_0002319,neural cell,http://purl.obolibrary.org/obo/CL_0000540,neuron
mammosomatotroph,http://purl.obolibrary.org/obo/CL_0002310,true,http://purl.obolibrary.org/obo/CL_0002319,neural cell,http://purl.obolibrary.org/obo/CL_0000540,neuron
mammotroph,http://purl.obolibrary.org/obo/CL_0002311,true,http://purl.obolibrary.org/obo/CL_0002319,neural cell,http://purl.obolibrary.org/obo/CL_0000540,neuron
somatotroph,http://purl.obolibrary.org/obo/CL_0002312,true,http://purl.obolibrary.org/obo/CL_0002319,neural cell,http://purl.obolibrary.org/obo/CL_0000540,neuron
endocrine-paracrine cell of prostate gland,http://purl.obolibrary.org/obo/CL_0002313,true,http://purl.obolibrary.org/obo/CL_0000066,epithelial cell,,
external supporting cell of vestibular epithelium,http://purl.obolibrary.org/obo/CL_0002314,true,http://purl.obolibrary.org/obo/CL_0000066,epithelial cell,,
supporting cell of cochlea,http://purl.obolibrary.org/obo/CL_0002315,true,http://purl.obolibrary.org/obo/CL_0001035,bone cell,,
supporting cell of vestibular epithelium,http://purl.obolibrary.org/obo/CL_0002316,true,http://purl.obolibrary.org/obo/CL_0000066,epithelial cell,,
external limiting cell of vestibular epithelium,http://purl.obolibrary.org/obo/CL_0002317,true,http://purl.obolibrary.org/obo/CL_0000066,epithelial cell,,
peripheral blood mesothelial cell,http://purl.obolibrary.org/obo/CL_0002318,true,http://purl.obolibrary.org/obo/CL_0000988,hematopoietic cell,http://purl.obolibrary.org/obo/CL_0000081,blood cell
neural cell,http://purl.obolibrary.org/obo/CL_0002319,true,http://purl.obolibrary.org/obo/CL_0002319,neural cell,,
connective tissue cell,http://purl.obolibrary.org/obo/CL_0002320,true,http://purl.obolibrary.org/obo/CL_0002320,connective tissue cell,,
embryonic stem cell,http://purl.obolibrary.org/obo/CL_0002322,true,http://purl.obolibrary.org/obo/CL_0000034,stem cell,,
amniocyte,http://purl.obolibrary.org/obo/CL_0002323,true,http://purl.obolibrary.org/obo/CL_0000349,extraembryonic cell,,
basal-myoepithelial cell of mammary gland,http://purl.obolibrary.org/obo/CL_0002324,true,http://purl.obolibrary.org/obo/CL_0000066,epithelial cell,,
lactocyte,http://purl.obolibrary.org/obo/CL_0002325,true,http://purl.obolibrary.org/obo/CL_0000066,epithelial cell,,
luminal epithelial cell of mammary gland,http://purl.obolibrary.org/obo/CL_0002326,true,http://purl.obolibrary.org/obo/CL_0000066,epithelial cell,,
mammary gland epithelial cell,http://purl.obolibrary.org/obo/CL_0002327,true,http://purl.obolibrary.org/obo/CL_0000066,epithelial cell,,
bronchial epithelial cell,http://purl.obolibrary.org/obo/CL_0002328,true,http://purl.obolibrary.org/obo/CL_0000066,epithelial cell,,
basal epithelial cell of tracheobronchial tree,http://purl.obolibrary.org/obo/CL_0002329,true,http://purl.obolibrary.org/obo/CL_0000066,epithelial cell,,
undifferentiated cell of bronchus epithelium,http://purl.obolibrary.org/obo/CL_0002330,true,http://purl.obolibrary.org/obo/CL_0000066,epithelial cell,,
multiciliated epithelial cell of the bronchus,http://purl.obolibrary.org/obo/CL_0002332,true,http://purl.obolibrary.org/obo/CL_0000066,epithelial cell,,
neural crest derived adipocyte,http://purl.obolibrary.org/obo/CL_0002333,true,http://purl.obolibrary.org/obo/CL_0002320,connective tissue cell,http://purl.obolibrary.org/obo/CL_0000136,adipocyte
preadipocyte,http://purl.obolibrary.org/obo/CL_0002334,true,http://purl.obolibrary.org/obo/CL_0002320,connective tissue cell,http://purl.obolibrary.org/obo/CL_0000499,stromal cell
brown preadipocyte,http://purl.obolibrary.org/obo/CL_0002335,true,http://purl.obolibrary.org/obo/CL_0002320,connective tissue cell,http://purl.obolibrary.org/obo/CL_0000499,stromal cell
buccal mucosa cell,http://purl.obolibrary.org/obo/CL_0002336,true,http://purl.obolibrary.org/obo/CL_0000066,epithelial cell,,
keratinocyte stem cell,http://purl.obolibrary.org/obo/CL_0002337,true,http://purl.obolibrary.org/obo/CL_0000034,stem cell,,
"CD56-positive, CD161-positive immature natural killer cell, human",http://purl.obolibrary.org/obo/CL_0002338,true,http://purl.obolibrary.org/obo/CL_0000988,hematopoietic cell,,
prostate stem cell,http://purl.obolibrary.org/obo/CL_0002339,true,http://purl.obolibrary.org/obo/CL_0000034,stem cell,,
luminal cell of prostate epithelium,http://purl.obolibrary.org/obo/CL_0002340,true,http://purl.obolibrary.org/obo/CL_0000066,epithelial cell,,
basal cell of prostate epithelium,http://purl.obolibrary.org/obo/CL_0002341,true,http://purl.obolibrary.org/obo/CL_0000066,epithelial cell,,
circulating endothelial cell,http://purl.obolibrary.org/obo/CL_0002342,true,http://purl.obolibrary.org/obo/CL_0000115,endothelial cell,,
"decidual natural killer cell, human",http://purl.obolibrary.org/obo/CL_0002343,true,http://purl.obolibrary.org/obo/CL_0000349,extraembryonic cell,,
"CD56-negative, CD161-positive immature natural killer cell, human",http://purl.obolibrary.org/obo/CL_0002344,true,http://purl.obolibrary.org/obo/CL_0000988,hematopoietic cell,,
"CD27-low, CD11b-low immature natural killer cell, mouse",http://purl.obolibrary.org/obo/CL_0002345,true,http://purl.obolibrary.org/obo/CL_0000988,hematopoietic cell,,
"Dx5-negative, NK1.1-positive immature natural killer cell, mouse",http://purl.obolibrary.org/obo/CL_0002346,true,http://purl.obolibrary.org/obo/CL_0000988,hematopoietic cell,,
"CD27-high, CD11b-high natural killer cell, mouse",http://purl.obolibrary.org/obo/CL_0002347,true,http://purl.obolibrary.org/obo/CL_0000988,hematopoietic cell,,
"CD27-low, CD11b-high natural killer cell, mouse",http://purl.obolibrary.org/obo/CL_0002348,true,http://purl.obolibrary.org/obo/CL_0000988,hematopoietic cell,,
"CD27-high, CD11b-low natural killer cell, mouse",http://purl.obolibrary.org/obo/CL_0002349,true,http://purl.obolibrary.org/obo/CL_0000988,hematopoietic cell,,
endocardial cell,http://purl.obolibrary.org/obo/CL_0002350,true,http://purl.obolibrary.org/obo/CL_0000115,endothelial cell,,
gestational hematopoietic stem cell,http://purl.obolibrary.org/obo/CL_0002352,true,http://purl.obolibrary.org/obo/CL_0000034,stem cell,,
fetal liver hematopoietic progenitor cell,http://purl.obolibrary.org/obo/CL_0002353,true,http://purl.obolibrary.org/obo/CL_0000034,stem cell,,
yolk sac hematopoietic stem cell,http://purl.obolibrary.org/obo/CL_0002354,true,http://purl.obolibrary.org/obo/CL_0000034,stem cell,,
primitive red blood cell,http://purl.obolibrary.org/obo/CL_0002355,true,http://purl.obolibrary.org/obo/CL_0000988,hematopoietic cell,,
primitive reticulocyte,http://purl.obolibrary.org/obo/CL_0002356,true,http://purl.obolibrary.org/obo/CL_0000988,hematopoietic cell,,
fetal derived definitive erythrocyte,http://purl.obolibrary.org/obo/CL_0002357,true,http://purl.obolibrary.org/obo/CL_0000988,hematopoietic cell,http://purl.obolibrary.org/obo/CL_0000081,blood cell
pyrenocyte,http://purl.obolibrary.org/obo/CL_0002358,true,http://purl.obolibrary.org/obo/CL_0000988,hematopoietic cell,,
placental hematopoietic stem cell,http://purl.obolibrary.org/obo/CL_0002359,true,http://purl.obolibrary.org/obo/CL_0000034,stem cell,,
AGM hematopoietic stem cell,http://purl.obolibrary.org/obo/CL_0002360,true,http://purl.obolibrary.org/obo/CL_0000034,stem cell,,
primitive erythroid progenitor,http://purl.obolibrary.org/obo/CL_0002361,true,http://purl.obolibrary.org/obo/CL_0000988,hematopoietic cell,,
cerebellar granule cell precursor,http://purl.obolibrary.org/obo/CL_0002362,true,http://purl.obolibrary.org/obo/CL_0002319,neural cell,,
keratocyte,http://purl.obolibrary.org/obo/CL_0002363,true,http://purl.obolibrary.org/obo/CL_0002320,connective tissue cell,http://purl.obolibrary.org/obo/CL_0000499,stromal cell
cortical thymic epithelial cell,http://purl.obolibrary.org/obo/CL_0002364,true,http://purl.obolibrary.org/obo/CL_0000066,epithelial cell,,
medullary thymic epithelial cell,http://purl.obolibrary.org/obo/CL_0002365,true,http://purl.obolibrary.org/obo/CL_0000066,epithelial cell,,
myometrial cell,http://purl.obolibrary.org/obo/CL_0002366,true,http://purl.obolibrary.org/obo/CL_0000187,muscle cell,,
trabecular meshwork cell,http://purl.obolibrary.org/obo/CL_0002367,true,http://purl.obolibrary.org/obo/CL_0000115,endothelial cell,,
respiratory tract epithelial cell,http://purl.obolibrary.org/obo/CL_0002368,true,http://purl.obolibrary.org/obo/CL_0000066,epithelial cell,,
respiratory tract goblet cell,http://purl.obolibrary.org/obo/CL_0002370,true,http://purl.obolibrary.org/obo/CL_0000066,epithelial cell,,
myotube,http://purl.obolibrary.org/obo/CL_0002372,true,http://purl.obolibrary.org/obo/CL_0000187,muscle cell,,
ear hair cell,http://purl.obolibrary.org/obo/CL_0002374,true,http://purl.obolibrary.org/obo/CL_0002319,neural cell,http://purl.obolibrary.org/obo/CL_0000540,neuron
non-myelinating Schwann cell,http://purl.obolibrary.org/obo/CL_0002376,true,http://purl.obolibrary.org/obo/CL_0002319,neural cell,http://purl.obolibrary.org/obo/CL_0000125,glial cell
immature Schwann cell,http://purl.obolibrary.org/obo/CL_0002377,true,http://purl.obolibrary.org/obo/CL_0002319,neural cell,http://purl.obolibrary.org/obo/CL_0000125,glial cell
immature Vgamma2-positive fetal thymocyte,http://purl.obolibrary.org/obo/CL_0002378,true,http://purl.obolibrary.org/obo/CL_0000988,hematopoietic cell,http://purl.obolibrary.org/obo/CL_0000084,T cell
meningothelial cell,http://purl.obolibrary.org/obo/CL_0002379,true,http://purl.obolibrary.org/obo/CL_0000066,epithelial cell,,
intermediate monocyte,http://purl.obolibrary.org/obo/CL_0002393,true,http://purl.obolibrary.org/obo/CL_0000988,hematopoietic cell,http://purl.obolibrary.org/obo/CL_0000576,monocyte
CD141-positive myeloid dendritic cell,http://purl.obolibrary.org/obo/CL_0002394,true,http://purl.obolibrary.org/obo/CL_0000988,hematopoietic cell,http://purl.obolibrary.org/obo/CL_0000451,dendritic cell
Gr1-high classical monocyte,http://purl.obolibrary.org/obo/CL_0002395,true,http://purl.obolibrary.org/obo/CL_0000988,hematopoietic cell,http://purl.obolibrary.org/obo/CL_0000576,monocyte
"CD14-low, CD16-positive monocyte",http://purl.obolibrary.org/obo/CL_0002396,true,http://purl.obolibrary.org/obo/CL_0000988,hematopoietic cell,http://purl.obolibrary.org/obo/CL_0000576,monocyte
"CD14-positive, CD16-positive monocyte",http://purl.obolibrary.org/obo/CL_0002397,true,http://purl.obolibrary.org/obo/CL_0000988,hematopoietic cell,http://purl.obolibrary.org/obo/CL_0000576,monocyte
"Gr1-positive, CD43-positive monocyte",http://purl.obolibrary.org/obo/CL_0002398,true,http://purl.obolibrary.org/obo/CL_0000988,hematopoietic cell,http://purl.obolibrary.org/obo/CL_0000576,monocyte
CD1c-positive myeloid dendritic cell,http://purl.obolibrary.org/obo/CL_0002399,true,http://purl.obolibrary.org/obo/CL_0000988,hematopoietic cell,http://purl.obolibrary.org/obo/CL_0000451,dendritic cell
fraction B/C precursor B cell,http://purl.obolibrary.org/obo/CL_0002400,true,http://purl.obolibrary.org/obo/CL_0000988,hematopoietic cell,http://purl.obolibrary.org/obo/CL_0000236,B cell
mature dendritic epithelial T cell precursor,http://purl.obolibrary.org/obo/CL_0002401,true,http://purl.obolibrary.org/obo/CL_0000988,hematopoietic cell,http://purl.obolibrary.org/obo/CL_0000084,T cell
Peyer's patch B cell,http://purl.obolibrary.org/obo/CL_0002402,true,http://purl.obolibrary.org/obo/CL_0000988,hematopoietic cell,http://purl.obolibrary.org/obo/CL_0000236,B cell
mature Vgamma2-positive fetal thymocyte,http://purl.obolibrary.org/obo/CL_0002403,true,http://purl.obolibrary.org/obo/CL_0000988,hematopoietic cell,http://purl.obolibrary.org/obo/CL_0000084,T cell
fetal thymocyte,http://purl.obolibrary.org/obo/CL_0002404,true,http://purl.obolibrary.org/obo/CL_0000988,hematopoietic cell,http://purl.obolibrary.org/obo/CL_0000084,T cell
gamma-delta thymocyte,http://purl.obolibrary.org/obo/CL_0002405,true,http://purl.obolibrary.org/obo/CL_0000988,hematopoietic cell,http://purl.obolibrary.org/obo/CL_0000084,T cell
immature Vgamma2-positive thymocyte,http://purl.obolibrary.org/obo/CL_0002406,true,http://purl.obolibrary.org/obo/CL_0000988,hematopoietic cell,http://purl.obolibrary.org/obo/CL_0000084,T cell
mature Vgamma2-positive thymocyte,http://purl.obolibrary.org/obo/CL_0002407,true,http://purl.obolibrary.org/obo/CL_0000988,hematopoietic cell,http://purl.obolibrary.org/obo/CL_0000084,T cell
immature Vgamma2-negative thymocyte,http://purl.obolibrary.org/obo/CL_0002408,true,http://purl.obolibrary.org/obo/CL_0000988,hematopoietic cell,http://purl.obolibrary.org/obo/CL_0000084,T cell
mature Vgamma2-negative thymocyte,http://purl.obolibrary.org/obo/CL_0002409,true,http://purl.obolibrary.org/obo/CL_0000988,hematopoietic cell,http://purl.obolibrary.org/obo/CL_0000084,T cell
pancreatic stellate cell,http://purl.obolibrary.org/obo/CL_0002410,true,http://purl.obolibrary.org/obo/CL_0002320,connective tissue cell,http://purl.obolibrary.org/obo/CL_0000499,stromal cell
"Vgamma1.1-positive, Vdelta6.3-negative thymocyte",http://purl.obolibrary.org/obo/CL_0002411,true,http://purl.obolibrary.org/obo/CL_0000988,hematopoietic cell,http://purl.obolibrary.org/obo/CL_0000084,T cell
"Vgamma1.1-positive, Vdelta6.3-positive thymocyte",http://purl.obolibrary.org/obo/CL_0002412,true,http://purl.obolibrary.org/obo/CL_0000988,hematopoietic cell,http://purl.obolibrary.org/obo/CL_0000084,T cell
"mature Vgamma1.1-positive, Vdelta6.3-negative thymocyte",http://purl.obolibrary.org/obo/CL_0002413,true,http://purl.obolibrary.org/obo/CL_0000988,hematopoietic cell,http://purl.obolibrary.org/obo/CL_0000084,T cell
"immature Vgamma1.1-positive, Vdelta6.3-negative thymocyte",http://purl.obolibrary.org/obo/CL_0002414,true,http://purl.obolibrary.org/obo/CL_0000988,hematopoietic cell,http://purl.obolibrary.org/obo/CL_0000084,T cell
"immature Vgamma1.1-positive, Vdelta6.3-positive thymocyte",http://purl.obolibrary.org/obo/CL_0002415,true,http://purl.obolibrary.org/obo/CL_0000988,hematopoietic cell,http://purl.obolibrary.org/obo/CL_0000084,T cell
"mature Vgamma1.1-positive, Vdelta6.3-positive thymocyte",http://purl.obolibrary.org/obo/CL_0002416,true,http://purl.obolibrary.org/obo/CL_0000988,hematopoietic cell,http://purl.obolibrary.org/obo/CL_0000084,T cell
primitive erythroid lineage cell,http://purl.obolibrary.org/obo/CL_0002417,true,http://purl.obolibrary.org/obo/CL_0000988,hematopoietic cell,,
mature T cell,http://purl.obolibrary.org/obo/CL_0002419,true,http://purl.obolibrary.org/obo/CL_0000988,hematopoietic cell,http://purl.obolibrary.org/obo/CL_0000084,T cell
immature T cell,http://purl.obolibrary.org/obo/CL_0002420,true,http://purl.obolibrary.org/obo/CL_0000988,hematopoietic cell,http://purl.obolibrary.org/obo/CL_0000084,T cell
nucleated reticulocyte,http://purl.obolibrary.org/obo/CL_0002421,true,http://purl.obolibrary.org/obo/CL_0000988,hematopoietic cell,,
enucleated reticulocyte,http://purl.obolibrary.org/obo/CL_0002422,true,http://purl.obolibrary.org/obo/CL_0000988,hematopoietic cell,,
DN2a thymocyte,http://purl.obolibrary.org/obo/CL_0002423,true,http://purl.obolibrary.org/obo/CL_0000988,hematopoietic cell,http://purl.obolibrary.org/obo/CL_0000084,T cell
DN2b thymocyte,http://purl.obolibrary.org/obo/CL_0002424,true,http://purl.obolibrary.org/obo/CL_0000988,hematopoietic cell,http://purl.obolibrary.org/obo/CL_0000084,T cell
early T lineage precursor,http://purl.obolibrary.org/obo/CL_0002425,true,http://purl.obolibrary.org/obo/CL_0000988,hematopoietic cell,,
"CD11b-positive, CD27-positive natural killer cell, mouse",http://purl.obolibrary.org/obo/CL_0002426,true,http://purl.obolibrary.org/obo/CL_0000988,hematopoietic cell,,
resting double-positive thymocyte,http://purl.obolibrary.org/obo/CL_0002427,true,http://purl.obolibrary.org/obo/CL_0000988,hematopoietic cell,http://purl.obolibrary.org/obo/CL_0000084,T cell
double-positive blast,http://purl.obolibrary.org/obo/CL_0002428,true,http://purl.obolibrary.org/obo/CL_0000988,hematopoietic cell,http://purl.obolibrary.org/obo/CL_0000084,T cell
CD69-positive double-positive thymocyte,http://purl.obolibrary.org/obo/CL_0002429,true,http://purl.obolibrary.org/obo/CL_0000988,hematopoietic cell,http://purl.obolibrary.org/obo/CL_0000084,T cell
"CD4-intermediate, CD8-positive double-positive thymocyte",http://purl.obolibrary.org/obo/CL_0002430,true,http://purl.obolibrary.org/obo/CL_0000988,hematopoietic cell,http://purl.obolibrary.org/obo/CL_0000084,T cell
"CD4-positive, CD8-intermediate double-positive thymocyte",http://purl.obolibrary.org/obo/CL_0002431,true,http://purl.obolibrary.org/obo/CL_0000988,hematopoietic cell,http://purl.obolibrary.org/obo/CL_0000084,T cell
"CD24-positive, CD4 single-positive thymocyte",http://purl.obolibrary.org/obo/CL_0002432,true,http://purl.obolibrary.org/obo/CL_0000988,hematopoietic cell,http://purl.obolibrary.org/obo/CL_0000084,T cell
"CD69-positive, CD4-positive single-positive thymocyte",http://purl.obolibrary.org/obo/CL_0002433,true,http://purl.obolibrary.org/obo/CL_0000988,hematopoietic cell,http://purl.obolibrary.org/obo/CL_0000084,T cell
"CD24-positive, CD8 single-positive thymocyte",http://purl.obolibrary.org/obo/CL_0002434,true,http://purl.obolibrary.org/obo/CL_0000988,hematopoietic cell,http://purl.obolibrary.org/obo/CL_0000084,T cell
"CD69-positive, CD8-positive single-positive thymocyte",http://purl.obolibrary.org/obo/CL_0002435,true,http://purl.obolibrary.org/obo/CL_0000988,hematopoietic cell,http://purl.obolibrary.org/obo/CL_0000084,T cell
mature CD4 single-positive thymocyte,http://purl.obolibrary.org/obo/CL_0002436,true,http://purl.obolibrary.org/obo/CL_0000988,hematopoietic cell,http://purl.obolibrary.org/obo/CL_0000084,T cell
mature CD8 single-positive thymocyte,http://purl.obolibrary.org/obo/CL_0002437,true,http://purl.obolibrary.org/obo/CL_0000988,hematopoietic cell,http://purl.obolibrary.org/obo/CL_0000084,T cell
"NK1.1-positive natural killer cell, mouse",http://purl.obolibrary.org/obo/CL_0002438,true,http://purl.obolibrary.org/obo/CL_0000988,hematopoietic cell,,
"NKGA2-positive natural killer cell, mouse",http://purl.obolibrary.org/obo/CL_0002439,true,http://purl.obolibrary.org/obo/CL_0000988,hematopoietic cell,,
"Ly49D-positive natural killer cell, mouse",http://purl.obolibrary.org/obo/CL_0002440,true,http://purl.obolibrary.org/obo/CL_0000988,hematopoietic cell,,
"CD94-positive natural killer cell, mouse",http://purl.obolibrary.org/obo/CL_0002441,true,http://purl.obolibrary.org/obo/CL_0000988,hematopoietic cell,,
"CD94-negative, Ly49CI-negative natural killer cell, mouse",http://purl.obolibrary.org/obo/CL_0002442,true,http://purl.obolibrary.org/obo/CL_0000988,hematopoietic cell,,
"Ly49CI-positive natural killer cell, mouse",http://purl.obolibrary.org/obo/CL_0002443,true,http://purl.obolibrary.org/obo/CL_0000988,hematopoietic cell,,
"Ly49H-positive natural killer cell, mouse",http://purl.obolibrary.org/obo/CL_0002444,true,http://purl.obolibrary.org/obo/CL_0000988,hematopoietic cell,,
"Ly49D-negative natural killer cell, mouse",http://purl.obolibrary.org/obo/CL_0002445,true,http://purl.obolibrary.org/obo/CL_0000988,hematopoietic cell,,
"Ly49CI-negative natural killer cell, mouse",http://purl.obolibrary.org/obo/CL_0002446,true,http://purl.obolibrary.org/obo/CL_0000988,hematopoietic cell,,
"CD94-negative natural killer cell, mouse",http://purl.obolibrary.org/obo/CL_0002447,true,http://purl.obolibrary.org/obo/CL_0000988,hematopoietic cell,,
"Ly49H-negative natural killer cell, mouse",http://purl.obolibrary.org/obo/CL_0002448,true,http://purl.obolibrary.org/obo/CL_0000988,hematopoietic cell,,
"CD94-positive Ly49CI-positive natural killer cell, mouse",http://purl.obolibrary.org/obo/CL_0002449,true,http://purl.obolibrary.org/obo/CL_0000988,hematopoietic cell,,
tether cell,http://purl.obolibrary.org/obo/CL_0002450,true,http://purl.obolibrary.org/obo/CL_0002319,neural cell,http://purl.obolibrary.org/obo/CL_0000540,neuron
mammary stem cell,http://purl.obolibrary.org/obo/CL_0002451,true,http://purl.obolibrary.org/obo/CL_0000034,stem cell,,
oligodendrocyte precursor cell,http://purl.obolibrary.org/obo/CL_0002453,true,http://purl.obolibrary.org/obo/CL_0002319,neural cell,,
"CD4-negative, CD8-alpha-negative, CD11b-positive dendritic cell",http://purl.obolibrary.org/obo/CL_0002454,true,http://purl.obolibrary.org/obo/CL_0000988,hematopoietic cell,http://purl.obolibrary.org/obo/CL_0000451,dendritic cell
CD8-alpha-negative plasmacytoid dendritic cell,http://purl.obolibrary.org/obo/CL_0002455,true,http://purl.obolibrary.org/obo/CL_0000988,hematopoietic cell,http://purl.obolibrary.org/obo/CL_0000451,dendritic cell
CD8-alpha-positive plasmacytoid dendritic cell,http://purl.obolibrary.org/obo/CL_0002456,true,http://purl.obolibrary.org/obo/CL_0000988,hematopoietic cell,http://purl.obolibrary.org/obo/CL_0000451,dendritic cell
epidermal Langerhans cell,http://purl.obolibrary.org/obo/CL_0002457,true,http://purl.obolibrary.org/obo/CL_0000988,hematopoietic cell,http://purl.obolibrary.org/obo/CL_0000451,dendritic cell
langerin-positive dermal dendritic cell,http://purl.obolibrary.org/obo/CL_0002458,true,http://purl.obolibrary.org/obo/CL_0000988,hematopoietic cell,http://purl.obolibrary.org/obo/CL_0000451,dendritic cell
langerin-negative dermal dendritic cell,http://purl.obolibrary.org/obo/CL_0002459,true,http://purl.obolibrary.org/obo/CL_0000988,hematopoietic cell,http://purl.obolibrary.org/obo/CL_0000451,dendritic cell
CD8-alpha-negative thymic conventional dendritic cell,http://purl.obolibrary.org/obo/CL_0002460,true,http://purl.obolibrary.org/obo/CL_0000988,hematopoietic cell,http://purl.obolibrary.org/obo/CL_0000451,dendritic cell
CD103-positive dendritic cell,http://purl.obolibrary.org/obo/CL_0002461,true,http://purl.obolibrary.org/obo/CL_0000988,hematopoietic cell,http://purl.obolibrary.org/obo/CL_0000451,dendritic cell
adipose dendritic cell,http://purl.obolibrary.org/obo/CL_0002462,true,http://purl.obolibrary.org/obo/CL_0000988,hematopoietic cell,http://purl.obolibrary.org/obo/CL_0000451,dendritic cell
SIRPa-positive adipose dendritic cell,http://purl.obolibrary.org/obo/CL_0002463,true,http://purl.obolibrary.org/obo/CL_0000988,hematopoietic cell,http://purl.obolibrary.org/obo/CL_0000451,dendritic cell
SIRPa-negative adipose dendritic cell,http://purl.obolibrary.org/obo/CL_0002464,true,http://purl.obolibrary.org/obo/CL_0000988,hematopoietic cell,http://purl.obolibrary.org/obo/CL_0000451,dendritic cell
CD11b-positive dendritic cell,http://purl.obolibrary.org/obo/CL_0002465,true,http://purl.obolibrary.org/obo/CL_0000988,hematopoietic cell,http://purl.obolibrary.org/obo/CL_0000451,dendritic cell
small intestine serosal dendritic cell,http://purl.obolibrary.org/obo/CL_0002466,true,http://purl.obolibrary.org/obo/CL_0000988,hematopoietic cell,http://purl.obolibrary.org/obo/CL_0000451,dendritic cell
Gr1-high myeloid suppressor cell,http://purl.obolibrary.org/obo/CL_0002467,true,http://purl.obolibrary.org/obo/CL_0000988,hematopoietic cell,,
Gr1-low myeloid suppressor cell,http://purl.obolibrary.org/obo/CL_0002468,true,http://purl.obolibrary.org/obo/CL_0000988,hematopoietic cell,,
MHC-II-negative classical monocyte,http://purl.obolibrary.org/obo/CL_0002469,true,http://purl.obolibrary.org/obo/CL_0000988,hematopoietic cell,http://purl.obolibrary.org/obo/CL_0000576,monocyte
MHC-II-positive classical monocyte,http://purl.obolibrary.org/obo/CL_0002470,true,http://purl.obolibrary.org/obo/CL_0000988,hematopoietic cell,http://purl.obolibrary.org/obo/CL_0000576,monocyte
MHC-II-negative non-classical monocyte,http://purl.obolibrary.org/obo/CL_0002471,true,http://purl.obolibrary.org/obo/CL_0000988,hematopoietic cell,http://purl.obolibrary.org/obo/CL_0000576,monocyte
MHC-II-low non-classical monocyte,http://purl.obolibrary.org/obo/CL_0002472,true,http://purl.obolibrary.org/obo/CL_0000988,hematopoietic cell,http://purl.obolibrary.org/obo/CL_0000576,monocyte
MHC-II-high non-classical monocyte,http://purl.obolibrary.org/obo/CL_0002473,true,http://purl.obolibrary.org/obo/CL_0000988,hematopoietic cell,http://purl.obolibrary.org/obo/CL_0000576,monocyte
lymphoid MHC-II-negative classical monocyte,http://purl.obolibrary.org/obo/CL_0002474,true,http://purl.obolibrary.org/obo/CL_0000988,hematopoietic cell,http://purl.obolibrary.org/obo/CL_0000576,monocyte
lymphoid MHC-II-negative non-classical monocyte,http://purl.obolibrary.org/obo/CL_0002475,true,http://purl.obolibrary.org/obo/CL_0000988,hematopoietic cell,http://purl.obolibrary.org/obo/CL_0000576,monocyte
bone marrow macrophage,http://purl.obolibrary.org/obo/CL_0002476,true,http://purl.obolibrary.org/obo/CL_0000988,hematopoietic cell,http://purl.obolibrary.org/obo/CL_0000235,macrophage
adipose macrophage,http://purl.obolibrary.org/obo/CL_0002477,true,http://purl.obolibrary.org/obo/CL_0000988,hematopoietic cell,http://purl.obolibrary.org/obo/CL_0000235,macrophage
F4/80-negative adipose macrophage,http://purl.obolibrary.org/obo/CL_0002478,true,http://purl.obolibrary.org/obo/CL_0000988,hematopoietic cell,http://purl.obolibrary.org/obo/CL_0000235,macrophage
F4/80-positive adipose macrophage,http://purl.obolibrary.org/obo/CL_0002479,true,http://purl.obolibrary.org/obo/CL_0000988,hematopoietic cell,http://purl.obolibrary.org/obo/CL_0000235,macrophage
nasal mucosa goblet cell,http://purl.obolibrary.org/obo/CL_0002480,true,http://purl.obolibrary.org/obo/CL_0000066,epithelial cell,,
peritubular myoid cell,http://purl.obolibrary.org/obo/CL_0002481,true,http://purl.obolibrary.org/obo/CL_0000066,epithelial cell,,
dermal melanocyte,http://purl.obolibrary.org/obo/CL_0002482,true,http://purl.obolibrary.org/obo/CL_0000148,melanocyte,,
hair follicle melanocyte,http://purl.obolibrary.org/obo/CL_0002483,true,http://purl.obolibrary.org/obo/CL_0000148,melanocyte,,
epithelial melanocyte,http://purl.obolibrary.org/obo/CL_0002484,true,http://purl.obolibrary.org/obo/CL_0000148,melanocyte,,
retinal melanocyte,http://purl.obolibrary.org/obo/CL_0002485,true,http://purl.obolibrary.org/obo/CL_0000148,melanocyte,,
strial intermediate cell,http://purl.obolibrary.org/obo/CL_0002486,true,http://purl.obolibrary.org/obo/CL_0000066,epithelial cell,,
cutaneous/subcutaneous mechanoreceptor cell,http://purl.obolibrary.org/obo/CL_0002487,true,http://purl.obolibrary.org/obo/CL_0002319,neural cell,http://purl.obolibrary.org/obo/CL_0000540,neuron
trophoblast giant cell,http://purl.obolibrary.org/obo/CL_0002488,true,http://purl.obolibrary.org/obo/CL_0000349,extraembryonic cell,,
double negative thymocyte,http://purl.obolibrary.org/obo/CL_0002489,true,http://purl.obolibrary.org/obo/CL_0000988,hematopoietic cell,http://purl.obolibrary.org/obo/CL_0000084,T cell
organ of Corti supporting cell,http://purl.obolibrary.org/obo/CL_0002490,true,http://purl.obolibrary.org/obo/CL_0001035,bone cell,,
auditory epithelial cell,http://purl.obolibrary.org/obo/CL_0002491,true,http://purl.obolibrary.org/obo/CL_0000066,epithelial cell,,
strial marginal cell,http://purl.obolibrary.org/obo/CL_0002492,true,http://purl.obolibrary.org/obo/CL_0000066,epithelial cell,,
strial basal cell,http://purl.obolibrary.org/obo/CL_0002493,true,http://purl.obolibrary.org/obo/CL_0000066,epithelial cell,,
fetal cardiomyocyte,http://purl.obolibrary.org/obo/CL_0002495,true,http://purl.obolibrary.org/obo/CL_0000187,muscle cell,,
intraepithelial lymphocyte,http://purl.obolibrary.org/obo/CL_0002496,true,http://purl.obolibrary.org/obo/CL_0000988,hematopoietic cell,http://purl.obolibrary.org/obo/CL_0000084,T cell
primary trophoblast giant cell,http://purl.obolibrary.org/obo/CL_0002497,true,http://purl.obolibrary.org/obo/CL_0000349,extraembryonic cell,,
secondary trophoblast giant cell,http://purl.obolibrary.org/obo/CL_0002498,true,http://purl.obolibrary.org/obo/CL_0000349,extraembryonic cell,,
spongiotrophoblast cell,http://purl.obolibrary.org/obo/CL_0002499,true,http://purl.obolibrary.org/obo/CL_0000349,extraembryonic cell,,
P enteroendocrine cell,http://purl.obolibrary.org/obo/CL_0002500,true,http://purl.obolibrary.org/obo/CL_0000066,epithelial cell,,
type D1 enteroendocrine cell,http://purl.obolibrary.org/obo/CL_0002501,true,http://purl.obolibrary.org/obo/CL_0000066,epithelial cell,,
type M enteroendocrine cell,http://purl.obolibrary.org/obo/CL_0002502,true,http://purl.obolibrary.org/obo/CL_0000066,epithelial cell,,
adventitial cell,http://purl.obolibrary.org/obo/CL_0002503,true,http://purl.obolibrary.org/obo/CL_0002320,connective tissue cell,,
enteric smooth muscle cell,http://purl.obolibrary.org/obo/CL_0002504,true,http://purl.obolibrary.org/obo/CL_0000187,muscle cell,,
liver CD103-negative dendritic cell,http://purl.obolibrary.org/obo/CL_0002505,true,http://purl.obolibrary.org/obo/CL_0000988,hematopoietic cell,http://purl.obolibrary.org/obo/CL_0000451,dendritic cell
liver CD103-positive dendritic cell,http://purl.obolibrary.org/obo/CL_0002506,true,http://purl.obolibrary.org/obo/CL_0000988,hematopoietic cell,http://purl.obolibrary.org/obo/CL_0000451,dendritic cell
langerin-positive lymph node dendritic cell,http://purl.obolibrary.org/obo/CL_0002507,true,http://purl.obolibrary.org/obo/CL_0000988,hematopoietic cell,http://purl.obolibrary.org/obo/CL_0000451,dendritic cell
"langerin-negative, CD103-negative lymph node dendritic cell",http://purl.obolibrary.org/obo/CL_0002508,true,http://purl.obolibrary.org/obo/CL_0000988,hematopoietic cell,http://purl.obolibrary.org/obo/CL_0000451,dendritic cell
"CD103-positive, langerin-positive lymph node dendritic cell",http://purl.obolibrary.org/obo/CL_0002509,true,http://purl.obolibrary.org/obo/CL_0000988,hematopoietic cell,http://purl.obolibrary.org/obo/CL_0000451,dendritic cell
"CD103-negative, langerin-positive lymph node dendritic cell",http://purl.obolibrary.org/obo/CL_0002510,true,http://purl.obolibrary.org/obo/CL_0000988,hematopoietic cell,http://purl.obolibrary.org/obo/CL_0000451,dendritic cell
"CD11b-low, CD103-negative, langerin-negative lymph node dendritic cell",http://purl.obolibrary.org/obo/CL_0002511,true,http://purl.obolibrary.org/obo/CL_0000988,hematopoietic cell,http://purl.obolibrary.org/obo/CL_0000451,dendritic cell
"CD11b-high, CD103-negative, langerin-negative lymph node dendritic cell",http://purl.obolibrary.org/obo/CL_0002512,true,http://purl.obolibrary.org/obo/CL_0000988,hematopoietic cell,http://purl.obolibrary.org/obo/CL_0000451,dendritic cell
Vgamma5-positive CD8-alpha alpha positive gamma-delta intraepithelial T cell,http://purl.obolibrary.org/obo/CL_0002513,true,http://purl.obolibrary.org/obo/CL_0000988,hematopoietic cell,http://purl.obolibrary.org/obo/CL_0000084,T cell
Vgamma5-negative CD8-alpha alpha positive gamma-delta intraepithelial T cell,http://purl.obolibrary.org/obo/CL_0002514,true,http://purl.obolibrary.org/obo/CL_0000988,hematopoietic cell,http://purl.obolibrary.org/obo/CL_0000084,T cell
interrenal norepinephrine type cell,http://purl.obolibrary.org/obo/CL_0002515,true,http://purl.obolibrary.org/obo/CL_0002319,neural cell,http://purl.obolibrary.org/obo/CL_0000540,neuron
interrenal chromaffin cell,http://purl.obolibrary.org/obo/CL_0002516,true,http://purl.obolibrary.org/obo/CL_0002319,neural cell,http://purl.obolibrary.org/obo/CL_0000540,neuron
interrenal epinephrin secreting cell,http://purl.obolibrary.org/obo/CL_0002517,true,http://purl.obolibrary.org/obo/CL_0002319,neural cell,http://purl.obolibrary.org/obo/CL_0000540,neuron
kidney epithelial cell,http://purl.obolibrary.org/obo/CL_0002518,true,http://purl.obolibrary.org/obo/CL_0000066,epithelial cell,,
interrenal epithelial cell,http://purl.obolibrary.org/obo/CL_0002519,true,http://purl.obolibrary.org/obo/CL_0000066,epithelial cell,,
subcutaneous adipocyte,http://purl.obolibrary.org/obo/CL_0002521,true,http://purl.obolibrary.org/obo/CL_0002320,connective tissue cell,http://purl.obolibrary.org/obo/CL_0000136,adipocyte
mesonephric podocyte,http://purl.obolibrary.org/obo/CL_0002523,true,http://purl.obolibrary.org/obo/CL_0000066,epithelial cell,,
metanephric podocyte,http://purl.obolibrary.org/obo/CL_0002525,true,http://purl.obolibrary.org/obo/CL_0000066,epithelial cell,,
CD14-positive dermal dendritic cell,http://purl.obolibrary.org/obo/CL_0002526,true,http://purl.obolibrary.org/obo/CL_0000988,hematopoietic cell,http://purl.obolibrary.org/obo/CL_0000451,dendritic cell
immature CD14-positive dermal dendritic cell,http://purl.obolibrary.org/obo/CL_0002527,true,http://purl.obolibrary.org/obo/CL_0000988,hematopoietic cell,http://purl.obolibrary.org/obo/CL_0000451,dendritic cell
mature CD14-positive dermal dendritic cell,http://purl.obolibrary.org/obo/CL_0002528,true,http://purl.obolibrary.org/obo/CL_0000988,hematopoietic cell,http://purl.obolibrary.org/obo/CL_0000451,dendritic cell
CD1a-positive dermal dendritic cell,http://purl.obolibrary.org/obo/CL_0002529,true,http://purl.obolibrary.org/obo/CL_0000988,hematopoietic cell,http://purl.obolibrary.org/obo/CL_0000451,dendritic cell
immature CD1a-positive dermal dendritic cell,http://purl.obolibrary.org/obo/CL_0002530,true,http://purl.obolibrary.org/obo/CL_0000988,hematopoietic cell,http://purl.obolibrary.org/obo/CL_0000451,dendritic cell
mature CD1a-positive dermal dendritic cell,http://purl.obolibrary.org/obo/CL_0002531,true,http://purl.obolibrary.org/obo/CL_0000988,hematopoietic cell,http://purl.obolibrary.org/obo/CL_0000451,dendritic cell
CD16-positive myeloid dendritic cell,http://purl.obolibrary.org/obo/CL_0002532,true,http://purl.obolibrary.org/obo/CL_0000988,hematopoietic cell,http://purl.obolibrary.org/obo/CL_0000451,dendritic cell
immature CD16-positive myeloid dendritic cell,http://purl.obolibrary.org/obo/CL_0002533,true,http://purl.obolibrary.org/obo/CL_0000988,hematopoietic cell,http://purl.obolibrary.org/obo/CL_0000451,dendritic cell
mature CD16-positive myeloid dendritic cell,http://purl.obolibrary.org/obo/CL_0002534,true,http://purl.obolibrary.org/obo/CL_0000988,hematopoietic cell,http://purl.obolibrary.org/obo/CL_0000451,dendritic cell
epithelial cell of cervix,http://purl.obolibrary.org/obo/CL_0002535,true,http://purl.obolibrary.org/obo/CL_0000066,epithelial cell,,
epithelial cell of amnion,http://purl.obolibrary.org/obo/CL_0002536,true,http://purl.obolibrary.org/obo/CL_0000066,epithelial cell,,
amnion mesenchymal stem cell,http://purl.obolibrary.org/obo/CL_0002537,true,http://purl.obolibrary.org/obo/CL_0000034,stem cell,,
intrahepatic cholangiocyte,http://purl.obolibrary.org/obo/CL_0002538,true,http://purl.obolibrary.org/obo/CL_0000066,epithelial cell,,
aortic smooth muscle cell,http://purl.obolibrary.org/obo/CL_0002539,true,http://purl.obolibrary.org/obo/CL_0000187,muscle cell,,
mesenchymal stem cell of the bone marrow,http://purl.obolibrary.org/obo/CL_0002540,true,http://purl.obolibrary.org/obo/CL_0000034,stem cell,,
chorionic membrane mesenchymal stem cell,http://purl.obolibrary.org/obo/CL_0002541,true,http://purl.obolibrary.org/obo/CL_0000034,stem cell,,
vein endothelial cell,http://purl.obolibrary.org/obo/CL_0002543,true,http://purl.obolibrary.org/obo/CL_0000115,endothelial cell,,
aortic endothelial cell,http://purl.obolibrary.org/obo/CL_0002544,true,http://purl.obolibrary.org/obo/CL_0000115,endothelial cell,,
thoracic aorta endothelial cell,http://purl.obolibrary.org/obo/CL_0002545,true,http://purl.obolibrary.org/obo/CL_0000115,endothelial cell,,
fibroblast of the aortic adventitia,http://purl.obolibrary.org/obo/CL_0002547,true,http://purl.obolibrary.org/obo/CL_0002320,connective tissue cell,http://purl.obolibrary.org/obo/CL_0000499,stromal cell
fibroblast of cardiac tissue,http://purl.obolibrary.org/obo/CL_0002548,true,http://purl.obolibrary.org/obo/CL_0002320,connective tissue cell,http://purl.obolibrary.org/obo/CL_0000499,stromal cell
fibroblast of choroid plexus,http://purl.obolibrary.org/obo/CL_0002549,true,http://purl.obolibrary.org/obo/CL_0002320,connective tissue cell,http://purl.obolibrary.org/obo/CL_0000499,stromal cell
fibroblast of the conjunctiva,http://purl.obolibrary.org/obo/CL_0002550,true,http://purl.obolibrary.org/obo/CL_0002320,connective tissue cell,http://purl.obolibrary.org/obo/CL_0000499,stromal cell
fibroblast of dermis,http://purl.obolibrary.org/obo/CL_0002551,true,http://purl.obolibrary.org/obo/CL_0002320,connective tissue cell,http://purl.obolibrary.org/obo/CL_0000499,stromal cell
fibroblast of gingiva,http://purl.obolibrary.org/obo/CL_0002552,true,http://purl.obolibrary.org/obo/CL_0002320,connective tissue cell,http://purl.obolibrary.org/obo/CL_0000499,stromal cell
fibroblast of lung,http://purl.obolibrary.org/obo/CL_0002553,true,http://purl.obolibrary.org/obo/CL_0002320,connective tissue cell,http://purl.obolibrary.org/obo/CL_0000499,stromal cell
fibroblast of lymphatic vessel,http://purl.obolibrary.org/obo/CL_0002554,true,http://purl.obolibrary.org/obo/CL_0002320,connective tissue cell,http://purl.obolibrary.org/obo/CL_0000499,stromal cell
fibroblast of mammary gland,http://purl.obolibrary.org/obo/CL_0002555,true,http://purl.obolibrary.org/obo/CL_0002320,connective tissue cell,http://purl.obolibrary.org/obo/CL_0000499,stromal cell
fibroblast of periodontium,http://purl.obolibrary.org/obo/CL_0002556,true,http://purl.obolibrary.org/obo/CL_0002320,connective tissue cell,http://purl.obolibrary.org/obo/CL_0000499,stromal cell
fibroblast of pulmonary artery,http://purl.obolibrary.org/obo/CL_0002557,true,http://purl.obolibrary.org/obo/CL_0002320,connective tissue cell,http://purl.obolibrary.org/obo/CL_0000499,stromal cell
fibroblast of villous mesenchyme,http://purl.obolibrary.org/obo/CL_0002558,true,http://purl.obolibrary.org/obo/CL_0002320,connective tissue cell,http://purl.obolibrary.org/obo/CL_0000499,stromal cell
inner root sheath cell,http://purl.obolibrary.org/obo/CL_0002560,true,http://purl.obolibrary.org/obo/CL_0000066,epithelial cell,,
outer root sheath cell,http://purl.obolibrary.org/obo/CL_0002561,true,http://purl.obolibrary.org/obo/CL_0000066,epithelial cell,,
hair germinal matrix cell,http://purl.obolibrary.org/obo/CL_0002562,true,http://purl.obolibrary.org/obo/CL_0000066,epithelial cell,,
intestinal epithelial cell,http://purl.obolibrary.org/obo/CL_0002563,true,http://purl.obolibrary.org/obo/CL_0000066,epithelial cell,,
nucleus pulposus cell of intervertebral disc,http://purl.obolibrary.org/obo/CL_0002564,true,http://purl.obolibrary.org/obo/CL_0002320,connective tissue cell,,
iris pigment epithelial cell,http://purl.obolibrary.org/obo/CL_0002565,true,http://purl.obolibrary.org/obo/CL_0000066,epithelial cell,,
dark melanocyte,http://purl.obolibrary.org/obo/CL_0002566,true,http://purl.obolibrary.org/obo/CL_0000148,melanocyte,,
light melanocyte,http://purl.obolibrary.org/obo/CL_0002567,true,http://purl.obolibrary.org/obo/CL_0000148,melanocyte,,
mesenchymal stem cell of Wharton's jelly,http://purl.obolibrary.org/obo/CL_0002568,true,http://purl.obolibrary.org/obo/CL_0000349,extraembryonic cell,,
mesenchymal stem cell of umbilical cord,http://purl.obolibrary.org/obo/CL_0002569,true,http://purl.obolibrary.org/obo/CL_0000034,stem cell,,
mesenchymal stem cell of adipose tissue,http://purl.obolibrary.org/obo/CL_0002570,true,http://purl.obolibrary.org/obo/CL_0000034,stem cell,,
hepatic mesenchymal stem cell,http://purl.obolibrary.org/obo/CL_0002571,true,http://purl.obolibrary.org/obo/CL_0000034,stem cell,,
vertebral mesenchymal stem cell,http://purl.obolibrary.org/obo/CL_0002572,true,http://purl.obolibrary.org/obo/CL_0000034,stem cell,,
Schwann cell,http://purl.obolibrary.org/obo/CL_0002573,true,http://purl.obolibrary.org/obo/CL_0002319,neural cell,http://purl.obolibrary.org/obo/CL_0000125,glial cell
stromal cell of pancreas,http://purl.obolibrary.org/obo/CL_0002574,true,http://purl.obolibrary.org/obo/CL_0002320,connective tissue cell,http://purl.obolibrary.org/obo/CL_0000499,stromal cell
central nervous system pericyte,http://purl.obolibrary.org/obo/CL_0002575,true,http://purl.obolibrary.org/obo/CL_0002319,neural cell,,
perineurial cell,http://purl.obolibrary.org/obo/CL_0002576,true,http://purl.obolibrary.org/obo/CL_0002319,neural cell,http://purl.obolibrary.org/obo/CL_0000125,glial cell
placental epithelial cell,http://purl.obolibrary.org/obo/CL_0002577,true,http://purl.obolibrary.org/obo/CL_0000066,epithelial cell,,
mesenteric preadipocyte,http://purl.obolibrary.org/obo/CL_0002578,true,http://purl.obolibrary.org/obo/CL_0002320,connective tissue cell,http://purl.obolibrary.org/obo/CL_0000499,stromal cell
omentum preadipocyte,http://purl.obolibrary.org/obo/CL_0002579,true,http://purl.obolibrary.org/obo/CL_0002320,connective tissue cell,http://purl.obolibrary.org/obo/CL_0000499,stromal cell
preadipocyte of the breast,http://purl.obolibrary.org/obo/CL_0002580,true,http://purl.obolibrary.org/obo/CL_0002320,connective tissue cell,http://purl.obolibrary.org/obo/CL_0000499,stromal cell
perirenal preadipocyte,http://purl.obolibrary.org/obo/CL_0002581,true,http://purl.obolibrary.org/obo/CL_0002320,connective tissue cell,http://purl.obolibrary.org/obo/CL_0000499,stromal cell
visceral preadipocyte,http://purl.obolibrary.org/obo/CL_0002582,true,http://purl.obolibrary.org/obo/CL_0002320,connective tissue cell,http://purl.obolibrary.org/obo/CL_0000499,stromal cell
subcutaneous preadipocyte,http://purl.obolibrary.org/obo/CL_0002583,true,http://purl.obolibrary.org/obo/CL_0002320,connective tissue cell,http://purl.obolibrary.org/obo/CL_0000499,stromal cell
renal cortical epithelial cell,http://purl.obolibrary.org/obo/CL_0002584,true,http://purl.obolibrary.org/obo/CL_0000066,epithelial cell,,
retinal blood vessel endothelial cell,http://purl.obolibrary.org/obo/CL_0002585,true,http://purl.obolibrary.org/obo/CL_0000115,endothelial cell,,
retinal pigment epithelial cell,http://purl.obolibrary.org/obo/CL_0002586,true,http://purl.obolibrary.org/obo/CL_0000066,epithelial cell,,
smooth muscle cell of the umbilical vein,http://purl.obolibrary.org/obo/CL_0002588,true,http://purl.obolibrary.org/obo/CL_0000187,muscle cell,,
smooth muscle cell of the brachiocephalic vasculature,http://purl.obolibrary.org/obo/CL_0002589,true,http://purl.obolibrary.org/obo/CL_0000187,muscle cell,,
smooth muscle cell of the brain vasculature,http://purl.obolibrary.org/obo/CL_0002590,true,http://purl.obolibrary.org/obo/CL_0002319,neural cell,,
smooth muscle cell of the pulmonary artery,http://purl.obolibrary.org/obo/CL_0002591,true,http://purl.obolibrary.org/obo/CL_0000187,muscle cell,,
smooth muscle cell of the coronary artery,http://purl.obolibrary.org/obo/CL_0002592,true,http://purl.obolibrary.org/obo/CL_0000187,muscle cell,,
smooth muscle cell of the internal thoracic artery,http://purl.obolibrary.org/obo/CL_0002593,true,http://purl.obolibrary.org/obo/CL_0000187,muscle cell,,
smooth muscle cell of the umbilical artery,http://purl.obolibrary.org/obo/CL_0002594,true,http://purl.obolibrary.org/obo/CL_0000187,muscle cell,,
smooth muscle cell of the subclavian artery,http://purl.obolibrary.org/obo/CL_0002595,true,http://purl.obolibrary.org/obo/CL_0000187,muscle cell,,
smooth muscle cell of the carotid artery,http://purl.obolibrary.org/obo/CL_0002596,true,http://purl.obolibrary.org/obo/CL_0000187,muscle cell,,
smooth muscle cell of bladder,http://purl.obolibrary.org/obo/CL_0002597,true,http://purl.obolibrary.org/obo/CL_0000187,muscle cell,,
bronchial smooth muscle cell,http://purl.obolibrary.org/obo/CL_0002598,true,http://purl.obolibrary.org/obo/CL_0000187,muscle cell,,
smooth muscle cell of the esophagus,http://purl.obolibrary.org/obo/CL_0002599,true,http://purl.obolibrary.org/obo/CL_0000187,muscle cell,,
smooth muscle cell of trachea,http://purl.obolibrary.org/obo/CL_0002600,true,http://purl.obolibrary.org/obo/CL_0000187,muscle cell,,
uterine smooth muscle cell,http://purl.obolibrary.org/obo/CL_0002601,true,http://purl.obolibrary.org/obo/CL_0000187,muscle cell,,
annulus pulposus cell,http://purl.obolibrary.org/obo/CL_0002602,true,http://purl.obolibrary.org/obo/CL_0002320,connective tissue cell,,
astrocyte of the cerebellum,http://purl.obolibrary.org/obo/CL_0002603,true,http://purl.obolibrary.org/obo/CL_0002319,neural cell,http://purl.obolibrary.org/obo/CL_0000125,glial cell
hippocampal astrocyte,http://purl.obolibrary.org/obo/CL_0002604,true,http://purl.obolibrary.org/obo/CL_0002319,neural cell,http://purl.obolibrary.org/obo/CL_0000125,glial cell
astrocyte of the cerebral cortex,http://purl.obolibrary.org/obo/CL_0002605,true,http://purl.obolibrary.org/obo/CL_0002319,neural cell,http://purl.obolibrary.org/obo/CL_0000125,glial cell
astrocyte of the spinal cord,http://purl.obolibrary.org/obo/CL_0002606,true,http://purl.obolibrary.org/obo/CL_0002319,neural cell,http://purl.obolibrary.org/obo/CL_0000125,glial cell
migratory enteric neural crest cell,http://purl.obolibrary.org/obo/CL_0002607,true,http://purl.obolibrary.org/obo/CL_0000034,stem cell,,
hippocampal neuron,http://purl.obolibrary.org/obo/CL_0002608,true,http://purl.obolibrary.org/obo/CL_0002319,neural cell,http://purl.obolibrary.org/obo/CL_0000540,neuron
raphe nuclei neuron,http://purl.obolibrary.org/obo/CL_0002610,true,http://purl.obolibrary.org/obo/CL_0002319,neural cell,http://purl.obolibrary.org/obo/CL_0000540,neuron
neuron of the dorsal spinal cord,http://purl.obolibrary.org/obo/CL_0002611,true,http://purl.obolibrary.org/obo/CL_0002319,neural cell,http://purl.obolibrary.org/obo/CL_0000540,neuron
neuron of the ventral spinal cord,http://purl.obolibrary.org/obo/CL_0002612,true,http://purl.obolibrary.org/obo/CL_0002319,neural cell,http://purl.obolibrary.org/obo/CL_0000540,neuron
striatum neuron,http://purl.obolibrary.org/obo/CL_0002613,true,http://purl.obolibrary.org/obo/CL_0002319,neural cell,http://purl.obolibrary.org/obo/CL_0000540,neuron
neuron of the substantia nigra,http://purl.obolibrary.org/obo/CL_0002614,true,http://purl.obolibrary.org/obo/CL_0002319,neural cell,http://purl.obolibrary.org/obo/CL_0000540,neuron
adipocyte of omentum tissue,http://purl.obolibrary.org/obo/CL_0002615,true,http://purl.obolibrary.org/obo/CL_0002320,connective tissue cell,http://purl.obolibrary.org/obo/CL_0000136,adipocyte
perirenal adipocyte,http://purl.obolibrary.org/obo/CL_0002616,true,http://purl.obolibrary.org/obo/CL_0002320,connective tissue cell,http://purl.obolibrary.org/obo/CL_0000136,adipocyte
adipocyte of breast,http://purl.obolibrary.org/obo/CL_0002617,true,http://purl.obolibrary.org/obo/CL_0002320,connective tissue cell,http://purl.obolibrary.org/obo/CL_0000136,adipocyte
endothelial cell of umbilical vein,http://purl.obolibrary.org/obo/CL_0002618,true,http://purl.obolibrary.org/obo/CL_0000115,endothelial cell,,
adult endothelial progenitor cell,http://purl.obolibrary.org/obo/CL_0002619,true,http://purl.obolibrary.org/obo/CL_0002320,connective tissue cell,,
skin fibroblast,http://purl.obolibrary.org/obo/CL_0002620,true,http://purl.obolibrary.org/obo/CL_0002320,connective tissue cell,http://purl.obolibrary.org/obo/CL_0000499,stromal cell
gingival epithelial cell,http://purl.obolibrary.org/obo/CL_0002621,true,http://purl.obolibrary.org/obo/CL_0000066,epithelial cell,,
prostate stromal cell,http://purl.obolibrary.org/obo/CL_0002622,true,http://purl.obolibrary.org/obo/CL_0002320,connective tissue cell,http://purl.obolibrary.org/obo/CL_0000499,stromal cell
acinar cell of salivary gland,http://purl.obolibrary.org/obo/CL_0002623,true,http://purl.obolibrary.org/obo/CL_0000066,epithelial cell,,
paneth cell of the appendix,http://purl.obolibrary.org/obo/CL_0002624,true,http://purl.obolibrary.org/obo/CL_0000066,epithelial cell,,
seminiferous tubule epithelial cell,http://purl.obolibrary.org/obo/CL_0002625,true,http://purl.obolibrary.org/obo/CL_0000066,epithelial cell,,
immature astrocyte,http://purl.obolibrary.org/obo/CL_0002626,true,http://purl.obolibrary.org/obo/CL_0002319,neural cell,http://purl.obolibrary.org/obo/CL_0000125,glial cell
mature astrocyte,http://purl.obolibrary.org/obo/CL_0002627,true,http://purl.obolibrary.org/obo/CL_0002319,neural cell,http://purl.obolibrary.org/obo/CL_0000125,glial cell
immature microglial cell,http://purl.obolibrary.org/obo/CL_0002628,true,http://purl.obolibrary.org/obo/CL_0002319,neural cell,http://purl.obolibrary.org/obo/CL_0000125,glial cell
mature microglial cell,http://purl.obolibrary.org/obo/CL_0002629,true,http://purl.obolibrary.org/obo/CL_0002319,neural cell,http://purl.obolibrary.org/obo/CL_0000125,glial cell
epithelial cell of upper respiratory tract,http://purl.obolibrary.org/obo/CL_0002631,true,http://purl.obolibrary.org/obo/CL_0000066,epithelial cell,,
epithelial cell of lower respiratory tract,http://purl.obolibrary.org/obo/CL_0002632,true,http://purl.obolibrary.org/obo/CL_0000066,epithelial cell,,
respiratory basal cell,http://purl.obolibrary.org/obo/CL_0002633,true,http://purl.obolibrary.org/obo/CL_0000034,stem cell,,
epithelial cell of anal column,http://purl.obolibrary.org/obo/CL_0002634,true,http://purl.obolibrary.org/obo/CL_0000066,epithelial cell,,
nonkeratinized epithelial cell of anal column,http://purl.obolibrary.org/obo/CL_0002635,true,http://purl.obolibrary.org/obo/CL_0000066,epithelial cell,,
nonkeratinized epithelial cell of inferior part of anal canal,http://purl.obolibrary.org/obo/CL_0002636,true,http://purl.obolibrary.org/obo/CL_0000066,epithelial cell,,
keratinized epithelial cell of the anal canal,http://purl.obolibrary.org/obo/CL_0002637,true,http://purl.obolibrary.org/obo/CL_0000066,epithelial cell,,
bronchioalveolar stem cell,http://purl.obolibrary.org/obo/CL_0002638,true,http://purl.obolibrary.org/obo/CL_0000034,stem cell,,
amniotic stem cell,http://purl.obolibrary.org/obo/CL_0002639,true,http://purl.obolibrary.org/obo/CL_0000034,stem cell,,
amniotic epithelial stem cell,http://purl.obolibrary.org/obo/CL_0002640,true,http://purl.obolibrary.org/obo/CL_0000034,stem cell,,
epithelial cell of esophageal gland proper,http://purl.obolibrary.org/obo/CL_0002641,true,http://purl.obolibrary.org/obo/CL_0000066,epithelial cell,,
epithelial cell of esophageal cardiac gland,http://purl.obolibrary.org/obo/CL_0002642,true,http://purl.obolibrary.org/obo/CL_0000066,epithelial cell,,
nonkeratinized cell of stratum corneum of esophageal epithelium,http://purl.obolibrary.org/obo/CL_0002643,true,http://purl.obolibrary.org/obo/CL_0000066,epithelial cell,,
endo-epithelial cell of tympanic part of viscerocranial mucosa,http://purl.obolibrary.org/obo/CL_0002644,true,http://purl.obolibrary.org/obo/CL_0000066,epithelial cell,,
endo-epithelial cell of pharyngotympanic part of viscerocranial mucosa,http://purl.obolibrary.org/obo/CL_0002645,true,http://purl.obolibrary.org/obo/CL_0000066,epithelial cell,,
endothelial cell of venous sinus of spleen,http://purl.obolibrary.org/obo/CL_0002651,true,http://purl.obolibrary.org/obo/CL_0000115,endothelial cell,,
endothelial cell of high endothelial venule,http://purl.obolibrary.org/obo/CL_0002652,true,http://purl.obolibrary.org/obo/CL_0000115,endothelial cell,,
squamous endothelial cell,http://purl.obolibrary.org/obo/CL_0002653,true,http://purl.obolibrary.org/obo/CL_0000115,endothelial cell,,
epithelial cell of stratum corneum of esophageal epithelium,http://purl.obolibrary.org/obo/CL_0002654,true,http://purl.obolibrary.org/obo/CL_0000066,epithelial cell,,
epithelial cell of stratum spinosum of esophageal epithelium,http://purl.obolibrary.org/obo/CL_0002655,true,http://purl.obolibrary.org/obo/CL_0000066,epithelial cell,,
glandular endometrial unciliated epithelial cell,http://purl.obolibrary.org/obo/CL_0002656,true,http://purl.obolibrary.org/obo/CL_0000152,exocrine cell,,
glandular cell of esophagus,http://purl.obolibrary.org/obo/CL_0002657,true,http://purl.obolibrary.org/obo/CL_0000066,epithelial cell,,
glandular cell of the large intestine,http://purl.obolibrary.org/obo/CL_0002658,true,http://purl.obolibrary.org/obo/CL_0000066,epithelial cell,,
glandular epithelial cell of stomach,http://purl.obolibrary.org/obo/CL_0002659,true,http://purl.obolibrary.org/obo/CL_0000066,epithelial cell,,
luminal cell of acinus of lactiferous gland,http://purl.obolibrary.org/obo/CL_0002660,true,http://purl.obolibrary.org/obo/CL_0000066,epithelial cell,,
luminal cell of lactiferous terminal ductal lobular unit,http://purl.obolibrary.org/obo/CL_0002661,true,http://purl.obolibrary.org/obo/CL_0000066,epithelial cell,,
luminal cell of lactiferous duct,http://purl.obolibrary.org/obo/CL_0002662,true,http://purl.obolibrary.org/obo/CL_0000066,epithelial cell,,
myocardial endocrine cell of atrium,http://purl.obolibrary.org/obo/CL_0002663,true,http://purl.obolibrary.org/obo/CL_0000187,muscle cell,,
cardioblast,http://purl.obolibrary.org/obo/CL_0002664,true,http://purl.obolibrary.org/obo/CL_0000034,stem cell,,
otic fibrocyte,http://purl.obolibrary.org/obo/CL_0002665,true,http://purl.obolibrary.org/obo/CL_0002320,connective tissue cell,http://purl.obolibrary.org/obo/CL_0000499,stromal cell
type 2 otic fibrocyte,http://purl.obolibrary.org/obo/CL_0002666,true,http://purl.obolibrary.org/obo/CL_0002320,connective tissue cell,http://purl.obolibrary.org/obo/CL_0000499,stromal cell
type 5 otic fibrocyte,http://purl.obolibrary.org/obo/CL_0002667,true,http://purl.obolibrary.org/obo/CL_0002320,connective tissue cell,http://purl.obolibrary.org/obo/CL_0000499,stromal cell
type 4 otic fibrocyte,http://purl.obolibrary.org/obo/CL_0002668,true,http://purl.obolibrary.org/obo/CL_0002320,connective tissue cell,http://purl.obolibrary.org/obo/CL_0000499,stromal cell
type 3 otic fibrocyte,http://purl.obolibrary.org/obo/CL_0002669,true,http://purl.obolibrary.org/obo/CL_0002320,connective tissue cell,http://purl.obolibrary.org/obo/CL_0000499,stromal cell
type 1 otic fibrocyte,http://purl.obolibrary.org/obo/CL_0002670,true,http://purl.obolibrary.org/obo/CL_0002320,connective tissue cell,http://purl.obolibrary.org/obo/CL_0000499,stromal cell
endothelial stalk cell,http://purl.obolibrary.org/obo/CL_0002671,true,http://purl.obolibrary.org/obo/CL_0000115,endothelial cell,,
retinal progenitor cell,http://purl.obolibrary.org/obo/CL_0002672,true,http://purl.obolibrary.org/obo/CL_0000034,stem cell,,
tongue muscle cell,http://purl.obolibrary.org/obo/CL_0002673,true,http://purl.obolibrary.org/obo/CL_0000187,muscle cell,,
naive regulatory T cell,http://purl.obolibrary.org/obo/CL_0002677,true,http://purl.obolibrary.org/obo/CL_0000988,hematopoietic cell,http://purl.obolibrary.org/obo/CL_0000084,T cell
memory regulatory T cell,http://purl.obolibrary.org/obo/CL_0002678,true,http://purl.obolibrary.org/obo/CL_0000988,hematopoietic cell,http://purl.obolibrary.org/obo/CL_0000084,T cell
natural helper lymphocyte,http://purl.obolibrary.org/obo/CL_0002679,true,http://purl.obolibrary.org/obo/CL_0000988,hematopoietic cell,,
PP cell of intestine,http://purl.obolibrary.org/obo/CL_0002680,true,http://purl.obolibrary.org/obo/CL_0000066,epithelial cell,,
bistratified retinal ganglion cell,http://purl.obolibrary.org/obo/CL_0003001,true,http://purl.obolibrary.org/obo/CL_0002319,neural cell,http://purl.obolibrary.org/obo/CL_0000540,neuron
G1 retinal ganglion cell,http://purl.obolibrary.org/obo/CL_0003002,true,http://purl.obolibrary.org/obo/CL_0002319,neural cell,http://purl.obolibrary.org/obo/CL_0000540,neuron
G2 retinal ganglion cell,http://purl.obolibrary.org/obo/CL_0003003,true,http://purl.obolibrary.org/obo/CL_0002319,neural cell,http://purl.obolibrary.org/obo/CL_0000540,neuron
G3 retinal ganglion cell,http://purl.obolibrary.org/obo/CL_0003004,true,http://purl.obolibrary.org/obo/CL_0002319,neural cell,http://purl.obolibrary.org/obo/CL_0000540,neuron
G4 retinal ganglion cell,http://purl.obolibrary.org/obo/CL_0003005,true,http://purl.obolibrary.org/obo/CL_0002319,neural cell,http://purl.obolibrary.org/obo/CL_0000540,neuron
G4-ON retinal ganglion cell,http://purl.obolibrary.org/obo/CL_0003006,true,http://purl.obolibrary.org/obo/CL_0002319,neural cell,http://purl.obolibrary.org/obo/CL_0000540,neuron
G4-OFF retinal ganglion cell,http://purl.obolibrary.org/obo/CL_0003007,true,http://purl.obolibrary.org/obo/CL_0002319,neural cell,http://purl.obolibrary.org/obo/CL_0000540,neuron
G5 retinal ganglion cell,http://purl.obolibrary.org/obo/CL_0003008,true,http://purl.obolibrary.org/obo/CL_0002319,neural cell,http://purl.obolibrary.org/obo/CL_0000540,neuron
G6 retinal ganglion cell,http://purl.obolibrary.org/obo/CL_0003009,true,http://purl.obolibrary.org/obo/CL_0002319,neural cell,http://purl.obolibrary.org/obo/CL_0000540,neuron
G7 retinal ganglion cell,http://purl.obolibrary.org/obo/CL_0003010,true,http://purl.obolibrary.org/obo/CL_0002319,neural cell,http://purl.obolibrary.org/obo/CL_0000540,neuron
G8 retinal ganglion cell,http://purl.obolibrary.org/obo/CL_0003011,true,http://purl.obolibrary.org/obo/CL_0002319,neural cell,http://purl.obolibrary.org/obo/CL_0000540,neuron
G9 retinal ganglion cell,http://purl.obolibrary.org/obo/CL_0003012,true,http://purl.obolibrary.org/obo/CL_0002319,neural cell,http://purl.obolibrary.org/obo/CL_0000540,neuron
G10 retinal ganglion cell,http://purl.obolibrary.org/obo/CL_0003013,true,http://purl.obolibrary.org/obo/CL_0002319,neural cell,http://purl.obolibrary.org/obo/CL_0000540,neuron
G11 retinal ganglion cell,http://purl.obolibrary.org/obo/CL_0003014,true,http://purl.obolibrary.org/obo/CL_0002319,neural cell,http://purl.obolibrary.org/obo/CL_0000540,neuron
G11-ON retinal ganglion cell,http://purl.obolibrary.org/obo/CL_0003015,true,http://purl.obolibrary.org/obo/CL_0002319,neural cell,http://purl.obolibrary.org/obo/CL_0000540,neuron
G11-OFF retinal ganglion cell,http://purl.obolibrary.org/obo/CL_0003016,true,http://purl.obolibrary.org/obo/CL_0002319,neural cell,http://purl.obolibrary.org/obo/CL_0000540,neuron
retinal ganglion cell B3 outer,http://purl.obolibrary.org/obo/CL_0003017,true,http://purl.obolibrary.org/obo/CL_0002319,neural cell,http://purl.obolibrary.org/obo/CL_0000540,neuron
retinal ganglion cell B3 inner,http://purl.obolibrary.org/obo/CL_0003018,true,http://purl.obolibrary.org/obo/CL_0002319,neural cell,http://purl.obolibrary.org/obo/CL_0000540,neuron
retinal ganglion cell C outer,http://purl.obolibrary.org/obo/CL_0003020,true,http://purl.obolibrary.org/obo/CL_0002319,neural cell,http://purl.obolibrary.org/obo/CL_0000540,neuron
retinal ganglion cell C4,http://purl.obolibrary.org/obo/CL_0003021,true,http://purl.obolibrary.org/obo/CL_0002319,neural cell,http://purl.obolibrary.org/obo/CL_0000540,neuron
retinal ganglion cell C5,http://purl.obolibrary.org/obo/CL_0003022,true,http://purl.obolibrary.org/obo/CL_0002319,neural cell,http://purl.obolibrary.org/obo/CL_0000540,neuron
retinal ganglion cell C6,http://purl.obolibrary.org/obo/CL_0003023,true,http://purl.obolibrary.org/obo/CL_0002319,neural cell,http://purl.obolibrary.org/obo/CL_0000540,neuron
retinal ganglion cell C inner,http://purl.obolibrary.org/obo/CL_0003024,true,http://purl.obolibrary.org/obo/CL_0002319,neural cell,http://purl.obolibrary.org/obo/CL_0000540,neuron
retinal ganglion cell C3,http://purl.obolibrary.org/obo/CL_0003025,true,http://purl.obolibrary.org/obo/CL_0002319,neural cell,http://purl.obolibrary.org/obo/CL_0000540,neuron
retinal ganglion cell D1,http://purl.obolibrary.org/obo/CL_0003026,true,http://purl.obolibrary.org/obo/CL_0002319,neural cell,http://purl.obolibrary.org/obo/CL_0000540,neuron
retinal ganglion cell D2,http://purl.obolibrary.org/obo/CL_0003027,true,http://purl.obolibrary.org/obo/CL_0002319,neural cell,http://purl.obolibrary.org/obo/CL_0000540,neuron
M1 retinal ganglion cell,http://purl.obolibrary.org/obo/CL_0003028,true,http://purl.obolibrary.org/obo/CL_0002319,neural cell,http://purl.obolibrary.org/obo/CL_0000540,neuron
M2 retinal ganglion cell,http://purl.obolibrary.org/obo/CL_0003029,true,http://purl.obolibrary.org/obo/CL_0002319,neural cell,http://purl.obolibrary.org/obo/CL_0000540,neuron
M3 retinal ganglion cell,http://purl.obolibrary.org/obo/CL_0003030,true,http://purl.obolibrary.org/obo/CL_0002319,neural cell,http://purl.obolibrary.org/obo/CL_0000540,neuron
M3-ON retinal ganglion cell,http://purl.obolibrary.org/obo/CL_0003031,true,http://purl.obolibrary.org/obo/CL_0002319,neural cell,http://purl.obolibrary.org/obo/CL_0000540,neuron
M3-OFF retinal ganglion cell,http://purl.obolibrary.org/obo/CL_0003032,true,http://purl.obolibrary.org/obo/CL_0002319,neural cell,http://purl.obolibrary.org/obo/CL_0000540,neuron
M4 retinal ganglion cell,http://purl.obolibrary.org/obo/CL_0003033,true,http://purl.obolibrary.org/obo/CL_0002319,neural cell,http://purl.obolibrary.org/obo/CL_0000540,neuron
M5 retinal ganglion cell,http://purl.obolibrary.org/obo/CL_0003034,true,http://purl.obolibrary.org/obo/CL_0002319,neural cell,http://purl.obolibrary.org/obo/CL_0000540,neuron
M6 retinal ganglion cell,http://purl.obolibrary.org/obo/CL_0003035,true,http://purl.obolibrary.org/obo/CL_0002319,neural cell,http://purl.obolibrary.org/obo/CL_0000540,neuron
M7 retinal ganglion cell,http://purl.obolibrary.org/obo/CL_0003036,true,http://purl.obolibrary.org/obo/CL_0002319,neural cell,http://purl.obolibrary.org/obo/CL_0000540,neuron
M7-ON retinal ganglion cell,http://purl.obolibrary.org/obo/CL_0003037,true,http://purl.obolibrary.org/obo/CL_0002319,neural cell,http://purl.obolibrary.org/obo/CL_0000540,neuron
M7-OFF retinal ganglion cell,http://purl.obolibrary.org/obo/CL_0003038,true,http://purl.obolibrary.org/obo/CL_0002319,neural cell,http://purl.obolibrary.org/obo/CL_0000540,neuron
M8 retinal ganglion cell,http://purl.obolibrary.org/obo/CL_0003039,true,http://purl.obolibrary.org/obo/CL_0002319,neural cell,http://purl.obolibrary.org/obo/CL_0000540,neuron
M9 retinal ganglion cell,http://purl.obolibrary.org/obo/CL_0003040,true,http://purl.obolibrary.org/obo/CL_0002319,neural cell,http://purl.obolibrary.org/obo/CL_0000540,neuron
M9-ON retinal ganglion cell,http://purl.obolibrary.org/obo/CL_0003041,true,http://purl.obolibrary.org/obo/CL_0002319,neural cell,http://purl.obolibrary.org/obo/CL_0000540,neuron
M9-OFF retinal ganglion cell,http://purl.obolibrary.org/obo/CL_0003042,true,http://purl.obolibrary.org/obo/CL_0002319,neural cell,http://purl.obolibrary.org/obo/CL_0000540,neuron
M10 retinal ganglion cell,http://purl.obolibrary.org/obo/CL_0003043,true,http://purl.obolibrary.org/obo/CL_0002319,neural cell,http://purl.obolibrary.org/obo/CL_0000540,neuron
M11 retinal ganglion cell,http://purl.obolibrary.org/obo/CL_0003044,true,http://purl.obolibrary.org/obo/CL_0002319,neural cell,http://purl.obolibrary.org/obo/CL_0000540,neuron
M12 retinal ganglion cell,http://purl.obolibrary.org/obo/CL_0003045,true,http://purl.obolibrary.org/obo/CL_0002319,neural cell,http://purl.obolibrary.org/obo/CL_0000540,neuron
M13 retinal ganglion cell,http://purl.obolibrary.org/obo/CL_0003046,true,http://purl.obolibrary.org/obo/CL_0002319,neural cell,http://purl.obolibrary.org/obo/CL_0000540,neuron
M14 retinal ganglion cell,http://purl.obolibrary.org/obo/CL_0003047,true,http://purl.obolibrary.org/obo/CL_0002319,neural cell,http://purl.obolibrary.org/obo/CL_0000540,neuron
L cone cell,http://purl.obolibrary.org/obo/CL_0003048,true,http://purl.obolibrary.org/obo/CL_0002319,neural cell,http://purl.obolibrary.org/obo/CL_0000540,neuron
M cone cell,http://purl.obolibrary.org/obo/CL_0003049,true,http://purl.obolibrary.org/obo/CL_0002319,neural cell,http://purl.obolibrary.org/obo/CL_0000540,neuron
S cone cell,http://purl.obolibrary.org/obo/CL_0003050,true,http://purl.obolibrary.org/obo/CL_0002319,neural cell,http://purl.obolibrary.org/obo/CL_0000540,neuron
UV cone cell,http://purl.obolibrary.org/obo/CL_0003051,true,http://purl.obolibrary.org/obo/CL_0002319,neural cell,http://purl.obolibrary.org/obo/CL_0000540,neuron
local interneuron,http://purl.obolibrary.org/obo/CL_0004001,true,http://purl.obolibrary.org/obo/CL_0002319,neural cell,http://purl.obolibrary.org/obo/CL_0000540,neuron
retinal ganglion cell B,http://purl.obolibrary.org/obo/CL_0004115,true,http://purl.obolibrary.org/obo/CL_0002319,neural cell,http://purl.obolibrary.org/obo/CL_0000540,neuron
retinal ganglion cell C,http://purl.obolibrary.org/obo/CL_0004116,true,http://purl.obolibrary.org/obo/CL_0002319,neural cell,http://purl.obolibrary.org/obo/CL_0000540,neuron
retinal ganglion cell A,http://purl.obolibrary.org/obo/CL_0004117,true,http://purl.obolibrary.org/obo/CL_0002319,neural cell,http://purl.obolibrary.org/obo/CL_0000540,neuron
retinal ganglion cell B1,http://purl.obolibrary.org/obo/CL_0004119,true,http://purl.obolibrary.org/obo/CL_0002319,neural cell,http://purl.obolibrary.org/obo/CL_0000540,neuron
retinal ganglion cell A1,http://purl.obolibrary.org/obo/CL_0004120,true,http://purl.obolibrary.org/obo/CL_0002319,neural cell,http://purl.obolibrary.org/obo/CL_0000540,neuron
retinal ganglion cell B2,http://purl.obolibrary.org/obo/CL_0004121,true,http://purl.obolibrary.org/obo/CL_0002319,neural cell,http://purl.obolibrary.org/obo/CL_0000540,neuron
retinal ganglion cell C1,http://purl.obolibrary.org/obo/CL_0004124,true,http://purl.obolibrary.org/obo/CL_0002319,neural cell,http://purl.obolibrary.org/obo/CL_0000540,neuron
retinal ganglion cell C2 inner,http://purl.obolibrary.org/obo/CL_0004125,true,http://purl.obolibrary.org/obo/CL_0002319,neural cell,http://purl.obolibrary.org/obo/CL_0000540,neuron
retinal ganglion cell C2 outer,http://purl.obolibrary.org/obo/CL_0004126,true,http://purl.obolibrary.org/obo/CL_0002319,neural cell,http://purl.obolibrary.org/obo/CL_0000540,neuron
retinal ganglion cell A2 inner,http://purl.obolibrary.org/obo/CL_0004137,true,http://purl.obolibrary.org/obo/CL_0002319,neural cell,http://purl.obolibrary.org/obo/CL_0000540,neuron
retinal ganglion cell A2,http://purl.obolibrary.org/obo/CL_0004138,true,http://purl.obolibrary.org/obo/CL_0002319,neural cell,http://purl.obolibrary.org/obo/CL_0000540,neuron
retinal ganglion cell A2 outer,http://purl.obolibrary.org/obo/CL_0004139,true,http://purl.obolibrary.org/obo/CL_0002319,neural cell,http://purl.obolibrary.org/obo/CL_0000540,neuron
510 nm-cone,http://purl.obolibrary.org/obo/CL_0004161,true,http://purl.obolibrary.org/obo/CL_0002319,neural cell,http://purl.obolibrary.org/obo/CL_0000540,neuron
360 nm-cone,http://purl.obolibrary.org/obo/CL_0004162,true,http://purl.obolibrary.org/obo/CL_0002319,neural cell,http://purl.obolibrary.org/obo/CL_0000540,neuron
retinal ganglion cell B3,http://purl.obolibrary.org/obo/CL_0004183,true,http://purl.obolibrary.org/obo/CL_0002319,neural cell,http://purl.obolibrary.org/obo/CL_0000540,neuron
type 3a cone bipolar cell,http://purl.obolibrary.org/obo/CL_0004213,true,http://purl.obolibrary.org/obo/CL_0002319,neural cell,http://purl.obolibrary.org/obo/CL_0000540,neuron
type 3b cone bipolar cell,http://purl.obolibrary.org/obo/CL_0004214,true,http://purl.obolibrary.org/obo/CL_0002319,neural cell,http://purl.obolibrary.org/obo/CL_0000540,neuron
type 5a cone bipolar cell,http://purl.obolibrary.org/obo/CL_0004215,true,http://purl.obolibrary.org/obo/CL_0002319,neural cell,http://purl.obolibrary.org/obo/CL_0000540,neuron
type 5b cone bipolar cell,http://purl.obolibrary.org/obo/CL_0004216,true,http://purl.obolibrary.org/obo/CL_0002319,neural cell,http://purl.obolibrary.org/obo/CL_0000540,neuron
H1 horizontal cell,http://purl.obolibrary.org/obo/CL_0004217,true,http://purl.obolibrary.org/obo/CL_0002319,neural cell,http://purl.obolibrary.org/obo/CL_0000540,neuron
H2 horizontal cell,http://purl.obolibrary.org/obo/CL_0004218,true,http://purl.obolibrary.org/obo/CL_0002319,neural cell,http://purl.obolibrary.org/obo/CL_0000540,neuron
A2 amacrine cell,http://purl.obolibrary.org/obo/CL_0004219,true,http://purl.obolibrary.org/obo/CL_0002319,neural cell,http://purl.obolibrary.org/obo/CL_0000540,neuron
flag amacrine cell,http://purl.obolibrary.org/obo/CL_0004220,true,http://purl.obolibrary.org/obo/CL_0002319,neural cell,http://purl.obolibrary.org/obo/CL_0000540,neuron
flag A amacrine cell,http://purl.obolibrary.org/obo/CL_0004221,true,http://purl.obolibrary.org/obo/CL_0002319,neural cell,http://purl.obolibrary.org/obo/CL_0000540,neuron
flag B amacrine cell,http://purl.obolibrary.org/obo/CL_0004222,true,http://purl.obolibrary.org/obo/CL_0002319,neural cell,http://purl.obolibrary.org/obo/CL_0000540,neuron
AB diffuse-1 amacrine cell,http://purl.obolibrary.org/obo/CL_0004223,true,http://purl.obolibrary.org/obo/CL_0002319,neural cell,http://purl.obolibrary.org/obo/CL_0000540,neuron
AB diffuse-2 amacrine cell,http://purl.obolibrary.org/obo/CL_0004224,true,http://purl.obolibrary.org/obo/CL_0002319,neural cell,http://purl.obolibrary.org/obo/CL_0000540,neuron
spider amacrine cell,http://purl.obolibrary.org/obo/CL_0004225,true,http://purl.obolibrary.org/obo/CL_0002319,neural cell,http://purl.obolibrary.org/obo/CL_0000540,neuron
monostratified amacrine cell,http://purl.obolibrary.org/obo/CL_0004226,true,http://purl.obolibrary.org/obo/CL_0002319,neural cell,http://purl.obolibrary.org/obo/CL_0000540,neuron
flat bistratified amacrine cell,http://purl.obolibrary.org/obo/CL_0004227,true,http://purl.obolibrary.org/obo/CL_0002319,neural cell,http://purl.obolibrary.org/obo/CL_0000540,neuron
broad diffuse amacrine cell,http://purl.obolibrary.org/obo/CL_0004228,true,http://purl.obolibrary.org/obo/CL_0002319,neural cell,http://purl.obolibrary.org/obo/CL_0000540,neuron
A2-like amacrine cell,http://purl.obolibrary.org/obo/CL_0004229,true,http://purl.obolibrary.org/obo/CL_0002319,neural cell,http://purl.obolibrary.org/obo/CL_0000540,neuron
diffuse bistratified amacrine cell,http://purl.obolibrary.org/obo/CL_0004230,true,http://purl.obolibrary.org/obo/CL_0002319,neural cell,http://purl.obolibrary.org/obo/CL_0000540,neuron
recurving diffuse amacrine cell,http://purl.obolibrary.org/obo/CL_0004231,true,http://purl.obolibrary.org/obo/CL_0002319,neural cell,http://purl.obolibrary.org/obo/CL_0000540,neuron
starburst amacrine cell,http://purl.obolibrary.org/obo/CL_0004232,true,http://purl.obolibrary.org/obo/CL_0002319,neural cell,http://purl.obolibrary.org/obo/CL_0000540,neuron
DAPI-3 amacrine cell,http://purl.obolibrary.org/obo/CL_0004233,true,http://purl.obolibrary.org/obo/CL_0002319,neural cell,http://purl.obolibrary.org/obo/CL_0000540,neuron
diffuse multistratified amacrine cell,http://purl.obolibrary.org/obo/CL_0004234,true,http://purl.obolibrary.org/obo/CL_0002319,neural cell,http://purl.obolibrary.org/obo/CL_0000540,neuron
AB broad diffuse-1 amacrine cell,http://purl.obolibrary.org/obo/CL_0004235,true,http://purl.obolibrary.org/obo/CL_0002319,neural cell,http://purl.obolibrary.org/obo/CL_0000540,neuron
AB broad diffuse-2 amacrine cell,http://purl.obolibrary.org/obo/CL_0004236,true,http://purl.obolibrary.org/obo/CL_0002319,neural cell,http://purl.obolibrary.org/obo/CL_0000540,neuron
fountain amacrine cell,http://purl.obolibrary.org/obo/CL_0004237,true,http://purl.obolibrary.org/obo/CL_0002319,neural cell,http://purl.obolibrary.org/obo/CL_0000540,neuron
asymmetric bistratified amacrine cell,http://purl.obolibrary.org/obo/CL_0004238,true,http://purl.obolibrary.org/obo/CL_0002319,neural cell,http://purl.obolibrary.org/obo/CL_0000540,neuron
wavy bistratified amacrine cell,http://purl.obolibrary.org/obo/CL_0004239,true,http://purl.obolibrary.org/obo/CL_0002319,neural cell,http://purl.obolibrary.org/obo/CL_0000540,neuron
WF1 amacrine cell,http://purl.obolibrary.org/obo/CL_0004240,true,http://purl.obolibrary.org/obo/CL_0002319,neural cell,http://purl.obolibrary.org/obo/CL_0000540,neuron
WF2 amacrine cell,http://purl.obolibrary.org/obo/CL_0004241,true,http://purl.obolibrary.org/obo/CL_0002319,neural cell,http://purl.obolibrary.org/obo/CL_0000540,neuron
WF3-1 amacrine cell,http://purl.obolibrary.org/obo/CL_0004242,true,http://purl.obolibrary.org/obo/CL_0002319,neural cell,http://purl.obolibrary.org/obo/CL_0000540,neuron
WF3-2 amacrine cell,http://purl.obolibrary.org/obo/CL_0004243,true,http://purl.obolibrary.org/obo/CL_0002319,neural cell,http://purl.obolibrary.org/obo/CL_0000540,neuron
WF4 amacrine cell,http://purl.obolibrary.org/obo/CL_0004244,true,http://purl.obolibrary.org/obo/CL_0002319,neural cell,http://purl.obolibrary.org/obo/CL_0000540,neuron
indoleamine-accumulating amacrine cell,http://purl.obolibrary.org/obo/CL_0004245,true,http://purl.obolibrary.org/obo/CL_0002319,neural cell,http://purl.obolibrary.org/obo/CL_0000540,neuron
monostratified cell,http://purl.obolibrary.org/obo/CL_0004246,true,http://purl.obolibrary.org/obo/CL_0002319,neural cell,http://purl.obolibrary.org/obo/CL_0000540,neuron
bistratified cell,http://purl.obolibrary.org/obo/CL_0004247,true,http://purl.obolibrary.org/obo/CL_0002319,neural cell,http://purl.obolibrary.org/obo/CL_0000540,neuron
bistratified retinal amacrine cell,http://purl.obolibrary.org/obo/CL_0004250,true,http://purl.obolibrary.org/obo/CL_0002319,neural cell,http://purl.obolibrary.org/obo/CL_0000540,neuron
narrow field retinal amacrine cell,http://purl.obolibrary.org/obo/CL_0004251,true,http://purl.obolibrary.org/obo/CL_0002319,neural cell,http://purl.obolibrary.org/obo/CL_0000540,neuron
medium field retinal amacrine cell,http://purl.obolibrary.org/obo/CL_0004252,true,http://purl.obolibrary.org/obo/CL_0002319,neural cell,http://purl.obolibrary.org/obo/CL_0000540,neuron
wide field retinal amacrine cell,http://purl.obolibrary.org/obo/CL_0004253,true,http://purl.obolibrary.org/obo/CL_0002319,neural cell,http://purl.obolibrary.org/obo/CL_0000540,neuron
spinal cord interneuron,http://purl.obolibrary.org/obo/CL_0005000,true,http://purl.obolibrary.org/obo/CL_0002319,neural cell,http://purl.obolibrary.org/obo/CL_0000540,neuron
ionocyte,http://purl.obolibrary.org/obo/CL_0005006,true,http://purl.obolibrary.org/obo/CL_0000066,epithelial cell,,
Kolmer-Agduhr neuron,http://purl.obolibrary.org/obo/CL_0005007,true,http://purl.obolibrary.org/obo/CL_0002319,neural cell,http://purl.obolibrary.org/obo/CL_0000540,neuron
macular hair cell,http://purl.obolibrary.org/obo/CL_0005008,true,http://purl.obolibrary.org/obo/CL_0002319,neural cell,http://purl.obolibrary.org/obo/CL_0000540,neuron
renal principal cell,http://purl.obolibrary.org/obo/CL_0005009,true,http://purl.obolibrary.org/obo/CL_0000066,epithelial cell,,
renal intercalated cell,http://purl.obolibrary.org/obo/CL_0005010,true,http://purl.obolibrary.org/obo/CL_0000066,epithelial cell,,
renal alpha-intercalated cell,http://purl.obolibrary.org/obo/CL_0005011,true,http://purl.obolibrary.org/obo/CL_0000066,epithelial cell,,
multiciliated epithelial cell,http://purl.obolibrary.org/obo/CL_0005012,true,http://purl.obolibrary.org/obo/CL_0000066,epithelial cell,,
single ciliated epithelial cell,http://purl.obolibrary.org/obo/CL_0005013,true,http://purl.obolibrary.org/obo/CL_0000066,epithelial cell,,
auditory epithelial supporting cell,http://purl.obolibrary.org/obo/CL_0005014,true,http://purl.obolibrary.org/obo/CL_0000066,epithelial cell,,
inner phalangeal cell,http://purl.obolibrary.org/obo/CL_0005015,true,http://purl.obolibrary.org/obo/CL_0000066,epithelial cell,,
pancreatic epsilon cell,http://purl.obolibrary.org/obo/CL_0005019,true,http://purl.obolibrary.org/obo/CL_0000066,epithelial cell,,
lymphangioblast,http://purl.obolibrary.org/obo/CL_0005020,true,http://purl.obolibrary.org/obo/CL_0000034,stem cell,,
mesenchymal lymphangioblast,http://purl.obolibrary.org/obo/CL_0005021,true,http://purl.obolibrary.org/obo/CL_0000034,stem cell,,
vascular lymphangioblast,http://purl.obolibrary.org/obo/CL_0005022,true,http://purl.obolibrary.org/obo/CL_0000034,stem cell,,
branchiomotor neuron,http://purl.obolibrary.org/obo/CL_0005023,true,http://purl.obolibrary.org/obo/CL_0002319,neural cell,http://purl.obolibrary.org/obo/CL_0000540,neuron
somatomotor neuron,http://purl.obolibrary.org/obo/CL_0005024,true,http://purl.obolibrary.org/obo/CL_0002319,neural cell,http://purl.obolibrary.org/obo/CL_0000540,neuron
visceromotor neuron,http://purl.obolibrary.org/obo/CL_0005025,true,http://purl.obolibrary.org/obo/CL_0002319,neural cell,http://purl.obolibrary.org/obo/CL_0000540,neuron
hepatoblast,http://purl.obolibrary.org/obo/CL_0005026,true,http://purl.obolibrary.org/obo/CL_0000034,stem cell,,
premigratory neural crest cell,http://purl.obolibrary.org/obo/CL_0007004,true,http://purl.obolibrary.org/obo/CL_0000034,stem cell,,
preosteoblast,http://purl.obolibrary.org/obo/CL_0007010,true,http://purl.obolibrary.org/obo/CL_0001035,bone cell,,
enteric neuron,http://purl.obolibrary.org/obo/CL_0007011,true,http://purl.obolibrary.org/obo/CL_0002319,neural cell,http://purl.obolibrary.org/obo/CL_0000540,neuron
non-terminally differentiated odontoblast,http://purl.obolibrary.org/obo/CL_0007012,true,http://purl.obolibrary.org/obo/CL_0000066,epithelial cell,,
terminally differentiated odontoblast,http://purl.obolibrary.org/obo/CL_0007013,true,http://purl.obolibrary.org/obo/CL_0000066,epithelial cell,,
non-striated muscle cell,http://purl.obolibrary.org/obo/CL_0008000,true,http://purl.obolibrary.org/obo/CL_0000187,muscle cell,,
hematopoietic precursor cell,http://purl.obolibrary.org/obo/CL_0008001,true,http://purl.obolibrary.org/obo/CL_0000988,hematopoietic cell,,
skeletal muscle fiber,http://purl.obolibrary.org/obo/CL_0008002,true,http://purl.obolibrary.org/obo/CL_0000187,muscle cell,,
somatic muscle myotube,http://purl.obolibrary.org/obo/CL_0008003,true,http://purl.obolibrary.org/obo/CL_0000187,muscle cell,,
somatic muscle cell,http://purl.obolibrary.org/obo/CL_0008004,true,http://purl.obolibrary.org/obo/CL_0000187,muscle cell,,
obliquely striated somatic muscle cell,http://purl.obolibrary.org/obo/CL_0008005,true,http://purl.obolibrary.org/obo/CL_0000187,muscle cell,,
visceral muscle cell,http://purl.obolibrary.org/obo/CL_0008007,true,http://purl.obolibrary.org/obo/CL_0000187,muscle cell,,
striated visceral muscle cell,http://purl.obolibrary.org/obo/CL_0008008,true,http://purl.obolibrary.org/obo/CL_0000187,muscle cell,,
transversely striated visceral muscle cell,http://purl.obolibrary.org/obo/CL_0008009,true,http://purl.obolibrary.org/obo/CL_0000187,muscle cell,,
cranial somatomotor neuron,http://purl.obolibrary.org/obo/CL_0008010,true,http://purl.obolibrary.org/obo/CL_0002319,neural cell,http://purl.obolibrary.org/obo/CL_0000540,neuron
skeletal muscle satellite stem cell,http://purl.obolibrary.org/obo/CL_0008011,true,http://purl.obolibrary.org/obo/CL_0000034,stem cell,,
cranial visceromotor neuron,http://purl.obolibrary.org/obo/CL_0008013,true,http://purl.obolibrary.org/obo/CL_0002319,neural cell,http://purl.obolibrary.org/obo/CL_0000540,neuron
inhibitory motor neuron,http://purl.obolibrary.org/obo/CL_0008015,true,http://purl.obolibrary.org/obo/CL_0002319,neural cell,http://purl.obolibrary.org/obo/CL_0000540,neuron
anterior lateral line ganglion neuron,http://purl.obolibrary.org/obo/CL_0008021,true,http://purl.obolibrary.org/obo/CL_0002319,neural cell,http://purl.obolibrary.org/obo/CL_0000540,neuron
endocardial cushion cell,http://purl.obolibrary.org/obo/CL_0008022,true,http://purl.obolibrary.org/obo/CL_0000034,stem cell,,
pancreatic endocrine cell,http://purl.obolibrary.org/obo/CL_0008024,true,http://purl.obolibrary.org/obo/CL_0000066,epithelial cell,,
noradrenergic neuron,http://purl.obolibrary.org/obo/CL_0008025,true,http://purl.obolibrary.org/obo/CL_0002319,neural cell,http://purl.obolibrary.org/obo/CL_0000540,neuron
open tracheal system tracheocyte,http://purl.obolibrary.org/obo/CL_0008026,true,http://purl.obolibrary.org/obo/CL_0000066,epithelial cell,,
rod bipolar cell (sensu Mus),http://purl.obolibrary.org/obo/CL_0008027,true,http://purl.obolibrary.org/obo/CL_0002319,neural cell,http://purl.obolibrary.org/obo/CL_0000540,neuron
visual system neuron,http://purl.obolibrary.org/obo/CL_0008028,true,http://purl.obolibrary.org/obo/CL_0002319,neural cell,http://purl.obolibrary.org/obo/CL_0000540,neuron
cortical interneuron,http://purl.obolibrary.org/obo/CL_0008031,true,http://purl.obolibrary.org/obo/CL_0002319,neural cell,http://purl.obolibrary.org/obo/CL_0000540,neuron
rosehip neuron,http://purl.obolibrary.org/obo/CL_0008032,true,http://purl.obolibrary.org/obo/CL_0002319,neural cell,http://purl.obolibrary.org/obo/CL_0000540,neuron
decidual pericyte,http://purl.obolibrary.org/obo/CL_0008033,true,http://purl.obolibrary.org/obo/CL_0000349,extraembryonic cell,,
microcirculation associated smooth muscle cell,http://purl.obolibrary.org/obo/CL_0008035,true,http://purl.obolibrary.org/obo/CL_0000187,muscle cell,,
extravillous trophoblast,http://purl.obolibrary.org/obo/CL_0008036,true,http://purl.obolibrary.org/obo/CL_0000349,extraembryonic cell,,
gamma motor neuron,http://purl.obolibrary.org/obo/CL_0008037,true,http://purl.obolibrary.org/obo/CL_0002319,neural cell,http://purl.obolibrary.org/obo/CL_0000540,neuron
alpha motor neuron,http://purl.obolibrary.org/obo/CL_0008038,true,http://purl.obolibrary.org/obo/CL_0002319,neural cell,http://purl.obolibrary.org/obo/CL_0000540,neuron
lower motor neuron,http://purl.obolibrary.org/obo/CL_0008039,true,http://purl.obolibrary.org/obo/CL_0002319,neural cell,http://purl.obolibrary.org/obo/CL_0000540,neuron
squamous endothelial cell of venule,http://purl.obolibrary.org/obo/CL_0008040,true,http://purl.obolibrary.org/obo/CL_0000115,endothelial cell,,
mesothelial cell of intestine,http://purl.obolibrary.org/obo/CL_0008041,true,http://purl.obolibrary.org/obo/CL_0000066,epithelial cell,,
tanycyte of subfornical organ,http://purl.obolibrary.org/obo/CL_0008042,true,http://purl.obolibrary.org/obo/CL_0002319,neural cell,http://purl.obolibrary.org/obo/CL_0000125,glial cell
tanycyte of area postrema,http://purl.obolibrary.org/obo/CL_0008044,true,http://purl.obolibrary.org/obo/CL_0002319,neural cell,http://purl.obolibrary.org/obo/CL_0000125,glial cell
tanycyte of subcommissural organ,http://purl.obolibrary.org/obo/CL_0008045,true,http://purl.obolibrary.org/obo/CL_0002319,neural cell,http://purl.obolibrary.org/obo/CL_0000125,glial cell
extrafusal muscle fiber,http://purl.obolibrary.org/obo/CL_0008046,true,http://purl.obolibrary.org/obo/CL_0000187,muscle cell,,
intrafusal muscle fiber,http://purl.obolibrary.org/obo/CL_0008047,true,http://purl.obolibrary.org/obo/CL_0002319,neural cell,,
upper motor neuron,http://purl.obolibrary.org/obo/CL_0008048,true,http://purl.obolibrary.org/obo/CL_0002319,neural cell,http://purl.obolibrary.org/obo/CL_0000540,neuron
Betz cell,http://purl.obolibrary.org/obo/CL_0008049,true,http://purl.obolibrary.org/obo/CL_0002319,neural cell,http://purl.obolibrary.org/obo/CL_0000540,neuron
circumventricular organ capillary endothelial cell,http://purl.obolibrary.org/obo/CL_0008053,true,http://purl.obolibrary.org/obo/CL_0000115,endothelial cell,,
respiratory tract secretory epithelial cell,http://purl.obolibrary.org/obo/CL_0008055,true,http://purl.obolibrary.org/obo/CL_0000066,epithelial cell,,
sensory neuron of spinal nerve,http://purl.obolibrary.org/obo/CL_0009000,true,http://purl.obolibrary.org/obo/CL_0002319,neural cell,http://purl.obolibrary.org/obo/CL_0000540,neuron
compound eye retinal cell,http://purl.obolibrary.org/obo/CL_0009001,true,http://purl.obolibrary.org/obo/CL_0002319,neural cell,,
retinal cell,http://purl.obolibrary.org/obo/CL_0009004,true,http://purl.obolibrary.org/obo/CL_0002319,neural cell,,
enteroendocrine cell of small intestine,http://purl.obolibrary.org/obo/CL_0009006,true,http://purl.obolibrary.org/obo/CL_0000066,epithelial cell,,
gastrointestinal tract (lamina propria) macrophage of small intestine,http://purl.obolibrary.org/obo/CL_0009007,true,http://purl.obolibrary.org/obo/CL_0000988,hematopoietic cell,http://purl.obolibrary.org/obo/CL_0000235,macrophage
gastrointestinal tract (lamina propria) macrophage of large intestine,http://purl.obolibrary.org/obo/CL_0009008,true,http://purl.obolibrary.org/obo/CL_0000988,hematopoietic cell,http://purl.obolibrary.org/obo/CL_0000235,macrophage
paneth cell of colon,http://purl.obolibrary.org/obo/CL_0009009,true,http://purl.obolibrary.org/obo/CL_0000066,epithelial cell,,
transit amplifying cell of colon,http://purl.obolibrary.org/obo/CL_0009011,true,http://purl.obolibrary.org/obo/CL_0000066,epithelial cell,,
transit amplifying cell of small intestine,http://purl.obolibrary.org/obo/CL_0009012,true,http://purl.obolibrary.org/obo/CL_0000066,epithelial cell,,
Peyer's patch lymphocyte,http://purl.obolibrary.org/obo/CL_0009014,true,http://purl.obolibrary.org/obo/CL_0000988,hematopoietic cell,,
Peyer's patch follicular dendritic cell,http://purl.obolibrary.org/obo/CL_0009015,true,http://purl.obolibrary.org/obo/CL_0000988,hematopoietic cell,http://purl.obolibrary.org/obo/CL_0000451,dendritic cell
intestinal crypt stem cell of large intestine,http://purl.obolibrary.org/obo/CL_0009016,true,http://purl.obolibrary.org/obo/CL_0000034,stem cell,,
intestinal crypt stem cell of small intestine,http://purl.obolibrary.org/obo/CL_0009017,true,http://purl.obolibrary.org/obo/CL_0000034,stem cell,,
lymphocyte of large intestine lamina propria,http://purl.obolibrary.org/obo/CL_0009018,true,http://purl.obolibrary.org/obo/CL_0000988,hematopoietic cell,,
tuft cell of appendix,http://purl.obolibrary.org/obo/CL_0009020,true,http://purl.obolibrary.org/obo/CL_0000066,epithelial cell,,
stromal cell of lamina propria of large intestine,http://purl.obolibrary.org/obo/CL_0009021,true,http://purl.obolibrary.org/obo/CL_0002320,connective tissue cell,http://purl.obolibrary.org/obo/CL_0000499,stromal cell
stromal cell of lamina propria of small intestine,http://purl.obolibrary.org/obo/CL_0009022,true,http://purl.obolibrary.org/obo/CL_0002320,connective tissue cell,http://purl.obolibrary.org/obo/CL_0000499,stromal cell
small intestine Peyer's patch T cell,http://purl.obolibrary.org/obo/CL_0009023,true,http://purl.obolibrary.org/obo/CL_0000988,hematopoietic cell,http://purl.obolibrary.org/obo/CL_0000084,T cell
mesothelial cell of small intestine,http://purl.obolibrary.org/obo/CL_0009024,true,http://purl.obolibrary.org/obo/CL_0000066,epithelial cell,,
mesothelial cell of colon,http://purl.obolibrary.org/obo/CL_0009025,true,http://purl.obolibrary.org/obo/CL_0000066,epithelial cell,,
enterocyte of appendix,http://purl.obolibrary.org/obo/CL_0009026,true,http://purl.obolibrary.org/obo/CL_0000066,epithelial cell,,
transit amplifying cell of appendix,http://purl.obolibrary.org/obo/CL_0009027,true,http://purl.obolibrary.org/obo/CL_0000066,epithelial cell,,
intestinal crypt stem cell of appendix,http://purl.obolibrary.org/obo/CL_0009028,true,http://purl.obolibrary.org/obo/CL_0000034,stem cell,,
mesothelial cell of appendix,http://purl.obolibrary.org/obo/CL_0009029,true,http://purl.obolibrary.org/obo/CL_0000066,epithelial cell,,
enteroendocrine cell of appendix,http://purl.obolibrary.org/obo/CL_0009030,true,http://purl.obolibrary.org/obo/CL_0000066,epithelial cell,,
T cell of appendix,http://purl.obolibrary.org/obo/CL_0009031,true,http://purl.obolibrary.org/obo/CL_0000988,hematopoietic cell,http://purl.obolibrary.org/obo/CL_0000084,T cell
B cell of appendix,http://purl.obolibrary.org/obo/CL_0009032,true,http://purl.obolibrary.org/obo/CL_0000988,hematopoietic cell,http://purl.obolibrary.org/obo/CL_0000236,B cell
plasma cell of appendix,http://purl.obolibrary.org/obo/CL_0009033,true,http://purl.obolibrary.org/obo/CL_0000988,hematopoietic cell,,
dendritic cell of appendix,http://purl.obolibrary.org/obo/CL_0009034,true,http://purl.obolibrary.org/obo/CL_0000988,hematopoietic cell,http://purl.obolibrary.org/obo/CL_0000451,dendritic cell
stromal cell of lamina propria of vermiform appendix,http://purl.obolibrary.org/obo/CL_0009035,true,http://purl.obolibrary.org/obo/CL_0002320,connective tissue cell,http://purl.obolibrary.org/obo/CL_0000499,stromal cell
appendix macrophage,http://purl.obolibrary.org/obo/CL_0009036,true,http://purl.obolibrary.org/obo/CL_0000988,hematopoietic cell,http://purl.obolibrary.org/obo/CL_0000235,macrophage
lymph node mantle zone B cell,http://purl.obolibrary.org/obo/CL_0009037,true,http://purl.obolibrary.org/obo/CL_0000988,hematopoietic cell,http://purl.obolibrary.org/obo/CL_0000236,B cell
colon macrophage,http://purl.obolibrary.org/obo/CL_0009038,true,http://purl.obolibrary.org/obo/CL_0000988,hematopoietic cell,http://purl.obolibrary.org/obo/CL_0000235,macrophage
colon goblet cell,http://purl.obolibrary.org/obo/CL_0009039,true,http://purl.obolibrary.org/obo/CL_0000066,epithelial cell,,
stromal cell of lamina propria of colon,http://purl.obolibrary.org/obo/CL_0009040,true,http://purl.obolibrary.org/obo/CL_0002320,connective tissue cell,http://purl.obolibrary.org/obo/CL_0000499,stromal cell
tuft cell of colon,http://purl.obolibrary.org/obo/CL_0009041,true,http://purl.obolibrary.org/obo/CL_0000066,epithelial cell,,
enteroendocrine cell of colon,http://purl.obolibrary.org/obo/CL_0009042,true,http://purl.obolibrary.org/obo/CL_0000066,epithelial cell,,
intestinal crypt stem cell of colon,http://purl.obolibrary.org/obo/CL_0009043,true,http://purl.obolibrary.org/obo/CL_0000034,stem cell,,
lymphocyte of small intestine lamina propria,http://purl.obolibrary.org/obo/CL_0009044,true,http://purl.obolibrary.org/obo/CL_0000988,hematopoietic cell,,
B cell of medullary sinus of lymph node,http://purl.obolibrary.org/obo/CL_0009045,true,http://purl.obolibrary.org/obo/CL_0000988,hematopoietic cell,http://purl.obolibrary.org/obo/CL_0000236,B cell
T cell of medullary sinus of lymph node,http://purl.obolibrary.org/obo/CL_0009046,true,http://purl.obolibrary.org/obo/CL_0000988,hematopoietic cell,http://purl.obolibrary.org/obo/CL_0000084,T cell
macrophage of medullary sinus of lymph node,http://purl.obolibrary.org/obo/CL_0009047,true,http://purl.obolibrary.org/obo/CL_0000988,hematopoietic cell,http://purl.obolibrary.org/obo/CL_0000235,macrophage
anorectum macrophage,http://purl.obolibrary.org/obo/CL_0009048,true,http://purl.obolibrary.org/obo/CL_0000988,hematopoietic cell,http://purl.obolibrary.org/obo/CL_0000235,macrophage
smooth muscle cell of high endothelial venule of lymph node,http://purl.obolibrary.org/obo/CL_0009049,true,http://purl.obolibrary.org/obo/CL_0000187,muscle cell,,
B cell of anorectum,http://purl.obolibrary.org/obo/CL_0009050,true,http://purl.obolibrary.org/obo/CL_0000988,hematopoietic cell,http://purl.obolibrary.org/obo/CL_0000236,B cell
T cell of anorectum,http://purl.obolibrary.org/obo/CL_0009051,true,http://purl.obolibrary.org/obo/CL_0000988,hematopoietic cell,http://purl.obolibrary.org/obo/CL_0000084,T cell
smooth muscle cell of anorectum,http://purl.obolibrary.org/obo/CL_0009052,true,http://purl.obolibrary.org/obo/CL_0000187,muscle cell,,
stromal cell of anorectum lamina propria,http://purl.obolibrary.org/obo/CL_0009053,true,http://purl.obolibrary.org/obo/CL_0002320,connective tissue cell,http://purl.obolibrary.org/obo/CL_0000499,stromal cell
microfold cell of epithelium proper of anorectum,http://purl.obolibrary.org/obo/CL_0009054,true,http://purl.obolibrary.org/obo/CL_0000066,epithelial cell,,
paneth cell of anorectum,http://purl.obolibrary.org/obo/CL_0009055,true,http://purl.obolibrary.org/obo/CL_0000066,epithelial cell,,
transit amplifying cell of anorectum,http://purl.obolibrary.org/obo/CL_0009056,true,http://purl.obolibrary.org/obo/CL_0000066,epithelial cell,,
anorectum goblet cell,http://purl.obolibrary.org/obo/CL_0009057,true,http://purl.obolibrary.org/obo/CL_0000066,epithelial cell,,
enterocyte of anorectum,http://purl.obolibrary.org/obo/CL_0009058,true,http://purl.obolibrary.org/obo/CL_0000066,epithelial cell,,
plasma cell of medullary sinus of lymph node,http://purl.obolibrary.org/obo/CL_0009059,true,http://purl.obolibrary.org/obo/CL_0000988,hematopoietic cell,,
marginal zone B cell of lymph node,http://purl.obolibrary.org/obo/CL_0009060,true,http://purl.obolibrary.org/obo/CL_0000988,hematopoietic cell,http://purl.obolibrary.org/obo/CL_0000236,B cell
intestinal crypt stem cell of anorectum,http://purl.obolibrary.org/obo/CL_0009061,true,http://purl.obolibrary.org/obo/CL_0000034,stem cell,,
germinal center T cell,http://purl.obolibrary.org/obo/CL_0009062,true,http://purl.obolibrary.org/obo/CL_0000988,hematopoietic cell,http://purl.obolibrary.org/obo/CL_0000084,T cell
enteroendocrine cell of anorectum,http://purl.obolibrary.org/obo/CL_0009063,true,http://purl.obolibrary.org/obo/CL_0000066,epithelial cell,,
lymph node paracortex T cell,http://purl.obolibrary.org/obo/CL_0009064,true,http://purl.obolibrary.org/obo/CL_0000988,hematopoietic cell,http://purl.obolibrary.org/obo/CL_0000084,T cell
tuft cell of anorectum,http://purl.obolibrary.org/obo/CL_0009065,true,http://purl.obolibrary.org/obo/CL_0000066,epithelial cell,,
stratified squamous epithelial cell of anal canal,http://purl.obolibrary.org/obo/CL_0009066,true,http://purl.obolibrary.org/obo/CL_0000066,epithelial cell,,
vacuolated fetal-type enterocyte,http://purl.obolibrary.org/obo/CL_0009067,true,http://purl.obolibrary.org/obo/CL_0000066,epithelial cell,,
CD8aa(I) thymocyte,http://purl.obolibrary.org/obo/CL_0009068,true,http://purl.obolibrary.org/obo/CL_0000988,hematopoietic cell,http://purl.obolibrary.org/obo/CL_0000084,T cell
CD8aa(II) thymocyte,http://purl.obolibrary.org/obo/CL_0009069,true,http://purl.obolibrary.org/obo/CL_0000988,hematopoietic cell,http://purl.obolibrary.org/obo/CL_0000084,T cell
corticomedullary thymic epithelial cell,http://purl.obolibrary.org/obo/CL_0009070,true,http://purl.obolibrary.org/obo/CL_0000066,epithelial cell,,
medullary thymic epithelial cell type 1,http://purl.obolibrary.org/obo/CL_0009071,true,http://purl.obolibrary.org/obo/CL_0000066,epithelial cell,,
medullary thymic epithelial cell type 2,http://purl.obolibrary.org/obo/CL_0009072,true,http://purl.obolibrary.org/obo/CL_0000066,epithelial cell,,
medullary thymic epithelial cell type 3,http://purl.obolibrary.org/obo/CL_0009073,true,http://purl.obolibrary.org/obo/CL_0000066,epithelial cell,,
medullary thymic epithelial cell type 4,http://purl.obolibrary.org/obo/CL_0009074,true,http://purl.obolibrary.org/obo/CL_0000066,epithelial cell,,
myo-medullary thymic epithelial cell,http://purl.obolibrary.org/obo/CL_0009075,true,http://purl.obolibrary.org/obo/CL_0000066,epithelial cell,,
neuro-medullary thymic epithelial cell,http://purl.obolibrary.org/obo/CL_0009076,true,http://purl.obolibrary.org/obo/CL_0000066,epithelial cell,,
subcapsular thymic epithelial cell,http://purl.obolibrary.org/obo/CL_0009077,true,http://purl.obolibrary.org/obo/CL_0000066,epithelial cell,,
thymic fibroblast type 1,http://purl.obolibrary.org/obo/CL_0009078,true,http://purl.obolibrary.org/obo/CL_0002320,connective tissue cell,http://purl.obolibrary.org/obo/CL_0000499,stromal cell
thymic fibroblast type 2,http://purl.obolibrary.org/obo/CL_0009079,true,http://purl.obolibrary.org/obo/CL_0002320,connective tissue cell,http://purl.obolibrary.org/obo/CL_0000499,stromal cell
tuft cell of small intestine,http://purl.obolibrary.org/obo/CL_0009080,true,http://purl.obolibrary.org/obo/CL_0000066,epithelial cell,,
specified double negative thymocyte (Homo sapiens),http://purl.obolibrary.org/obo/CL_0009081,true,http://purl.obolibrary.org/obo/CL_0000988,hematopoietic cell,http://purl.obolibrary.org/obo/CL_0000084,T cell
committed double negative thymocyte (Homo sapiens),http://purl.obolibrary.org/obo/CL_0009082,true,http://purl.obolibrary.org/obo/CL_0000988,hematopoietic cell,http://purl.obolibrary.org/obo/CL_0000084,T cell
rearranging double negative thymocyte (Homo sapiens),http://purl.obolibrary.org/obo/CL_0009083,true,http://purl.obolibrary.org/obo/CL_0000988,hematopoietic cell,http://purl.obolibrary.org/obo/CL_0000084,T cell
glandular epithelial cell of endometrium,http://purl.obolibrary.org/obo/CL_0009084,true,http://purl.obolibrary.org/obo/CL_0000066,epithelial cell,,
colony forming unit ��� Hill cell,http://purl.obolibrary.org/obo/CL_0009085,true,http://purl.obolibrary.org/obo/CL_0000034,stem cell,,
endothelial cell of respiratory system lymphatic vessel,http://purl.obolibrary.org/obo/CL_0009086,true,http://purl.obolibrary.org/obo/CL_0000115,endothelial cell,,
fused extravillous trophoblast,http://purl.obolibrary.org/obo/CL_0009087,true,http://purl.obolibrary.org/obo/CL_0000349,extraembryonic cell,,
circulating angiogenic cell,http://purl.obolibrary.org/obo/CL_0009088,true,http://purl.obolibrary.org/obo/CL_0000034,stem cell,,
lung pericyte,http://purl.obolibrary.org/obo/CL_0009089,true,http://purl.obolibrary.org/obo/CL_0002320,connective tissue cell,,
endothelial colony forming cell,http://purl.obolibrary.org/obo/CL_0009090,true,http://purl.obolibrary.org/obo/CL_0000034,stem cell,,
Leydig stem cell,http://purl.obolibrary.org/obo/CL_0009091,true,http://purl.obolibrary.org/obo/CL_0000034,stem cell,,
endothelial cell of placenta,http://purl.obolibrary.org/obo/CL_0009092,true,http://purl.obolibrary.org/obo/CL_0000115,endothelial cell,,
smooth muscle cell of placenta,http://purl.obolibrary.org/obo/CL_0009093,true,http://purl.obolibrary.org/obo/CL_0000187,muscle cell,,
endothelial cell of hepatic portal vein,http://purl.obolibrary.org/obo/CL_0009094,true,http://purl.obolibrary.org/obo/CL_0000115,endothelial cell,,
endothelial cell of uterus,http://purl.obolibrary.org/obo/CL_0009095,true,http://purl.obolibrary.org/obo/CL_0000115,endothelial cell,,
esophagus non-keratinized squamous epithelial cell,http://purl.obolibrary.org/obo/CL_0009096,true,http://purl.obolibrary.org/obo/CL_0000066,epithelial cell,,
embryonic skeletal muscle fiber,http://purl.obolibrary.org/obo/CL_0009097,true,http://purl.obolibrary.org/obo/CL_0000187,muscle cell,,
fetal and neonatal skeletal muscle fiber,http://purl.obolibrary.org/obo/CL_0009098,true,http://purl.obolibrary.org/obo/CL_0000187,muscle cell,,
hepatic portal fibroblast,http://purl.obolibrary.org/obo/CL_0009100,true,http://purl.obolibrary.org/obo/CL_0002320,connective tissue cell,http://purl.obolibrary.org/obo/CL_0000499,stromal cell
fibroblastic reticular cell,http://purl.obolibrary.org/obo/CL_0009101,true,http://purl.obolibrary.org/obo/CL_0002320,connective tissue cell,http://purl.obolibrary.org/obo/CL_0000499,stromal cell
lymph node fibroblastic reticular cell,http://purl.obolibrary.org/obo/CL_0009102,true,http://purl.obolibrary.org/obo/CL_0002320,connective tissue cell,http://purl.obolibrary.org/obo/CL_0000499,stromal cell
lymph node marginal reticular cell,http://purl.obolibrary.org/obo/CL_0009103,true,http://purl.obolibrary.org/obo/CL_0002320,connective tissue cell,http://purl.obolibrary.org/obo/CL_0000499,stromal cell
B cell zone reticular cell,http://purl.obolibrary.org/obo/CL_0009104,true,http://purl.obolibrary.org/obo/CL_0002320,connective tissue cell,http://purl.obolibrary.org/obo/CL_0000499,stromal cell
T cell zone reticular cell,http://purl.obolibrary.org/obo/CL_0009105,true,http://purl.obolibrary.org/obo/CL_0002320,connective tissue cell,http://purl.obolibrary.org/obo/CL_0000499,stromal cell
medullary reticular cell,http://purl.obolibrary.org/obo/CL_0009106,true,http://purl.obolibrary.org/obo/CL_0002320,connective tissue cell,http://purl.obolibrary.org/obo/CL_0000499,stromal cell
lymphatic endothelial cell of subcapsular sinus ceiling,http://purl.obolibrary.org/obo/CL_0009107,true,http://purl.obolibrary.org/obo/CL_0000115,endothelial cell,,
lymphatic endothelial cell of subcapsular sinus floor,http://purl.obolibrary.org/obo/CL_0009108,true,http://purl.obolibrary.org/obo/CL_0000115,endothelial cell,,
lymphatic endothelial cell of trabecula,http://purl.obolibrary.org/obo/CL_0009109,true,http://purl.obolibrary.org/obo/CL_0000115,endothelial cell,,
lymphatic endothelial cell of medulla ceiling,http://purl.obolibrary.org/obo/CL_0009110,true,http://purl.obolibrary.org/obo/CL_0000115,endothelial cell,,
centrocyte,http://purl.obolibrary.org/obo/CL_0009111,true,http://purl.obolibrary.org/obo/CL_0000988,hematopoietic cell,http://purl.obolibrary.org/obo/CL_0000236,B cell
centroblast,http://purl.obolibrary.org/obo/CL_0009112,true,http://purl.obolibrary.org/obo/CL_0000988,hematopoietic cell,http://purl.obolibrary.org/obo/CL_0000236,B cell
T follicular regulatory cell,http://purl.obolibrary.org/obo/CL_0009113,true,http://purl.obolibrary.org/obo/CL_0000988,hematopoietic cell,http://purl.obolibrary.org/obo/CL_0000084,T cell
monocytoid B cell,http://purl.obolibrary.org/obo/CL_0009114,true,http://purl.obolibrary.org/obo/CL_0000988,hematopoietic cell,http://purl.obolibrary.org/obo/CL_0000236,B cell
lymph node lymphatic vessel endothelial cell,http://purl.obolibrary.org/obo/CL_0009115,true,http://purl.obolibrary.org/obo/CL_0000115,endothelial cell,,
keratinized cell of hair follicle,http://purl.obolibrary.org/obo/CL_0010000,true,http://purl.obolibrary.org/obo/CL_0000066,epithelial cell,,
stromal cell of bone marrow,http://purl.obolibrary.org/obo/CL_0010001,true,http://purl.obolibrary.org/obo/CL_0002320,connective tissue cell,http://purl.obolibrary.org/obo/CL_0000499,stromal cell
epithelial cell of umbilical artery,http://purl.obolibrary.org/obo/CL_0010002,true,http://purl.obolibrary.org/obo/CL_0000066,epithelial cell,,
mononuclear cell of bone marrow,http://purl.obolibrary.org/obo/CL_0010004,true,http://purl.obolibrary.org/obo/CL_0000988,hematopoietic cell,,
cardiac blood vessel endothelial cell,http://purl.obolibrary.org/obo/CL_0010006,true,http://purl.obolibrary.org/obo/CL_0000115,endothelial cell,,
cardiac endothelial cell,http://purl.obolibrary.org/obo/CL_0010008,true,http://purl.obolibrary.org/obo/CL_0000115,endothelial cell,,
camera-type eye photoreceptor cell,http://purl.obolibrary.org/obo/CL_0010009,true,http://purl.obolibrary.org/obo/CL_0002319,neural cell,http://purl.obolibrary.org/obo/CL_0000540,neuron
cerebellar stellate cell,http://purl.obolibrary.org/obo/CL_0010010,true,http://purl.obolibrary.org/obo/CL_0002319,neural cell,http://purl.obolibrary.org/obo/CL_0000540,neuron
cerebral cortex GABAergic interneuron,http://purl.obolibrary.org/obo/CL_0010011,true,http://purl.obolibrary.org/obo/CL_0002319,neural cell,http://purl.obolibrary.org/obo/CL_0000540,neuron
cerebral cortex neuron,http://purl.obolibrary.org/obo/CL_0010012,true,http://purl.obolibrary.org/obo/CL_0002319,neural cell,http://purl.obolibrary.org/obo/CL_0000540,neuron
type I pinealocyte,http://purl.obolibrary.org/obo/CL_0010013,true,http://purl.obolibrary.org/obo/CL_0002319,neural cell,,
type II pinealocyte,http://purl.obolibrary.org/obo/CL_0010014,true,http://purl.obolibrary.org/obo/CL_0002319,neural cell,,
coronet cell,http://purl.obolibrary.org/obo/CL_0010015,true,http://purl.obolibrary.org/obo/CL_0000066,epithelial cell,,
cardiac glial cell,http://purl.obolibrary.org/obo/CL_0010020,true,http://purl.obolibrary.org/obo/CL_0002319,neural cell,http://purl.obolibrary.org/obo/CL_0000125,glial cell
cardiac neuron,http://purl.obolibrary.org/obo/CL_0010022,true,http://purl.obolibrary.org/obo/CL_0002319,neural cell,http://purl.obolibrary.org/obo/CL_0000540,neuron
dorsal horn interneuron,http://purl.obolibrary.org/obo/CL_0011000,true,http://purl.obolibrary.org/obo/CL_0002319,neural cell,http://purl.obolibrary.org/obo/CL_0000540,neuron
spinal cord motor neuron,http://purl.obolibrary.org/obo/CL_0011001,true,http://purl.obolibrary.org/obo/CL_0002319,neural cell,http://purl.obolibrary.org/obo/CL_0000540,neuron
lateral motor column neuron,http://purl.obolibrary.org/obo/CL_0011002,true,http://purl.obolibrary.org/obo/CL_0002319,neural cell,http://purl.obolibrary.org/obo/CL_0000540,neuron
magnocellular neurosecretory cell,http://purl.obolibrary.org/obo/CL_0011003,true,http://purl.obolibrary.org/obo/CL_0002319,neural cell,http://purl.obolibrary.org/obo/CL_0000540,neuron
lens fiber cell,http://purl.obolibrary.org/obo/CL_0011004,true,http://purl.obolibrary.org/obo/CL_0000066,epithelial cell,,
GABAergic interneuron,http://purl.obolibrary.org/obo/CL_0011005,true,http://purl.obolibrary.org/obo/CL_0002319,neural cell,http://purl.obolibrary.org/obo/CL_0000540,neuron
Lugaro cell,http://purl.obolibrary.org/obo/CL_0011006,true,http://purl.obolibrary.org/obo/CL_0002319,neural cell,http://purl.obolibrary.org/obo/CL_0000540,neuron
embryonic hemocyte,http://purl.obolibrary.org/obo/CL_0011008,true,http://purl.obolibrary.org/obo/CL_0000988,hematopoietic cell,http://purl.obolibrary.org/obo/CL_0000081,blood cell
embryonic plasmatocyte,http://purl.obolibrary.org/obo/CL_0011009,true,http://purl.obolibrary.org/obo/CL_0000988,hematopoietic cell,http://purl.obolibrary.org/obo/CL_0000081,blood cell
neural crest cell,http://purl.obolibrary.org/obo/CL_0011012,true,http://purl.obolibrary.org/obo/CL_0000034,stem cell,,
motile sperm cell,http://purl.obolibrary.org/obo/CL_0011013,true,http://purl.obolibrary.org/obo/CL_0000039,germ line cell,,
non-motile sperm cell,http://purl.obolibrary.org/obo/CL_0011014,true,http://purl.obolibrary.org/obo/CL_0000039,germ line cell,,
amoeboid sperm cell,http://purl.obolibrary.org/obo/CL_0011015,true,http://purl.obolibrary.org/obo/CL_0000039,germ line cell,,
flagellated sperm cell,http://purl.obolibrary.org/obo/CL_0011016,true,http://purl.obolibrary.org/obo/CL_0000039,germ line cell,,
vagal neural crest cell,http://purl.obolibrary.org/obo/CL_0011017,true,http://purl.obolibrary.org/obo/CL_0000034,stem cell,,
lymphoid tissue���inducer cell,http://purl.obolibrary.org/obo/CL_0011018,true,http://purl.obolibrary.org/obo/CL_0000988,hematopoietic cell,,
mesothelial cell of epicardium,http://purl.obolibrary.org/obo/CL_0011019,true,http://purl.obolibrary.org/obo/CL_0000066,epithelial cell,,
fibroblast of upper back skin,http://purl.obolibrary.org/obo/CL_0011021,true,http://purl.obolibrary.org/obo/CL_0002320,connective tissue cell,http://purl.obolibrary.org/obo/CL_0000499,stromal cell
fibroblast of skin of back,http://purl.obolibrary.org/obo/CL_0011022,true,http://purl.obolibrary.org/obo/CL_0002320,connective tissue cell,http://purl.obolibrary.org/obo/CL_0000499,stromal cell
double negative T regulatory cell,http://purl.obolibrary.org/obo/CL_0011024,true,http://purl.obolibrary.org/obo/CL_0000988,hematopoietic cell,http://purl.obolibrary.org/obo/CL_0000084,T cell
exhausted T cell,http://purl.obolibrary.org/obo/CL_0011025,true,http://purl.obolibrary.org/obo/CL_0000988,hematopoietic cell,http://purl.obolibrary.org/obo/CL_0000084,T cell
skeletal muscle fibroblast,http://purl.obolibrary.org/obo/CL_0011027,true,http://purl.obolibrary.org/obo/CL_0002320,connective tissue cell,http://purl.obolibrary.org/obo/CL_0000499,stromal cell
olfactory ensheathing cell,http://purl.obolibrary.org/obo/CL_0011028,true,http://purl.obolibrary.org/obo/CL_0002319,neural cell,http://purl.obolibrary.org/obo/CL_0000125,glial cell
dermal microvascular endothelial cell,http://purl.obolibrary.org/obo/CL_0011030,true,http://purl.obolibrary.org/obo/CL_0000115,endothelial cell,,
monocyte-derived dendritic cell,http://purl.obolibrary.org/obo/CL_0011031,true,http://purl.obolibrary.org/obo/CL_0000988,hematopoietic cell,http://purl.obolibrary.org/obo/CL_0000451,dendritic cell
lysosome-rich enterocyte,http://purl.obolibrary.org/obo/CL_0011032,true,http://purl.obolibrary.org/obo/CL_0000066,epithelial cell,,
galanergic neuron,http://purl.obolibrary.org/obo/CL_0011100,true,http://purl.obolibrary.org/obo/CL_0002319,neural cell,http://purl.obolibrary.org/obo/CL_0000540,neuron
chorionic trophoblast cell,http://purl.obolibrary.org/obo/CL_0011101,true,http://purl.obolibrary.org/obo/CL_0000349,extraembryonic cell,,
parasympathetic neuron,http://purl.obolibrary.org/obo/CL_0011102,true,http://purl.obolibrary.org/obo/CL_0002319,neural cell,http://purl.obolibrary.org/obo/CL_0000540,neuron
sympathetic neuron,http://purl.obolibrary.org/obo/CL_0011103,true,http://purl.obolibrary.org/obo/CL_0002319,neural cell,http://purl.obolibrary.org/obo/CL_0000540,neuron
interplexiform cell,http://purl.obolibrary.org/obo/CL_0011104,true,http://purl.obolibrary.org/obo/CL_0002319,neural cell,http://purl.obolibrary.org/obo/CL_0000540,neuron
dopamanergic interplexiform cell,http://purl.obolibrary.org/obo/CL_0011105,true,http://purl.obolibrary.org/obo/CL_0002319,neural cell,http://purl.obolibrary.org/obo/CL_0000540,neuron
GABAnergic interplexiform cell,http://purl.obolibrary.org/obo/CL_0011106,true,http://purl.obolibrary.org/obo/CL_0002319,neural cell,http://purl.obolibrary.org/obo/CL_0000540,neuron
colon epithelial cell,http://purl.obolibrary.org/obo/CL_0011108,true,http://purl.obolibrary.org/obo/CL_0000066,epithelial cell,,
hypocretin-secreting neuron,http://purl.obolibrary.org/obo/CL_0011109,true,http://purl.obolibrary.org/obo/CL_0002319,neural cell,http://purl.obolibrary.org/obo/CL_0000540,neuron
histaminergic neuron,http://purl.obolibrary.org/obo/CL_0011110,true,http://purl.obolibrary.org/obo/CL_0002319,neural cell,http://purl.obolibrary.org/obo/CL_0000540,neuron
gonadotropin-releasing hormone neuron,http://purl.obolibrary.org/obo/CL_0011111,true,http://purl.obolibrary.org/obo/CL_0002319,neural cell,http://purl.obolibrary.org/obo/CL_0000540,neuron
spiral ganglion neuron,http://purl.obolibrary.org/obo/CL_0011113,true,http://purl.obolibrary.org/obo/CL_0002319,neural cell,http://purl.obolibrary.org/obo/CL_0000540,neuron
segmented neutrophil of bone marrow,http://purl.obolibrary.org/obo/CL_0011114,true,http://purl.obolibrary.org/obo/CL_0000988,hematopoietic cell,http://purl.obolibrary.org/obo/CL_0000081,blood cell
astrocyte of the forebrain,http://purl.obolibrary.org/obo/CL_0012000,true,http://purl.obolibrary.org/obo/CL_0002319,neural cell,http://purl.obolibrary.org/obo/CL_0000125,glial cell
neuron of the forebrain,http://purl.obolibrary.org/obo/CL_0012001,true,http://purl.obolibrary.org/obo/CL_0002319,neural cell,http://purl.obolibrary.org/obo/CL_0000540,neuron
forebrain radial glial cell,http://purl.obolibrary.org/obo/CL_0013000,true,http://purl.obolibrary.org/obo/CL_0002319,neural cell,http://purl.obolibrary.org/obo/CL_0000125,glial cell
cranial motor neuron,http://purl.obolibrary.org/obo/CL_0015000,true,http://purl.obolibrary.org/obo/CL_0002319,neural cell,http://purl.obolibrary.org/obo/CL_0000540,neuron
pulmonary ionocyte,http://purl.obolibrary.org/obo/CL_0017000,true,http://purl.obolibrary.org/obo/CL_0000066,epithelial cell,,
prostate neuroendocrine cell,http://purl.obolibrary.org/obo/CL_0017002,true,http://purl.obolibrary.org/obo/CL_0002319,neural cell,http://purl.obolibrary.org/obo/CL_0000540,neuron
epithelial cell of prostatic urethra,http://purl.obolibrary.org/obo/CL_0017003,true,http://purl.obolibrary.org/obo/CL_0000066,epithelial cell,,
telocyte,http://purl.obolibrary.org/obo/CL_0017004,true,http://purl.obolibrary.org/obo/CL_0002320,connective tissue cell,,
lymphoblast,http://purl.obolibrary.org/obo/CL_0017005,true,http://purl.obolibrary.org/obo/CL_0000988,hematopoietic cell,,
B-lymphoblast,http://purl.obolibrary.org/obo/CL_0017006,true,http://purl.obolibrary.org/obo/CL_0000988,hematopoietic cell,,
"Axl+ dendritic cell, human",http://purl.obolibrary.org/obo/CL_0017009,true,http://purl.obolibrary.org/obo/CL_0000988,hematopoietic cell,http://purl.obolibrary.org/obo/CL_0000451,dendritic cell
hillock cell of urethral epithelium,http://purl.obolibrary.org/obo/CL_0017010,true,http://purl.obolibrary.org/obo/CL_0000066,epithelial cell,,
hillock cell of prostatic urethral epithelium,http://purl.obolibrary.org/obo/CL_0017011,true,http://purl.obolibrary.org/obo/CL_0000066,epithelial cell,,
tracheobronchial chondrocyte,http://purl.obolibrary.org/obo/CL_0019002,true,http://purl.obolibrary.org/obo/CL_0002320,connective tissue cell,http://purl.obolibrary.org/obo/CL_0000499,stromal cell
tracheobronchial goblet cell,http://purl.obolibrary.org/obo/CL_0019003,true,http://purl.obolibrary.org/obo/CL_0000066,epithelial cell,,
lung parenchyma resident eosinophil,http://purl.obolibrary.org/obo/CL_0019015,true,http://purl.obolibrary.org/obo/CL_0000988,hematopoietic cell,http://purl.obolibrary.org/obo/CL_0000081,blood cell
lymphatic vessel smooth muscle cell,http://purl.obolibrary.org/obo/CL_0019017,true,http://purl.obolibrary.org/obo/CL_0000187,muscle cell,,
blood vessel smooth muscle cell,http://purl.obolibrary.org/obo/CL_0019018,true,http://purl.obolibrary.org/obo/CL_0000187,muscle cell,,
tracheobronchial smooth muscle cell,http://purl.obolibrary.org/obo/CL_0019019,true,http://purl.obolibrary.org/obo/CL_0000187,muscle cell,,
extrahepatic cholangiocyte,http://purl.obolibrary.org/obo/CL_0019020,true,http://purl.obolibrary.org/obo/CL_0000066,epithelial cell,,
endothelial cell of periportal hepatic sinusoid,http://purl.obolibrary.org/obo/CL_0019021,true,http://purl.obolibrary.org/obo/CL_0000115,endothelial cell,,
endothelial cell of pericentral hepatic sinusoid,http://purl.obolibrary.org/obo/CL_0019022,true,http://purl.obolibrary.org/obo/CL_0000115,endothelial cell,,
periportal region hepatocyte,http://purl.obolibrary.org/obo/CL_0019026,true,http://purl.obolibrary.org/obo/CL_0000066,epithelial cell,,
midzonal region hepatocyte,http://purl.obolibrary.org/obo/CL_0019028,true,http://purl.obolibrary.org/obo/CL_0000066,epithelial cell,,
centrilobular region hepatocyte,http://purl.obolibrary.org/obo/CL_0019029,true,http://purl.obolibrary.org/obo/CL_0000066,epithelial cell,,
intestine goblet cell,http://purl.obolibrary.org/obo/CL_0019031,true,http://purl.obolibrary.org/obo/CL_0000066,epithelial cell,,
intestinal tuft cell,http://purl.obolibrary.org/obo/CL_0019032,true,http://purl.obolibrary.org/obo/CL_0000066,epithelial cell,,
retrotrapezoid nucleus neuron,http://purl.obolibrary.org/obo/CL_1000001,true,http://purl.obolibrary.org/obo/CL_0002319,neural cell,http://purl.obolibrary.org/obo/CL_0000540,neuron
mesonephric nephron tubule epithelial cell,http://purl.obolibrary.org/obo/CL_1000022,true,http://purl.obolibrary.org/obo/CL_0000066,epithelial cell,,
forebrain neuroblast,http://purl.obolibrary.org/obo/CL_1000042,true,http://purl.obolibrary.org/obo/CL_0002319,neural cell,,
lateral line nerve glial cell,http://purl.obolibrary.org/obo/CL_1000050,true,http://purl.obolibrary.org/obo/CL_0002319,neural cell,http://purl.obolibrary.org/obo/CL_0000125,glial cell
spinal cord radial glial cell,http://purl.obolibrary.org/obo/CL_1000073,true,http://purl.obolibrary.org/obo/CL_0002319,neural cell,http://purl.obolibrary.org/obo/CL_0000125,glial cell
stretch receptor cell,http://purl.obolibrary.org/obo/CL_1000082,true,http://purl.obolibrary.org/obo/CL_0002319,neural cell,http://purl.obolibrary.org/obo/CL_0000540,neuron
stratified keratinized epithelial stem cell,http://purl.obolibrary.org/obo/CL_1000083,true,http://purl.obolibrary.org/obo/CL_0000034,stem cell,,
stratified non keratinized epithelial stem cell,http://purl.obolibrary.org/obo/CL_1000085,true,http://purl.obolibrary.org/obo/CL_0000034,stem cell,,
pronephric nephron tubule epithelial cell,http://purl.obolibrary.org/obo/CL_1000090,true,http://purl.obolibrary.org/obo/CL_0000066,epithelial cell,,
metanephric nephron tubule epithelial cell,http://purl.obolibrary.org/obo/CL_1000123,true,http://purl.obolibrary.org/obo/CL_0000066,epithelial cell,,
lung goblet cell,http://purl.obolibrary.org/obo/CL_1000143,true,http://purl.obolibrary.org/obo/CL_0000066,epithelial cell,,
pillar cell,http://purl.obolibrary.org/obo/CL_1000191,true,http://purl.obolibrary.org/obo/CL_0001035,bone cell,,
growth plate cartilage chondrocyte,http://purl.obolibrary.org/obo/CL_1000217,true,http://purl.obolibrary.org/obo/CL_0002320,connective tissue cell,http://purl.obolibrary.org/obo/CL_0000499,stromal cell
stomach neuroendocrine cell,http://purl.obolibrary.org/obo/CL_1000222,true,http://purl.obolibrary.org/obo/CL_0002319,neural cell,http://purl.obolibrary.org/obo/CL_0000540,neuron
pulmonary neuroendocrine cell,http://purl.obolibrary.org/obo/CL_1000223,true,http://purl.obolibrary.org/obo/CL_0002319,neural cell,http://purl.obolibrary.org/obo/CL_0000540,neuron
posterior lateral line nerve glial cell,http://purl.obolibrary.org/obo/CL_1000236,true,http://purl.obolibrary.org/obo/CL_0002319,neural cell,http://purl.obolibrary.org/obo/CL_0000125,glial cell
anterior lateral line nerve glial cell,http://purl.obolibrary.org/obo/CL_1000239,true,http://purl.obolibrary.org/obo/CL_0002319,neural cell,http://purl.obolibrary.org/obo/CL_0000125,glial cell
posterior lateral line ganglion neuron,http://purl.obolibrary.org/obo/CL_1000245,true,http://purl.obolibrary.org/obo/CL_0002319,neural cell,http://purl.obolibrary.org/obo/CL_0000540,neuron
lung multiciliated epithelial cell,http://purl.obolibrary.org/obo/CL_1000271,true,http://purl.obolibrary.org/obo/CL_0000066,epithelial cell,,
trophectodermal cell,http://purl.obolibrary.org/obo/CL_1000274,true,http://purl.obolibrary.org/obo/CL_0000349,extraembryonic cell,,
smooth muscle cell of small intestine,http://purl.obolibrary.org/obo/CL_1000275,true,http://purl.obolibrary.org/obo/CL_0000187,muscle cell,,
smooth muscle fiber of duodenum,http://purl.obolibrary.org/obo/CL_1000276,true,http://purl.obolibrary.org/obo/CL_0000187,muscle cell,,
smooth muscle fiber of jejunum,http://purl.obolibrary.org/obo/CL_1000277,true,http://purl.obolibrary.org/obo/CL_0000187,muscle cell,,
smooth muscle fiber of ileum,http://purl.obolibrary.org/obo/CL_1000278,true,http://purl.obolibrary.org/obo/CL_0000187,muscle cell,,
smooth muscle cell of large intestine,http://purl.obolibrary.org/obo/CL_1000279,true,http://purl.obolibrary.org/obo/CL_0000187,muscle cell,,
smooth muscle cell of colon,http://purl.obolibrary.org/obo/CL_1000280,true,http://purl.obolibrary.org/obo/CL_0000187,muscle cell,,
smooth muscle cell of cecum,http://purl.obolibrary.org/obo/CL_1000281,true,http://purl.obolibrary.org/obo/CL_0000187,muscle cell,,
smooth muscle fiber of ascending colon,http://purl.obolibrary.org/obo/CL_1000282,true,http://purl.obolibrary.org/obo/CL_0000187,muscle cell,,
smooth muscle fiber of transverse colon,http://purl.obolibrary.org/obo/CL_1000283,true,http://purl.obolibrary.org/obo/CL_0000187,muscle cell,,
smooth muscle fiber of descending colon,http://purl.obolibrary.org/obo/CL_1000284,true,http://purl.obolibrary.org/obo/CL_0000187,muscle cell,,
smooth muscle cell of sigmoid colon,http://purl.obolibrary.org/obo/CL_1000285,true,http://purl.obolibrary.org/obo/CL_0000187,muscle cell,,
smooth muscle cell of rectum,http://purl.obolibrary.org/obo/CL_1000286,true,http://purl.obolibrary.org/obo/CL_0000187,muscle cell,,
myocyte of anterior internodal tract,http://purl.obolibrary.org/obo/CL_1000287,true,http://purl.obolibrary.org/obo/CL_0000187,muscle cell,,
myocyte of atrial branch of anterior internodal tract,http://purl.obolibrary.org/obo/CL_1000288,true,http://purl.obolibrary.org/obo/CL_0000187,muscle cell,,
myocyte of atrial septal branch of anterior internodal tract,http://purl.obolibrary.org/obo/CL_1000289,true,http://purl.obolibrary.org/obo/CL_0000187,muscle cell,,
myocyte of middle internodal tract,http://purl.obolibrary.org/obo/CL_1000290,true,http://purl.obolibrary.org/obo/CL_0000187,muscle cell,,
myocyte of posterior internodal tract,http://purl.obolibrary.org/obo/CL_1000291,true,http://purl.obolibrary.org/obo/CL_0000187,muscle cell,,
epithelial cell of urethra,http://purl.obolibrary.org/obo/CL_1000296,true,http://purl.obolibrary.org/obo/CL_0000066,epithelial cell,,
mesothelial cell of dura mater,http://purl.obolibrary.org/obo/CL_1000298,true,http://purl.obolibrary.org/obo/CL_0002319,neural cell,,
fibroblast of connective tissue of prostate,http://purl.obolibrary.org/obo/CL_1000299,true,http://purl.obolibrary.org/obo/CL_0002320,connective tissue cell,http://purl.obolibrary.org/obo/CL_0000499,stromal cell
fibroblast of outer membrane of prostatic capsule,http://purl.obolibrary.org/obo/CL_1000300,true,http://purl.obolibrary.org/obo/CL_0002320,connective tissue cell,http://purl.obolibrary.org/obo/CL_0000499,stromal cell
fibroblast of subepithelial connective tissue of prostatic gland,http://purl.obolibrary.org/obo/CL_1000301,true,http://purl.obolibrary.org/obo/CL_0002320,connective tissue cell,http://purl.obolibrary.org/obo/CL_0000499,stromal cell
fibroblast of papillary layer of dermis,http://purl.obolibrary.org/obo/CL_1000302,true,http://purl.obolibrary.org/obo/CL_0002320,connective tissue cell,http://purl.obolibrary.org/obo/CL_0000499,stromal cell
fibroblast of areolar connective tissue,http://purl.obolibrary.org/obo/CL_1000303,true,http://purl.obolibrary.org/obo/CL_0002320,connective tissue cell,http://purl.obolibrary.org/obo/CL_0000499,stromal cell
fibroblast of connective tissue of nonglandular part of prostate,http://purl.obolibrary.org/obo/CL_1000304,true,http://purl.obolibrary.org/obo/CL_0002320,connective tissue cell,http://purl.obolibrary.org/obo/CL_0000499,stromal cell
fibroblast of connective tissue of glandular part of prostate,http://purl.obolibrary.org/obo/CL_1000305,true,http://purl.obolibrary.org/obo/CL_0002320,connective tissue cell,http://purl.obolibrary.org/obo/CL_0000499,stromal cell
fibroblast of tunica adventitia of artery,http://purl.obolibrary.org/obo/CL_1000306,true,http://purl.obolibrary.org/obo/CL_0002320,connective tissue cell,http://purl.obolibrary.org/obo/CL_0000499,stromal cell
fibroblast of dense regular elastic tissue,http://purl.obolibrary.org/obo/CL_1000307,true,http://purl.obolibrary.org/obo/CL_0002320,connective tissue cell,http://purl.obolibrary.org/obo/CL_0000499,stromal cell
fibrocyte of adventitia of ureter,http://purl.obolibrary.org/obo/CL_1000308,true,http://purl.obolibrary.org/obo/CL_0002320,connective tissue cell,http://purl.obolibrary.org/obo/CL_0000499,stromal cell
epicardial adipocyte,http://purl.obolibrary.org/obo/CL_1000309,true,http://purl.obolibrary.org/obo/CL_0002320,connective tissue cell,http://purl.obolibrary.org/obo/CL_0000136,adipocyte
adipocyte of epicardial fat of right ventricle,http://purl.obolibrary.org/obo/CL_1000310,true,http://purl.obolibrary.org/obo/CL_0002320,connective tissue cell,http://purl.obolibrary.org/obo/CL_0000136,adipocyte
adipocyte of epicardial fat of left ventricle,http://purl.obolibrary.org/obo/CL_1000311,true,http://purl.obolibrary.org/obo/CL_0002320,connective tissue cell,http://purl.obolibrary.org/obo/CL_0000136,adipocyte
bronchial goblet cell,http://purl.obolibrary.org/obo/CL_1000312,true,http://purl.obolibrary.org/obo/CL_0000066,epithelial cell,,
gastric goblet cell,http://purl.obolibrary.org/obo/CL_1000313,true,http://purl.obolibrary.org/obo/CL_0000066,epithelial cell,,
gastric cardiac gland goblet cell,http://purl.obolibrary.org/obo/CL_1000314,true,http://purl.obolibrary.org/obo/CL_0000152,exocrine cell,,
principal gastric gland goblet cell,http://purl.obolibrary.org/obo/CL_1000315,true,http://purl.obolibrary.org/obo/CL_0000152,exocrine cell,,
intestinal villus goblet cell,http://purl.obolibrary.org/obo/CL_1000317,true,http://purl.obolibrary.org/obo/CL_0000066,epithelial cell,,
large intestine goblet cell,http://purl.obolibrary.org/obo/CL_1000320,true,http://purl.obolibrary.org/obo/CL_0000066,epithelial cell,,
large intestine crypt goblet cell,http://purl.obolibrary.org/obo/CL_1000321,true,http://purl.obolibrary.org/obo/CL_0000066,epithelial cell,,
pancreatic goblet cell,http://purl.obolibrary.org/obo/CL_1000322,true,http://purl.obolibrary.org/obo/CL_0000066,epithelial cell,,
pyloric gastric gland goblet cell,http://purl.obolibrary.org/obo/CL_1000323,true,http://purl.obolibrary.org/obo/CL_0000152,exocrine cell,,
duodenal goblet cell,http://purl.obolibrary.org/obo/CL_1000324,true,http://purl.obolibrary.org/obo/CL_0000066,epithelial cell,,
jejunal goblet cell,http://purl.obolibrary.org/obo/CL_1000325,true,http://purl.obolibrary.org/obo/CL_0000066,epithelial cell,,
ileal goblet cell,http://purl.obolibrary.org/obo/CL_1000326,true,http://purl.obolibrary.org/obo/CL_0000066,epithelial cell,,
appendix goblet cell,http://purl.obolibrary.org/obo/CL_1000327,true,http://purl.obolibrary.org/obo/CL_0000066,epithelial cell,,
tracheal goblet cell,http://purl.obolibrary.org/obo/CL_1000329,true,http://purl.obolibrary.org/obo/CL_0000066,epithelial cell,,
enterocyte of epithelium of small intestine,http://purl.obolibrary.org/obo/CL_1000334,true,http://purl.obolibrary.org/obo/CL_0000066,epithelial cell,,
enterocyte of epithelium of intestinal villus,http://purl.obolibrary.org/obo/CL_1000335,true,http://purl.obolibrary.org/obo/CL_0000066,epithelial cell,,
enterocyte of epithelium of duodenal gland,http://purl.obolibrary.org/obo/CL_1000337,true,http://purl.obolibrary.org/obo/CL_0000066,epithelial cell,,
enterocyte of epithelium of crypt of Lieberkuhn of small intestine,http://purl.obolibrary.org/obo/CL_1000338,true,http://purl.obolibrary.org/obo/CL_0000066,epithelial cell,,
enterocyte of epithelium proper of small intestine,http://purl.obolibrary.org/obo/CL_1000339,true,http://purl.obolibrary.org/obo/CL_0000066,epithelial cell,,
enterocyte of epithelium proper of duodenum,http://purl.obolibrary.org/obo/CL_1000340,true,http://purl.obolibrary.org/obo/CL_0000066,epithelial cell,,
enterocyte of epithelium proper of jejunum,http://purl.obolibrary.org/obo/CL_1000341,true,http://purl.obolibrary.org/obo/CL_0000066,epithelial cell,,
enterocyte of epithelium proper of ileum,http://purl.obolibrary.org/obo/CL_1000342,true,http://purl.obolibrary.org/obo/CL_0000066,epithelial cell,,
paneth cell of epithelium of small intestine,http://purl.obolibrary.org/obo/CL_1000343,true,http://purl.obolibrary.org/obo/CL_0000066,epithelial cell,,
paneth cell of epithelium proper of small intestine,http://purl.obolibrary.org/obo/CL_1000344,true,http://purl.obolibrary.org/obo/CL_0000066,epithelial cell,,
paneth cell of epithelium of crypt of Lieberkuhn of small intestine,http://purl.obolibrary.org/obo/CL_1000345,true,http://purl.obolibrary.org/obo/CL_0000066,epithelial cell,,
enterocyte of epithelium proper of large intestine,http://purl.obolibrary.org/obo/CL_1000346,true,http://purl.obolibrary.org/obo/CL_0000066,epithelial cell,,
colonocyte,http://purl.obolibrary.org/obo/CL_1000347,true,http://purl.obolibrary.org/obo/CL_0000066,epithelial cell,,
basal cell of epithelium of trachea,http://purl.obolibrary.org/obo/CL_1000348,true,http://purl.obolibrary.org/obo/CL_0000034,stem cell,,
basal cell of epithelium of bronchus,http://purl.obolibrary.org/obo/CL_1000349,true,http://purl.obolibrary.org/obo/CL_0000034,stem cell,,
basal cell of epithelium of terminal bronchiole,http://purl.obolibrary.org/obo/CL_1000350,true,http://purl.obolibrary.org/obo/CL_0000034,stem cell,,
basal cell of epithelium of respiratory bronchiole,http://purl.obolibrary.org/obo/CL_1000351,true,http://purl.obolibrary.org/obo/CL_0000034,stem cell,,
basal cell of epithelium of lobular bronchiole,http://purl.obolibrary.org/obo/CL_1000352,true,http://purl.obolibrary.org/obo/CL_0000034,stem cell,,
microfold cell of epithelium of small intestine,http://purl.obolibrary.org/obo/CL_1000353,true,http://purl.obolibrary.org/obo/CL_0000066,epithelial cell,,
microfold cell of epithelium of intestinal villus,http://purl.obolibrary.org/obo/CL_1000354,true,http://purl.obolibrary.org/obo/CL_0000066,epithelial cell,,
microfold cell of epithelium proper of small intestine,http://purl.obolibrary.org/obo/CL_1000355,true,http://purl.obolibrary.org/obo/CL_0000066,epithelial cell,,
microfold cell of epithelium proper of duodenum,http://purl.obolibrary.org/obo/CL_1000356,true,http://purl.obolibrary.org/obo/CL_0000066,epithelial cell,,
microfold cell of epithelium proper of jejunum,http://purl.obolibrary.org/obo/CL_1000357,true,http://purl.obolibrary.org/obo/CL_0000066,epithelial cell,,
microfold cell of epithelium proper of ileum,http://purl.obolibrary.org/obo/CL_1000358,true,http://purl.obolibrary.org/obo/CL_0000066,epithelial cell,,
microfold cell of epithelium proper of appendix,http://purl.obolibrary.org/obo/CL_1000359,true,http://purl.obolibrary.org/obo/CL_0000066,epithelial cell,,
microfold cell of epithelium proper of large intestine,http://purl.obolibrary.org/obo/CL_1000360,true,http://purl.obolibrary.org/obo/CL_0000066,epithelial cell,,
transitional myocyte of interatrial septum,http://purl.obolibrary.org/obo/CL_1000361,true,http://purl.obolibrary.org/obo/CL_0000187,muscle cell,,
transitional myocyte of interventricular septum,http://purl.obolibrary.org/obo/CL_1000362,true,http://purl.obolibrary.org/obo/CL_0000187,muscle cell,,
transitional myocyte of atrial branch of anterior internodal tract,http://purl.obolibrary.org/obo/CL_1000363,true,http://purl.obolibrary.org/obo/CL_0000187,muscle cell,,
transitional myocyte of anterior internodal tract,http://purl.obolibrary.org/obo/CL_1000364,true,http://purl.obolibrary.org/obo/CL_0000187,muscle cell,,
transitional myocyte of atrial septal branch of anterior internodal tract,http://purl.obolibrary.org/obo/CL_1000365,true,http://purl.obolibrary.org/obo/CL_0000187,muscle cell,,
transitional myocyte of middle internodal tract,http://purl.obolibrary.org/obo/CL_1000366,true,http://purl.obolibrary.org/obo/CL_0000187,muscle cell,,
transitional myocyte of posterior internodal tract,http://purl.obolibrary.org/obo/CL_1000367,true,http://purl.obolibrary.org/obo/CL_0000187,muscle cell,,
transitional myocyte of anterior division of left branch of atrioventricular bundle,http://purl.obolibrary.org/obo/CL_1000368,true,http://purl.obolibrary.org/obo/CL_0000187,muscle cell,,
transitional myocyte of septal division of left branch of atrioventricular bundle,http://purl.obolibrary.org/obo/CL_1000369,true,http://purl.obolibrary.org/obo/CL_0000187,muscle cell,,
transitional myocyte of left branch of atrioventricular bundle,http://purl.obolibrary.org/obo/CL_1000370,true,http://purl.obolibrary.org/obo/CL_0000187,muscle cell,,
transitional myocyte of right branch of atrioventricular bundle,http://purl.obolibrary.org/obo/CL_1000371,true,http://purl.obolibrary.org/obo/CL_0000187,muscle cell,,
transitional myocyte of atrial part of atrioventricular bundle,http://purl.obolibrary.org/obo/CL_1000372,true,http://purl.obolibrary.org/obo/CL_0000187,muscle cell,,
transitional myocyte of ventricular part of atrioventricular bundle,http://purl.obolibrary.org/obo/CL_1000373,true,http://purl.obolibrary.org/obo/CL_0000187,muscle cell,,
transitional myocyte of posterior division of left branch of atrioventricular bundle,http://purl.obolibrary.org/obo/CL_1000374,true,http://purl.obolibrary.org/obo/CL_0000187,muscle cell,,
myocardial endocrine cell of septal division of left branch of atrioventricular bundle,http://purl.obolibrary.org/obo/CL_1000375,true,http://purl.obolibrary.org/obo/CL_0000187,muscle cell,,
Purkinje myocyte of interventricular septum,http://purl.obolibrary.org/obo/CL_1000376,true,http://purl.obolibrary.org/obo/CL_0000187,muscle cell,,
dense-core granulated cell of epithelium of trachea,http://purl.obolibrary.org/obo/CL_1000377,true,http://purl.obolibrary.org/obo/CL_0002319,neural cell,http://purl.obolibrary.org/obo/CL_0000540,neuron
type 1 vestibular sensory cell of stato-acoustic epithelium,http://purl.obolibrary.org/obo/CL_1000378,true,http://purl.obolibrary.org/obo/CL_0002319,neural cell,http://purl.obolibrary.org/obo/CL_0000540,neuron
type 1 vestibular sensory cell of epithelium of macula of utricle of membranous labyrinth,http://purl.obolibrary.org/obo/CL_1000379,true,http://purl.obolibrary.org/obo/CL_0002319,neural cell,http://purl.obolibrary.org/obo/CL_0000540,neuron
type 1 vestibular sensory cell of epithelium of macula of saccule of membranous labyrinth,http://purl.obolibrary.org/obo/CL_1000380,true,http://purl.obolibrary.org/obo/CL_0002319,neural cell,http://purl.obolibrary.org/obo/CL_0000540,neuron
type 1 vestibular sensory cell of epithelium of crista of ampulla of semicircular duct of membranous labyrinth,http://purl.obolibrary.org/obo/CL_1000381,true,http://purl.obolibrary.org/obo/CL_0002319,neural cell,http://purl.obolibrary.org/obo/CL_0000540,neuron
type 2 vestibular sensory cell of stato-acoustic epithelium,http://purl.obolibrary.org/obo/CL_1000382,true,http://purl.obolibrary.org/obo/CL_0002319,neural cell,http://purl.obolibrary.org/obo/CL_0000540,neuron
type 2 vestibular sensory cell of epithelium of macula of utricle of membranous labyrinth,http://purl.obolibrary.org/obo/CL_1000383,true,http://purl.obolibrary.org/obo/CL_0002319,neural cell,http://purl.obolibrary.org/obo/CL_0000540,neuron
type 2 vestibular sensory cell of epithelium of macula of saccule of membranous labyrinth,http://purl.obolibrary.org/obo/CL_1000384,true,http://purl.obolibrary.org/obo/CL_0002319,neural cell,http://purl.obolibrary.org/obo/CL_0000540,neuron
type 2 vestibular sensory cell of epithelium of crista of ampulla of semicircular duct of membranous labyrinth,http://purl.obolibrary.org/obo/CL_1000385,true,http://purl.obolibrary.org/obo/CL_0002319,neural cell,http://purl.obolibrary.org/obo/CL_0000540,neuron
melanocyte of eyelid,http://purl.obolibrary.org/obo/CL_1000391,true,http://purl.obolibrary.org/obo/CL_0000148,melanocyte,,
myoepithelial cell of intralobular lactiferous duct,http://purl.obolibrary.org/obo/CL_1000394,true,http://purl.obolibrary.org/obo/CL_0000066,epithelial cell,,
endothelial cell of venous sinus of red pulp of spleen,http://purl.obolibrary.org/obo/CL_1000397,true,http://purl.obolibrary.org/obo/CL_0000115,endothelial cell,,
endothelial cell of hepatic sinusoid,http://purl.obolibrary.org/obo/CL_1000398,true,http://purl.obolibrary.org/obo/CL_0000115,endothelial cell,,
epithelial cell of appendix,http://purl.obolibrary.org/obo/CL_1000405,true,http://purl.obolibrary.org/obo/CL_0000066,epithelial cell,,
myocyte of sinoatrial node,http://purl.obolibrary.org/obo/CL_1000409,true,http://purl.obolibrary.org/obo/CL_0000187,muscle cell,,
myocyte of atrioventricular node,http://purl.obolibrary.org/obo/CL_1000410,true,http://purl.obolibrary.org/obo/CL_0000187,muscle cell,,
endothelial cell of Peyer's patch,http://purl.obolibrary.org/obo/CL_1000411,true,http://purl.obolibrary.org/obo/CL_0000115,endothelial cell,,
endothelial cell of arteriole,http://purl.obolibrary.org/obo/CL_1000412,true,http://purl.obolibrary.org/obo/CL_0000115,endothelial cell,,
endothelial cell of artery,http://purl.obolibrary.org/obo/CL_1000413,true,http://purl.obolibrary.org/obo/CL_0000115,endothelial cell,,
endothelial cell of venule,http://purl.obolibrary.org/obo/CL_1000414,true,http://purl.obolibrary.org/obo/CL_0000115,endothelial cell,,
epithelial cell of gallbladder,http://purl.obolibrary.org/obo/CL_1000415,true,http://purl.obolibrary.org/obo/CL_0000066,epithelial cell,,
myoepithelial cell of sweat gland,http://purl.obolibrary.org/obo/CL_1000417,true,http://purl.obolibrary.org/obo/CL_0000066,epithelial cell,,
myoepithelial cell of lactiferous alveolus,http://purl.obolibrary.org/obo/CL_1000418,true,http://purl.obolibrary.org/obo/CL_0000066,epithelial cell,,
myoepithelial cell of lactiferous duct,http://purl.obolibrary.org/obo/CL_1000419,true,http://purl.obolibrary.org/obo/CL_0000066,epithelial cell,,
myoepithelial cell of terminal lactiferous duct,http://purl.obolibrary.org/obo/CL_1000420,true,http://purl.obolibrary.org/obo/CL_0000066,epithelial cell,,
chromaffin cell of paraaortic body,http://purl.obolibrary.org/obo/CL_1000424,true,http://purl.obolibrary.org/obo/CL_0002319,neural cell,http://purl.obolibrary.org/obo/CL_0000540,neuron
chromaffin cell of paraganglion,http://purl.obolibrary.org/obo/CL_1000425,true,http://purl.obolibrary.org/obo/CL_0002319,neural cell,http://purl.obolibrary.org/obo/CL_0000540,neuron
chromaffin cell of adrenal gland,http://purl.obolibrary.org/obo/CL_1000426,true,http://purl.obolibrary.org/obo/CL_0002319,neural cell,http://purl.obolibrary.org/obo/CL_0000540,neuron
adrenal cortex chromaffin cell,http://purl.obolibrary.org/obo/CL_1000427,true,http://purl.obolibrary.org/obo/CL_0002319,neural cell,http://purl.obolibrary.org/obo/CL_0000540,neuron
stem cell of epidermis,http://purl.obolibrary.org/obo/CL_1000428,true,http://purl.obolibrary.org/obo/CL_0000034,stem cell,,
conjunctival epithelial cell,http://purl.obolibrary.org/obo/CL_1000432,true,http://purl.obolibrary.org/obo/CL_0000066,epithelial cell,,
epithelial cell of lacrimal canaliculus,http://purl.obolibrary.org/obo/CL_1000433,true,http://purl.obolibrary.org/obo/CL_0000066,epithelial cell,,
epithelial cell of external acoustic meatus,http://purl.obolibrary.org/obo/CL_1000434,true,http://purl.obolibrary.org/obo/CL_0000066,epithelial cell,,
epithelial cell of lacrimal drainage system,http://purl.obolibrary.org/obo/CL_1000435,true,http://purl.obolibrary.org/obo/CL_0000066,epithelial cell,,
epithelial cell of lacrimal sac,http://purl.obolibrary.org/obo/CL_1000436,true,http://purl.obolibrary.org/obo/CL_0000066,epithelial cell,,
epithelial cell of nasolacrimal duct,http://purl.obolibrary.org/obo/CL_1000437,true,http://purl.obolibrary.org/obo/CL_0000066,epithelial cell,,
epithelial cell of wall of inferior part of anal canal,http://purl.obolibrary.org/obo/CL_1000438,true,http://purl.obolibrary.org/obo/CL_0000066,epithelial cell,,
epithelial cell of viscerocranial mucosa,http://purl.obolibrary.org/obo/CL_1000441,true,http://purl.obolibrary.org/obo/CL_0000066,epithelial cell,,
urothelial cell of trigone of urinary bladder,http://purl.obolibrary.org/obo/CL_1000442,true,http://purl.obolibrary.org/obo/CL_0000066,epithelial cell,,
ciliary muscle cell,http://purl.obolibrary.org/obo/CL_1000443,true,http://purl.obolibrary.org/obo/CL_0000187,muscle cell,,
mesothelial cell of anterior chamber of eye,http://purl.obolibrary.org/obo/CL_1000444,true,http://purl.obolibrary.org/obo/CL_0000066,epithelial cell,,
myoepithelial cell of dilator pupillae,http://purl.obolibrary.org/obo/CL_1000445,true,http://purl.obolibrary.org/obo/CL_0000066,epithelial cell,,
epithelial cell of stratum germinativum of esophagus,http://purl.obolibrary.org/obo/CL_1000447,true,http://purl.obolibrary.org/obo/CL_0000034,stem cell,,
epithelial cell of sweat gland,http://purl.obolibrary.org/obo/CL_1000448,true,http://purl.obolibrary.org/obo/CL_0000066,epithelial cell,,
epithelial cell of nephron,http://purl.obolibrary.org/obo/CL_1000449,true,http://purl.obolibrary.org/obo/CL_0000066,epithelial cell,,
epithelial cell of glomerular capsule,http://purl.obolibrary.org/obo/CL_1000450,true,http://purl.obolibrary.org/obo/CL_0000066,epithelial cell,,
parietal epithelial cell,http://purl.obolibrary.org/obo/CL_1000452,true,http://purl.obolibrary.org/obo/CL_0000066,epithelial cell,,
epithelial cell of intermediate tubule,http://purl.obolibrary.org/obo/CL_1000453,true,http://purl.obolibrary.org/obo/CL_0000066,epithelial cell,,
kidney collecting duct epithelial cell,http://purl.obolibrary.org/obo/CL_1000454,true,http://purl.obolibrary.org/obo/CL_0000066,epithelial cell,,
mesothelial cell of parietal peritoneum,http://purl.obolibrary.org/obo/CL_1000456,true,http://purl.obolibrary.org/obo/CL_0000066,epithelial cell,,
mesothelial cell of visceral peritoneum,http://purl.obolibrary.org/obo/CL_1000457,true,http://purl.obolibrary.org/obo/CL_0000066,epithelial cell,,
melanocyte of skin,http://purl.obolibrary.org/obo/CL_1000458,true,http://purl.obolibrary.org/obo/CL_0000148,melanocyte,,
chromaffin cell of ovary,http://purl.obolibrary.org/obo/CL_1000465,true,http://purl.obolibrary.org/obo/CL_0002319,neural cell,http://purl.obolibrary.org/obo/CL_0000540,neuron
chromaffin cell of right ovary,http://purl.obolibrary.org/obo/CL_1000466,true,http://purl.obolibrary.org/obo/CL_0002319,neural cell,http://purl.obolibrary.org/obo/CL_0000540,neuron
chromaffin cell of left ovary,http://purl.obolibrary.org/obo/CL_1000467,true,http://purl.obolibrary.org/obo/CL_0002319,neural cell,http://purl.obolibrary.org/obo/CL_0000540,neuron
myoepithelial cell of acinus of lactiferous gland,http://purl.obolibrary.org/obo/CL_1000468,true,http://purl.obolibrary.org/obo/CL_0000066,epithelial cell,,
myoepithelial cell of main lactiferous duct,http://purl.obolibrary.org/obo/CL_1000469,true,http://purl.obolibrary.org/obo/CL_0000066,epithelial cell,,
myoepithelial cell of primary lactiferous duct,http://purl.obolibrary.org/obo/CL_1000470,true,http://purl.obolibrary.org/obo/CL_0000066,epithelial cell,,
myoepithelial cell of secondary lactiferous duct,http://purl.obolibrary.org/obo/CL_1000471,true,http://purl.obolibrary.org/obo/CL_0000066,epithelial cell,,
myoepithelial cell of tertiary lactiferous duct,http://purl.obolibrary.org/obo/CL_1000472,true,http://purl.obolibrary.org/obo/CL_0000066,epithelial cell,,
myoepithelial cell of quarternary lactiferous duct,http://purl.obolibrary.org/obo/CL_1000473,true,http://purl.obolibrary.org/obo/CL_0000066,epithelial cell,,
cardiac pacemaker cell of sinoatrial node,http://purl.obolibrary.org/obo/CL_1000477,true,http://purl.obolibrary.org/obo/CL_0000187,muscle cell,,
transitional myocyte of sinoatrial node,http://purl.obolibrary.org/obo/CL_1000478,true,http://purl.obolibrary.org/obo/CL_0000187,muscle cell,,
Purkinje myocyte of atrioventricular node,http://purl.obolibrary.org/obo/CL_1000479,true,http://purl.obolibrary.org/obo/CL_0000187,muscle cell,,
transitional myocyte of internodal tract,http://purl.obolibrary.org/obo/CL_1000480,true,http://purl.obolibrary.org/obo/CL_0000187,muscle cell,,
transitional myocyte of atrioventricular bundle,http://purl.obolibrary.org/obo/CL_1000481,true,http://purl.obolibrary.org/obo/CL_0000187,muscle cell,,
myocardial endocrine cell of interventricular septum,http://purl.obolibrary.org/obo/CL_1000482,true,http://purl.obolibrary.org/obo/CL_0000187,muscle cell,,
Purkinje myocyte of internodal tract,http://purl.obolibrary.org/obo/CL_1000483,true,http://purl.obolibrary.org/obo/CL_0000187,muscle cell,,
Purkinje myocyte of atrioventricular bundle,http://purl.obolibrary.org/obo/CL_1000484,true,http://purl.obolibrary.org/obo/CL_0000187,muscle cell,,
basal cell of urothelium,http://purl.obolibrary.org/obo/CL_1000486,true,http://purl.obolibrary.org/obo/CL_0000066,epithelial cell,,
smooth muscle cell of prostate,http://purl.obolibrary.org/obo/CL_1000487,true,http://purl.obolibrary.org/obo/CL_0000187,muscle cell,,
cholangiocyte,http://purl.obolibrary.org/obo/CL_1000488,true,http://purl.obolibrary.org/obo/CL_0000066,epithelial cell,,
reticular cell of splenic cord,http://purl.obolibrary.org/obo/CL_1000489,true,http://purl.obolibrary.org/obo/CL_0002320,connective tissue cell,http://purl.obolibrary.org/obo/CL_0000499,stromal cell
mesothelial cell of peritoneum,http://purl.obolibrary.org/obo/CL_1000490,true,http://purl.obolibrary.org/obo/CL_0000066,epithelial cell,,
mesothelial cell of pleura,http://purl.obolibrary.org/obo/CL_1000491,true,http://purl.obolibrary.org/obo/CL_0000066,epithelial cell,,
mesothelial cell of parietal pleura,http://purl.obolibrary.org/obo/CL_1000492,true,http://purl.obolibrary.org/obo/CL_0000066,epithelial cell,,
mesothelial cell of visceral pleura,http://purl.obolibrary.org/obo/CL_1000493,true,http://purl.obolibrary.org/obo/CL_0000066,epithelial cell,,
nephron tubule epithelial cell,http://purl.obolibrary.org/obo/CL_1000494,true,http://purl.obolibrary.org/obo/CL_0000066,epithelial cell,,
small intestine goblet cell,http://purl.obolibrary.org/obo/CL_1000495,true,http://purl.obolibrary.org/obo/CL_0000066,epithelial cell,,
kidney glomerular epithelial cell,http://purl.obolibrary.org/obo/CL_1000510,true,http://purl.obolibrary.org/obo/CL_0000066,epithelial cell,,
kidney medulla collecting duct epithelial cell,http://purl.obolibrary.org/obo/CL_1000546,true,http://purl.obolibrary.org/obo/CL_0000066,epithelial cell,,
kidney inner medulla collecting duct epithelial cell,http://purl.obolibrary.org/obo/CL_1000547,true,http://purl.obolibrary.org/obo/CL_0000066,epithelial cell,,
kidney outer medulla collecting duct epithelial cell,http://purl.obolibrary.org/obo/CL_1000548,true,http://purl.obolibrary.org/obo/CL_0000066,epithelial cell,,
kidney cortex collecting duct epithelial cell,http://purl.obolibrary.org/obo/CL_1000549,true,http://purl.obolibrary.org/obo/CL_0000066,epithelial cell,,
kidney nerve cell,http://purl.obolibrary.org/obo/CL_1000606,true,http://purl.obolibrary.org/obo/CL_0002319,neural cell,http://purl.obolibrary.org/obo/CL_0000540,neuron
kidney corpuscule cell,http://purl.obolibrary.org/obo/CL_1000612,true,http://purl.obolibrary.org/obo/CL_0000066,epithelial cell,,
kidney cortex tubule cell,http://purl.obolibrary.org/obo/CL_1000615,true,http://purl.obolibrary.org/obo/CL_0000066,epithelial cell,,
kidney cortex interstitial cell,http://purl.obolibrary.org/obo/CL_1000681,true,http://purl.obolibrary.org/obo/CL_0000066,epithelial cell,,
kidney interstitial myofibroblast,http://purl.obolibrary.org/obo/CL_1000691,true,http://purl.obolibrary.org/obo/CL_0002320,connective tissue cell,,
kidney interstitial fibroblast,http://purl.obolibrary.org/obo/CL_1000692,true,http://purl.obolibrary.org/obo/CL_0002320,connective tissue cell,http://purl.obolibrary.org/obo/CL_0000499,stromal cell
kidney interstitial fibrocyte,http://purl.obolibrary.org/obo/CL_1000693,true,http://purl.obolibrary.org/obo/CL_0002320,connective tissue cell,http://purl.obolibrary.org/obo/CL_0000499,stromal cell
kidney interstitial alternatively activated macrophage,http://purl.obolibrary.org/obo/CL_1000695,true,http://purl.obolibrary.org/obo/CL_0000988,hematopoietic cell,http://purl.obolibrary.org/obo/CL_0000235,macrophage
kidney interstitial inflammatory macrophage,http://purl.obolibrary.org/obo/CL_1000696,true,http://purl.obolibrary.org/obo/CL_0000988,hematopoietic cell,http://purl.obolibrary.org/obo/CL_0000235,macrophage
kidney interstitial suppressor macrophage,http://purl.obolibrary.org/obo/CL_1000697,true,http://purl.obolibrary.org/obo/CL_0000988,hematopoietic cell,http://purl.obolibrary.org/obo/CL_0000235,macrophage
kidney resident macrophage,http://purl.obolibrary.org/obo/CL_1000698,true,http://purl.obolibrary.org/obo/CL_0000988,hematopoietic cell,http://purl.obolibrary.org/obo/CL_0000235,macrophage
kidney resident dendritic cell,http://purl.obolibrary.org/obo/CL_1000699,true,http://purl.obolibrary.org/obo/CL_0000988,hematopoietic cell,http://purl.obolibrary.org/obo/CL_0000451,dendritic cell
kidney pelvis smooth muscle cell,http://purl.obolibrary.org/obo/CL_1000702,true,http://purl.obolibrary.org/obo/CL_0000187,muscle cell,,
kidney pelvis urothelial cell,http://purl.obolibrary.org/obo/CL_1000703,true,http://purl.obolibrary.org/obo/CL_0000066,epithelial cell,,
ureter urothelial cell,http://purl.obolibrary.org/obo/CL_1000706,true,http://purl.obolibrary.org/obo/CL_0000066,epithelial cell,,
ureter adventitial cell,http://purl.obolibrary.org/obo/CL_1000708,true,http://purl.obolibrary.org/obo/CL_0000115,endothelial cell,,
kidney cortex collecting duct principal cell,http://purl.obolibrary.org/obo/CL_1000714,true,http://purl.obolibrary.org/obo/CL_0000066,epithelial cell,,
kidney cortex collecting duct intercalated cell,http://purl.obolibrary.org/obo/CL_1000715,true,http://purl.obolibrary.org/obo/CL_0000066,epithelial cell,,
kidney outer medulla collecting duct principal cell,http://purl.obolibrary.org/obo/CL_1000716,true,http://purl.obolibrary.org/obo/CL_0000066,epithelial cell,,
kidney outer medulla collecting duct intercalated cell,http://purl.obolibrary.org/obo/CL_1000717,true,http://purl.obolibrary.org/obo/CL_0000066,epithelial cell,,
kidney inner medulla collecting duct principal cell,http://purl.obolibrary.org/obo/CL_1000718,true,http://purl.obolibrary.org/obo/CL_0000066,epithelial cell,,
kidney inner medulla collecting duct intercalated cell,http://purl.obolibrary.org/obo/CL_1000719,true,http://purl.obolibrary.org/obo/CL_0000066,epithelial cell,,
kidney papillary duct intercalated cell,http://purl.obolibrary.org/obo/CL_1000720,true,http://purl.obolibrary.org/obo/CL_0000066,epithelial cell,,
kidney papillary duct principal cell,http://purl.obolibrary.org/obo/CL_1000721,true,http://purl.obolibrary.org/obo/CL_0000066,epithelial cell,,
glomerular mesangial cell,http://purl.obolibrary.org/obo/CL_1000742,true,http://purl.obolibrary.org/obo/CL_0002320,connective tissue cell,,
glomerular cell,http://purl.obolibrary.org/obo/CL_1000746,true,http://purl.obolibrary.org/obo/CL_0000066,epithelial cell,,
kidney connecting tubule epithelial cell,http://purl.obolibrary.org/obo/CL_1000768,true,http://purl.obolibrary.org/obo/CL_0000066,epithelial cell,,
kidney proximal convoluted tubule epithelial cell,http://purl.obolibrary.org/obo/CL_1000838,true,http://purl.obolibrary.org/obo/CL_0000066,epithelial cell,,
kidney proximal straight tubule epithelial cell,http://purl.obolibrary.org/obo/CL_1000839,true,http://purl.obolibrary.org/obo/CL_0000066,epithelial cell,,
kidney distal convoluted tubule epithelial cell,http://purl.obolibrary.org/obo/CL_1000849,true,http://purl.obolibrary.org/obo/CL_0000066,epithelial cell,,
macula densa epithelial cell,http://purl.obolibrary.org/obo/CL_1000850,true,http://purl.obolibrary.org/obo/CL_0000066,epithelial cell,,
kidney capillary endothelial cell,http://purl.obolibrary.org/obo/CL_1000892,true,http://purl.obolibrary.org/obo/CL_0000115,endothelial cell,,
kidney loop of Henle epithelial cell,http://purl.obolibrary.org/obo/CL_1000909,true,http://purl.obolibrary.org/obo/CL_0000066,epithelial cell,,
ureter smooth muscle cell,http://purl.obolibrary.org/obo/CL_1000979,true,http://purl.obolibrary.org/obo/CL_0000187,muscle cell,,
glomerular capillary endothelial cell,http://purl.obolibrary.org/obo/CL_1001005,true,http://purl.obolibrary.org/obo/CL_0000115,endothelial cell,,
kidney loop of Henle ascending limb epithelial cell,http://purl.obolibrary.org/obo/CL_1001016,true,http://purl.obolibrary.org/obo/CL_0000066,epithelial cell,,
kidney loop of Henle descending limb epithelial cell,http://purl.obolibrary.org/obo/CL_1001021,true,http://purl.obolibrary.org/obo/CL_0000066,epithelial cell,,
peritubular capillary endothelial cell,http://purl.obolibrary.org/obo/CL_1001033,true,http://purl.obolibrary.org/obo/CL_0000115,endothelial cell,,
vasa recta cell,http://purl.obolibrary.org/obo/CL_1001036,true,http://purl.obolibrary.org/obo/CL_0000115,endothelial cell,,
kidney artery smooth muscle cell,http://purl.obolibrary.org/obo/CL_1001064,true,http://purl.obolibrary.org/obo/CL_0000187,muscle cell,,
kidney arteriole smooth muscle cell,http://purl.obolibrary.org/obo/CL_1001066,true,http://purl.obolibrary.org/obo/CL_0000187,muscle cell,,
kidney venous system smooth muscle cell,http://purl.obolibrary.org/obo/CL_1001068,true,http://purl.obolibrary.org/obo/CL_0000187,muscle cell,,
kidney afferent arteriole endothelial cell,http://purl.obolibrary.org/obo/CL_1001096,true,http://purl.obolibrary.org/obo/CL_0000115,endothelial cell,,
kidney afferent arteriole smooth muscle cell,http://purl.obolibrary.org/obo/CL_1001097,true,http://purl.obolibrary.org/obo/CL_0000187,muscle cell,,
kidney efferent arteriole endothelial cell,http://purl.obolibrary.org/obo/CL_1001099,true,http://purl.obolibrary.org/obo/CL_0000115,endothelial cell,,
kidney efferent arteriole smooth muscle cell,http://purl.obolibrary.org/obo/CL_1001100,true,http://purl.obolibrary.org/obo/CL_0000187,muscle cell,,
kidney loop of Henle thick ascending limb epithelial cell,http://purl.obolibrary.org/obo/CL_1001106,true,http://purl.obolibrary.org/obo/CL_0000066,epithelial cell,,
kidney loop of Henle thin ascending limb epithelial cell,http://purl.obolibrary.org/obo/CL_1001107,true,http://purl.obolibrary.org/obo/CL_0000066,epithelial cell,,
kidney loop of Henle medullary thick ascending limb epithelial cell,http://purl.obolibrary.org/obo/CL_1001108,true,http://purl.obolibrary.org/obo/CL_0000066,epithelial cell,,
kidney loop of Henle cortical thick ascending limb epithelial cell,http://purl.obolibrary.org/obo/CL_1001109,true,http://purl.obolibrary.org/obo/CL_0000066,epithelial cell,,
kidney loop of Henle thin descending limb epithelial cell,http://purl.obolibrary.org/obo/CL_1001111,true,http://purl.obolibrary.org/obo/CL_0000066,epithelial cell,,
kidney outer medulla peritubular capillary cell,http://purl.obolibrary.org/obo/CL_1001123,true,http://purl.obolibrary.org/obo/CL_0000115,endothelial cell,,
kidney cortex peritubular capillary cell,http://purl.obolibrary.org/obo/CL_1001124,true,http://purl.obolibrary.org/obo/CL_0000115,endothelial cell,,
inner renal medulla vasa recta cell,http://purl.obolibrary.org/obo/CL_1001126,true,http://purl.obolibrary.org/obo/CL_0000115,endothelial cell,,
outer renal medulla vasa recta cell,http://purl.obolibrary.org/obo/CL_1001127,true,http://purl.obolibrary.org/obo/CL_0000115,endothelial cell,,
vasa recta ascending limb cell,http://purl.obolibrary.org/obo/CL_1001131,true,http://purl.obolibrary.org/obo/CL_0000115,endothelial cell,,
inner medulla vasa recta ascending limb cell,http://purl.obolibrary.org/obo/CL_1001209,true,http://purl.obolibrary.org/obo/CL_0000115,endothelial cell,,
outer medulla vasa recta ascending limb cell,http://purl.obolibrary.org/obo/CL_1001210,true,http://purl.obolibrary.org/obo/CL_0000115,endothelial cell,,
arcuate artery endothelial cell,http://purl.obolibrary.org/obo/CL_1001213,true,http://purl.obolibrary.org/obo/CL_0000115,endothelial cell,,
arcuate artery smooth muscle cell,http://purl.obolibrary.org/obo/CL_1001214,true,http://purl.obolibrary.org/obo/CL_0000187,muscle cell,,
interlobulary artery endothelial cell,http://purl.obolibrary.org/obo/CL_1001216,true,http://purl.obolibrary.org/obo/CL_0000115,endothelial cell,,
interlobulary artery smooth muscle cell,http://purl.obolibrary.org/obo/CL_1001217,true,http://purl.obolibrary.org/obo/CL_0000187,muscle cell,,
arcuate vein endothelial cell,http://purl.obolibrary.org/obo/CL_1001220,true,http://purl.obolibrary.org/obo/CL_0000115,endothelial cell,,
arcuate vein smooth muscle cell,http://purl.obolibrary.org/obo/CL_1001221,true,http://purl.obolibrary.org/obo/CL_0000187,muscle cell,,
interlobulary vein endothelial cell,http://purl.obolibrary.org/obo/CL_1001223,true,http://purl.obolibrary.org/obo/CL_0000115,endothelial cell,,
interlobulary vein smooth muscle cell,http://purl.obolibrary.org/obo/CL_1001224,true,http://purl.obolibrary.org/obo/CL_0000187,muscle cell,,
vasa recta descending limb cell,http://purl.obolibrary.org/obo/CL_1001285,true,http://purl.obolibrary.org/obo/CL_0000115,endothelial cell,,
inner medulla vasa recta descending limb cell,http://purl.obolibrary.org/obo/CL_1001286,true,http://purl.obolibrary.org/obo/CL_0000115,endothelial cell,,
outer medulla vasa recta descending limb cell,http://purl.obolibrary.org/obo/CL_1001287,true,http://purl.obolibrary.org/obo/CL_0000115,endothelial cell,,
renal interstitial pericyte,http://purl.obolibrary.org/obo/CL_1001318,true,http://purl.obolibrary.org/obo/CL_0002320,connective tissue cell,,
bladder urothelial cell,http://purl.obolibrary.org/obo/CL_1001428,true,http://purl.obolibrary.org/obo/CL_0000066,epithelial cell,,
urethra urothelial cell,http://purl.obolibrary.org/obo/CL_1001430,true,http://purl.obolibrary.org/obo/CL_0000066,epithelial cell,,
kidney collecting duct principal cell,http://purl.obolibrary.org/obo/CL_1001431,true,http://purl.obolibrary.org/obo/CL_0000066,epithelial cell,,
kidney collecting duct intercalated cell,http://purl.obolibrary.org/obo/CL_1001432,true,http://purl.obolibrary.org/obo/CL_0000066,epithelial cell,,
epithelial cell of exocrine pancreas,http://purl.obolibrary.org/obo/CL_1001433,true,http://purl.obolibrary.org/obo/CL_0000066,epithelial cell,,
olfactory bulb interneuron,http://purl.obolibrary.org/obo/CL_1001434,true,http://purl.obolibrary.org/obo/CL_0002319,neural cell,http://purl.obolibrary.org/obo/CL_0000540,neuron
periglomerular cell,http://purl.obolibrary.org/obo/CL_1001435,true,http://purl.obolibrary.org/obo/CL_0002319,neural cell,http://purl.obolibrary.org/obo/CL_0000540,neuron
hair-tylotrich neuron,http://purl.obolibrary.org/obo/CL_1001436,true,http://purl.obolibrary.org/obo/CL_0002319,neural cell,http://purl.obolibrary.org/obo/CL_0000540,neuron
hair-down neuron,http://purl.obolibrary.org/obo/CL_1001437,true,http://purl.obolibrary.org/obo/CL_0002319,neural cell,http://purl.obolibrary.org/obo/CL_0000540,neuron
sensory neuron of dorsal root ganglion,http://purl.obolibrary.org/obo/CL_1001451,true,http://purl.obolibrary.org/obo/CL_0002319,neural cell,http://purl.obolibrary.org/obo/CL_0000540,neuron
medium spiny neuron,http://purl.obolibrary.org/obo/CL_1001474,true,http://purl.obolibrary.org/obo/CL_0002319,neural cell,http://purl.obolibrary.org/obo/CL_0000540,neuron
mitral cell,http://purl.obolibrary.org/obo/CL_1001502,true,http://purl.obolibrary.org/obo/CL_0002319,neural cell,http://purl.obolibrary.org/obo/CL_0000540,neuron
olfactory bulb tufted cell,http://purl.obolibrary.org/obo/CL_1001503,true,http://purl.obolibrary.org/obo/CL_0002319,neural cell,http://purl.obolibrary.org/obo/CL_0000540,neuron
parvocellular neurosecretory cell,http://purl.obolibrary.org/obo/CL_1001505,true,http://purl.obolibrary.org/obo/CL_0002319,neural cell,http://purl.obolibrary.org/obo/CL_0000540,neuron
glycinergic neuron,http://purl.obolibrary.org/obo/CL_1001509,true,http://purl.obolibrary.org/obo/CL_0002319,neural cell,http://purl.obolibrary.org/obo/CL_0000540,neuron
intestinal enteroendocrine cell,http://purl.obolibrary.org/obo/CL_1001516,true,http://purl.obolibrary.org/obo/CL_0000066,epithelial cell,,
stomach enteroendocrine cell,http://purl.obolibrary.org/obo/CL_1001517,true,http://purl.obolibrary.org/obo/CL_0000066,epithelial cell,,
vomeronasal sensory neuron,http://purl.obolibrary.org/obo/CL_1001561,true,http://purl.obolibrary.org/obo/CL_0002319,neural cell,http://purl.obolibrary.org/obo/CL_0000540,neuron
lung endothelial cell,http://purl.obolibrary.org/obo/CL_1001567,true,http://purl.obolibrary.org/obo/CL_0000115,endothelial cell,,
pulmonary artery endothelial cell,http://purl.obolibrary.org/obo/CL_1001568,true,http://purl.obolibrary.org/obo/CL_0000115,endothelial cell,,
hippocampal interneuron,http://purl.obolibrary.org/obo/CL_1001569,true,http://purl.obolibrary.org/obo/CL_0002319,neural cell,http://purl.obolibrary.org/obo/CL_0000540,neuron
hippocampal pyramidal neuron,http://purl.obolibrary.org/obo/CL_1001571,true,http://purl.obolibrary.org/obo/CL_0002319,neural cell,http://purl.obolibrary.org/obo/CL_0000540,neuron
colon endothelial cell,http://purl.obolibrary.org/obo/CL_1001572,true,http://purl.obolibrary.org/obo/CL_0000115,endothelial cell,,
nasopharyngeal epithelial cell,http://purl.obolibrary.org/obo/CL_1001573,true,http://purl.obolibrary.org/obo/CL_0000066,epithelial cell,,
uterine cervix squamous cell,http://purl.obolibrary.org/obo/CL_1001575,true,http://purl.obolibrary.org/obo/CL_0000066,epithelial cell,,
oral mucosa squamous cell,http://purl.obolibrary.org/obo/CL_1001576,true,http://purl.obolibrary.org/obo/CL_0000066,epithelial cell,,
tonsil squamous cell,http://purl.obolibrary.org/obo/CL_1001577,true,http://purl.obolibrary.org/obo/CL_0000066,epithelial cell,,
vagina squamous cell,http://purl.obolibrary.org/obo/CL_1001578,true,http://purl.obolibrary.org/obo/CL_0000066,epithelial cell,,
cerebral cortex glial cell,http://purl.obolibrary.org/obo/CL_1001579,true,http://purl.obolibrary.org/obo/CL_0002319,neural cell,http://purl.obolibrary.org/obo/CL_0000125,glial cell
hippocampal glial cell,http://purl.obolibrary.org/obo/CL_1001580,true,http://purl.obolibrary.org/obo/CL_0002319,neural cell,http://purl.obolibrary.org/obo/CL_0000125,glial cell
lateral ventricle glial cell,http://purl.obolibrary.org/obo/CL_1001581,true,http://purl.obolibrary.org/obo/CL_0002319,neural cell,http://purl.obolibrary.org/obo/CL_0000125,glial cell
lateral ventricle neuron,http://purl.obolibrary.org/obo/CL_1001582,true,http://purl.obolibrary.org/obo/CL_0002319,neural cell,http://purl.obolibrary.org/obo/CL_0000540,neuron
appendix glandular cell,http://purl.obolibrary.org/obo/CL_1001585,true,http://purl.obolibrary.org/obo/CL_0000066,epithelial cell,,
mammary gland glandular cell,http://purl.obolibrary.org/obo/CL_1001586,true,http://purl.obolibrary.org/obo/CL_0000066,epithelial cell,,
uterine cervix secretory cell,http://purl.obolibrary.org/obo/CL_1001587,true,http://purl.obolibrary.org/obo/CL_0000066,epithelial cell,,
colon glandular cell,http://purl.obolibrary.org/obo/CL_1001588,true,http://purl.obolibrary.org/obo/CL_0000066,epithelial cell,,
duodenum secretory cell,http://purl.obolibrary.org/obo/CL_1001589,true,http://purl.obolibrary.org/obo/CL_0000066,epithelial cell,,
epididymis secretory cell,http://purl.obolibrary.org/obo/CL_1001590,true,http://purl.obolibrary.org/obo/CL_0000066,epithelial cell,,
oviduct secretory cell,http://purl.obolibrary.org/obo/CL_1001591,true,http://purl.obolibrary.org/obo/CL_0000066,epithelial cell,,
gallbladder glandular cell,http://purl.obolibrary.org/obo/CL_1001592,true,http://purl.obolibrary.org/obo/CL_0000066,epithelial cell,,
parathyroid glandular cell,http://purl.obolibrary.org/obo/CL_1001593,true,http://purl.obolibrary.org/obo/CL_0000066,epithelial cell,,
rectum glandular cell,http://purl.obolibrary.org/obo/CL_1001595,true,http://purl.obolibrary.org/obo/CL_0000066,epithelial cell,,
salivary gland glandular cell,http://purl.obolibrary.org/obo/CL_1001596,true,http://purl.obolibrary.org/obo/CL_0000152,exocrine cell,,
seminal vesicle glandular cell,http://purl.obolibrary.org/obo/CL_1001597,true,http://purl.obolibrary.org/obo/CL_0000066,epithelial cell,,
small intestine secretory cell,http://purl.obolibrary.org/obo/CL_1001598,true,http://purl.obolibrary.org/obo/CL_0000066,epithelial cell,,
pancreas exocrine glandular cell,http://purl.obolibrary.org/obo/CL_1001599,true,http://purl.obolibrary.org/obo/CL_0000152,exocrine cell,,
adrenal gland glandular cell,http://purl.obolibrary.org/obo/CL_1001601,true,http://purl.obolibrary.org/obo/CL_0000066,epithelial cell,,
cerebral cortex endothelial cell,http://purl.obolibrary.org/obo/CL_1001602,true,http://purl.obolibrary.org/obo/CL_0000115,endothelial cell,,
lung macrophage,http://purl.obolibrary.org/obo/CL_1001603,true,http://purl.obolibrary.org/obo/CL_0000988,hematopoietic cell,http://purl.obolibrary.org/obo/CL_0000235,macrophage
foreskin keratinocyte,http://purl.obolibrary.org/obo/CL_1001606,true,http://purl.obolibrary.org/obo/CL_0000066,epithelial cell,,
articular chondrocyte,http://purl.obolibrary.org/obo/CL_1001607,true,http://purl.obolibrary.org/obo/CL_0002320,connective tissue cell,http://purl.obolibrary.org/obo/CL_0000499,stromal cell
foreskin fibroblast,http://purl.obolibrary.org/obo/CL_1001608,true,http://purl.obolibrary.org/obo/CL_0002320,connective tissue cell,http://purl.obolibrary.org/obo/CL_0000499,stromal cell
muscle fibroblast,http://purl.obolibrary.org/obo/CL_1001609,true,http://purl.obolibrary.org/obo/CL_0002320,connective tissue cell,http://purl.obolibrary.org/obo/CL_0000499,stromal cell
bone marrow hematopoietic cell,http://purl.obolibrary.org/obo/CL_1001610,true,http://purl.obolibrary.org/obo/CL_0000988,hematopoietic cell,,
cerebellar neuron,http://purl.obolibrary.org/obo/CL_1001611,true,http://purl.obolibrary.org/obo/CL_0002319,neural cell,http://purl.obolibrary.org/obo/CL_0000540,neuron
secretory epithelial cell,http://purl.obolibrary.org/obo/CL_1100001,true,http://purl.obolibrary.org/obo/CL_0000066,epithelial cell,,
epidermal melanocyte,http://purl.obolibrary.org/obo/CL_2000000,true,http://purl.obolibrary.org/obo/CL_0000148,melanocyte,,
peripheral blood mononuclear cell,http://purl.obolibrary.org/obo/CL_2000001,true,http://purl.obolibrary.org/obo/CL_0000988,hematopoietic cell,,
decidual cell,http://purl.obolibrary.org/obo/CL_2000002,true,http://purl.obolibrary.org/obo/CL_0002320,connective tissue cell,http://purl.obolibrary.org/obo/CL_0000499,stromal cell
pituitary gland cell,http://purl.obolibrary.org/obo/CL_2000004,true,http://purl.obolibrary.org/obo/CL_0002319,neural cell,,
brain macroglial cell,http://purl.obolibrary.org/obo/CL_2000005,true,http://purl.obolibrary.org/obo/CL_0002319,neural cell,http://purl.obolibrary.org/obo/CL_0000125,glial cell
tonsil germinal center B cell,http://purl.obolibrary.org/obo/CL_2000006,true,http://purl.obolibrary.org/obo/CL_0000988,hematopoietic cell,http://purl.obolibrary.org/obo/CL_0000236,B cell
articular chondrocyte of knee joint,http://purl.obolibrary.org/obo/CL_2000007,true,http://purl.obolibrary.org/obo/CL_0002320,connective tissue cell,http://purl.obolibrary.org/obo/CL_0000499,stromal cell
microvascular endothelial cell,http://purl.obolibrary.org/obo/CL_2000008,true,http://purl.obolibrary.org/obo/CL_0000115,endothelial cell,,
dermis blood vessel endothelial cell,http://purl.obolibrary.org/obo/CL_2000010,true,http://purl.obolibrary.org/obo/CL_0000115,endothelial cell,,
dermis lymphatic vessel endothelial cell,http://purl.obolibrary.org/obo/CL_2000011,true,http://purl.obolibrary.org/obo/CL_0000115,endothelial cell,,
fibroblast of pedal digit skin,http://purl.obolibrary.org/obo/CL_2000012,true,http://purl.obolibrary.org/obo/CL_0002320,connective tissue cell,http://purl.obolibrary.org/obo/CL_0000499,stromal cell
fibroblast of skin of abdomen,http://purl.obolibrary.org/obo/CL_2000013,true,http://purl.obolibrary.org/obo/CL_0002320,connective tissue cell,http://purl.obolibrary.org/obo/CL_0000499,stromal cell
fibroblast of upper leg skin,http://purl.obolibrary.org/obo/CL_2000014,true,http://purl.obolibrary.org/obo/CL_0002320,connective tissue cell,http://purl.obolibrary.org/obo/CL_0000499,stromal cell
fibroblast of arm,http://purl.obolibrary.org/obo/CL_2000015,true,http://purl.obolibrary.org/obo/CL_0002320,connective tissue cell,http://purl.obolibrary.org/obo/CL_0000499,stromal cell
lung microvascular endothelial cell,http://purl.obolibrary.org/obo/CL_2000016,true,http://purl.obolibrary.org/obo/CL_0000115,endothelial cell,,
fibroblast of peridontal ligament,http://purl.obolibrary.org/obo/CL_2000017,true,http://purl.obolibrary.org/obo/CL_0002320,connective tissue cell,http://purl.obolibrary.org/obo/CL_0000499,stromal cell
endothelial cell of coronary artery,http://purl.obolibrary.org/obo/CL_2000018,true,http://purl.obolibrary.org/obo/CL_0000115,endothelial cell,,
compound eye photoreceptor cell,http://purl.obolibrary.org/obo/CL_2000019,true,http://purl.obolibrary.org/obo/CL_0002319,neural cell,http://purl.obolibrary.org/obo/CL_0000540,neuron
spinal cord ventral column interneuron,http://purl.obolibrary.org/obo/CL_2000023,true,http://purl.obolibrary.org/obo/CL_0002319,neural cell,http://purl.obolibrary.org/obo/CL_0000540,neuron
spinal cord medial motor column neuron,http://purl.obolibrary.org/obo/CL_2000024,true,http://purl.obolibrary.org/obo/CL_0002319,neural cell,http://purl.obolibrary.org/obo/CL_0000540,neuron
spinal cord oligodendrocyte,http://purl.obolibrary.org/obo/CL_2000025,true,http://purl.obolibrary.org/obo/CL_0002319,neural cell,http://purl.obolibrary.org/obo/CL_0000125,glial cell
cerebellum basket cell,http://purl.obolibrary.org/obo/CL_2000027,true,http://purl.obolibrary.org/obo/CL_0002319,neural cell,http://purl.obolibrary.org/obo/CL_0000540,neuron
cerebellum glutamatergic neuron,http://purl.obolibrary.org/obo/CL_2000028,true,http://purl.obolibrary.org/obo/CL_0002319,neural cell,http://purl.obolibrary.org/obo/CL_0000540,neuron
central nervous system neuron,http://purl.obolibrary.org/obo/CL_2000029,true,http://purl.obolibrary.org/obo/CL_0002319,neural cell,http://purl.obolibrary.org/obo/CL_0000540,neuron
hypothalamus cell,http://purl.obolibrary.org/obo/CL_2000030,true,http://purl.obolibrary.org/obo/CL_0002319,neural cell,,
lateral line ganglion neuron,http://purl.obolibrary.org/obo/CL_2000031,true,http://purl.obolibrary.org/obo/CL_0002319,neural cell,http://purl.obolibrary.org/obo/CL_0000540,neuron
peripheral nervous system neuron,http://purl.obolibrary.org/obo/CL_2000032,true,http://purl.obolibrary.org/obo/CL_0002319,neural cell,http://purl.obolibrary.org/obo/CL_0000540,neuron
limb basal cell of epidermis,http://purl.obolibrary.org/obo/CL_2000033,true,http://purl.obolibrary.org/obo/CL_0000034,stem cell,,
anterior lateral line neuromast hair cell,http://purl.obolibrary.org/obo/CL_2000034,true,http://purl.obolibrary.org/obo/CL_0002319,neural cell,http://purl.obolibrary.org/obo/CL_0000540,neuron
posterior lateral line neuromast hair cell,http://purl.obolibrary.org/obo/CL_2000037,true,http://purl.obolibrary.org/obo/CL_0002319,neural cell,http://purl.obolibrary.org/obo/CL_0000540,neuron
bladder microvascular endothelial cell,http://purl.obolibrary.org/obo/CL_2000040,true,http://purl.obolibrary.org/obo/CL_0000115,endothelial cell,,
dermis microvascular lymphatic vessel endothelial cell,http://purl.obolibrary.org/obo/CL_2000041,true,http://purl.obolibrary.org/obo/CL_0000115,endothelial cell,,
embryonic fibroblast,http://purl.obolibrary.org/obo/CL_2000042,true,http://purl.obolibrary.org/obo/CL_0002320,connective tissue cell,http://purl.obolibrary.org/obo/CL_0000499,stromal cell
brain pericyte,http://purl.obolibrary.org/obo/CL_2000043,true,http://purl.obolibrary.org/obo/CL_0002319,neural cell,,
brain microvascular endothelial cell,http://purl.obolibrary.org/obo/CL_2000044,true,http://purl.obolibrary.org/obo/CL_0002319,neural cell,,
foreskin melanocyte,http://purl.obolibrary.org/obo/CL_2000045,true,http://purl.obolibrary.org/obo/CL_0000148,melanocyte,,
ventricular cardiac muscle cell,http://purl.obolibrary.org/obo/CL_2000046,true,http://purl.obolibrary.org/obo/CL_0000187,muscle cell,,
brainstem motor neuron,http://purl.obolibrary.org/obo/CL_2000047,true,http://purl.obolibrary.org/obo/CL_0002319,neural cell,http://purl.obolibrary.org/obo/CL_0000540,neuron
anterior horn motor neuron,http://purl.obolibrary.org/obo/CL_2000048,true,http://purl.obolibrary.org/obo/CL_0002319,neural cell,http://purl.obolibrary.org/obo/CL_0000540,neuron
primary motor cortex pyramidal cell,http://purl.obolibrary.org/obo/CL_2000049,true,http://purl.obolibrary.org/obo/CL_0002319,neural cell,http://purl.obolibrary.org/obo/CL_0000540,neuron
splenic fibroblast,http://purl.obolibrary.org/obo/CL_2000051,true,http://purl.obolibrary.org/obo/CL_0002320,connective tissue cell,http://purl.obolibrary.org/obo/CL_0000499,stromal cell
umbilical artery endothelial cell,http://purl.obolibrary.org/obo/CL_2000052,true,http://purl.obolibrary.org/obo/CL_0000349,extraembryonic cell,,
splenic endothelial cell,http://purl.obolibrary.org/obo/CL_2000053,true,http://purl.obolibrary.org/obo/CL_0000115,endothelial cell,,
hepatic pit cell,http://purl.obolibrary.org/obo/CL_2000054,true,http://purl.obolibrary.org/obo/CL_0000988,hematopoietic cell,,
liver dendritic cell,http://purl.obolibrary.org/obo/CL_2000055,true,http://purl.obolibrary.org/obo/CL_0000988,hematopoietic cell,http://purl.obolibrary.org/obo/CL_0000451,dendritic cell
Meynert cell,http://purl.obolibrary.org/obo/CL_2000056,true,http://purl.obolibrary.org/obo/CL_0002319,neural cell,http://purl.obolibrary.org/obo/CL_0000540,neuron
femoral osteoblast,http://purl.obolibrary.org/obo/CL_2000057,true,http://purl.obolibrary.org/obo/CL_0001035,bone cell,,
calvarial osteoblast,http://purl.obolibrary.org/obo/CL_2000058,true,http://purl.obolibrary.org/obo/CL_0002320,connective tissue cell,,
prostate gland microvascular endothelial cell,http://purl.obolibrary.org/obo/CL_2000059,true,http://purl.obolibrary.org/obo/CL_0000115,endothelial cell,,
placental villous trophoblast,http://purl.obolibrary.org/obo/CL_2000060,true,http://purl.obolibrary.org/obo/CL_0000349,extraembryonic cell,,
placental amniotic mesenchymal stromal cell,http://purl.obolibrary.org/obo/CL_2000061,true,http://purl.obolibrary.org/obo/CL_0000034,stem cell,,
placental villus capillary endothelial cell,http://purl.obolibrary.org/obo/CL_2000062,true,http://purl.obolibrary.org/obo/CL_0000115,endothelial cell,,
ovarian fibroblast,http://purl.obolibrary.org/obo/CL_2000063,true,http://purl.obolibrary.org/obo/CL_0002320,connective tissue cell,http://purl.obolibrary.org/obo/CL_0000499,stromal cell
ovarian surface epithelial cell,http://purl.obolibrary.org/obo/CL_2000064,true,http://purl.obolibrary.org/obo/CL_0000066,epithelial cell,,
ovarian microvascular endothelial cell,http://purl.obolibrary.org/obo/CL_2000065,true,http://purl.obolibrary.org/obo/CL_0000115,endothelial cell,,
cardiac ventricle fibroblast,http://purl.obolibrary.org/obo/CL_2000066,true,http://purl.obolibrary.org/obo/CL_0002320,connective tissue cell,http://purl.obolibrary.org/obo/CL_0000499,stromal cell
cardiac atrium fibroblast,http://purl.obolibrary.org/obo/CL_2000067,true,http://purl.obolibrary.org/obo/CL_0002320,connective tissue cell,http://purl.obolibrary.org/obo/CL_0000499,stromal cell
pericardium fibroblast,http://purl.obolibrary.org/obo/CL_2000068,true,http://purl.obolibrary.org/obo/CL_0002320,connective tissue cell,http://purl.obolibrary.org/obo/CL_0000499,stromal cell
gallbladder fibroblast,http://purl.obolibrary.org/obo/CL_2000069,true,http://purl.obolibrary.org/obo/CL_0002320,connective tissue cell,http://purl.obolibrary.org/obo/CL_0000499,stromal cell
optic choroid fibroblast,http://purl.obolibrary.org/obo/CL_2000070,true,http://purl.obolibrary.org/obo/CL_0002320,connective tissue cell,http://purl.obolibrary.org/obo/CL_0000499,stromal cell
mammary microvascular endothelial cell,http://purl.obolibrary.org/obo/CL_2000071,true,http://purl.obolibrary.org/obo/CL_0000115,endothelial cell,,
adipose microvascular endothelial cell,http://purl.obolibrary.org/obo/CL_2000072,true,http://purl.obolibrary.org/obo/CL_0002320,connective tissue cell,,
migratory cardiac neural crest cell,http://purl.obolibrary.org/obo/CL_2000073,true,http://purl.obolibrary.org/obo/CL_0000034,stem cell,,
splenocyte,http://purl.obolibrary.org/obo/CL_2000074,true,http://purl.obolibrary.org/obo/CL_0000988,hematopoietic cell,,
hindlimb stylopod vein endothelial cell,http://purl.obolibrary.org/obo/CL_2000076,true,http://purl.obolibrary.org/obo/CL_0000115,endothelial cell,,
skeletal muscle tissue of pectoralis major striated muscle cell,http://purl.obolibrary.org/obo/CL_2000077,true,http://purl.obolibrary.org/obo/CL_0000187,muscle cell,,
placental pericyte,http://purl.obolibrary.org/obo/CL_2000078,true,http://purl.obolibrary.org/obo/CL_0002320,connective tissue cell,,
mesenchymal stem cell of femoral bone marrow,http://purl.obolibrary.org/obo/CL_2000079,true,http://purl.obolibrary.org/obo/CL_0001035,bone cell,,
mesenchymal stem cell of abdominal adipose tissue,http://purl.obolibrary.org/obo/CL_2000080,true,http://purl.obolibrary.org/obo/CL_0002320,connective tissue cell,,
melanocyte of skin of face,http://purl.obolibrary.org/obo/CL_2000081,true,http://purl.obolibrary.org/obo/CL_0000148,melanocyte,,
hair follicle dermal papilla cell of scalp,http://purl.obolibrary.org/obo/CL_2000083,true,http://purl.obolibrary.org/obo/CL_0002320,connective tissue cell,,
conjunctiva goblet cell,http://purl.obolibrary.org/obo/CL_2000084,true,http://purl.obolibrary.org/obo/CL_0000066,epithelial cell,,
mononuclear cell of umbilical cord,http://purl.obolibrary.org/obo/CL_2000085,true,http://purl.obolibrary.org/obo/CL_0000349,extraembryonic cell,,
neocortex basket cell,http://purl.obolibrary.org/obo/CL_2000086,true,http://purl.obolibrary.org/obo/CL_0002319,neural cell,http://purl.obolibrary.org/obo/CL_0000540,neuron
dentate gyrus of hippocampal formation basket cell,http://purl.obolibrary.org/obo/CL_2000087,true,http://purl.obolibrary.org/obo/CL_0002319,neural cell,http://purl.obolibrary.org/obo/CL_0000540,neuron
Ammon's horn basket cell,http://purl.obolibrary.org/obo/CL_2000088,true,http://purl.obolibrary.org/obo/CL_0002319,neural cell,http://purl.obolibrary.org/obo/CL_0000540,neuron
dentate gyrus granule cell,http://purl.obolibrary.org/obo/CL_2000089,true,http://purl.obolibrary.org/obo/CL_0002319,neural cell,http://purl.obolibrary.org/obo/CL_0000540,neuron
dentate gyrus of hippocampal formation stellate cell,http://purl.obolibrary.org/obo/CL_2000090,true,http://purl.obolibrary.org/obo/CL_0002319,neural cell,http://purl.obolibrary.org/obo/CL_0000540,neuron
endometrial microvascular endothelial cell,http://purl.obolibrary.org/obo/CL_2000091,true,http://purl.obolibrary.org/obo/CL_0000115,endothelial cell,,
hair follicular keratinocyte,http://purl.obolibrary.org/obo/CL_2000092,true,http://purl.obolibrary.org/obo/CL_0000066,epithelial cell,,
bronchus fibroblast of lung,http://purl.obolibrary.org/obo/CL_2000093,true,http://purl.obolibrary.org/obo/CL_0002320,connective tissue cell,http://purl.obolibrary.org/obo/CL_0000499,stromal cell
nasal cavity respiratory epithelium epithelial cell of viscerocranial mucosa,http://purl.obolibrary.org/obo/CL_2000094,true,http://purl.obolibrary.org/obo/CL_0000066,epithelial cell,,
cord blood hematopoietic stem cell,http://purl.obolibrary.org/obo/CL_2000095,true,http://purl.obolibrary.org/obo/CL_0000034,stem cell,,
fibroblast of the reticular layer of dermis,http://purl.obolibrary.org/obo/CL_2000096,true,http://purl.obolibrary.org/obo/CL_0002320,connective tissue cell,http://purl.obolibrary.org/obo/CL_0000499,stromal cell
midbrain dopaminergic neuron,http://purl.obolibrary.org/obo/CL_2000097,true,http://purl.obolibrary.org/obo/CL_0002319,neural cell,http://purl.obolibrary.org/obo/CL_0000540,neuron
ciliated epithelial cell of esophagus,http://purl.obolibrary.org/obo/CL_3000000,true,http://purl.obolibrary.org/obo/CL_0000066,epithelial cell,,
Hofbauer cell,http://purl.obolibrary.org/obo/CL_3000001,true,http://purl.obolibrary.org/obo/CL_0000988,hematopoietic cell,http://purl.obolibrary.org/obo/CL_0000235,macrophage
sympathetic noradrenergic neuron,http://purl.obolibrary.org/obo/CL_3000002,true,http://purl.obolibrary.org/obo/CL_0002319,neural cell,http://purl.obolibrary.org/obo/CL_0000540,neuron
sympathetic cholinergic neuron,http://purl.obolibrary.org/obo/CL_3000003,true,http://purl.obolibrary.org/obo/CL_0002319,neural cell,http://purl.obolibrary.org/obo/CL_0000540,neuron
peripheral sensory neuron,http://purl.obolibrary.org/obo/CL_3000004,true,http://purl.obolibrary.org/obo/CL_0002319,neural cell,http://purl.obolibrary.org/obo/CL_0000540,neuron
fibroblast of breast,http://purl.obolibrary.org/obo/CL_4006000,true,http://purl.obolibrary.org/obo/CL_0002320,connective tissue cell,http://purl.obolibrary.org/obo/CL_0000499,stromal cell
fibroblast of skin of scalp,http://purl.obolibrary.org/obo/CL_4006001,true,http://purl.obolibrary.org/obo/CL_0002320,connective tissue cell,http://purl.obolibrary.org/obo/CL_0000499,stromal cell
beta motor neuron,http://purl.obolibrary.org/obo/CL_4023000,true,http://purl.obolibrary.org/obo/CL_0002319,neural cell,http://purl.obolibrary.org/obo/CL_0000540,neuron
static beta motor neuron,http://purl.obolibrary.org/obo/CL_4023001,true,http://purl.obolibrary.org/obo/CL_0002319,neural cell,http://purl.obolibrary.org/obo/CL_0000540,neuron
dynamic beta motor neuron,http://purl.obolibrary.org/obo/CL_4023002,true,http://purl.obolibrary.org/obo/CL_0002319,neural cell,http://purl.obolibrary.org/obo/CL_0000540,neuron
nuclear chain fiber,http://purl.obolibrary.org/obo/CL_4023003,true,http://purl.obolibrary.org/obo/CL_0002319,neural cell,,
nuclear bag fiber,http://purl.obolibrary.org/obo/CL_4023004,true,http://purl.obolibrary.org/obo/CL_0002319,neural cell,,
dynamic nuclear bag fiber,http://purl.obolibrary.org/obo/CL_4023005,true,http://purl.obolibrary.org/obo/CL_0002319,neural cell,,
static nuclear bag fiber,http://purl.obolibrary.org/obo/CL_4023006,true,http://purl.obolibrary.org/obo/CL_0002319,neural cell,,
L2/3 bipolar VIP GABAergic interneuron (Mmus),http://purl.obolibrary.org/obo/CL_4023007,true,http://purl.obolibrary.org/obo/CL_0002319,neural cell,http://purl.obolibrary.org/obo/CL_0000540,neuron
intratelencephalic-projecting glutamatergic cortical neuron,http://purl.obolibrary.org/obo/CL_4023008,true,http://purl.obolibrary.org/obo/CL_0002319,neural cell,http://purl.obolibrary.org/obo/CL_0000540,neuron
extratelencephalic-projecting glutamatergic cortical neuron,http://purl.obolibrary.org/obo/CL_4023009,true,http://purl.obolibrary.org/obo/CL_0002319,neural cell,http://purl.obolibrary.org/obo/CL_0000540,neuron
alpha7 GABAergic cortical interneuron (Mmus),http://purl.obolibrary.org/obo/CL_4023010,true,http://purl.obolibrary.org/obo/CL_0002319,neural cell,http://purl.obolibrary.org/obo/CL_0000540,neuron
lamp5 GABAergic cortical interneuron,http://purl.obolibrary.org/obo/CL_4023011,true,http://purl.obolibrary.org/obo/CL_0002319,neural cell,http://purl.obolibrary.org/obo/CL_0000540,neuron
near-projecting glutamatergic cortical neuron,http://purl.obolibrary.org/obo/CL_4023012,true,http://purl.obolibrary.org/obo/CL_0002319,neural cell,http://purl.obolibrary.org/obo/CL_0000540,neuron
corticothalamic-projecting glutamatergic cortical neuron,http://purl.obolibrary.org/obo/CL_4023013,true,http://purl.obolibrary.org/obo/CL_0002319,neural cell,http://purl.obolibrary.org/obo/CL_0000540,neuron
L5 VIP GABAergic interneuron (Mmus),http://purl.obolibrary.org/obo/CL_4023014,true,http://purl.obolibrary.org/obo/CL_0002319,neural cell,http://purl.obolibrary.org/obo/CL_0000540,neuron
sncg GABAergic cortical interneuron,http://purl.obolibrary.org/obo/CL_4023015,true,http://purl.obolibrary.org/obo/CL_0002319,neural cell,http://purl.obolibrary.org/obo/CL_0000540,neuron
VIP GABAergic cortical interneuron,http://purl.obolibrary.org/obo/CL_4023016,true,http://purl.obolibrary.org/obo/CL_0002319,neural cell,http://purl.obolibrary.org/obo/CL_0000540,neuron
sst GABAergic cortical interneuron,http://purl.obolibrary.org/obo/CL_4023017,true,http://purl.obolibrary.org/obo/CL_0002319,neural cell,http://purl.obolibrary.org/obo/CL_0000540,neuron
pvalb GABAergic cortical interneuron,http://purl.obolibrary.org/obo/CL_4023018,true,http://purl.obolibrary.org/obo/CL_0002319,neural cell,http://purl.obolibrary.org/obo/CL_0000540,neuron
"L5/6 cck, VIP GABAergic interneuron (Mmus)",http://purl.obolibrary.org/obo/CL_4023019,true,http://purl.obolibrary.org/obo/CL_0002319,neural cell,http://purl.obolibrary.org/obo/CL_0000540,neuron
dynamic gamma motor neuron,http://purl.obolibrary.org/obo/CL_4023020,true,http://purl.obolibrary.org/obo/CL_0002319,neural cell,http://purl.obolibrary.org/obo/CL_0000540,neuron
static gamma motor neuron,http://purl.obolibrary.org/obo/CL_4023021,true,http://purl.obolibrary.org/obo/CL_0002319,neural cell,http://purl.obolibrary.org/obo/CL_0000540,neuron
canopy lamp5 GABAergic cortical interneuron (Mmus),http://purl.obolibrary.org/obo/CL_4023022,true,http://purl.obolibrary.org/obo/CL_0002319,neural cell,http://purl.obolibrary.org/obo/CL_0000540,neuron
"L5,6 neurogliaform lamp5 GABAergic interneuron (Mmus)",http://purl.obolibrary.org/obo/CL_4023023,true,http://purl.obolibrary.org/obo/CL_0002319,neural cell,http://purl.obolibrary.org/obo/CL_0000540,neuron
neurogliaform lamp5 GABAergic cortical interneuron (Mmus),http://purl.obolibrary.org/obo/CL_4023024,true,http://purl.obolibrary.org/obo/CL_0002319,neural cell,http://purl.obolibrary.org/obo/CL_0000540,neuron
long-range projecting sst GABAergic cortical interneuron (Mmus),http://purl.obolibrary.org/obo/CL_4023025,true,http://purl.obolibrary.org/obo/CL_0002319,neural cell,http://purl.obolibrary.org/obo/CL_0000540,neuron
direct pathway medium spiny neuron,http://purl.obolibrary.org/obo/CL_4023026,true,http://purl.obolibrary.org/obo/CL_0002319,neural cell,http://purl.obolibrary.org/obo/CL_0000540,neuron
L5 sst T-Martinotti interneuron (Mmus),http://purl.obolibrary.org/obo/CL_4023027,true,http://purl.obolibrary.org/obo/CL_0002319,neural cell,http://purl.obolibrary.org/obo/CL_0000540,neuron
L5 non-Martinotti sst GABAergic interneuron (Mmus),http://purl.obolibrary.org/obo/CL_4023028,true,http://purl.obolibrary.org/obo/CL_0002319,neural cell,http://purl.obolibrary.org/obo/CL_0000540,neuron
indirect pathway medium spiny neuron,http://purl.obolibrary.org/obo/CL_4023029,true,http://purl.obolibrary.org/obo/CL_0002319,neural cell,http://purl.obolibrary.org/obo/CL_0000540,neuron
L2/3/5 fan Martinotti sst GABAergic interneuron (Mmus),http://purl.obolibrary.org/obo/CL_4023030,true,http://purl.obolibrary.org/obo/CL_0002319,neural cell,http://purl.obolibrary.org/obo/CL_0000540,neuron
L4 sst Martinotti interneuron (Mmus),http://purl.obolibrary.org/obo/CL_4023031,true,http://purl.obolibrary.org/obo/CL_0002319,neural cell,http://purl.obolibrary.org/obo/CL_0000540,neuron
ON retinal ganglion cell,http://purl.obolibrary.org/obo/CL_4023032,true,http://purl.obolibrary.org/obo/CL_0002319,neural cell,http://purl.obolibrary.org/obo/CL_0000540,neuron
OFF retinal ganglion cell,http://purl.obolibrary.org/obo/CL_4023033,true,http://purl.obolibrary.org/obo/CL_0002319,neural cell,http://purl.obolibrary.org/obo/CL_0000540,neuron
lateral ganglionic eminence derived neuron,http://purl.obolibrary.org/obo/CL_4023035,true,http://purl.obolibrary.org/obo/CL_0002319,neural cell,http://purl.obolibrary.org/obo/CL_0000540,neuron
chandelier pvalb GABAergic cortical interneuron,http://purl.obolibrary.org/obo/CL_4023036,true,http://purl.obolibrary.org/obo/CL_0002319,neural cell,http://purl.obolibrary.org/obo/CL_0000540,neuron
L6b glutamatergic cortical neuron,http://purl.obolibrary.org/obo/CL_4023038,true,http://purl.obolibrary.org/obo/CL_0002319,neural cell,http://purl.obolibrary.org/obo/CL_0000540,neuron
amygdala excitatory neuron,http://purl.obolibrary.org/obo/CL_4023039,true,http://purl.obolibrary.org/obo/CL_0002319,neural cell,http://purl.obolibrary.org/obo/CL_0000540,neuron
L2/3-6 intratelencephalic projecting glutamatergic neuron,http://purl.obolibrary.org/obo/CL_4023040,true,http://purl.obolibrary.org/obo/CL_0002319,neural cell,http://purl.obolibrary.org/obo/CL_0000540,neuron
L5 extratelencephalic projecting glutamatergic cortical neuron,http://purl.obolibrary.org/obo/CL_4023041,true,http://purl.obolibrary.org/obo/CL_0002319,neural cell,http://purl.obolibrary.org/obo/CL_0000540,neuron
L6 corticothalamic-projecting glutamatergic cortical neuron,http://purl.obolibrary.org/obo/CL_4023042,true,http://purl.obolibrary.org/obo/CL_0002319,neural cell,http://purl.obolibrary.org/obo/CL_0000540,neuron
L5/6 near-projecting glutamatergic neuron of the primary motor cortex,http://purl.obolibrary.org/obo/CL_4023043,true,http://purl.obolibrary.org/obo/CL_0002319,neural cell,http://purl.obolibrary.org/obo/CL_0000540,neuron
"non-medulla, extratelencephalic-projecting glutamatergic neuron of the primary motor cortex",http://purl.obolibrary.org/obo/CL_4023044,true,http://purl.obolibrary.org/obo/CL_0002319,neural cell,http://purl.obolibrary.org/obo/CL_0000540,neuron
medulla-projecting glutamatergic neuron of the primary motor cortex,http://purl.obolibrary.org/obo/CL_4023045,true,http://purl.obolibrary.org/obo/CL_0002319,neural cell,http://purl.obolibrary.org/obo/CL_0000540,neuron
L6b glutamatergic neuron of the primary motor cortex,http://purl.obolibrary.org/obo/CL_4023046,true,http://purl.obolibrary.org/obo/CL_0002319,neural cell,http://purl.obolibrary.org/obo/CL_0000540,neuron
L2/3 intratelencephalic projecting glutamatergic neuron of the primary motor cortex,http://purl.obolibrary.org/obo/CL_4023047,true,http://purl.obolibrary.org/obo/CL_0002319,neural cell,http://purl.obolibrary.org/obo/CL_0000540,neuron
L4/5 intratelencephalic projecting glutamatergic neuron of the primary motor cortex,http://purl.obolibrary.org/obo/CL_4023048,true,http://purl.obolibrary.org/obo/CL_0002319,neural cell,http://purl.obolibrary.org/obo/CL_0000540,neuron
L5 intratelencephalic projecting glutamatergic neuron of the primary motor cortex,http://purl.obolibrary.org/obo/CL_4023049,true,http://purl.obolibrary.org/obo/CL_0002319,neural cell,http://purl.obolibrary.org/obo/CL_0000540,neuron
L6 intratelencephalic projecting glutamatergic neuron of the primary motor cortex,http://purl.obolibrary.org/obo/CL_4023050,true,http://purl.obolibrary.org/obo/CL_0002319,neural cell,http://purl.obolibrary.org/obo/CL_0000540,neuron
vascular leptomeningeal cell,http://purl.obolibrary.org/obo/CL_4023051,true,http://purl.obolibrary.org/obo/CL_0002320,connective tissue cell,http://purl.obolibrary.org/obo/CL_0000499,stromal cell
Betz upper motor neuron,http://purl.obolibrary.org/obo/CL_4023052,true,http://purl.obolibrary.org/obo/CL_0002319,neural cell,http://purl.obolibrary.org/obo/CL_0000540,neuron
spinal interneuron synapsing Betz cell,http://purl.obolibrary.org/obo/CL_4023053,true,http://purl.obolibrary.org/obo/CL_0002319,neural cell,http://purl.obolibrary.org/obo/CL_0000540,neuron
mesothelial fibroblast,http://purl.obolibrary.org/obo/CL_4023054,true,http://purl.obolibrary.org/obo/CL_0002320,connective tissue cell,http://purl.obolibrary.org/obo/CL_0000499,stromal cell
corticothalamic VAL/VM projecting glutamatergic neuron of the primary motor cortex,http://purl.obolibrary.org/obo/CL_4023055,true,http://purl.obolibrary.org/obo/CL_0002319,neural cell,http://purl.obolibrary.org/obo/CL_0000540,neuron
vascular leptomeningeal cell (Mmus),http://purl.obolibrary.org/obo/CL_4023056,true,http://purl.obolibrary.org/obo/CL_0002320,connective tissue cell,http://purl.obolibrary.org/obo/CL_0000499,stromal cell
cerebellar inhibitory GABAergic interneuron,http://purl.obolibrary.org/obo/CL_4023057,true,http://purl.obolibrary.org/obo/CL_0002319,neural cell,http://purl.obolibrary.org/obo/CL_0000540,neuron
mesothelial fibroblast of the leptomeninx,http://purl.obolibrary.org/obo/CL_4023058,true,http://purl.obolibrary.org/obo/CL_0002320,connective tissue cell,http://purl.obolibrary.org/obo/CL_0000499,stromal cell
differentiation-committed oligodendrocyte precursor,http://purl.obolibrary.org/obo/CL_4023059,true,http://purl.obolibrary.org/obo/CL_0002319,neural cell,,
hippocampal CA1-3 neuron,http://purl.obolibrary.org/obo/CL_4023060,true,http://purl.obolibrary.org/obo/CL_0002319,neural cell,http://purl.obolibrary.org/obo/CL_0000540,neuron
hippocampal CA4 neuron,http://purl.obolibrary.org/obo/CL_4023061,true,http://purl.obolibrary.org/obo/CL_0002319,neural cell,http://purl.obolibrary.org/obo/CL_0000540,neuron
dentate gyrus neuron,http://purl.obolibrary.org/obo/CL_4023062,true,http://purl.obolibrary.org/obo/CL_0002319,neural cell,http://purl.obolibrary.org/obo/CL_0000540,neuron
medial ganglionic eminence derived interneuron,http://purl.obolibrary.org/obo/CL_4023063,true,http://purl.obolibrary.org/obo/CL_0002319,neural cell,http://purl.obolibrary.org/obo/CL_0000540,neuron
caudal ganglionic eminence derived cortical interneuron,http://purl.obolibrary.org/obo/CL_4023064,true,http://purl.obolibrary.org/obo/CL_0002319,neural cell,http://purl.obolibrary.org/obo/CL_0000540,neuron
meis2 expressing cortical GABAergic cell,http://purl.obolibrary.org/obo/CL_4023065,true,http://purl.obolibrary.org/obo/CL_0002319,neural cell,http://purl.obolibrary.org/obo/CL_0000540,neuron
horizontal pyramidal neuron,http://purl.obolibrary.org/obo/CL_4023066,true,http://purl.obolibrary.org/obo/CL_0002319,neural cell,http://purl.obolibrary.org/obo/CL_0000540,neuron
thalamic excitatory neuron,http://purl.obolibrary.org/obo/CL_4023068,true,http://purl.obolibrary.org/obo/CL_0002319,neural cell,http://purl.obolibrary.org/obo/CL_0000540,neuron
medial ganglionic eminence derived GABAergic cortical interneuron,http://purl.obolibrary.org/obo/CL_4023069,true,http://purl.obolibrary.org/obo/CL_0002319,neural cell,http://purl.obolibrary.org/obo/CL_0000540,neuron
L5/6 cck GABAergic interneuron (Mmus),http://purl.obolibrary.org/obo/CL_4023071,true,http://purl.obolibrary.org/obo/CL_0002319,neural cell,http://purl.obolibrary.org/obo/CL_0000540,neuron
brain vascular cell,http://purl.obolibrary.org/obo/CL_4023072,true,http://purl.obolibrary.org/obo/CL_0002319,neural cell,,
mammillary body neuron,http://purl.obolibrary.org/obo/CL_4023074,true,http://purl.obolibrary.org/obo/CL_0002319,neural cell,http://purl.obolibrary.org/obo/CL_0000540,neuron
L6 th sst GABAergic interneuron (Mmus),http://purl.obolibrary.org/obo/CL_4023075,true,http://purl.obolibrary.org/obo/CL_0002319,neural cell,http://purl.obolibrary.org/obo/CL_0000540,neuron
Martinotti neuron,http://purl.obolibrary.org/obo/CL_4023076,true,http://purl.obolibrary.org/obo/CL_0002319,neural cell,http://purl.obolibrary.org/obo/CL_0000540,neuron
bitufted neuron,http://purl.obolibrary.org/obo/CL_4023077,true,http://purl.obolibrary.org/obo/CL_0002319,neural cell,http://purl.obolibrary.org/obo/CL_0000540,neuron
midbrain-derived inhibitory neuron,http://purl.obolibrary.org/obo/CL_4023079,true,http://purl.obolibrary.org/obo/CL_0002319,neural cell,http://purl.obolibrary.org/obo/CL_0000540,neuron
stellate L6 intratelencephalic projecting glutamatergic neuron of the primary motor cortex (Mmus),http://purl.obolibrary.org/obo/CL_4023080,true,http://purl.obolibrary.org/obo/CL_0002319,neural cell,http://purl.obolibrary.org/obo/CL_0000540,neuron
inverted L6 intratelencephalic projecting glutamatergic neuron of the primary motor cortex (Mmus),http://purl.obolibrary.org/obo/CL_4023081,true,http://purl.obolibrary.org/obo/CL_0002319,neural cell,http://purl.obolibrary.org/obo/CL_0000540,neuron
chandelier cell,http://purl.obolibrary.org/obo/CL_4023083,true,http://purl.obolibrary.org/obo/CL_0002319,neural cell,http://purl.obolibrary.org/obo/CL_0000540,neuron
T Martinotti neuron,http://purl.obolibrary.org/obo/CL_4023086,true,http://purl.obolibrary.org/obo/CL_0002319,neural cell,http://purl.obolibrary.org/obo/CL_0000540,neuron
fan Martinotti neuron,http://purl.obolibrary.org/obo/CL_4023087,true,http://purl.obolibrary.org/obo/CL_0002319,neural cell,http://purl.obolibrary.org/obo/CL_0000540,neuron
large basket cell,http://purl.obolibrary.org/obo/CL_4023088,true,http://purl.obolibrary.org/obo/CL_0002319,neural cell,http://purl.obolibrary.org/obo/CL_0000540,neuron
nest basket cell,http://purl.obolibrary.org/obo/CL_4023089,true,http://purl.obolibrary.org/obo/CL_0002319,neural cell,http://purl.obolibrary.org/obo/CL_0000540,neuron
small basket cell,http://purl.obolibrary.org/obo/CL_4023090,true,http://purl.obolibrary.org/obo/CL_0002319,neural cell,http://purl.obolibrary.org/obo/CL_0000540,neuron
inverted pyramidal neuron,http://purl.obolibrary.org/obo/CL_4023092,true,http://purl.obolibrary.org/obo/CL_0002319,neural cell,http://purl.obolibrary.org/obo/CL_0000540,neuron
stellate pyramidal neuron,http://purl.obolibrary.org/obo/CL_4023093,true,http://purl.obolibrary.org/obo/CL_0002319,neural cell,http://purl.obolibrary.org/obo/CL_0000540,neuron
tufted pyramidal neuron,http://purl.obolibrary.org/obo/CL_4023094,true,http://purl.obolibrary.org/obo/CL_0002319,neural cell,http://purl.obolibrary.org/obo/CL_0000540,neuron
untufted pyramidal neuron,http://purl.obolibrary.org/obo/CL_4023095,true,http://purl.obolibrary.org/obo/CL_0002319,neural cell,http://purl.obolibrary.org/obo/CL_0000540,neuron
arachnoid barrier cell,http://purl.obolibrary.org/obo/CL_4023097,true,http://purl.obolibrary.org/obo/CL_0002320,connective tissue cell,http://purl.obolibrary.org/obo/CL_0000499,stromal cell
reticulospinal neuron,http://purl.obolibrary.org/obo/CL_4023107,true,http://purl.obolibrary.org/obo/CL_0002319,neural cell,http://purl.obolibrary.org/obo/CL_0000540,neuron
oxytocin-secreting magnocellular cell,http://purl.obolibrary.org/obo/CL_4023108,true,http://purl.obolibrary.org/obo/CL_0002319,neural cell,http://purl.obolibrary.org/obo/CL_0000540,neuron
vasopressin-secreting magnocellular cell,http://purl.obolibrary.org/obo/CL_4023109,true,http://purl.obolibrary.org/obo/CL_0002319,neural cell,http://purl.obolibrary.org/obo/CL_0000540,neuron
amygdala pyramidal neuron,http://purl.obolibrary.org/obo/CL_4023110,true,http://purl.obolibrary.org/obo/CL_0002319,neural cell,http://purl.obolibrary.org/obo/CL_0000540,neuron
cerebral cortex pyramidal neuron,http://purl.obolibrary.org/obo/CL_4023111,true,http://purl.obolibrary.org/obo/CL_0002319,neural cell,http://purl.obolibrary.org/obo/CL_0000540,neuron
vestibular afferent neuron,http://purl.obolibrary.org/obo/CL_4023112,true,http://purl.obolibrary.org/obo/CL_0002319,neural cell,http://purl.obolibrary.org/obo/CL_0000540,neuron
bouton vestibular afferent neuron,http://purl.obolibrary.org/obo/CL_4023113,true,http://purl.obolibrary.org/obo/CL_0002319,neural cell,http://purl.obolibrary.org/obo/CL_0000540,neuron
calyx vestibular afferent neuron,http://purl.obolibrary.org/obo/CL_4023114,true,http://purl.obolibrary.org/obo/CL_0002319,neural cell,http://purl.obolibrary.org/obo/CL_0000540,neuron
type 1 spiral ganglion neuron,http://purl.obolibrary.org/obo/CL_4023115,true,http://purl.obolibrary.org/obo/CL_0002319,neural cell,http://purl.obolibrary.org/obo/CL_0000540,neuron
type 2 spiral ganglion neuron,http://purl.obolibrary.org/obo/CL_4023116,true,http://purl.obolibrary.org/obo/CL_0002319,neural cell,http://purl.obolibrary.org/obo/CL_0000540,neuron
L5/6 non-Martinotti sst GABAergic interneuron (Mmus),http://purl.obolibrary.org/obo/CL_4023118,true,http://purl.obolibrary.org/obo/CL_0002319,neural cell,http://purl.obolibrary.org/obo/CL_0000540,neuron
displaced amacrine cell,http://purl.obolibrary.org/obo/CL_4023119,true,http://purl.obolibrary.org/obo/CL_0002319,neural cell,http://purl.obolibrary.org/obo/CL_0000540,neuron
cochlea auditory hair cell,http://purl.obolibrary.org/obo/CL_4023120,true,http://purl.obolibrary.org/obo/CL_0002319,neural cell,http://purl.obolibrary.org/obo/CL_0000540,neuron
sst chodl GABAergic cortical interneuron,http://purl.obolibrary.org/obo/CL_4023121,true,http://purl.obolibrary.org/obo/CL_0002319,neural cell,http://purl.obolibrary.org/obo/CL_0000540,neuron
oxytocin receptor sst GABAergic cortical interneuron,http://purl.obolibrary.org/obo/CL_4023122,true,http://purl.obolibrary.org/obo/CL_0002319,neural cell,http://purl.obolibrary.org/obo/CL_0000540,neuron
hypothalamus kisspeptin neuron,http://purl.obolibrary.org/obo/CL_4023123,true,http://purl.obolibrary.org/obo/CL_0002319,neural cell,http://purl.obolibrary.org/obo/CL_0000540,neuron
dentate gyrus kisspeptin neuron,http://purl.obolibrary.org/obo/CL_4023124,true,http://purl.obolibrary.org/obo/CL_0002319,neural cell,http://purl.obolibrary.org/obo/CL_0000540,neuron
KNDy neuron,http://purl.obolibrary.org/obo/CL_4023125,true,http://purl.obolibrary.org/obo/CL_0002319,neural cell,http://purl.obolibrary.org/obo/CL_0000540,neuron
arcuate nucleus of hypothalamus KNDy neuron,http://purl.obolibrary.org/obo/CL_4023127,true,http://purl.obolibrary.org/obo/CL_0002319,neural cell,http://purl.obolibrary.org/obo/CL_0000540,neuron
rostral periventricular region of the third ventricle KNDy neuron,http://purl.obolibrary.org/obo/CL_4023128,true,http://purl.obolibrary.org/obo/CL_0002319,neural cell,http://purl.obolibrary.org/obo/CL_0000540,neuron
retinoblast,http://purl.obolibrary.org/obo/CL_4023129,true,http://purl.obolibrary.org/obo/CL_0002319,neural cell,,
kisspeptin neuron,http://purl.obolibrary.org/obo/CL_4023130,true,http://purl.obolibrary.org/obo/CL_0002319,neural cell,http://purl.obolibrary.org/obo/CL_0000540,neuron
myelinating glial cell,http://purl.obolibrary.org/obo/CL_4023154,true,http://purl.obolibrary.org/obo/CL_0002319,neural cell,http://purl.obolibrary.org/obo/CL_0000125,glial cell
octopus cell of the mammalian cochlear nucleus,http://purl.obolibrary.org/obo/CL_4023158,true,http://purl.obolibrary.org/obo/CL_0002319,neural cell,http://purl.obolibrary.org/obo/CL_0000540,neuron
double bouquet cell,http://purl.obolibrary.org/obo/CL_4023159,true,http://purl.obolibrary.org/obo/CL_0002319,neural cell,http://purl.obolibrary.org/obo/CL_0000540,neuron
cartwheel cell,http://purl.obolibrary.org/obo/CL_4023160,true,http://purl.obolibrary.org/obo/CL_0002319,neural cell,http://purl.obolibrary.org/obo/CL_0000540,neuron
unipolar brush cell,http://purl.obolibrary.org/obo/CL_4023161,true,http://purl.obolibrary.org/obo/CL_0002319,neural cell,http://purl.obolibrary.org/obo/CL_0000540,neuron
bushy cell,http://purl.obolibrary.org/obo/CL_4023162,true,http://purl.obolibrary.org/obo/CL_0002319,neural cell,http://purl.obolibrary.org/obo/CL_0000540,neuron
spherical bushy cell,http://purl.obolibrary.org/obo/CL_4023163,true,http://purl.obolibrary.org/obo/CL_0002319,neural cell,http://purl.obolibrary.org/obo/CL_0000540,neuron
globular bushy cell,http://purl.obolibrary.org/obo/CL_4023164,true,http://purl.obolibrary.org/obo/CL_0002319,neural cell,http://purl.obolibrary.org/obo/CL_0000540,neuron
somatosensory neuron,http://purl.obolibrary.org/obo/CL_4023168,true,http://purl.obolibrary.org/obo/CL_0002319,neural cell,http://purl.obolibrary.org/obo/CL_0000540,neuron
trigeminal neuron,http://purl.obolibrary.org/obo/CL_4023169,true,http://purl.obolibrary.org/obo/CL_0002319,neural cell,http://purl.obolibrary.org/obo/CL_0000540,neuron
trigeminal sensory neuron,http://purl.obolibrary.org/obo/CL_4023170,true,http://purl.obolibrary.org/obo/CL_0002319,neural cell,http://purl.obolibrary.org/obo/CL_0000540,neuron
trigeminal motor neuron,http://purl.obolibrary.org/obo/CL_4023171,true,http://purl.obolibrary.org/obo/CL_0002319,neural cell,http://purl.obolibrary.org/obo/CL_0000540,neuron
hypendymal cell,http://purl.obolibrary.org/obo/CL_4023181,true,http://purl.obolibrary.org/obo/CL_0000066,epithelial cell,,
koniocellular cell,http://purl.obolibrary.org/obo/CL_4023187,true,http://purl.obolibrary.org/obo/CL_0002319,neural cell,http://purl.obolibrary.org/obo/CL_0000540,neuron
midget ganglion cell of retina,http://purl.obolibrary.org/obo/CL_4023188,true,http://purl.obolibrary.org/obo/CL_0002319,neural cell,http://purl.obolibrary.org/obo/CL_0000540,neuron
parasol ganglion cell of retina,http://purl.obolibrary.org/obo/CL_4023189,true,http://purl.obolibrary.org/obo/CL_0002319,neural cell,http://purl.obolibrary.org/obo/CL_0000540,neuron
pulmonary capillary endothelial cell,http://purl.obolibrary.org/obo/CL_4028001,true,http://purl.obolibrary.org/obo/CL_0000115,endothelial cell,,
alveolar capillary type 1 endothelial cell,http://purl.obolibrary.org/obo/CL_4028002,true,http://purl.obolibrary.org/obo/CL_0000115,endothelial cell,,
alveolar capillary type 2 endothelial cell,http://purl.obolibrary.org/obo/CL_4028003,true,http://purl.obolibrary.org/obo/CL_0000115,endothelial cell,,
alveolar type 1 fibroblast cell,http://purl.obolibrary.org/obo/CL_4028004,true,http://purl.obolibrary.org/obo/CL_0002320,connective tissue cell,http://purl.obolibrary.org/obo/CL_0000499,stromal cell
alveolar adventitial fibroblast,http://purl.obolibrary.org/obo/CL_4028006,true,http://purl.obolibrary.org/obo/CL_0002320,connective tissue cell,http://purl.obolibrary.org/obo/CL_0000499,stromal cell
germline-derived nurse cell,http://purl.obolibrary.org/obo/CL_4029002,true,http://purl.obolibrary.org/obo/CL_0000039,germ line cell,,
choroidal melanocyte,http://purl.obolibrary.org/obo/CL_4030000,true,http://purl.obolibrary.org/obo/CL_0000148,melanocyte,,
stromal cell of thymus,http://purl.obolibrary.org/obo/CL_4030001,true,http://purl.obolibrary.org/obo/CL_0002320,connective tissue cell,http://purl.obolibrary.org/obo/CL_0000499,stromal cell
"effector memory CD45RA-positive, alpha-beta T cell, terminally differentiated",http://purl.obolibrary.org/obo/CL_4030002,true,http://purl.obolibrary.org/obo/CL_0000988,hematopoietic cell,http://purl.obolibrary.org/obo/CL_0000084,T cell
interstitial cell of thymus,http://purl.obolibrary.org/obo/CL_4030003,true,http://purl.obolibrary.org/obo/CL_0002320,connective tissue cell,http://purl.obolibrary.org/obo/CL_0000499,stromal cell
thymic nurse cell,http://purl.obolibrary.org/obo/CL_4030004,true,http://purl.obolibrary.org/obo/CL_0000066,epithelial cell,,
kidney collecting duct beta-intercalated cell,http://purl.obolibrary.org/obo/CL_4030005,true,http://purl.obolibrary.org/obo/CL_0000066,epithelial cell,,
fallopian tube secretory epithelial cell,http://purl.obolibrary.org/obo/CL_4030006,true,http://purl.obolibrary.org/obo/CL_0000066,epithelial cell,,
fallopian tube multiciliated epithelial cell,http://purl.obolibrary.org/obo/CL_4030007,true,http://purl.obolibrary.org/obo/CL_0000066,epithelial cell,,
pronephric podocyte,http://purl.obolibrary.org/obo/CL_4030008,true,http://purl.obolibrary.org/obo/CL_0000066,epithelial cell,,
epithelial cell of proximal tubule segment 1,http://purl.obolibrary.org/obo/CL_4030009,true,http://purl.obolibrary.org/obo/CL_0000066,epithelial cell,,
epithelial cell of proximal tubule segment 2,http://purl.obolibrary.org/obo/CL_4030010,true,http://purl.obolibrary.org/obo/CL_0000066,epithelial cell,,
epithelial cell of proximal tubule segment 3,http://purl.obolibrary.org/obo/CL_4030011,true,http://purl.obolibrary.org/obo/CL_0000066,epithelial cell,,
kidney loop of Henle short descending thin limb epithelial cell,http://purl.obolibrary.org/obo/CL_4030012,true,http://purl.obolibrary.org/obo/CL_0000066,epithelial cell,,
kidney loop of Henle long descending thin limb outer medulla epithelial cell,http://purl.obolibrary.org/obo/CL_4030013,true,http://purl.obolibrary.org/obo/CL_0000066,epithelial cell,,
kidney loop of Henle long descending thin limb inner medulla epithelial cell,http://purl.obolibrary.org/obo/CL_4030014,true,http://purl.obolibrary.org/obo/CL_0000066,epithelial cell,,
kidney collecting duct alpha-intercalated cell,http://purl.obolibrary.org/obo/CL_4030015,true,http://purl.obolibrary.org/obo/CL_0000066,epithelial cell,,
epithelial cell of early distal convoluted tubule,http://purl.obolibrary.org/obo/CL_4030016,true,http://purl.obolibrary.org/obo/CL_0000066,epithelial cell,,
epithelial cell of late distal convoluted tubule,http://purl.obolibrary.org/obo/CL_4030017,true,http://purl.obolibrary.org/obo/CL_0000066,epithelial cell,,
kidney connecting tubule principal cell,http://purl.obolibrary.org/obo/CL_4030018,true,http://purl.obolibrary.org/obo/CL_0000066,epithelial cell,,
kidney connecting tubule intercalated cell,http://purl.obolibrary.org/obo/CL_4030019,true,http://purl.obolibrary.org/obo/CL_0000066,epithelial cell,,
kidney connecting tubule alpha-intercalated cell,http://purl.obolibrary.org/obo/CL_4030020,true,http://purl.obolibrary.org/obo/CL_0000066,epithelial cell,,
kidney connecting tubule beta-intercalated cell,http://purl.obolibrary.org/obo/CL_4030021,true,http://purl.obolibrary.org/obo/CL_0000066,epithelial cell,,
renal medullary fibroblast,http://purl.obolibrary.org/obo/CL_4030022,true,http://purl.obolibrary.org/obo/CL_0002320,connective tissue cell,http://purl.obolibrary.org/obo/CL_0000499,stromal cell
respiratory tract hillock cell,http://purl.obolibrary.org/obo/CL_4030023,true,http://purl.obolibrary.org/obo/CL_0000066,epithelial cell,,
hillock cell,http://purl.obolibrary.org/obo/CL_4030024,true,http://purl.obolibrary.org/obo/CL_0000066,epithelial cell,,
renal cortical fibroblast,http://purl.obolibrary.org/obo/CL_4030025,true,http://purl.obolibrary.org/obo/CL_0002320,connective tissue cell,http://purl.obolibrary.org/obo/CL_0000499,stromal cell
BEST4+ enterocyte,http://purl.obolibrary.org/obo/CL_4030026,true,http://purl.obolibrary.org/obo/CL_0000066,epithelial cell,,
GABAergic amacrine cell,http://purl.obolibrary.org/obo/CL_4030027,true,http://purl.obolibrary.org/obo/CL_0002319,neural cell,http://purl.obolibrary.org/obo/CL_0000540,neuron
glycinergic amacrine cell,http://purl.obolibrary.org/obo/CL_4030028,true,http://purl.obolibrary.org/obo/CL_0002319,neural cell,http://purl.obolibrary.org/obo/CL_0000540,neuron
blood lymphocyte,http://purl.obolibrary.org/obo/CL_4030029,true,http://purl.obolibrary.org/obo/CL_0000988,hematopoietic cell,,
peripheral blood lymphocyte,http://purl.obolibrary.org/obo/CL_4030030,true,http://purl.obolibrary.org/obo/CL_0000988,hematopoietic cell,,
valve endothelial cell,http://purl.obolibrary.org/obo/CL_4030033,true,http://purl.obolibrary.org/obo/CL_0000115,endothelial cell,,
respiratory tract multiciliated cell,http://purl.obolibrary.org/obo/CL_4030034,true,http://purl.obolibrary.org/obo/CL_0000066,epithelial cell,,
dental pulp stem cell,http://purl.obolibrary.org/obo/CL_4030035,true,http://purl.obolibrary.org/obo/CL_0000034,stem cell,,
early spermatid,http://purl.obolibrary.org/obo/CL_4030036,true,http://purl.obolibrary.org/obo/CL_0000039,germ line cell,,
late spermatid,http://purl.obolibrary.org/obo/CL_4030037,true,http://purl.obolibrary.org/obo/CL_0000039,germ line cell,,
"CD24-positive, CD-133-positive, vimentin-positive proximal tubular cell",http://purl.obolibrary.org/obo/CL_4030038,true,http://purl.obolibrary.org/obo/CL_0000066,epithelial cell,,
von Economo neuron,http://purl.obolibrary.org/obo/CL_4030039,true,http://purl.obolibrary.org/obo/CL_0002319,neural cell,http://purl.obolibrary.org/obo/CL_0000540,neuron
endometrial multiciliated epithelial cell,http://purl.obolibrary.org/obo/CL_4030040,true,http://purl.obolibrary.org/obo/CL_0000066,epithelial cell,,
luminal endometrial multiciliated epithelial cell,http://purl.obolibrary.org/obo/CL_4030041,true,http://purl.obolibrary.org/obo/CL_0000066,epithelial cell,,
glandular endometrial multiciliated epithelial cell,http://purl.obolibrary.org/obo/CL_4030042,true,http://purl.obolibrary.org/obo/CL_0000066,epithelial cell,,
matrix D1 medium spiny neuron,http://purl.obolibrary.org/obo/CL_4030043,true,http://purl.obolibrary.org/obo/CL_0002319,neural cell,http://purl.obolibrary.org/obo/CL_0000540,neuron
matrix D2 medium spiny neuron,http://purl.obolibrary.org/obo/CL_4030047,true,http://purl.obolibrary.org/obo/CL_0002319,neural cell,http://purl.obolibrary.org/obo/CL_0000540,neuron
striosomal D1 medium spiny neuron,http://purl.obolibrary.org/obo/CL_4030048,true,http://purl.obolibrary.org/obo/CL_0002319,neural cell,http://purl.obolibrary.org/obo/CL_0000540,neuron
striosomal D2 medium spiny neuron,http://purl.obolibrary.org/obo/CL_4030049,true,http://purl.obolibrary.org/obo/CL_0002319,neural cell,http://purl.obolibrary.org/obo/CL_0000540,neuron
D1/D2-hybrid medium spiny neuron,http://purl.obolibrary.org/obo/CL_4030050,true,http://purl.obolibrary.org/obo/CL_0002319,neural cell,http://purl.obolibrary.org/obo/CL_0000540,neuron
nucleus accumbens shell and olfactory tubercle D1 medium spiny neuron,http://purl.obolibrary.org/obo/CL_4030051,true,http://purl.obolibrary.org/obo/CL_0002319,neural cell,http://purl.obolibrary.org/obo/CL_0000540,neuron
nucleus accumbens shell and olfactory tubercle D2 medium spiny neuron,http://purl.obolibrary.org/obo/CL_4030052,true,http://purl.obolibrary.org/obo/CL_0002319,neural cell,http://purl.obolibrary.org/obo/CL_0000540,neuron
Island of Calleja granule cell,http://purl.obolibrary.org/obo/CL_4030053,true,http://purl.obolibrary.org/obo/CL_0002319,neural cell,http://purl.obolibrary.org/obo/CL_0000540,neuron
RXFP1-positive interface island D1-medium spiny neuron,http://purl.obolibrary.org/obo/CL_4030054,true,http://purl.obolibrary.org/obo/CL_0002319,neural cell,http://purl.obolibrary.org/obo/CL_0000540,neuron
intermediate cell of urothelium,http://purl.obolibrary.org/obo/CL_4030055,true,http://purl.obolibrary.org/obo/CL_0000066,epithelial cell,,
umbrella cell of urothelium,http://purl.obolibrary.org/obo/CL_4030056,true,http://purl.obolibrary.org/obo/CL_0000066,epithelial cell,,
eccentric medium spiny neuron,http://purl.obolibrary.org/obo/CL_4030057,true,http://purl.obolibrary.org/obo/CL_0002319,neural cell,http://purl.obolibrary.org/obo/CL_0000540,neuron
TCR-positive macrophage,http://purl.obolibrary.org/obo/CL_4030058,true,http://purl.obolibrary.org/obo/CL_0000988,hematopoietic cell,http://purl.obolibrary.org/obo/CL_0000235,macrophage
L2/3 intratelencephalic projecting glutamatergic neuron,http://purl.obolibrary.org/obo/CL_4030059,true,http://purl.obolibrary.org/obo/CL_0002319,neural cell,http://purl.obolibrary.org/obo/CL_0000540,neuron
L2 intratelencephalic projecting glutamatergic neuron,http://purl.obolibrary.org/obo/CL_4030060,true,http://purl.obolibrary.org/obo/CL_0002319,neural cell,http://purl.obolibrary.org/obo/CL_0000540,neuron
L3 intratelencephalic projecting glutamatergic neuron,http://purl.obolibrary.org/obo/CL_4030061,true,http://purl.obolibrary.org/obo/CL_0002319,neural cell,http://purl.obolibrary.org/obo/CL_0000540,neuron
L4/5 intratelencephalic projecting glutamatergic neuron,http://purl.obolibrary.org/obo/CL_4030062,true,http://purl.obolibrary.org/obo/CL_0002319,neural cell,http://purl.obolibrary.org/obo/CL_0000540,neuron
L4 intratelencephalic projecting glutamatergic neuron,http://purl.obolibrary.org/obo/CL_4030063,true,http://purl.obolibrary.org/obo/CL_0002319,neural cell,http://purl.obolibrary.org/obo/CL_0000540,neuron
L5 intratelencephalic projecting glutamatergic neuron,http://purl.obolibrary.org/obo/CL_4030064,true,http://purl.obolibrary.org/obo/CL_0002319,neural cell,http://purl.obolibrary.org/obo/CL_0000540,neuron
L6 intratelencephalic projecting glutamatergic neuron,http://purl.obolibrary.org/obo/CL_4030065,true,http://purl.obolibrary.org/obo/CL_0002319,neural cell,http://purl.obolibrary.org/obo/CL_0000540,neuron
ureteric bud cell,http://purl.obolibrary.org/obo/CL_4030066,true,http://purl.obolibrary.org/obo/CL_0000066,epithelial cell,,
L5/6 near-projecting glutamatergic neuron,http://purl.obolibrary.org/obo/CL_4030067,true,http://purl.obolibrary.org/obo/CL_0002319,neural cell,http://purl.obolibrary.org/obo/CL_0000540,neuron
L6 intratelencephalic projecting Car3 glutamatergic neuron,http://purl.obolibrary.org/obo/CL_4030068,true,http://purl.obolibrary.org/obo/CL_0002319,neural cell,http://purl.obolibrary.org/obo/CL_0000540,neuron
club-like cell of the urethral epithelium,http://purl.obolibrary.org/obo/CL_4032000,true,http://purl.obolibrary.org/obo/CL_0000066,epithelial cell,,
reelin GABAergic cortical interneuron,http://purl.obolibrary.org/obo/CL_4032001,true,http://purl.obolibrary.org/obo/CL_0002319,neural cell,http://purl.obolibrary.org/obo/CL_0000540,neuron
endothelial cell of venule of lymph node,http://purl.obolibrary.org/obo/CL_4033000,true,http://purl.obolibrary.org/obo/CL_0000115,endothelial cell,,
endothelial cell of arteriole of lymph node,http://purl.obolibrary.org/obo/CL_4033001,true,http://purl.obolibrary.org/obo/CL_0000115,endothelial cell,,
neuroendocrine cell of epithelium of crypt of Lieberkuhn,http://purl.obolibrary.org/obo/CL_4033002,true,http://purl.obolibrary.org/obo/CL_0002319,neural cell,http://purl.obolibrary.org/obo/CL_0000540,neuron
myoepithelial cell of bronchus submucosal gland,http://purl.obolibrary.org/obo/CL_4033003,true,http://purl.obolibrary.org/obo/CL_0000066,epithelial cell,,
smooth muscle cell of taenia coli,http://purl.obolibrary.org/obo/CL_4033004,true,http://purl.obolibrary.org/obo/CL_0000187,muscle cell,,
serous secreting cell of bronchus submucosal gland,http://purl.obolibrary.org/obo/CL_4033005,true,http://purl.obolibrary.org/obo/CL_0000152,exocrine cell,,
endothelial cell of efferent lymphatic vessel,http://purl.obolibrary.org/obo/CL_4033006,true,http://purl.obolibrary.org/obo/CL_0000115,endothelial cell,,
brush cell of epithelium of lobar bronchus,http://purl.obolibrary.org/obo/CL_4033007,true,http://purl.obolibrary.org/obo/CL_0000066,epithelial cell,,
vein endothelial cell of respiratory system,http://purl.obolibrary.org/obo/CL_4033008,true,http://purl.obolibrary.org/obo/CL_0000115,endothelial cell,,
goblet cell of epithelium of lobar bronchus,http://purl.obolibrary.org/obo/CL_4033009,true,http://purl.obolibrary.org/obo/CL_0000066,epithelial cell,,
neuroendocrine cell of epithelium of lobar bronchus,http://purl.obolibrary.org/obo/CL_4033010,true,http://purl.obolibrary.org/obo/CL_0002319,neural cell,http://purl.obolibrary.org/obo/CL_0000540,neuron
smooth muscle cell of large intestine smooth muscle circular layer,http://purl.obolibrary.org/obo/CL_4033011,true,http://purl.obolibrary.org/obo/CL_0000187,muscle cell,,
smooth muscle cell of large intestine smooth muscle longitudinal layer,http://purl.obolibrary.org/obo/CL_4033012,true,http://purl.obolibrary.org/obo/CL_0000187,muscle cell,,
suprabasal keratinocyte,http://purl.obolibrary.org/obo/CL_4033013,true,http://purl.obolibrary.org/obo/CL_0000066,epithelial cell,,
peg cell,http://purl.obolibrary.org/obo/CL_4033014,true,http://purl.obolibrary.org/obo/CL_0000066,epithelial cell,,
retinal astrocyte,http://purl.obolibrary.org/obo/CL_4033015,true,http://purl.obolibrary.org/obo/CL_0002319,neural cell,http://purl.obolibrary.org/obo/CL_0000125,glial cell
secondary crest myofibroblast,http://purl.obolibrary.org/obo/CL_4033016,true,http://purl.obolibrary.org/obo/CL_0002320,connective tissue cell,,
bronchiolar smooth muscle cell,http://purl.obolibrary.org/obo/CL_4033017,true,http://purl.obolibrary.org/obo/CL_0000187,muscle cell,,
lung megakaryocyte,http://purl.obolibrary.org/obo/CL_4033018,true,http://purl.obolibrary.org/obo/CL_0002320,connective tissue cell,,
ON-blue cone bipolar cell,http://purl.obolibrary.org/obo/CL_4033019,true,http://purl.obolibrary.org/obo/CL_0002319,neural cell,http://purl.obolibrary.org/obo/CL_0000540,neuron
mucus secreting cell of trachea gland,http://purl.obolibrary.org/obo/CL_4033020,true,http://purl.obolibrary.org/obo/CL_0000066,epithelial cell,,
myoepithelial cell of trachea gland,http://purl.obolibrary.org/obo/CL_4033021,true,http://purl.obolibrary.org/obo/CL_0000066,epithelial cell,,
mucus secreting cell of bronchus submucosal gland,http://purl.obolibrary.org/obo/CL_4033022,true,http://purl.obolibrary.org/obo/CL_0000152,exocrine cell,,
airway submucosal gland collecting duct epithelial cell,http://purl.obolibrary.org/obo/CL_4033023,true,http://purl.obolibrary.org/obo/CL_0000066,epithelial cell,,
airway submucosal gland duct basal cell,http://purl.obolibrary.org/obo/CL_4033024,true,http://purl.obolibrary.org/obo/CL_0000034,stem cell,,
perichondrial fibroblast,http://purl.obolibrary.org/obo/CL_4033025,true,http://purl.obolibrary.org/obo/CL_0002320,connective tissue cell,http://purl.obolibrary.org/obo/CL_0000499,stromal cell
lung perichondrial fibroblast,http://purl.obolibrary.org/obo/CL_4033026,true,http://purl.obolibrary.org/obo/CL_0002320,connective tissue cell,http://purl.obolibrary.org/obo/CL_0000499,stromal cell
diffuse bipolar 1 cell,http://purl.obolibrary.org/obo/CL_4033027,true,http://purl.obolibrary.org/obo/CL_0002319,neural cell,http://purl.obolibrary.org/obo/CL_0000540,neuron
diffuse bipolar 2 cell,http://purl.obolibrary.org/obo/CL_4033028,true,http://purl.obolibrary.org/obo/CL_0002319,neural cell,http://purl.obolibrary.org/obo/CL_0000540,neuron
diffuse bipolar 3a cell,http://purl.obolibrary.org/obo/CL_4033029,true,http://purl.obolibrary.org/obo/CL_0002319,neural cell,http://purl.obolibrary.org/obo/CL_0000540,neuron
diffuse bipolar 3b cell,http://purl.obolibrary.org/obo/CL_4033030,true,http://purl.obolibrary.org/obo/CL_0002319,neural cell,http://purl.obolibrary.org/obo/CL_0000540,neuron
diffuse bipolar 4 cell,http://purl.obolibrary.org/obo/CL_4033031,true,http://purl.obolibrary.org/obo/CL_0002319,neural cell,http://purl.obolibrary.org/obo/CL_0000540,neuron
diffuse bipolar 6 cell,http://purl.obolibrary.org/obo/CL_4033032,true,http://purl.obolibrary.org/obo/CL_0002319,neural cell,http://purl.obolibrary.org/obo/CL_0000540,neuron
flat midget bipolar cell,http://purl.obolibrary.org/obo/CL_4033033,true,http://purl.obolibrary.org/obo/CL_0002319,neural cell,http://purl.obolibrary.org/obo/CL_0000540,neuron
invaginating midget bipolar cell,http://purl.obolibrary.org/obo/CL_4033034,true,http://purl.obolibrary.org/obo/CL_0002319,neural cell,http://purl.obolibrary.org/obo/CL_0000540,neuron
giant bipolar cell,http://purl.obolibrary.org/obo/CL_4033035,true,http://purl.obolibrary.org/obo/CL_0002319,neural cell,http://purl.obolibrary.org/obo/CL_0000540,neuron
OFFx cell,http://purl.obolibrary.org/obo/CL_4033036,true,http://purl.obolibrary.org/obo/CL_0002319,neural cell,http://purl.obolibrary.org/obo/CL_0000540,neuron
mucus secreting cell of tracheobronchial tree submucosal gland,http://purl.obolibrary.org/obo/CL_4033037,true,http://purl.obolibrary.org/obo/CL_0000152,exocrine cell,,
"lung resident memory CD4-positive, alpha-beta T cell",http://purl.obolibrary.org/obo/CL_4033038,true,http://purl.obolibrary.org/obo/CL_0000988,hematopoietic cell,http://purl.obolibrary.org/obo/CL_0000084,T cell
"lung resident memory CD8-positive, alpha-beta T cell",http://purl.obolibrary.org/obo/CL_4033039,true,http://purl.obolibrary.org/obo/CL_0000988,hematopoietic cell,http://purl.obolibrary.org/obo/CL_0000084,T cell
"lung resident memory CD8-positive, CD103-positive, alpha-beta T cell",http://purl.obolibrary.org/obo/CL_4033040,true,http://purl.obolibrary.org/obo/CL_0000988,hematopoietic cell,http://purl.obolibrary.org/obo/CL_0000084,T cell
CCL3-positive alveolar macrophage,http://purl.obolibrary.org/obo/CL_4033041,true,http://purl.obolibrary.org/obo/CL_0000988,hematopoietic cell,http://purl.obolibrary.org/obo/CL_0000235,macrophage
metallothionein-positive alveolar macrophage,http://purl.obolibrary.org/obo/CL_4033042,true,http://purl.obolibrary.org/obo/CL_0000988,hematopoietic cell,http://purl.obolibrary.org/obo/CL_0000235,macrophage
lung interstitial macrophage,http://purl.obolibrary.org/obo/CL_4033043,true,http://purl.obolibrary.org/obo/CL_0000988,hematopoietic cell,http://purl.obolibrary.org/obo/CL_0000235,macrophage
deuterosomal cell,http://purl.obolibrary.org/obo/CL_4033044,true,http://purl.obolibrary.org/obo/CL_0000066,epithelial cell,,
lung migratory dendritic cell,http://purl.obolibrary.org/obo/CL_4033045,true,http://purl.obolibrary.org/obo/CL_0000988,hematopoietic cell,http://purl.obolibrary.org/obo/CL_0000451,dendritic cell
ON midget ganglion cell,http://purl.obolibrary.org/obo/CL_4033046,true,http://purl.obolibrary.org/obo/CL_0002319,neural cell,http://purl.obolibrary.org/obo/CL_0000540,neuron
OFF midget ganglion cell,http://purl.obolibrary.org/obo/CL_4033047,true,http://purl.obolibrary.org/obo/CL_0002319,neural cell,http://purl.obolibrary.org/obo/CL_0000540,neuron
respiratory tract suprabasal cell,http://purl.obolibrary.org/obo/CL_4033048,true,http://purl.obolibrary.org/obo/CL_0000066,epithelial cell,,
taste receptor cell of tongue,http://purl.obolibrary.org/obo/CL_4033049,true,http://purl.obolibrary.org/obo/CL_0000066,epithelial cell,,
catecholaminergic neuron,http://purl.obolibrary.org/obo/CL_4033050,true,http://purl.obolibrary.org/obo/CL_0002319,neural cell,http://purl.obolibrary.org/obo/CL_0000540,neuron
OFF parasol ganglion cell,http://purl.obolibrary.org/obo/CL_4033051,true,http://purl.obolibrary.org/obo/CL_0002319,neural cell,http://purl.obolibrary.org/obo/CL_0000540,neuron
ON parasol ganglion cell,http://purl.obolibrary.org/obo/CL_4033052,true,http://purl.obolibrary.org/obo/CL_0002319,neural cell,http://purl.obolibrary.org/obo/CL_0000540,neuron
small bistratified retinal ganglion cell,http://purl.obolibrary.org/obo/CL_4033053,true,http://purl.obolibrary.org/obo/CL_0002319,neural cell,http://purl.obolibrary.org/obo/CL_0000540,neuron
airway submucosal gland duct multiciliated cell,http://purl.obolibrary.org/obo/CL_4033055,true,http://purl.obolibrary.org/obo/CL_0000066,epithelial cell,,
onychocyte,http://purl.obolibrary.org/obo/CL_4033056,true,http://purl.obolibrary.org/obo/CL_0000066,epithelial cell,,
luminal adaptive secretory precursor cell of mammary gland,http://purl.obolibrary.org/obo/CL_4033057,true,http://purl.obolibrary.org/obo/CL_0000066,epithelial cell,,
luminal hormone-sensing cell of mammary gland,http://purl.obolibrary.org/obo/CL_4033058,true,http://purl.obolibrary.org/obo/CL_0000066,epithelial cell,,
lactocyte type 1,http://purl.obolibrary.org/obo/CL_4033059,true,http://purl.obolibrary.org/obo/CL_0000152,exocrine cell,,
lactocyte type 2,http://purl.obolibrary.org/obo/CL_4033060,true,http://purl.obolibrary.org/obo/CL_0000152,exocrine cell,,
endothelial cell of central vein of liver,http://purl.obolibrary.org/obo/CL_4033061,true,http://purl.obolibrary.org/obo/CL_0000115,endothelial cell,,
interstitial extravillous trophoblast cell,http://purl.obolibrary.org/obo/CL_4033062,true,http://purl.obolibrary.org/obo/CL_0000349,extraembryonic cell,,
endovascular extravillous trophoblast cell,http://purl.obolibrary.org/obo/CL_4033063,true,http://purl.obolibrary.org/obo/CL_0000349,extraembryonic cell,,
uterine resident macrophage,http://purl.obolibrary.org/obo/CL_4033064,true,http://purl.obolibrary.org/obo/CL_0000988,hematopoietic cell,http://purl.obolibrary.org/obo/CL_0000235,macrophage
preplasmablast,http://purl.obolibrary.org/obo/CL_4033065,true,http://purl.obolibrary.org/obo/CL_0000988,hematopoietic cell,http://purl.obolibrary.org/obo/CL_0000236,B cell
cycling B cell,http://purl.obolibrary.org/obo/CL_4033068,true,http://purl.obolibrary.org/obo/CL_0000988,hematopoietic cell,http://purl.obolibrary.org/obo/CL_0000236,B cell
cycling T cell,http://purl.obolibrary.org/obo/CL_4033069,true,http://purl.obolibrary.org/obo/CL_0000988,hematopoietic cell,http://purl.obolibrary.org/obo/CL_0000084,T cell
cycling dendritic cell,http://purl.obolibrary.org/obo/CL_4033070,true,http://purl.obolibrary.org/obo/CL_0000988,hematopoietic cell,http://purl.obolibrary.org/obo/CL_0000451,dendritic cell
cycling natural killer cell,http://purl.obolibrary.org/obo/CL_4033071,true,http://purl.obolibrary.org/obo/CL_0000988,hematopoietic cell,,
cycling gamma-delta T cell,http://purl.obolibrary.org/obo/CL_4033072,true,http://purl.obolibrary.org/obo/CL_0000988,hematopoietic cell,http://purl.obolibrary.org/obo/CL_0000084,T cell
cycling monocyte,http://purl.obolibrary.org/obo/CL_4033073,true,http://purl.obolibrary.org/obo/CL_0000988,hematopoietic cell,http://purl.obolibrary.org/obo/CL_0000576,monocyte
"cycling CD8-positive, alpha-beta T cell",http://purl.obolibrary.org/obo/CL_4033074,true,http://purl.obolibrary.org/obo/CL_0000988,hematopoietic cell,http://purl.obolibrary.org/obo/CL_0000084,T cell
"cycling CD4-positive, alpha-beta T cell",http://purl.obolibrary.org/obo/CL_4033075,true,http://purl.obolibrary.org/obo/CL_0000988,hematopoietic cell,http://purl.obolibrary.org/obo/CL_0000084,T cell
cycling macrophage,http://purl.obolibrary.org/obo/CL_4033076,true,http://purl.obolibrary.org/obo/CL_0000988,hematopoietic cell,http://purl.obolibrary.org/obo/CL_0000235,macrophage
cycling alveolar macrophage,http://purl.obolibrary.org/obo/CL_4033077,true,http://purl.obolibrary.org/obo/CL_0000988,hematopoietic cell,http://purl.obolibrary.org/obo/CL_0000235,macrophage
cycling mononuclear phagocyte,http://purl.obolibrary.org/obo/CL_4033078,true,http://purl.obolibrary.org/obo/CL_0000988,hematopoietic cell,,
cycling endothelial cell of lymphatic vessel,http://purl.obolibrary.org/obo/CL_4033079,true,http://purl.obolibrary.org/obo/CL_0000115,endothelial cell,,
cycling pulmonary alveolar type 2 cell,http://purl.obolibrary.org/obo/CL_4033080,true,http://purl.obolibrary.org/obo/CL_0000066,epithelial cell,,
cycling myeloid cell,http://purl.obolibrary.org/obo/CL_4033081,true,http://purl.obolibrary.org/obo/CL_0000988,hematopoietic cell,,
cycling basal cell,http://purl.obolibrary.org/obo/CL_4033082,true,http://purl.obolibrary.org/obo/CL_0000034,stem cell,,
diffuse bipolar 5 cell,http://purl.obolibrary.org/obo/CL_4033085,true,http://purl.obolibrary.org/obo/CL_0002319,neural cell,http://purl.obolibrary.org/obo/CL_0000540,neuron
lipid-associated macrophage,http://purl.obolibrary.org/obo/CL_4033086,true,http://purl.obolibrary.org/obo/CL_0000988,hematopoietic cell,http://purl.obolibrary.org/obo/CL_0000235,macrophage
placental resident macrophage,http://purl.obolibrary.org/obo/CL_4033087,true,http://purl.obolibrary.org/obo/CL_0000988,hematopoietic cell,http://purl.obolibrary.org/obo/CL_0000235,macrophage
decidual resident macrophage,http://purl.obolibrary.org/obo/CL_4033088,true,http://purl.obolibrary.org/obo/CL_0000988,hematopoietic cell,http://purl.obolibrary.org/obo/CL_0000235,macrophage
glycinergic-GABAergic amacrine cell,http://purl.obolibrary.org/obo/CL_4033091,true,http://purl.obolibrary.org/obo/CL_0002319,neural cell,http://purl.obolibrary.org/obo/CL_0000540,neuron
CD57-positive enterocyte,http://purl.obolibrary.org/obo/CL_4033092,true,http://purl.obolibrary.org/obo/CL_0000066,epithelial cell,,
limbal epithelial stem cell of cornea,http://purl.obolibrary.org/obo/CL_4033093,true,http://purl.obolibrary.org/obo/CL_0000034,stem cell,,
age-associated B cell,http://purl.obolibrary.org/obo/CL_4033094,true,http://purl.obolibrary.org/obo/CL_0000988,hematopoietic cell,http://purl.obolibrary.org/obo/CL_0000236,B cell
diffuse bipolar 4a cell,http://purl.obolibrary.org/obo/CL_4033095,true,http://purl.obolibrary.org/obo/CL_0002319,neural cell,http://purl.obolibrary.org/obo/CL_0000540,neuron
diffuse bipolar 4b cell,http://purl.obolibrary.org/obo/CL_4033096,true,http://purl.obolibrary.org/obo/CL_0002319,neural cell,http://purl.obolibrary.org/obo/CL_0000540,neuron
glial restricted tripotential precursor cell,http://purl.obolibrary.org/obo/CL_4040000,true,http://purl.obolibrary.org/obo/CL_0002319,neural cell,,
chorionic girdle cell,http://purl.obolibrary.org/obo/CL_4040001,true,http://purl.obolibrary.org/obo/CL_0000349,extraembryonic cell,,
enteroglial cell,http://purl.obolibrary.org/obo/CL_4040002,true,http://purl.obolibrary.org/obo/CL_0002319,neural cell,http://purl.obolibrary.org/obo/CL_0000125,glial cell
fetal pre-type II pulmonary alveolar epithelial cell,http://purl.obolibrary.org/obo/CL_4040003,true,http://purl.obolibrary.org/obo/CL_0000066,epithelial cell,,
mesenchymal stem cell of orbital adipose tissue,http://purl.obolibrary.org/obo/CL_4040004,true,http://purl.obolibrary.org/obo/CL_0000034,stem cell,,
mesenchymal stem cell of apical papilla,http://purl.obolibrary.org/obo/CL_4040005,true,http://purl.obolibrary.org/obo/CL_0002320,connective tissue cell,,
TAC3-positive striatal interneuron,http://purl.obolibrary.org/obo/CL_4042001,true,http://purl.obolibrary.org/obo/CL_0002319,neural cell,http://purl.obolibrary.org/obo/CL_0000540,neuron
TAC3-positive medium spiny neuron,http://purl.obolibrary.org/obo/CL_4042002,true,http://purl.obolibrary.org/obo/CL_0002319,neural cell,http://purl.obolibrary.org/obo/CL_0000540,neuron
border associated macrophage,http://purl.obolibrary.org/obo/CL_4042003,true,http://purl.obolibrary.org/obo/CL_0000988,hematopoietic cell,http://purl.obolibrary.org/obo/CL_0000235,macrophage
choroid epiplexus macrophage,http://purl.obolibrary.org/obo/CL_4042004,true,http://purl.obolibrary.org/obo/CL_0000988,hematopoietic cell,http://purl.obolibrary.org/obo/CL_0000235,macrophage
stromal choroid plexus macrophage,http://purl.obolibrary.org/obo/CL_4042005,true,http://purl.obolibrary.org/obo/CL_0000988,hematopoietic cell,http://purl.obolibrary.org/obo/CL_0000235,macrophage
dural macrophage,http://purl.obolibrary.org/obo/CL_4042006,true,http://purl.obolibrary.org/obo/CL_0000988,hematopoietic cell,http://purl.obolibrary.org/obo/CL_0000235,macrophage
protoplasmic astrocyte,http://purl.obolibrary.org/obo/CL_4042007,true,http://purl.obolibrary.org/obo/CL_0002319,neural cell,http://purl.obolibrary.org/obo/CL_0000540,neuron
fibrous astrocyte,http://purl.obolibrary.org/obo/CL_4042008,true,http://purl.obolibrary.org/obo/CL_0002319,neural cell,http://purl.obolibrary.org/obo/CL_0000540,neuron
interlaminar astrocyte,http://purl.obolibrary.org/obo/CL_4042009,true,http://purl.obolibrary.org/obo/CL_0002319,neural cell,http://purl.obolibrary.org/obo/CL_0000540,neuron
pial interlaminar astrocyte,http://purl.obolibrary.org/obo/CL_4042010,true,http://purl.obolibrary.org/obo/CL_0002319,neural cell,http://purl.obolibrary.org/obo/CL_0000540,neuron
subpial interlaminar astrocyte,http://purl.obolibrary.org/obo/CL_4042011,true,http://purl.obolibrary.org/obo/CL_0002319,neural cell,http://purl.obolibrary.org/obo/CL_0000540,neuron
L2 marginal neuron,http://purl.obolibrary.org/obo/CL_4042012,true,http://purl.obolibrary.org/obo/CL_0002319,neural cell,http://purl.obolibrary.org/obo/CL_0000540,neuron
Lamp5 Lhx6 neuron,http://purl.obolibrary.org/obo/CL_4042013,true,http://purl.obolibrary.org/obo/CL_0002319,neural cell,http://purl.obolibrary.org/obo/CL_0000540,neuron
spiny VIP neuron,http://purl.obolibrary.org/obo/CL_4042014,true,http://purl.obolibrary.org/obo/CL_0002319,neural cell,http://purl.obolibrary.org/obo/CL_0000540,neuron
VIP-ChAT interneuron,http://purl.obolibrary.org/obo/CL_4042015,true,http://purl.obolibrary.org/obo/CL_0002319,neural cell,http://purl.obolibrary.org/obo/CL_0000540,neuron
nasal serous secreting cell,http://purl.obolibrary.org/obo/CL_4042016,true,http://purl.obolibrary.org/obo/CL_0000152,exocrine cell,,
alpha1-tanycyte,http://purl.obolibrary.org/obo/CL_4042017,true,http://purl.obolibrary.org/obo/CL_0002319,neural cell,http://purl.obolibrary.org/obo/CL_0000125,glial cell
alpha2-tanycyte,http://purl.obolibrary.org/obo/CL_4042018,true,http://purl.obolibrary.org/obo/CL_0002319,neural cell,http://purl.obolibrary.org/obo/CL_0000125,glial cell
beta1-tanycyte,http://purl.obolibrary.org/obo/CL_4042019,true,http://purl.obolibrary.org/obo/CL_0002319,neural cell,http://purl.obolibrary.org/obo/CL_0000125,glial cell
beta2-tanycyte,http://purl.obolibrary.org/obo/CL_4042020,true,http://purl.obolibrary.org/obo/CL_0002319,neural cell,http://purl.obolibrary.org/obo/CL_0000125,glial cell
neuronal-restricted precursor,http://purl.obolibrary.org/obo/CL_4042021,true,http://purl.obolibrary.org/obo/CL_0002319,neural cell,,
astrocyte-restricted precursor,http://purl.obolibrary.org/obo/CL_4042022,true,http://purl.obolibrary.org/obo/CL_0002319,neural cell,,
striatal pthlh-expressing interneuron,http://purl.obolibrary.org/obo/CL_4042023,true,http://purl.obolibrary.org/obo/CL_0002319,neural cell,http://purl.obolibrary.org/obo/CL_0000540,neuron
striatal PTHLH MOXD1 expressing interneuron,http://purl.obolibrary.org/obo/CL_4042024,true,http://purl.obolibrary.org/obo/CL_0002319,neural cell,http://purl.obolibrary.org/obo/CL_0000540,neuron
substantia nigra dopaminergic neuron,http://purl.obolibrary.org/obo/CL_4042025,true,http://purl.obolibrary.org/obo/CL_0002319,neural cell,http://purl.obolibrary.org/obo/CL_0000540,neuron
GABAergic interneuron of the anterior substantia nigra pars reticulata,http://purl.obolibrary.org/obo/CL_4042026,true,http://purl.obolibrary.org/obo/CL_0002319,neural cell,http://purl.obolibrary.org/obo/CL_0000540,neuron
GABAergic interneuron of the posterior substantia nigra pars reticulata,http://purl.obolibrary.org/obo/CL_4042027,true,http://purl.obolibrary.org/obo/CL_0002319,neural cell,http://purl.obolibrary.org/obo/CL_0000540,neuron
immature neuron,http://purl.obolibrary.org/obo/CL_4042028,true,http://purl.obolibrary.org/obo/CL_0002319,neural cell,http://purl.obolibrary.org/obo/CL_0000540,neuron
cortical immature neuron,http://purl.obolibrary.org/obo/CL_4042029,true,http://purl.obolibrary.org/obo/CL_0002319,neural cell,http://purl.obolibrary.org/obo/CL_0000540,neuron
candelabrum cell,http://purl.obolibrary.org/obo/CL_4042030,true,http://purl.obolibrary.org/obo/CL_0002319,neural cell,http://purl.obolibrary.org/obo/CL_0000540,neuron
immune oligodendroglia,http://purl.obolibrary.org/obo/CL_4042031,true,http://purl.obolibrary.org/obo/CL_0002319,neural cell,http://purl.obolibrary.org/obo/CL_0000125,glial cell
PAX6 GABAergic cortical interneuron,http://purl.obolibrary.org/obo/CL_4042032,true,http://purl.obolibrary.org/obo/CL_0002319,neural cell,http://purl.obolibrary.org/obo/CL_0000540,neuron
pro-opiomelanocortin neuron,http://purl.obolibrary.org/obo/CL_4042033,true,http://purl.obolibrary.org/obo/CL_0002319,neural cell,http://purl.obolibrary.org/obo/CL_0000540,neuron
CGRP-expressing neuron,http://purl.obolibrary.org/obo/CL_4042034,true,http://purl.obolibrary.org/obo/CL_0002319,neural cell,http://purl.obolibrary.org/obo/CL_0000540,neuron
molecular layer interneuron,http://purl.obolibrary.org/obo/CL_4042035,true,http://purl.obolibrary.org/obo/CL_0002319,neural cell,http://purl.obolibrary.org/obo/CL_0000540,neuron
melanin-concentrating hormone neuron,http://purl.obolibrary.org/obo/CL_4042036,true,http://purl.obolibrary.org/obo/CL_0002319,neural cell,http://purl.obolibrary.org/obo/CL_0000540,neuron
sst GABAergic neuron of the striatum,http://purl.obolibrary.org/obo/CL_4042037,true,http://purl.obolibrary.org/obo/CL_0002319,neural cell,http://purl.obolibrary.org/obo/CL_0000540,neuron
rostral primary motorneuron,http://purl.obolibrary.org/obo/CL_4042038,true,http://purl.obolibrary.org/obo/CL_0002319,neural cell,http://purl.obolibrary.org/obo/CL_0000540,neuron
caudal ganglionic eminence derived neuron,http://purl.obolibrary.org/obo/CL_4042039,true,http://purl.obolibrary.org/obo/CL_0002319,neural cell,http://purl.obolibrary.org/obo/CL_0000540,neuron
glutamatergic neuron of the basal ganglia,http://purl.obolibrary.org/obo/CL_4042040,true,http://purl.obolibrary.org/obo/CL_0002319,neural cell,http://purl.obolibrary.org/obo/CL_0000540,neuron
middle primary motoneuron,http://purl.obolibrary.org/obo/CL_4042041,true,http://purl.obolibrary.org/obo/CL_0002319,neural cell,http://purl.obolibrary.org/obo/CL_0000540,neuron
cycling stromal cell,http://purl.obolibrary.org/obo/CL_4047001,true,http://purl.obolibrary.org/obo/CL_0002320,connective tissue cell,http://purl.obolibrary.org/obo/CL_0000499,stromal cell
cycling glial cell,http://purl.obolibrary.org/obo/CL_4047002,true,http://purl.obolibrary.org/obo/CL_0002319,neural cell,http://purl.obolibrary.org/obo/CL_0000125,glial cell
cycling plasma cell,http://purl.obolibrary.org/obo/CL_4047003,true,http://purl.obolibrary.org/obo/CL_0000988,hematopoietic cell,,
cycling type EC enteroendocrine cell,http://purl.obolibrary.org/obo/CL_4047004,true,http://purl.obolibrary.org/obo/CL_0002319,neural cell,http://purl.obolibrary.org/obo/CL_0000540,neuron
fetal artery endothelial cell,http://purl.obolibrary.org/obo/CL_4047006,true,http://purl.obolibrary.org/obo/CL_0000115,endothelial cell,,
immature pericyte,http://purl.obolibrary.org/obo/CL_4047007,true,http://purl.obolibrary.org/obo/CL_0002320,connective tissue cell,,
fetal vein endothelial cell,http://purl.obolibrary.org/obo/CL_4047011,true,http://purl.obolibrary.org/obo/CL_0000115,endothelial cell,,
angiogenic pericyte,http://purl.obolibrary.org/obo/CL_4047012,true,http://purl.obolibrary.org/obo/CL_0002320,connective tissue cell,,
transit amplifying cell of gut,http://purl.obolibrary.org/obo/CL_4047017,true,http://purl.obolibrary.org/obo/CL_0000066,epithelial cell,,
early colonocyte,http://purl.obolibrary.org/obo/CL_4047018,true,http://purl.obolibrary.org/obo/CL_0000066,epithelial cell,,
early enterocyte,http://purl.obolibrary.org/obo/CL_4047019,true,http://purl.obolibrary.org/obo/CL_0000066,epithelial cell,,
intestinal lamina propria fibroblast,http://purl.obolibrary.org/obo/CL_4047023,true,http://purl.obolibrary.org/obo/CL_0002320,connective tissue cell,http://purl.obolibrary.org/obo/CL_0000499,stromal cell
type G cell of stomach,http://purl.obolibrary.org/obo/CL_4047025,true,http://purl.obolibrary.org/obo/CL_0002319,neural cell,http://purl.obolibrary.org/obo/CL_0000540,neuron
post-arteriole capillary cell,http://purl.obolibrary.org/obo/CL_4047029,true,http://purl.obolibrary.org/obo/CL_0000115,endothelial cell,,
pre-venule capillary cell,http://purl.obolibrary.org/obo/CL_4047030,true,http://purl.obolibrary.org/obo/CL_0000115,endothelial cell,,
secretory pericyte,http://purl.obolibrary.org/obo/CL_4047032,true,http://purl.obolibrary.org/obo/CL_0002320,connective tissue cell,,
smooth muscle cell of stomach,http://purl.obolibrary.org/obo/CL_4047034,true,http://purl.obolibrary.org/obo/CL_0000187,muscle cell,,
stomach smooth muscle outer longitudinal layer cell,http://purl.obolibrary.org/obo/CL_4047035,true,http://purl.obolibrary.org/obo/CL_0000187,muscle cell,,
stomach smooth muscle circular layer cell,http://purl.obolibrary.org/obo/CL_4047036,true,http://purl.obolibrary.org/obo/CL_0000187,muscle cell,,
stomach smooth muscle inner oblique layer cell,http://purl.obolibrary.org/obo/CL_4047037,true,http://purl.obolibrary.org/obo/CL_0000187,muscle cell,,
dogiel type I neuron,http://purl.obolibrary.org/obo/CL_4047038,true,http://purl.obolibrary.org/obo/CL_0002319,neural cell,http://purl.obolibrary.org/obo/CL_0000540,neuron
smooth muscle circular layer cell,http://purl.obolibrary.org/obo/CL_4047040,true,http://purl.obolibrary.org/obo/CL_0000187,muscle cell,,
type 1 myenteric plexus glia,http://purl.obolibrary.org/obo/CL_4047042,true,http://purl.obolibrary.org/obo/CL_0002319,neural cell,http://purl.obolibrary.org/obo/CL_0000125,glial cell
type 1 submucosal plexus glia,http://purl.obolibrary.org/obo/CL_4047043,true,http://purl.obolibrary.org/obo/CL_0002319,neural cell,http://purl.obolibrary.org/obo/CL_0000125,glial cell
type 2 interganglionic glia,http://purl.obolibrary.org/obo/CL_4047044,true,http://purl.obolibrary.org/obo/CL_0002319,neural cell,http://purl.obolibrary.org/obo/CL_0000125,glial cell
type 3 mucosal glia,http://purl.obolibrary.org/obo/CL_4047045,true,http://purl.obolibrary.org/obo/CL_0002319,neural cell,http://purl.obolibrary.org/obo/CL_0000125,glial cell
type I enteric glial cell,http://purl.obolibrary.org/obo/CL_4047047,true,http://purl.obolibrary.org/obo/CL_0002319,neural cell,http://purl.obolibrary.org/obo/CL_0000125,glial cell
type 4 muscularis propria glia,http://purl.obolibrary.org/obo/CL_4047048,true,http://purl.obolibrary.org/obo/CL_0002319,neural cell,http://purl.obolibrary.org/obo/CL_0000125,glial cell
small intestine BEST4+ enterocyte,http://purl.obolibrary.org/obo/CL_4047051,true,http://purl.obolibrary.org/obo/CL_0000066,epithelial cell,,
BEST4+ colonocyte,http://purl.obolibrary.org/obo/CL_4047052,true,http://purl.obolibrary.org/obo/CL_0000066,epithelial cell,,
TREM2-positive macrophage,http://purl.obolibrary.org/obo/CL_4047053,true,http://purl.obolibrary.org/obo/CL_0000988,hematopoietic cell,http://purl.obolibrary.org/obo/CL_0000235,macrophage
migratory dendtritic cell,http://purl.obolibrary.org/obo/CL_4047054,true,http://purl.obolibrary.org/obo/CL_0000988,hematopoietic cell,http://purl.obolibrary.org/obo/CL_0000451,dendritic cell
large mucus secreting cholangiocyte,http://purl.obolibrary.org/obo/CL_4047056,true,http://purl.obolibrary.org/obo/CL_0000066,epithelial cell,,
liver-resident natural killer cell,http://purl.obolibrary.org/obo/CL_4047101,true,http://purl.obolibrary.org/obo/CL_0000988,hematopoietic cell,,
multiciliated ependymal cell,http://purl.obolibrary.org/obo/CL_4052001,true,http://purl.obolibrary.org/obo/CL_0002319,neural cell,http://purl.obolibrary.org/obo/CL_0000125,glial cell
intestinal villus capillary endothelial cell,http://purl.obolibrary.org/obo/CL_4052003,true,http://purl.obolibrary.org/obo/CL_0000115,endothelial cell,,
intestinal fibroblastic reticular cell,http://purl.obolibrary.org/obo/CL_4052004,true,http://purl.obolibrary.org/obo/CL_0002320,connective tissue cell,http://purl.obolibrary.org/obo/CL_0000499,stromal cell
intestinal subserosal fibroblast,http://purl.obolibrary.org/obo/CL_4052005,true,http://purl.obolibrary.org/obo/CL_0002320,connective tissue cell,http://purl.obolibrary.org/obo/CL_0000499,stromal cell
intestinal enteroendocrine progenitor,http://purl.obolibrary.org/obo/CL_4052006,true,http://purl.obolibrary.org/obo/CL_0000066,epithelial cell,,
subepithelial intestinal fibroblast,http://purl.obolibrary.org/obo/CL_4052007,true,http://purl.obolibrary.org/obo/CL_0002320,connective tissue cell,http://purl.obolibrary.org/obo/CL_0000499,stromal cell
crypt-bottom fibroblast,http://purl.obolibrary.org/obo/CL_4052008,true,http://purl.obolibrary.org/obo/CL_0002320,connective tissue cell,http://purl.obolibrary.org/obo/CL_0000499,stromal cell
crypt-top fibroblast,http://purl.obolibrary.org/obo/CL_4052009,true,http://purl.obolibrary.org/obo/CL_0002320,connective tissue cell,http://purl.obolibrary.org/obo/CL_0000499,stromal cell
pre-theca cell,http://purl.obolibrary.org/obo/CL_4052010,true,http://purl.obolibrary.org/obo/CL_0002320,connective tissue cell,http://purl.obolibrary.org/obo/CL_0000499,stromal cell
follicle associated enterocyte,http://purl.obolibrary.org/obo/CL_4052011,true,http://purl.obolibrary.org/obo/CL_0000066,epithelial cell,,
interna theca cell,http://purl.obolibrary.org/obo/CL_4052012,true,http://purl.obolibrary.org/obo/CL_0002320,connective tissue cell,http://purl.obolibrary.org/obo/CL_0000499,stromal cell
externa theca cell,http://purl.obolibrary.org/obo/CL_4052013,true,http://purl.obolibrary.org/obo/CL_0002320,connective tissue cell,http://purl.obolibrary.org/obo/CL_0000499,stromal cell
pancreatic islet capillary endothelial cell,http://purl.obolibrary.org/obo/CL_4052014,true,http://purl.obolibrary.org/obo/CL_0000115,endothelial cell,,
endocrine gland capillary endothelial cell,http://purl.obolibrary.org/obo/CL_4052015,true,http://purl.obolibrary.org/obo/CL_0000115,endothelial cell,,
pituitary gland capillary endothelial cell,http://purl.obolibrary.org/obo/CL_4052016,true,http://purl.obolibrary.org/obo/CL_0000115,endothelial cell,,
choroid plexus capillary endothelial cell,http://purl.obolibrary.org/obo/CL_4052017,true,http://purl.obolibrary.org/obo/CL_0000115,endothelial cell,,
fallopian tube epithelial cell,http://purl.obolibrary.org/obo/CL_4052018,true,http://purl.obolibrary.org/obo/CL_0000066,epithelial cell,,
fallopian tube non-ciliated epithelial cell,http://purl.obolibrary.org/obo/CL_4052019,true,http://purl.obolibrary.org/obo/CL_0000066,epithelial cell,,
lung resident granzyme K-associated CD8 T cell,http://purl.obolibrary.org/obo/CL_4052020,true,http://purl.obolibrary.org/obo/CL_0000988,hematopoietic cell,http://purl.obolibrary.org/obo/CL_0000084,T cell
granzyme K-associated CD8 T cell,http://purl.obolibrary.org/obo/CL_4052021,true,http://purl.obolibrary.org/obo/CL_0000988,hematopoietic cell,http://purl.obolibrary.org/obo/CL_0000084,T cell
fallopian tube smooth muscle cell,http://purl.obolibrary.org/obo/CL_4052022,true,http://purl.obolibrary.org/obo/CL_0000187,muscle cell,,
luminal endometrial unciliated epithelial cell,http://purl.obolibrary.org/obo/CL_4052023,true,http://purl.obolibrary.org/obo/CL_0000066,epithelial cell,,
type IIx muscle cell,http://purl.obolibrary.org/obo/CL_4052026,true,http://purl.obolibrary.org/obo/CL_0000187,muscle cell,,
uterine natural killer cell,http://purl.obolibrary.org/obo/CL_4052028,true,http://purl.obolibrary.org/obo/CL_0000988,hematopoietic cell,,
subpleural fibroblast,http://purl.obolibrary.org/obo/CL_4052029,true,http://purl.obolibrary.org/obo/CL_0002320,connective tissue cell,http://purl.obolibrary.org/obo/CL_0000499,stromal cell
adventitial fibroblast,http://purl.obolibrary.org/obo/CL_4052030,true,http://purl.obolibrary.org/obo/CL_0002320,connective tissue cell,http://purl.obolibrary.org/obo/CL_0000499,stromal cell
respiratory airway secretory cell,http://purl.obolibrary.org/obo/CL_4052031,true,http://purl.obolibrary.org/obo/CL_0000066,epithelial cell,,
granzyme H-associated CD8 T cell,http://purl.obolibrary.org/obo/CL_4052032,true,http://purl.obolibrary.org/obo/CL_0000988,hematopoietic cell,http://purl.obolibrary.org/obo/CL_0000084,T cell
biliary tuft cell,http://purl.obolibrary.org/obo/CL_4052033,true,http://purl.obolibrary.org/obo/CL_0000066,epithelial cell,,
tuft cell of thymus,http://purl.obolibrary.org/obo/CL_4052034,true,http://purl.obolibrary.org/obo/CL_0000066,epithelial cell,,
tuft cell of pancreatic duct,http://purl.obolibrary.org/obo/CL_4052035,true,http://purl.obolibrary.org/obo/CL_0000066,epithelial cell,,
tuft cell of nasal cavity,http://purl.obolibrary.org/obo/CL_4052036,true,http://purl.obolibrary.org/obo/CL_0000066,epithelial cell,,
tuft cell of olfactory epithelium,http://purl.obolibrary.org/obo/CL_4052037,true,http://purl.obolibrary.org/obo/CL_0000066,epithelial cell,,
tuft cell of nasal cavity respiratory epithelium,http://purl.obolibrary.org/obo/CL_4052038,true,http://purl.obolibrary.org/obo/CL_0000066,epithelial cell,,
tuft cell of submandibular gland,http://purl.obolibrary.org/obo/CL_4052039,true,http://purl.obolibrary.org/obo/CL_0000066,epithelial cell,,
tuft cell of stomach,http://purl.obolibrary.org/obo/CL_4052040,true,http://purl.obolibrary.org/obo/CL_0000066,epithelial cell,,
tuft cell of auditory tube,http://purl.obolibrary.org/obo/CL_4052041,true,http://purl.obolibrary.org/obo/CL_0000066,epithelial cell,,
tuft cell of urethra,http://purl.obolibrary.org/obo/CL_4052042,true,http://purl.obolibrary.org/obo/CL_0000066,epithelial cell,,
steroidogenic stromal cell of ovary,http://purl.obolibrary.org/obo/CL_4052045,true,http://purl.obolibrary.org/obo/CL_0002320,connective tissue cell,http://purl.obolibrary.org/obo/CL_0000499,stromal cell
intercalated cell of salivary gland,http://purl.obolibrary.org/obo/CL_4052048,true,http://purl.obolibrary.org/obo/CL_0000066,epithelial cell,,
striated cell of salivary gland,http://purl.obolibrary.org/obo/CL_4052049,true,http://purl.obolibrary.org/obo/CL_0000066,epithelial cell,,
luminal epithelial cell of endometrium,http://purl.obolibrary.org/obo/CL_4052050,true,http://purl.obolibrary.org/obo/CL_0000066,epithelial cell,,
"uterine natural killer cell 1, human",http://purl.obolibrary.org/obo/CL_4052051,true,http://purl.obolibrary.org/obo/CL_0000988,hematopoietic cell,,
"uterine natural killer cell 2, human",http://purl.obolibrary.org/obo/CL_4052052,true,http://purl.obolibrary.org/obo/CL_0000988,hematopoietic cell,,
"uterine natural killer cell 3, human",http://purl.obolibrary.org/obo/CL_4052053,true,http://purl.obolibrary.org/obo/CL_0000988,hematopoietic cell,,
"mature NK T cell, human",http://purl.obolibrary.org/obo/CL_4052055,true,http://purl.obolibrary.org/obo/CL_0000988,hematopoietic cell,http://purl.obolibrary.org/obo/CL_0000084,T cell
gastric mill neuron,http://purl.obolibrary.org/obo/CL_4070010,true,http://purl.obolibrary.org/obo/CL_0002319,neural cell,http://purl.obolibrary.org/obo/CL_0000540,neuron
lateral gastric neuron,http://purl.obolibrary.org/obo/CL_4070011,true,http://purl.obolibrary.org/obo/CL_0002319,neural cell,http://purl.obolibrary.org/obo/CL_0000540,neuron
inferior cardiac neuron,http://purl.obolibrary.org/obo/CL_4070012,true,http://purl.obolibrary.org/obo/CL_0002319,neural cell,http://purl.obolibrary.org/obo/CL_0000540,neuron
ventricular dilator motor neuron,http://purl.obolibrary.org/obo/CL_4070013,true,http://purl.obolibrary.org/obo/CL_0002319,neural cell,http://purl.obolibrary.org/obo/CL_0000540,neuron
pyloric motor neuron,http://purl.obolibrary.org/obo/CL_4070014,true,http://purl.obolibrary.org/obo/CL_0002319,neural cell,http://purl.obolibrary.org/obo/CL_0000540,neuron
pyloric dilator neuron,http://purl.obolibrary.org/obo/CL_4070015,true,http://purl.obolibrary.org/obo/CL_0002319,neural cell,http://purl.obolibrary.org/obo/CL_0000540,neuron
anterior burster neuron,http://purl.obolibrary.org/obo/CL_4070016,true,http://purl.obolibrary.org/obo/CL_0002319,neural cell,http://purl.obolibrary.org/obo/CL_0000540,neuron
lateral pyloric motor neuron,http://purl.obolibrary.org/obo/CL_4070017,true,http://purl.obolibrary.org/obo/CL_0002319,neural cell,http://purl.obolibrary.org/obo/CL_0000540,neuron
cell,http://purl.obolibrary.org/obo/CL_0000000,false,,,,
primary cultured cell,http://purl.obolibrary.org/obo/CL_0000001,false,,,,
obsolete immortal cell line cell,http://purl.obolibrary.org/obo/CL_0000002,false,,,,
obsolete native cell,http://purl.obolibrary.org/obo/CL_0000003,false,,,,
obsolete cell by organism,http://purl.obolibrary.org/obo/CL_0000004,false,,,,
early embryonic cell (metazoa),http://purl.obolibrary.org/obo/CL_0000007,false,,,,
obsolete fusiform initial,http://purl.obolibrary.org/obo/CL_0000009,false,,,,
cultured cell,http://purl.obolibrary.org/obo/CL_0000010,false,,,,
obsolete cell by class,http://purl.obolibrary.org/obo/CL_0000012,false,,,,
obsolete dentine secreting cell,http://purl.obolibrary.org/obo/CL_0000013,false,,,,
glioblast,http://purl.obolibrary.org/obo/CL_0000030,false,,,,
neuroblast (sensu Vertebrata),http://purl.obolibrary.org/obo/CL_0000031,false,,,,
neuroplacodal cell,http://purl.obolibrary.org/obo/CL_0000032,false,,,,
obsolete thymus processed stem cell,http://purl.obolibrary.org/obo/CL_0000045,false,,,,
obsolete bursa processed stem cell,http://purl.obolibrary.org/obo/CL_0000046,false,,,,
bone matrix secreting cell,http://purl.obolibrary.org/obo/CL_0000054,false,,,,
non-terminally differentiated cell,http://purl.obolibrary.org/obo/CL_0000055,false,,,,
myoblast,http://purl.obolibrary.org/obo/CL_0000056,false,,,,
obsolete cell by histology,http://purl.obolibrary.org/obo/CL_0000063,false,,,,
ciliated cell,http://purl.obolibrary.org/obo/CL_0000064,false,,,,
obsolete epithelial cell of gland,http://purl.obolibrary.org/obo/CL_0000070,false,,,,
obsolete barrier epithelial cell,http://purl.obolibrary.org/obo/CL_0000073,false,,,,
obsolete epithem cell,http://purl.obolibrary.org/obo/CL_0000074,false,,,,
circulating cell,http://purl.obolibrary.org/obo/CL_0000080,false,,,,
obsolete germ line stem cell (sensu Vertebrata),http://purl.obolibrary.org/obo/CL_0000085,false,,,,
obsolete germ line stem cell (sensu Nematoda and Protostomia),http://purl.obolibrary.org/obo/CL_0000086,false,,,,
obsolete male germ line stem cell (sensu Nematoda and Protostomia),http://purl.obolibrary.org/obo/CL_0000087,false,,,,
obsolete female germ line stem cell (sensu Nematoda and Protostomia),http://purl.obolibrary.org/obo/CL_0000088,false,,,,
obsolete male germ line stem cell (sensu Vertebrata),http://purl.obolibrary.org/obo/CL_0000089,false,,,,
obsolete female germ line stem cell (sensu Vertebrata),http://purl.obolibrary.org/obo/CL_0000090,false,,,,
obsolete osteochondroclast,http://purl.obolibrary.org/obo/CL_0000093,false,,,,
obsolete peripheral neuron,http://purl.obolibrary.org/obo/CL_0000111,false,,,,
surface ectodermal cell,http://purl.obolibrary.org/obo/CL_0000114,false,,,,
obsolete glial cell (sensu Nematoda and Protostomia),http://purl.obolibrary.org/obo/CL_0000124,false,,,,
neurectodermal cell,http://purl.obolibrary.org/obo/CL_0000133,false,,,,
obsolete cell by function,http://purl.obolibrary.org/obo/CL_0000144,false,,,,
pigment cell,http://purl.obolibrary.org/obo/CL_0000147,false,,,,
visual pigment cell,http://purl.obolibrary.org/obo/CL_0000149,false,,,,
secretory cell,http://purl.obolibrary.org/obo/CL_0000151,false,,,,
protein secreting cell,http://purl.obolibrary.org/obo/CL_0000154,false,,,,
obsolete antibody secreting cell,http://purl.obolibrary.org/obo/CL_0000156,false,,,,
surfactant secreting cell,http://purl.obolibrary.org/obo/CL_0000157,false,,,,
seromucus secreting cell,http://purl.obolibrary.org/obo/CL_0000159,false,,,,
obsolete acid secreting cell,http://purl.obolibrary.org/obo/CL_0000161,false,,,,
endocrine cell,http://purl.obolibrary.org/obo/CL_0000163,false,,,,
peptide hormone secreting cell,http://purl.obolibrary.org/obo/CL_0000167,false,,,,
insulin secreting cell,http://purl.obolibrary.org/obo/CL_0000168,false,,,,
glucagon secreting cell,http://purl.obolibrary.org/obo/CL_0000170,false,,,,
somatostatin secreting cell,http://purl.obolibrary.org/obo/CL_0000172,false,,,,
steroid hormone secreting cell,http://purl.obolibrary.org/obo/CL_0000174,false,,,,
luteal cell,http://purl.obolibrary.org/obo/CL_0000175,false,,,,
ecdysteroid secreting cell,http://purl.obolibrary.org/obo/CL_0000176,false,,,,
testosterone secreting cell,http://purl.obolibrary.org/obo/CL_0000177,false,,,,
Leydig cell,http://purl.obolibrary.org/obo/CL_0000178,false,,,,
progesterone secreting cell,http://purl.obolibrary.org/obo/CL_0000179,false,,,,
estradiol secreting cell,http://purl.obolibrary.org/obo/CL_0000180,false,,,,
obsolete metabolising cell,http://purl.obolibrary.org/obo/CL_0000181,false,,,,
contractile cell,http://purl.obolibrary.org/obo/CL_0000183,false,,,,
cell of skeletal muscle,http://purl.obolibrary.org/obo/CL_0000188,false,,,,
obsolete nodal cardiac cell,http://purl.obolibrary.org/obo/CL_0000194,false,,,,
obsolete Purkinje fiber,http://purl.obolibrary.org/obo/CL_0000195,false,,,,
sensory receptor cell,http://purl.obolibrary.org/obo/CL_0000197,false,,,,
chemoreceptor cell,http://purl.obolibrary.org/obo/CL_0000206,false,,,,
pH receptor cell,http://purl.obolibrary.org/obo/CL_0000208,false,,,,
electrically active cell,http://purl.obolibrary.org/obo/CL_0000211,false,,,,
obsolete absorptive cell,http://purl.obolibrary.org/obo/CL_0000212,false,,,,
obsolete lining cell,http://purl.obolibrary.org/obo/CL_0000213,false,,,,
obsolete barrier cell,http://purl.obolibrary.org/obo/CL_0000215,false,,,,
obsolete insulating cell,http://purl.obolibrary.org/obo/CL_0000217,false,,,,
motile cell,http://purl.obolibrary.org/obo/CL_0000219,false,,,,
obsolete cell by lineage,http://purl.obolibrary.org/obo/CL_0000220,false,,,,
ectodermal cell,http://purl.obolibrary.org/obo/CL_0000221,false,,,,
mesodermal cell,http://purl.obolibrary.org/obo/CL_0000222,false,,,,
endodermal cell,http://purl.obolibrary.org/obo/CL_0000223,false,,,,
obsolete cell by nuclear number,http://purl.obolibrary.org/obo/CL_0000224,false,,,,
anucleate cell,http://purl.obolibrary.org/obo/CL_0000225,false,,,,
single nucleate cell,http://purl.obolibrary.org/obo/CL_0000226,false,,,,
binucleate cell,http://purl.obolibrary.org/obo/CL_0000227,false,,,,
multinucleate cell,http://purl.obolibrary.org/obo/CL_0000228,false,,,,
obsolete lymphoblast,http://purl.obolibrary.org/obo/CL_0000229,false,,,,
obsolete T lymphoblast,http://purl.obolibrary.org/obo/CL_0000230,false,,,,
obsolete B lymphoblast,http://purl.obolibrary.org/obo/CL_0000231,false,,,,
phagocyte,http://purl.obolibrary.org/obo/CL_0000234,false,,,,
obsolete glial cell (sensu Vertebrata),http://purl.obolibrary.org/obo/CL_0000243,false,,,,
obsolete passage cell,http://purl.obolibrary.org/obo/CL_0000245,false,,,,
obsolete microsporocyte,http://purl.obolibrary.org/obo/CL_0000248,false,,,,
hatching gland cell,http://purl.obolibrary.org/obo/CL_0000249,false,,,,
obsolete megaspore,http://purl.obolibrary.org/obo/CL_0000250,false,,,,
obsolete microspore,http://purl.obolibrary.org/obo/CL_0000252,false,,,,
obsolete egg cell,http://purl.obolibrary.org/obo/CL_0000254,false,,,,
eukaryotic cell,http://purl.obolibrary.org/obo/CL_0000255,false,,,,
uric acid accumulating cell,http://purl.obolibrary.org/obo/CL_0000256,false,,,,
Eumycetozoan cell,http://purl.obolibrary.org/obo/CL_0000257,false,,,,
obsolete fiber tracheid,http://purl.obolibrary.org/obo/CL_0000258,false,,,,
obsolete aggregate cell,http://purl.obolibrary.org/obo/CL_0000259,false,,,,
obsolete mucilage cell,http://purl.obolibrary.org/obo/CL_0000260,false,,,,
obsolete anterior cell,http://purl.obolibrary.org/obo/CL_0000261,false,,,,
obsolete guard mother cell,http://purl.obolibrary.org/obo/CL_0000262,false,,,,
obsolete vegetative cell (sensu Mycetozoa),http://purl.obolibrary.org/obo/CL_0000263,false,,,,
obsolete phloem initial,http://purl.obolibrary.org/obo/CL_0000264,false,,,,
obsolete anterior like cell,http://purl.obolibrary.org/obo/CL_0000265,false,,,,
obsolete meristemoid,http://purl.obolibrary.org/obo/CL_0000266,false,,,,
obsolete prespore cell,http://purl.obolibrary.org/obo/CL_0000267,false,,,,
obsolete sieve element,http://purl.obolibrary.org/obo/CL_0000268,false,,,,
obsolete prestalk cell,http://purl.obolibrary.org/obo/CL_0000269,false,,,,
obsolete subsidiary cell,http://purl.obolibrary.org/obo/CL_0000270,false,,,,
obsolete prestalk A cell,http://purl.obolibrary.org/obo/CL_0000271,false,,,,
obsolete cambial initial,http://purl.obolibrary.org/obo/CL_0000272,false,,,,
obsolete prestalk AB cell,http://purl.obolibrary.org/obo/CL_0000273,false,,,,
obsolete prestalk B cell,http://purl.obolibrary.org/obo/CL_0000275,false,,,,
obsolete sclerenchyma cell,http://purl.obolibrary.org/obo/CL_0000276,false,,,,
obsolete prestalk I cell,http://purl.obolibrary.org/obo/CL_0000277,false,,,,
obsolete central cell,http://purl.obolibrary.org/obo/CL_0000278,false,,,,
obsolete prestalk 0 cell,http://purl.obolibrary.org/obo/CL_0000279,false,,,,
obsolete generative cell,http://purl.obolibrary.org/obo/CL_0000280,false,,,,
obsolete pstAB/ALC,http://purl.obolibrary.org/obo/CL_0000281,false,,,,
obsolete trichome,http://purl.obolibrary.org/obo/CL_0000282,false,,,,
obsolete pstO/ALC,http://purl.obolibrary.org/obo/CL_0000283,false,,,,
obsolete companion cell,http://purl.obolibrary.org/obo/CL_0000284,false,,,,
obsolete stalk cell,http://purl.obolibrary.org/obo/CL_0000285,false,,,,
hyphal cell,http://purl.obolibrary.org/obo/CL_0000286,false,,,,
obsolete synergid,http://purl.obolibrary.org/obo/CL_0000288,false,,,,
obsolete chemotactic amoeboid cell (sensu Mycetozoa),http://purl.obolibrary.org/obo/CL_0000289,false,,,,
obsolete xylem fiber cell,http://purl.obolibrary.org/obo/CL_0000290,false,,,,
obsolete spore (sensu Mycetozoa),http://purl.obolibrary.org/obo/CL_0000291,false,,,,
obsolete guard cell,http://purl.obolibrary.org/obo/CL_0000292,false,,,,
structural cell,http://purl.obolibrary.org/obo/CL_0000293,false,,,,
obsolete sieve cell,http://purl.obolibrary.org/obo/CL_0000294,false,,,,
somatotropin secreting cell,http://purl.obolibrary.org/obo/CL_0000295,false,,,,
obsolete vegetative cell,http://purl.obolibrary.org/obo/CL_0000296,false,,,,
obsolete socket cell,http://purl.obolibrary.org/obo/CL_0000297,false,,,,
obsolete xylem element,http://purl.obolibrary.org/obo/CL_0000298,false,,,,
obsolete trichoblast,http://purl.obolibrary.org/obo/CL_0000299,false,,,,
obsolete IgM B cell,http://purl.obolibrary.org/obo/CL_0000302,false,,,,
obsolete IgG B cell,http://purl.obolibrary.org/obo/CL_0000303,false,,,,
obsolete IgA B cell,http://purl.obolibrary.org/obo/CL_0000304,false,,,,
obsolete IgE B cell,http://purl.obolibrary.org/obo/CL_0000305,false,,,,
crystallin accumulating cell,http://purl.obolibrary.org/obo/CL_0000306,false,,,,
metal ion accumulating cell,http://purl.obolibrary.org/obo/CL_0000308,false,,,,
copper accumulating cell,http://purl.obolibrary.org/obo/CL_0000309,false,,,,
iron accumulating cell,http://purl.obolibrary.org/obo/CL_0000310,false,,,,
keratin accumulating cell,http://purl.obolibrary.org/obo/CL_0000311,false,,,,
serous secreting cell,http://purl.obolibrary.org/obo/CL_0000313,false,,,,
milk secreting cell,http://purl.obolibrary.org/obo/CL_0000314,false,,,,
obsolete ray initial,http://purl.obolibrary.org/obo/CL_0000316,false,,,,
mucus secreting cell,http://purl.obolibrary.org/obo/CL_0000319,false,,,,
obsolete megasporocyte,http://purl.obolibrary.org/obo/CL_0000320,false,,,,
obsolete seminal fluid secreting cell,http://purl.obolibrary.org/obo/CL_0000321,false,,,,
lysozyme secreting cell,http://purl.obolibrary.org/obo/CL_0000323,false,,,,
stuff accumulating cell,http://purl.obolibrary.org/obo/CL_0000325,false,,,,
glycogen accumulating cell,http://purl.obolibrary.org/obo/CL_0000326,false,,,,
obsolete myelin accumulating cell,http://purl.obolibrary.org/obo/CL_0000328,false,,,,
oxygen accumulating cell,http://purl.obolibrary.org/obo/CL_0000329,false,,,,
obsolete collenchymal cell,http://purl.obolibrary.org/obo/CL_0000330,false,,,,
obsolete tracheid,http://purl.obolibrary.org/obo/CL_0000331,false,,,,
obsolete atrichoblast,http://purl.obolibrary.org/obo/CL_0000332,false,,,,
vegetative cell (sensu Fungi),http://purl.obolibrary.org/obo/CL_0000334,false,,,,
mesenchyme condensation cell,http://purl.obolibrary.org/obo/CL_0000335,false,,,,
pigment cell (sensu Nematoda and Protostomia),http://purl.obolibrary.org/obo/CL_0000341,false,,,,
pigment cell (sensu Vertebrata),http://purl.obolibrary.org/obo/CL_0000342,false,,,,
visual pigment cell (sensu Vertebrata),http://purl.obolibrary.org/obo/CL_0000343,false,,,,
obsolete non-visual cell (sensu Vertebrata),http://purl.obolibrary.org/obo/CL_0000344,false,,,,
dental papilla cell,http://purl.obolibrary.org/obo/CL_0000345,false,,,,
scleral cell,http://purl.obolibrary.org/obo/CL_0000347,false,,,,
choroidal cell of the eye,http://purl.obolibrary.org/obo/CL_0000348,false,,,,
blastoderm cell,http://purl.obolibrary.org/obo/CL_0000353,false,,,,
morula cell,http://purl.obolibrary.org/obo/CL_0000360,false,,,,
gastrula cell,http://purl.obolibrary.org/obo/CL_0000361,false,,,,
obsolete axial cell,http://purl.obolibrary.org/obo/CL_0000363,false,,,,
obsolete ray cell,http://purl.obolibrary.org/obo/CL_0000364,false,,,,
animal zygote,http://purl.obolibrary.org/obo/CL_0000365,false,,,,
obsolete sperm cell (sensu Viridiplantae),http://purl.obolibrary.org/obo/CL_0000366,false,,,,
sheath cell (sensu Nematoda),http://purl.obolibrary.org/obo/CL_0000367,false,,,,
obsolete myrosin cell,http://purl.obolibrary.org/obo/CL_0000368,false,,,,
obsolete transfer cell,http://purl.obolibrary.org/obo/CL_0000370,false,,,,
protoplast,http://purl.obolibrary.org/obo/CL_0000371,false,,,,
histoblast,http://purl.obolibrary.org/obo/CL_0000373,false,,,,
obsolete osteoprogenitor cell,http://purl.obolibrary.org/obo/CL_0000375,false,,,,
supporting cell (sensu Nematoda and Protostomia),http://purl.obolibrary.org/obo/CL_0000378,false,,,,
thecogen cell,http://purl.obolibrary.org/obo/CL_0000380,false,,,,
obsolete neurosecretory neuron,http://purl.obolibrary.org/obo/CL_0000381,false,,,,
scolopale cell,http://purl.obolibrary.org/obo/CL_0000382,false,,,,
ligament cell,http://purl.obolibrary.org/obo/CL_0000384,false,,,,
obsolete attachment cell,http://purl.obolibrary.org/obo/CL_0000386,false,,,,
obsolete podocyte (sensu Diptera),http://purl.obolibrary.org/obo/CL_0000391,false,,,,
electrically responsive cell,http://purl.obolibrary.org/obo/CL_0000393,false,,,,
obsolete polygonal cell,http://purl.obolibrary.org/obo/CL_0000398,false,,,,
obsolete phloem element,http://purl.obolibrary.org/obo/CL_0000399,false,,,,
obsolete pavement cell,http://purl.obolibrary.org/obo/CL_0000400,false,,,,
obsolete macrophage (sensu Diptera),http://purl.obolibrary.org/obo/CL_0000401,false,,,,
obsolete CNS interneuron,http://purl.obolibrary.org/obo/CL_0000402,false,,,,
electrically signaling cell,http://purl.obolibrary.org/obo/CL_0000404,false,,,,
obsolete neuroepidermoblast,http://purl.obolibrary.org/obo/CL_0000405,false,,,,
scolopidial ligament cell,http://purl.obolibrary.org/obo/CL_0000407,false,,,,
obsolete scolopidial sheath cell,http://purl.obolibrary.org/obo/CL_0000409,false,,,,
polyploid cell,http://purl.obolibrary.org/obo/CL_0000412,false,,,,
haploid cell,http://purl.obolibrary.org/obo/CL_0000413,false,,,,
obsolete cell by ploidy,http://purl.obolibrary.org/obo/CL_0000414,false,,,,
diploid cell,http://purl.obolibrary.org/obo/CL_0000415,false,,,,
polytene cell,http://purl.obolibrary.org/obo/CL_0000416,false,,,,
endopolyploid cell,http://purl.obolibrary.org/obo/CL_0000417,false,,,,
coelomocyte,http://purl.obolibrary.org/obo/CL_0000421,false,,,,
mitogenic signaling cell,http://purl.obolibrary.org/obo/CL_0000422,false,,,,
tip cell,http://purl.obolibrary.org/obo/CL_0000423,false,,,,
excretory cell,http://purl.obolibrary.org/obo/CL_0000424,false,,,,
obsolete scaffold cell,http://purl.obolibrary.org/obo/CL_0000426,false,,,,
xanthophore cell,http://purl.obolibrary.org/obo/CL_0000430,false,,,,
iridophore,http://purl.obolibrary.org/obo/CL_0000431,false,,,,
obsolete functional megaspore,http://purl.obolibrary.org/obo/CL_0000433,false,,,,
alkali secreting cell,http://purl.obolibrary.org/obo/CL_0000435,false,,,,
vaginal lubricant secreting cell,http://purl.obolibrary.org/obo/CL_0000436,false,,,,
luteinizing hormone secreting cell,http://purl.obolibrary.org/obo/CL_0000438,false,,,,
prolactin secreting cell,http://purl.obolibrary.org/obo/CL_0000439,false,,,,
melanocyte stimulating hormone secreting cell,http://purl.obolibrary.org/obo/CL_0000440,false,,,,
calcitonin secreting cell,http://purl.obolibrary.org/obo/CL_0000443,false,,,,
apoptosis fated cell,http://purl.obolibrary.org/obo/CL_0000445,false,,,,
carbohydrate secreting cell,http://purl.obolibrary.org/obo/CL_0000447,false,,,,
thyroid hormone secreting cell,http://purl.obolibrary.org/obo/CL_0000452,false,,,,
epinephrine secreting cell,http://purl.obolibrary.org/obo/CL_0000454,false,,,,
obsolete starch sheath cell,http://purl.obolibrary.org/obo/CL_0000455,false,,,,
mineralocorticoid secreting cell,http://purl.obolibrary.org/obo/CL_0000456,false,,,,
biogenic amine secreting cell,http://purl.obolibrary.org/obo/CL_0000457,false,,,,
serotonin secreting cell,http://purl.obolibrary.org/obo/CL_0000458,false,,,,
noradrenergic cell,http://purl.obolibrary.org/obo/CL_0000459,false,,,,
glucocorticoid secreting cell,http://purl.obolibrary.org/obo/CL_0000460,false,,,,
adepithelial cell,http://purl.obolibrary.org/obo/CL_0000462,false,,,,
cardioblast (sensu Arthropoda),http://purl.obolibrary.org/obo/CL_0000465,false,,,,
adrenocorticotropic hormone secreting cell,http://purl.obolibrary.org/obo/CL_0000467,false,,,,
ganglion mother cell,http://purl.obolibrary.org/obo/CL_0000469,false,,,,
digestive enzyme secreting cell,http://purl.obolibrary.org/obo/CL_0000470,false,,,,
obsolete chlorenchyma cell,http://purl.obolibrary.org/obo/CL_0000472,false,,,,
OBSOLETE defensive cell,http://purl.obolibrary.org/obo/CL_0000473,false,,,,
pericardial nephrocyte,http://purl.obolibrary.org/obo/CL_0000474,false,,,,
obsolete degenerate megaspore,http://purl.obolibrary.org/obo/CL_0000475,false,,,,
oxytocin stimulating hormone secreting cell,http://purl.obolibrary.org/obo/CL_0000478,false,,,,
vasopressin stimulating hormone secreting cell,http://purl.obolibrary.org/obo/CL_0000479,false,,,,
secretin stimulating hormone secreting cell,http://purl.obolibrary.org/obo/CL_0000480,false,,,,
cholecystokin stimulating hormone secreting cell,http://purl.obolibrary.org/obo/CL_0000481,false,,,,
juvenile hormone secreting cell,http://purl.obolibrary.org/obo/CL_0000482,false,,,,
bombesin stimulating hormone secreting cell,http://purl.obolibrary.org/obo/CL_0000483,false,,,,
garland cell,http://purl.obolibrary.org/obo/CL_0000486,false,,,,
oenocyte,http://purl.obolibrary.org/obo/CL_0000487,false,,,,
obsolete cytotoxic T cell,http://purl.obolibrary.org/obo/CL_0000491,false,,,,
obsolete regulatory T cell,http://purl.obolibrary.org/obo/CL_0000493,false,,,,
granulosa cell,http://purl.obolibrary.org/obo/CL_0000501,false,,,,
substance P secreting cell,http://purl.obolibrary.org/obo/CL_0000505,false,,,,
enkephalin secreting cell,http://purl.obolibrary.org/obo/CL_0000506,false,,,,
endorphin secreting cell,http://purl.obolibrary.org/obo/CL_0000507,false,,,,
gastrin secreting cell,http://purl.obolibrary.org/obo/CL_0000509,false,,,,
androgen binding protein secreting cell,http://purl.obolibrary.org/obo/CL_0000511,false,,,,
obsolete paracrine cell,http://purl.obolibrary.org/obo/CL_0000512,false,,,,
cardiac muscle myoblast,http://purl.obolibrary.org/obo/CL_0000513,false,,,,
smooth muscle myoblast,http://purl.obolibrary.org/obo/CL_0000514,false,,,,
skeletal muscle myoblast,http://purl.obolibrary.org/obo/CL_0000515,false,,,,
macrophage derived foam cell,http://purl.obolibrary.org/obo/CL_0000517,false,,,,
phagocyte (sensu Vertebrata),http://purl.obolibrary.org/obo/CL_0000518,false,,,,
phagocyte (sensu Nematoda and Protostomia),http://purl.obolibrary.org/obo/CL_0000519,false,,,,
prokaryotic cell,http://purl.obolibrary.org/obo/CL_0000520,false,,,,
fungal cell,http://purl.obolibrary.org/obo/CL_0000521,false,,,,
obsolete spore,http://purl.obolibrary.org/obo/CL_0000522,false,,,,
spheroplast,http://purl.obolibrary.org/obo/CL_0000524,false,,,,
obsolete antipodal cell,http://purl.obolibrary.org/obo/CL_0000537,false,,,,
obsolete epidermal initial,http://purl.obolibrary.org/obo/CL_0000538,false,,,,
obsolete idioblast,http://purl.obolibrary.org/obo/CL_0000539,false,,,,
melanoblast,http://purl.obolibrary.org/obo/CL_0000541,false,,,,
obsolete sieve tube member,http://purl.obolibrary.org/obo/CL_0000543,false,,,,
obsolete animal cell,http://purl.obolibrary.org/obo/CL_0000548,false,,,,
gastrin stimulating hormone secreting cell,http://purl.obolibrary.org/obo/CL_0000554,false,,,,
obsolete neuronal brush cell,http://purl.obolibrary.org/obo/CL_0000555,false,,,,
endospore,http://purl.obolibrary.org/obo/CL_0000563,false,,,,
fat body cell,http://purl.obolibrary.org/obo/CL_0000565,false,,,,
leucophore,http://purl.obolibrary.org/obo/CL_0000571,false,,,,
erythrophore,http://purl.obolibrary.org/obo/CL_0000574,false,,,,
experimentally modified cell in vitro,http://purl.obolibrary.org/obo/CL_0000578,false,,,,
obsolete null cell,http://purl.obolibrary.org/obo/CL_0000585,false,,,,
small luteal cell,http://purl.obolibrary.org/obo/CL_0000590,false,,,,
large luteal cell,http://purl.obolibrary.org/obo/CL_0000592,false,,,,
androgen secreting cell,http://purl.obolibrary.org/obo/CL_0000593,false,,,,
skeletal muscle satellite cell,http://purl.obolibrary.org/obo/CL_0000594,false,,,,
sexual spore,http://purl.obolibrary.org/obo/CL_0000596,false,,,,
microconidium,http://purl.obolibrary.org/obo/CL_0000597,false,,,,
conidium,http://purl.obolibrary.org/obo/CL_0000599,false,,,,
heterokaryon,http://purl.obolibrary.org/obo/CL_0000600,false,,,,
dikaryon,http://purl.obolibrary.org/obo/CL_0000603,false,,,,
fungal asexual spore,http://purl.obolibrary.org/obo/CL_0000605,false,,,,
macroconidium,http://purl.obolibrary.org/obo/CL_0000606,false,,,,
ascospore,http://purl.obolibrary.org/obo/CL_0000607,false,,,,
zygospore,http://purl.obolibrary.org/obo/CL_0000608,false,,,,
obsolete plant cell,http://purl.obolibrary.org/obo/CL_0000610,false,,,,
basidiospore,http://purl.obolibrary.org/obo/CL_0000615,false,,,,
obsolete sporangiospore,http://purl.obolibrary.org/obo/CL_0000616,false,,,,
supporting cell (sensu Nematoda),http://purl.obolibrary.org/obo/CL_0000619,false,,,,
obsolete zoospore,http://purl.obolibrary.org/obo/CL_0000620,false,,,,
fusion competent myoblast,http://purl.obolibrary.org/obo/CL_0000621,false,,,,
transporting cell,http://purl.obolibrary.org/obo/CL_0000627,false,,,,
photosynthetic cell,http://purl.obolibrary.org/obo/CL_0000628,false,,,,
storage cell,http://purl.obolibrary.org/obo/CL_0000629,false,,,,
supporting cell,http://purl.obolibrary.org/obo/CL_0000630,false,,,,
labyrinth supporting cell,http://purl.obolibrary.org/obo/CL_0000631,false,,,,
chromophobe cell,http://purl.obolibrary.org/obo/CL_0000641,false,,,,
obsolete mucous neck cell,http://purl.obolibrary.org/obo/CL_0000651,false,,,,
distal tip cell (sensu Nematoda),http://purl.obolibrary.org/obo/CL_0000661,false,,,,
obsolete valve cell,http://purl.obolibrary.org/obo/CL_0000663,false,,,,
obsolete closable valve cell,http://purl.obolibrary.org/obo/CL_0000664,false,,,,
obsolete permanently open valve cell,http://purl.obolibrary.org/obo/CL_0000665,false,,,,
obsolete parenchymal cell,http://purl.obolibrary.org/obo/CL_0000668,false,,,,
obsolete tracheary element,http://purl.obolibrary.org/obo/CL_0000672,false,,,,
cap cell,http://purl.obolibrary.org/obo/CL_0000676,false,,,,
gut absorptive cell,http://purl.obolibrary.org/obo/CL_0000677,false,,,,
muscle precursor cell,http://purl.obolibrary.org/obo/CL_0000680,false,,,,
obsolete meristematic cell,http://purl.obolibrary.org/obo/CL_0000685,false,,,,
myoendocrine cell,http://purl.obolibrary.org/obo/CL_0000689,false,,,,
obsolete paraganglial cell,http://purl.obolibrary.org/obo/CL_0000698,false,,,,
paraganglia type 2 cell,http://purl.obolibrary.org/obo/CL_0000701,false,,,,
sustentacular cell,http://purl.obolibrary.org/obo/CL_0000703,false,,,,
cumulus granulosa cell,http://purl.obolibrary.org/obo/CL_0000711,false,,,,
corona radiata cell,http://purl.obolibrary.org/obo/CL_0000713,false,,,,
obsolete fusimotor neuron,http://purl.obolibrary.org/obo/CL_0000717,false,,,,
heterocyst,http://purl.obolibrary.org/obo/CL_0000724,false,,,,
nitrogen fixing cell,http://purl.obolibrary.org/obo/CL_0000725,false,,,,
chlamydospore,http://purl.obolibrary.org/obo/CL_0000726,false,,,,
obsolete primary pigment cell,http://purl.obolibrary.org/obo/CL_0000727,false,,,,
obsolete secondary pigment cell,http://purl.obolibrary.org/obo/CL_0000728,false,,,,
obsolete tertiary pigment cell,http://purl.obolibrary.org/obo/CL_0000729,false,,,,
amoeboid cell,http://purl.obolibrary.org/obo/CL_0000732,false,,,,
obsolete embryonic gland plasmatocyte,http://purl.obolibrary.org/obo/CL_0000734,false,,,,
obsolete embryonic gland hemocyte,http://purl.obolibrary.org/obo/CL_0000736,false,,,,
cyanophore,http://purl.obolibrary.org/obo/CL_0000747,false,,,,
multinucleated phagocyte,http://purl.obolibrary.org/obo/CL_0000783,false,,,,
neuromast mantle cell,http://purl.obolibrary.org/obo/CL_0000851,false,,,,
neuromast supporting cell,http://purl.obolibrary.org/obo/CL_0000852,false,,,,
interneuromast cell,http://purl.obolibrary.org/obo/CL_0000854,false,,,,
slow muscle myoblast,http://purl.obolibrary.org/obo/CL_0000857,false,,,,
fast muscle myoblast,http://purl.obolibrary.org/obo/CL_0000858,false,,,,
foam cell,http://purl.obolibrary.org/obo/CL_0000891,false,,,,
smooth muscle cell derived foam cell,http://purl.obolibrary.org/obo/CL_0000892,false,,,,
cell in vitro,http://purl.obolibrary.org/obo/CL_0001034,false,,,,
abnormal cell,http://purl.obolibrary.org/obo/CL_0001061,false,,,,
neoplastic cell,http://purl.obolibrary.org/obo/CL_0001063,false,,,,
malignant cell,http://purl.obolibrary.org/obo/CL_0001064,false,,,,
visual pigment cell (sensu Nematoda and Protostomia),http://purl.obolibrary.org/obo/CL_0001658,false,,,,
corneocyte,http://purl.obolibrary.org/obo/CL_0002153,false,,,,
follicular cell of ovary,http://purl.obolibrary.org/obo/CL_0002174,false,,,,
primary follicular cell of ovary,http://purl.obolibrary.org/obo/CL_0002175,false,,,,
secondary follicular cell of ovary,http://purl.obolibrary.org/obo/CL_0002176,false,,,,
obsolete surface mucosal cell of stomach,http://purl.obolibrary.org/obo/CL_0002182,false,,,,
hepatic oval stem cell,http://purl.obolibrary.org/obo/CL_0002196,false,,,,
nucleate cell,http://purl.obolibrary.org/obo/CL_0002242,false,,,,
obsolete null lymphocyte,http://purl.obolibrary.org/obo/CL_0002245,false,,,,
vasoactive intestinal peptide secreting cell,http://purl.obolibrary.org/obo/CL_0002269,false,,,,
motilin secreting cell,http://purl.obolibrary.org/obo/CL_0002272,false,,,,
histamine secreting cell,http://purl.obolibrary.org/obo/CL_0002274,false,,,,
obsolete PP cell of pancreatic acinus,http://purl.obolibrary.org/obo/CL_0002276,false,,,,
embryonic cell (metazoa),http://purl.obolibrary.org/obo/CL_0002321,false,,,,
progenitor cell of endocrine pancreas,http://purl.obolibrary.org/obo/CL_0002351,false,,,,
fungal spore,http://purl.obolibrary.org/obo/CL_0002369,false,,,,
obsolete somatic cell,http://purl.obolibrary.org/obo/CL_0002371,false,,,,
growth hormone releasing hormone secreting cell,http://purl.obolibrary.org/obo/CL_0002373,false,,,,
Schwann cell precursor,http://purl.obolibrary.org/obo/CL_0002375,false,,,,
oospore,http://purl.obolibrary.org/obo/CL_0002380,false,,,,
uninucleate conidium,http://purl.obolibrary.org/obo/CL_0002381,false,,,,
multinucleate conidium,http://purl.obolibrary.org/obo/CL_0002382,false,,,,
conidium of conidiophore head,http://purl.obolibrary.org/obo/CL_0002383,false,,,,
uninucleate macroconidium,http://purl.obolibrary.org/obo/CL_0002384,false,,,,
blastoconidium,http://purl.obolibrary.org/obo/CL_0002385,false,,,,
multinucleate macroconidium,http://purl.obolibrary.org/obo/CL_0002386,false,,,,
arthroconidium,http://purl.obolibrary.org/obo/CL_0002387,false,,,,
multinucleate arthroconidium,http://purl.obolibrary.org/obo/CL_0002388,false,,,,
uninucleate arthroconidium,http://purl.obolibrary.org/obo/CL_0002389,false,,,,
uninucleate blastconidium,http://purl.obolibrary.org/obo/CL_0002390,false,,,,
multinucleate blastoconidium,http://purl.obolibrary.org/obo/CL_0002391,false,,,,
obsolete plant spore,http://purl.obolibrary.org/obo/CL_0002392,false,,,,
hemangioblast,http://purl.obolibrary.org/obo/CL_0002418,false,,,,
cardiocyte,http://purl.obolibrary.org/obo/CL_0002494,false,,,,
nephrocyte,http://purl.obolibrary.org/obo/CL_0002520,false,,,,
renal filtration cell,http://purl.obolibrary.org/obo/CL_0002522,false,,,,
disseminated nephrocyte,http://purl.obolibrary.org/obo/CL_0002524,false,,,,
embryonic blood vessel endothelial progenitor cell,http://purl.obolibrary.org/obo/CL_0002546,false,,,,
hair follicle cell,http://purl.obolibrary.org/obo/CL_0002559,false,,,,
obsolete neuron of cerebral cortex,http://purl.obolibrary.org/obo/CL_0002609,false,,,,
actinomycete-type spore,http://purl.obolibrary.org/obo/CL_0002630,false,,,,
obsolete epithelial cell of buccal part of viscerocranial mucosa,http://purl.obolibrary.org/obo/CL_0002646,false,,,,
obsolete epithelial cell of anterior palatal part of viscerocranial mucosa,http://purl.obolibrary.org/obo/CL_0002647,false,,,,
obsolete epithelial cell of nasal part of viscerocranial mucosa,http://purl.obolibrary.org/obo/CL_0002648,false,,,,
obsolete epithelial cell of gingival part of viscerocranial mucosa,http://purl.obolibrary.org/obo/CL_0002649,false,,,,
obsolete epithelial cell of paranasal sinus part of viscerocranial mucosa,http://purl.obolibrary.org/obo/CL_0002650,false,,,,
H minus,http://purl.obolibrary.org/obo/CL_0002674,false,,,,
H plus,http://purl.obolibrary.org/obo/CL_0002675,false,,,,
neural crest derived neuroblast,http://purl.obolibrary.org/obo/CL_0002676,false,,,,
kidney cortical cell,http://purl.obolibrary.org/obo/CL_0002681,false,,,,
iridoblast,http://purl.obolibrary.org/obo/CL_0005001,false,,,,
xanthoblast,http://purl.obolibrary.org/obo/CL_0005002,false,,,,
leucoblast,http://purl.obolibrary.org/obo/CL_0005003,false,,,,
pigment erythroblast,http://purl.obolibrary.org/obo/CL_0005004,false,,,,
cyanoblast,http://purl.obolibrary.org/obo/CL_0005005,false,,,,
obsolete apical cell,http://purl.obolibrary.org/obo/CL_0005016,false,,,,
obsolete plant basal cell,http://purl.obolibrary.org/obo/CL_0005017,false,,,,
ghrelin secreting cell,http://purl.obolibrary.org/obo/CL_0005018,false,,,,
preameloblast,http://purl.obolibrary.org/obo/CL_0007000,false,,,,
skeletogenic cell,http://purl.obolibrary.org/obo/CL_0007001,false,,,,
precementoblast,http://purl.obolibrary.org/obo/CL_0007002,false,,,,
preodontoblast,http://purl.obolibrary.org/obo/CL_0007003,false,,,,
notochordal cell,http://purl.obolibrary.org/obo/CL_0007005,false,,,,
chordamesodermal cell,http://purl.obolibrary.org/obo/CL_0007006,false,,,,
notochordal sheath cell,http://purl.obolibrary.org/obo/CL_0007007,false,,,,
notochordal vacuole cell,http://purl.obolibrary.org/obo/CL_0007008,false,,,,
prechondroblast,http://purl.obolibrary.org/obo/CL_0007009,false,,,,
obsolete cell line cell,http://purl.obolibrary.org/obo/CL_0007014,false,,,,
obsolete mortal cell line cell,http://purl.obolibrary.org/obo/CL_0007015,false,,,,
adaxial cell,http://purl.obolibrary.org/obo/CL_0007016,false,,,,
Stiftchenzellen,http://purl.obolibrary.org/obo/CL_0007017,false,,,,
epidermal ciliary cell,http://purl.obolibrary.org/obo/CL_0007018,false,,,,
epidermal mucus secreting cell,http://purl.obolibrary.org/obo/CL_0007019,false,,,,
bottle cell,http://purl.obolibrary.org/obo/CL_0007020,false,,,,
alarm substance cell,http://purl.obolibrary.org/obo/CL_0007021,false,,,,
micropylar cell,http://purl.obolibrary.org/obo/CL_0007022,false,,,,
flask cell,http://purl.obolibrary.org/obo/CL_0007023,false,,,,
muscle founder cell,http://purl.obolibrary.org/obo/CL_0008006,false,,,,
quiescent skeletal muscle satellite cell,http://purl.obolibrary.org/obo/CL_0008012,false,,,,
obsolete excitatory motor neuron,http://purl.obolibrary.org/obo/CL_0008014,false,,,,
activated skeletal muscle satellite cell,http://purl.obolibrary.org/obo/CL_0008016,false,,,,
adult skeletal muscle myoblast,http://purl.obolibrary.org/obo/CL_0008017,false,,,,
somatic muscle myoblast,http://purl.obolibrary.org/obo/CL_0008018,false,,,,
mesenchymal cell,http://purl.obolibrary.org/obo/CL_0008019,false,,,,
skeletal muscle satellite myogenic cell,http://purl.obolibrary.org/obo/CL_0008020,false,,,,
obsolete cardiac fibroblast,http://purl.obolibrary.org/obo/CL_0008023,false,,,,
obsolete inhibitory neuron,http://purl.obolibrary.org/obo/CL_0008029,false,,,,
obsolete excitatory neuron,http://purl.obolibrary.org/obo/CL_0008030,false,,,,
mural cell,http://purl.obolibrary.org/obo/CL_0008034,false,,,,
inflammatory cell,http://purl.obolibrary.org/obo/CL_0009002,false,,,,
larval midgut cell,http://purl.obolibrary.org/obo/CL_0009003,false,,,,
salivary gland cell,http://purl.obolibrary.org/obo/CL_0009005,false,,,,
transit amplifying cell,http://purl.obolibrary.org/obo/CL_0009010,false,,,,
fetal hepatobiliary progenitor cell,http://purl.obolibrary.org/obo/CL_0009013,false,,,,
nephrogenic zone cell,http://purl.obolibrary.org/obo/CL_0009019,false,,,,
fibro/adipogenic progenitor cell,http://purl.obolibrary.org/obo/CL_0009099,false,,,,
progenitor cell of mammary luminal epithelium,http://purl.obolibrary.org/obo/CL_0009116,false,,,,
obsolete epithelial cell of alveolus of lung,http://purl.obolibrary.org/obo/CL_0010003,false,,,,
atrioventricular bundle cell,http://purl.obolibrary.org/obo/CL_0010005,false,,,,
His-Purkinje system cell,http://purl.obolibrary.org/obo/CL_0010007,false,,,,
collar cell,http://purl.obolibrary.org/obo/CL_0010016,false,,,,
zygote,http://purl.obolibrary.org/obo/CL_0010017,false,,,,
cardiac myoblast,http://purl.obolibrary.org/obo/CL_0010021,false,,,,
paraxial cell,http://purl.obolibrary.org/obo/CL_0011007,false,,,,
lateral mesodermal cell,http://purl.obolibrary.org/obo/CL_0011010,false,,,,
intermediate mesodermal cell,http://purl.obolibrary.org/obo/CL_0011011,false,,,,
neural progenitor cell,http://purl.obolibrary.org/obo/CL_0011020,false,,,,
CD25+ mast cell,http://purl.obolibrary.org/obo/CL_0011023,false,,,,
progenitor cell,http://purl.obolibrary.org/obo/CL_0011026,false,,,,
cnidocyte,http://purl.obolibrary.org/obo/CL_0011029,false,,,,
obsolete Muller cell,http://purl.obolibrary.org/obo/CL_0011107,false,,,,
obsolete magnocellular neurosecretory cell,http://purl.obolibrary.org/obo/CL_0011112,false,,,,
precursor cell,http://purl.obolibrary.org/obo/CL_0011115,false,,,,
splanchnic mesodermal cell,http://purl.obolibrary.org/obo/CL_0017001,false,,,,
neutrophillic cytoplasm,http://purl.obolibrary.org/obo/CL_0017500,false,,,,
obsolete lobed nucleus,http://purl.obolibrary.org/obo/CL_0017501,false,,,,
acidophilic cytoplasm,http://purl.obolibrary.org/obo/CL_0017502,false,,,,
basophilic cytoplasm,http://purl.obolibrary.org/obo/CL_0017503,false,,,,
polychromatophilic cytoplasm,http://purl.obolibrary.org/obo/CL_0017504,false,,,,
obsolete increased nucleus size,http://purl.obolibrary.org/obo/CL_0017505,false,,,,
banded nucleus,http://purl.obolibrary.org/obo/CL_0017506,false,,,,
reniform nucleus,http://purl.obolibrary.org/obo/CL_0017507,false,,,,
cartwheel heterochromatin,http://purl.obolibrary.org/obo/CL_0017508,false,,,,
alobate nucleus,http://purl.obolibrary.org/obo/CL_0017509,false,,,,
tracheobronchial serous cell,http://purl.obolibrary.org/obo/CL_0019001,false,,,,
obsolete kidney collecting duct beta-intercalated cell,http://purl.obolibrary.org/obo/CL_0700009,false,,,,
cardiac valve cell,http://purl.obolibrary.org/obo/CL_1000147,false,,,,
Malpighian tubule stellate cell,http://purl.obolibrary.org/obo/CL_1000155,false,,,,
malpighian tubule tip cell,http://purl.obolibrary.org/obo/CL_1000182,false,,,,
lung secretory cell,http://purl.obolibrary.org/obo/CL_1000272,false,,,,
obsolete goblet cell of epithelium of small intestine,http://purl.obolibrary.org/obo/CL_1000316,false,,,,
obsolete small intestine crypt goblet cell,http://purl.obolibrary.org/obo/CL_1000318,false,,,,
obsolete goblet cell of epithelium proper of small intestine,http://purl.obolibrary.org/obo/CL_1000319,false,,,,
obsolete goblet cell of epithelium proper of large intestine,http://purl.obolibrary.org/obo/CL_1000328,false,,,,
serous cell of epithelium of trachea,http://purl.obolibrary.org/obo/CL_1000330,false,,,,
serous cell of epithelium of bronchus,http://purl.obolibrary.org/obo/CL_1000331,false,,,,
serous cell of epithelium of terminal bronchiole,http://purl.obolibrary.org/obo/CL_1000332,false,,,,
serous cell of epithelium of lobular bronchiole,http://purl.obolibrary.org/obo/CL_1000333,false,,,,
obsolete myoepithelial cell of lactiferous gland,http://purl.obolibrary.org/obo/CL_1000416,false,,,,
obsolete epithelial cell of visceral layer of glomerular capsule,http://purl.obolibrary.org/obo/CL_1000451,false,,,,
kidney cell,http://purl.obolibrary.org/obo/CL_1000497,false,,,,
kidney interstitial cell,http://purl.obolibrary.org/obo/CL_1000500,false,,,,
kidney medulla cell,http://purl.obolibrary.org/obo/CL_1000504,false,,,,
kidney pelvis cell,http://purl.obolibrary.org/obo/CL_1000505,false,,,,
kidney tubule cell,http://purl.obolibrary.org/obo/CL_1000507,false,,,,
kidney papillary duct principal epithelial cell,http://purl.obolibrary.org/obo/CL_1000550,false,,,,
inner renal cortex cell,http://purl.obolibrary.org/obo/CL_1000596,false,,,,
papillary tips cell,http://purl.obolibrary.org/obo/CL_1000597,false,,,,
lower urinary tract cell,http://purl.obolibrary.org/obo/CL_1000600,false,,,,
ureteral cell,http://purl.obolibrary.org/obo/CL_1000601,false,,,,
kidney outer medulla cell,http://purl.obolibrary.org/obo/CL_1000616,false,,,,
kidney inner medulla cell,http://purl.obolibrary.org/obo/CL_1000617,false,,,,
juxtaglomerular complex cell,http://purl.obolibrary.org/obo/CL_1000618,false,,,,
kidney medulla interstitial cell,http://purl.obolibrary.org/obo/CL_1000682,false,,,,
kidney inner medulla interstitial cell,http://purl.obolibrary.org/obo/CL_1000803,false,,,,
kidney outer medulla interstitial cell,http://purl.obolibrary.org/obo/CL_1000804,false,,,,
kidney blood vessel cell,http://purl.obolibrary.org/obo/CL_1000854,false,,,,
kidney arterial blood vessel cell,http://purl.obolibrary.org/obo/CL_1000891,false,,,,
kidney venous blood vessel cell,http://purl.obolibrary.org/obo/CL_1000893,false,,,,
kidney afferent arteriole cell,http://purl.obolibrary.org/obo/CL_1001006,false,,,,
kidney efferent arteriole cell,http://purl.obolibrary.org/obo/CL_1001009,false,,,,
kidney cortex artery cell,http://purl.obolibrary.org/obo/CL_1001045,false,,,,
kidney cortex vein cell,http://purl.obolibrary.org/obo/CL_1001052,false,,,,
arcuate artery cell,http://purl.obolibrary.org/obo/CL_1001135,false,,,,
interlobular artery cell,http://purl.obolibrary.org/obo/CL_1001138,false,,,,
arcuate vein cell,http://purl.obolibrary.org/obo/CL_1001142,false,,,,
interlobular vein cell,http://purl.obolibrary.org/obo/CL_1001145,false,,,,
kidney collecting duct cell,http://purl.obolibrary.org/obo/CL_1001225,false,,,,
bladder cell,http://purl.obolibrary.org/obo/CL_1001319,false,,,,
urethra cell,http://purl.obolibrary.org/obo/CL_1001320,false,,,,
obsolete bronchioalveolar stem cells,http://purl.obolibrary.org/obo/CL_1001566,false,,,,
obsolete breast adipocyte,http://purl.obolibrary.org/obo/CL_1001583,false,,,,
obsolete microvascular endothelium blood vessel endothelial cell,http://purl.obolibrary.org/obo/CL_2000009,false,,,,
inner cell mass cell,http://purl.obolibrary.org/obo/CL_2000020,false,,,,
sebaceous gland cell,http://purl.obolibrary.org/obo/CL_2000021,false,,,,
cardiac septum cell,http://purl.obolibrary.org/obo/CL_2000022,false,,,,
obsolete cerebellum Golgi cell,http://purl.obolibrary.org/obo/CL_2000026,false,,,,
anterior lateral line neuromast mantle cell,http://purl.obolibrary.org/obo/CL_2000035,false,,,,
anterior lateral line neuromast supporting cell,http://purl.obolibrary.org/obo/CL_2000036,false,,,,
posterior lateral line neuromast mantle cell,http://purl.obolibrary.org/obo/CL_2000038,false,,,,
posterior lateral line neuromast supporting cell,http://purl.obolibrary.org/obo/CL_2000039,false,,,,
obsolete retina retinal ganglion cell,http://purl.obolibrary.org/obo/CL_2000050,false,,,,
anterior visceral endoderm cell,http://purl.obolibrary.org/obo/CL_2000075,false,,,,
obsolete melanocyte of foreskin,http://purl.obolibrary.org/obo/CL_2000082,false,,,,
obsolete L2/3 pvalb-like sst GABAergic cortical interneuron (Mus musculus),http://purl.obolibrary.org/obo/CL_4023034,false,,,,
obsolete Martinotti morphology L2/3 pvalb-like sst GABAergic cortical interneuron (Mus musculus),http://purl.obolibrary.org/obo/CL_4023067,false,,,,
obsolete caudal ganglionic eminence derived GABAergic cortical interneuron,http://purl.obolibrary.org/obo/CL_4023070,false,,,,
obsolete choroid plexus cell,http://purl.obolibrary.org/obo/CL_4023073,false,,,,
obsolete basket morphology L2/3 pvalb-like sst GABAergic cortical interneuron (Mus musculus),http://purl.obolibrary.org/obo/CL_4023078,false,,,,
obsolete L2/3 intratelencephalic projecting glutamatergic neuron of the primary motor cortex (Homo sapiens),http://purl.obolibrary.org/obo/CL_4023098,false,,,,
obsolete L5 intratelencephalic projecting glutamatergic neuron of the primary motor cortex (Homo sapiens),http://purl.obolibrary.org/obo/CL_4023099,false,,,,
obsolete L6 intratelencephalic projecting glutamatergic neuron of the primary motor cortex (Homo sapiens),http://purl.obolibrary.org/obo/CL_4023100,false,,,,
obsolete L5/6 near-projecting glutamatergic neuron of the primary motor cortex (Homo sapiens),http://purl.obolibrary.org/obo/CL_4023101,false,,,,
obsolete L5/6 near-projecting glutamatergic neuron of the primary motor cortex (Callithrix jacchus),http://purl.obolibrary.org/obo/CL_4023102,false,,,,
obsolete L2/3 intratelencephalic projecting glutamatergic neuron of the primary motor cortex (Callithrix jacchus),http://purl.obolibrary.org/obo/CL_4023103,false,,,,
obsolete L5 intratelencephalic projecting glutamatergic neuron of the primary motor cortex (Callithrix jacchus),http://purl.obolibrary.org/obo/CL_4023104,false,,,,
obsolete L6 intratelencephalic projecting glutamatergic neuron of the primary motor cortex (Callithrix jacchus),http://purl.obolibrary.org/obo/CL_4023105,false,,,,
obsolete meis2 expressing cortical GABAergic cell (Callithrix jacchus),http://purl.obolibrary.org/obo/CL_4023106,false,,,,
gamete-nursing cell,http://purl.obolibrary.org/obo/CL_4029001,false,,,,
somatic nurse-like cell,http://purl.obolibrary.org/obo/CL_4029003,false,,,,
interstitial cell,http://purl.obolibrary.org/obo/CL_4030031,false,,,,
valve interstitial cell,http://purl.obolibrary.org/obo/CL_4030032,false,,,,
has_not_completed,http://purl.obolibrary.org/obo/CL_4030044,false,,,,
lacks_part,http://purl.obolibrary.org/obo/CL_4030045,false,,,,
lacks_plasma_membrane_part,http://purl.obolibrary.org/obo/CL_4030046,false,,,,
perivascular cell,http://purl.obolibrary.org/obo/CL_4033054,false,,,,
pre-granulosa cell,http://purl.obolibrary.org/obo/CL_4033066,false,,,,
mural granulosa cell,http://purl.obolibrary.org/obo/CL_4033067,false,,,,
squamous granulosa cell,http://purl.obolibrary.org/obo/CL_4033083,false,,,,
cuboidal granulosa cell,http://purl.obolibrary.org/obo/CL_4033084,false,,,,
atretic follicular cell of ovary,http://purl.obolibrary.org/obo/CL_4033089,false,,,,
atretic granulosa cell,http://purl.obolibrary.org/obo/CL_4033090,false,,,,
dermal chromatophore,http://purl.obolibrary.org/obo/CL_4040006,false,,,,
cycling neuroblast (sensu Vertebrata),http://purl.obolibrary.org/obo/CL_4047005,false,,,,
syncytial cell,http://purl.obolibrary.org/obo/CL_4052002,false,,,,
myotendinous junction nucleus,http://purl.obolibrary.org/obo/CL_4052024,false,,,,
neuromuscular junction nucleus,http://purl.obolibrary.org/obo/CL_4052025,false,,,,
atretic theca cell,http://purl.obolibrary.org/obo/CL_4052027,false,,,,
early luteal cell,http://purl.obolibrary.org/obo/CL_4052046,false,,,,
late luteal cell,http://purl.obolibrary.org/obo/CL_4052047,false,,,,
