modality,tool,cell_label,cell_id,is_mapped,level_1_cell_id,level_1_cell_label,level_2_cell_id,level_2_cell_label
sc_transcriptomics,pan-human-azimuth,spermatocyte,http://purl.obolibrary.org/obo/CL_0000017,true,http://purl.obolibrary.org/obo/CL_0000039,germ line cell,,
sc_transcriptomics,pan-human-azimuth,spermatid,http://purl.obolibrary.org/obo/CL_0000018,true,http://purl.obolibrary.org/obo/CL_0000039,germ line cell,,
sc_transcriptomics,pan-human-azimuth,spermatogonium,http://purl.obolibrary.org/obo/CL_0000020,true,http://purl.obolibrary.org/obo/CL_0000039,germ line cell,,
sc_transcriptomics,pan-human-azimuth,oocyte,http://purl.obolibrary.org/obo/CL_0000023,true,http://purl.obolibrary.org/obo/CL_0000039,germ line cell,,
sc_transcriptomics,celltypist,stem cell,http://purl.obolibrary.org/obo/CL_0000034,true,http://purl.obolibrary.org/obo/CL_0000034,stem cell,,
sc_transcriptomics,popv,stem cell,http://purl.obolibrary.org/obo/CL_0000034,true,http://purl.obolibrary.org/obo/CL_0000034,stem cell,,
sc_proteomics,vccf,stem cell,http://purl.obolibrary.org/obo/CL_0000034,true,http://purl.obolibrary.org/obo/CL_0000034,stem cell,,
sc_transcriptomics,popv,hematopoietic stem cell,http://purl.obolibrary.org/obo/CL_0000037,true,http://purl.obolibrary.org/obo/CL_0000034,stem cell,,
sc_transcriptomics,azimuth,hematopoietic stem cell,http://purl.obolibrary.org/obo/CL_0000037,true,http://purl.obolibrary.org/obo/CL_0000034,stem cell,,
sc_transcriptomics,pan-human-azimuth,hematopoietic stem cell,http://purl.obolibrary.org/obo/CL_0000037,true,http://purl.obolibrary.org/obo/CL_0000034,stem cell,,
sc_transcriptomics,celltypist,hematopoietic stem cell,http://purl.obolibrary.org/obo/CL_0000037,true,http://purl.obolibrary.org/obo/CL_0000034,stem cell,,
sc_proteomics,vccf,hematopoietic stem cell,http://purl.obolibrary.org/obo/CL_0000037,true,http://purl.obolibrary.org/obo/CL_0000034,stem cell,,
sc_transcriptomics,frmatch,hematopoietic stem cell,http://purl.obolibrary.org/obo/CL_0000037,true,http://purl.obolibrary.org/obo/CL_0000034,stem cell,,
sc_transcriptomics,popv,erythroid progenitor cell,http://purl.obolibrary.org/obo/CL_0000038,true,http://purl.obolibrary.org/obo/CL_0000988,hematopoietic cell,,
sc_proteomics,vccf,erythroid progenitor cell,http://purl.obolibrary.org/obo/CL_0000038,true,http://purl.obolibrary.org/obo/CL_0000988,hematopoietic cell,,
sc_transcriptomics,azimuth,common myeloid progenitor,http://purl.obolibrary.org/obo/CL_0000049,true,http://purl.obolibrary.org/obo/CL_0000988,hematopoietic cell,,
sc_transcriptomics,celltypist,common myeloid progenitor,http://purl.obolibrary.org/obo/CL_0000049,true,http://purl.obolibrary.org/obo/CL_0000988,hematopoietic cell,,
sc_transcriptomics,popv,common myeloid progenitor,http://purl.obolibrary.org/obo/CL_0000049,true,http://purl.obolibrary.org/obo/CL_0000988,hematopoietic cell,,
sc_proteomics,vccf,common myeloid progenitor,http://purl.obolibrary.org/obo/CL_0000049,true,http://purl.obolibrary.org/obo/CL_0000988,hematopoietic cell,,
sc_transcriptomics,azimuth,megakaryocyte-erythroid progenitor cell,http://purl.obolibrary.org/obo/CL_0000050,true,http://purl.obolibrary.org/obo/CL_0000988,hematopoietic cell,,
sc_transcriptomics,pan-human-azimuth,megakaryocyte-erythroid progenitor cell,http://purl.obolibrary.org/obo/CL_0000050,true,http://purl.obolibrary.org/obo/CL_0000988,hematopoietic cell,,
sc_transcriptomics,celltypist,megakaryocyte-erythroid progenitor cell,http://purl.obolibrary.org/obo/CL_0000050,true,http://purl.obolibrary.org/obo/CL_0000988,hematopoietic cell,,
sc_transcriptomics,azimuth,common lymphoid progenitor,http://purl.obolibrary.org/obo/CL_0000051,true,http://purl.obolibrary.org/obo/CL_0000988,hematopoietic cell,,
sc_transcriptomics,celltypist,common lymphoid progenitor,http://purl.obolibrary.org/obo/CL_0000051,true,http://purl.obolibrary.org/obo/CL_0000988,hematopoietic cell,,
sc_transcriptomics,pan-human-azimuth,common lymphoid progenitor,http://purl.obolibrary.org/obo/CL_0000051,true,http://purl.obolibrary.org/obo/CL_0000988,hematopoietic cell,,
sc_proteomics,vccf,common lymphoid progenitor,http://purl.obolibrary.org/obo/CL_0000051,true,http://purl.obolibrary.org/obo/CL_0000988,hematopoietic cell,,
sc_transcriptomics,azimuth,fibroblast,http://purl.obolibrary.org/obo/CL_0000057,true,http://purl.obolibrary.org/obo/CL_0002320,connective tissue cell,http://purl.obolibrary.org/obo/CL_0000499,stromal cell
sc_transcriptomics,popv,fibroblast,http://purl.obolibrary.org/obo/CL_0000057,true,http://purl.obolibrary.org/obo/CL_0002320,connective tissue cell,http://purl.obolibrary.org/obo/CL_0000499,stromal cell
sc_transcriptomics,celltypist,fibroblast,http://purl.obolibrary.org/obo/CL_0000057,true,http://purl.obolibrary.org/obo/CL_0002320,connective tissue cell,http://purl.obolibrary.org/obo/CL_0000499,stromal cell
sc_transcriptomics,deepcelltypes-hubmap,fibroblast,http://purl.obolibrary.org/obo/CL_0000057,true,http://purl.obolibrary.org/obo/CL_0002320,connective tissue cell,http://purl.obolibrary.org/obo/CL_0000499,stromal cell
sc_transcriptomics,pan-human-azimuth,fibroblast,http://purl.obolibrary.org/obo/CL_0000057,true,http://purl.obolibrary.org/obo/CL_0002320,connective tissue cell,http://purl.obolibrary.org/obo/CL_0000499,stromal cell
sc_proteomics,vccf,fibroblast,http://purl.obolibrary.org/obo/CL_0000057,true,http://purl.obolibrary.org/obo/CL_0002320,connective tissue cell,http://purl.obolibrary.org/obo/CL_0000499,stromal cell
sc_transcriptomics,deepcelltypes,fibroblast,http://purl.obolibrary.org/obo/CL_0000057,true,http://purl.obolibrary.org/obo/CL_0002320,connective tissue cell,http://purl.obolibrary.org/obo/CL_0000499,stromal cell
sc_transcriptomics,frmatch,fibroblast,http://purl.obolibrary.org/obo/CL_0000057,true,http://purl.obolibrary.org/obo/CL_0002320,connective tissue cell,http://purl.obolibrary.org/obo/CL_0000499,stromal cell
sc_transcriptomics,celltypist,ependymal cell,http://purl.obolibrary.org/obo/CL_0000065,true,http://purl.obolibrary.org/obo/CL_0002319,neural cell,http://purl.obolibrary.org/obo/CL_0000125,glial cell
sc_proteomics,vccf,epithelial cell,http://purl.obolibrary.org/obo/CL_0000066,true,http://purl.obolibrary.org/obo/CL_0000066,epithelial cell,,
sc_transcriptomics,deepcelltypes,epithelial cell,http://purl.obolibrary.org/obo/CL_0000066,true,http://purl.obolibrary.org/obo/CL_0000066,epithelial cell,,
sc_transcriptomics,popv,epithelial cell,http://purl.obolibrary.org/obo/CL_0000066,true,http://purl.obolibrary.org/obo/CL_0000066,epithelial cell,,
sc_transcriptomics,azimuth,epithelial cell,http://purl.obolibrary.org/obo/CL_0000066,true,http://purl.obolibrary.org/obo/CL_0000066,epithelial cell,,
sc_transcriptomics,deepcelltypes-hubmap,epithelial cell,http://purl.obolibrary.org/obo/CL_0000066,true,http://purl.obolibrary.org/obo/CL_0000066,epithelial cell,,
sc_transcriptomics,pan-human-azimuth,epithelial cell,http://purl.obolibrary.org/obo/CL_0000066,true,http://purl.obolibrary.org/obo/CL_0000066,epithelial cell,,
sc_transcriptomics,ribca,epithelial cell,http://purl.obolibrary.org/obo/CL_0000066,true,http://purl.obolibrary.org/obo/CL_0000066,epithelial cell,,
sc_transcriptomics,popv,ciliated epithelial cell,http://purl.obolibrary.org/obo/CL_0000067,true,http://purl.obolibrary.org/obo/CL_0000066,epithelial cell,,
sc_proteomics,vccf,duct epithelial cell,http://purl.obolibrary.org/obo/CL_0000068,true,http://purl.obolibrary.org/obo/CL_0000066,epithelial cell,,
sc_transcriptomics,frmatch,duct epithelial cell,http://purl.obolibrary.org/obo/CL_0000068,true,http://purl.obolibrary.org/obo/CL_0000066,epithelial cell,,
sc_transcriptomics,popv,blood vessel endothelial cell,http://purl.obolibrary.org/obo/CL_0000071,true,http://purl.obolibrary.org/obo/CL_0000115,endothelial cell,,
sc_transcriptomics,azimuth,blood vessel endothelial cell,http://purl.obolibrary.org/obo/CL_0000071,true,http://purl.obolibrary.org/obo/CL_0000115,endothelial cell,,
sc_transcriptomics,deepcelltypes-hubmap,blood vessel endothelial cell,http://purl.obolibrary.org/obo/CL_0000071,true,http://purl.obolibrary.org/obo/CL_0000115,endothelial cell,,
sc_transcriptomics,celltypist,blood vessel endothelial cell,http://purl.obolibrary.org/obo/CL_0000071,true,http://purl.obolibrary.org/obo/CL_0000115,endothelial cell,,
sc_transcriptomics,deepcelltypes,blood vessel endothelial cell,http://purl.obolibrary.org/obo/CL_0000071,true,http://purl.obolibrary.org/obo/CL_0000115,endothelial cell,,
sc_proteomics,vccf,squamous epithelial cell,http://purl.obolibrary.org/obo/CL_0000076,true,http://purl.obolibrary.org/obo/CL_0000066,epithelial cell,,
sc_transcriptomics,pan-human-azimuth,squamous epithelial cell,http://purl.obolibrary.org/obo/CL_0000076,true,http://purl.obolibrary.org/obo/CL_0000066,epithelial cell,,
sc_transcriptomics,popv,squamous epithelial cell,http://purl.obolibrary.org/obo/CL_0000076,true,http://purl.obolibrary.org/obo/CL_0000066,epithelial cell,,
sc_transcriptomics,azimuth,mesothelial cell,http://purl.obolibrary.org/obo/CL_0000077,true,http://purl.obolibrary.org/obo/CL_0000066,epithelial cell,,
sc_transcriptomics,popv,mesothelial cell,http://purl.obolibrary.org/obo/CL_0000077,true,http://purl.obolibrary.org/obo/CL_0000066,epithelial cell,,
sc_transcriptomics,celltypist,mesothelial cell,http://purl.obolibrary.org/obo/CL_0000077,true,http://purl.obolibrary.org/obo/CL_0000066,epithelial cell,,
sc_transcriptomics,pan-human-azimuth,mesothelial cell,http://purl.obolibrary.org/obo/CL_0000077,true,http://purl.obolibrary.org/obo/CL_0000066,epithelial cell,,
sc_transcriptomics,frmatch,mesothelial cell,http://purl.obolibrary.org/obo/CL_0000077,true,http://purl.obolibrary.org/obo/CL_0000066,epithelial cell,,
sc_transcriptomics,pan-human-azimuth,epithelial cell of lung,http://purl.obolibrary.org/obo/CL_0000082,true,http://purl.obolibrary.org/obo/CL_0000066,epithelial cell,,
sc_transcriptomics,pan-human-azimuth,epithelial cell of pancreas,http://purl.obolibrary.org/obo/CL_0000083,true,http://purl.obolibrary.org/obo/CL_0000066,epithelial cell,,
sc_transcriptomics,azimuth,T cell,http://purl.obolibrary.org/obo/CL_0000084,true,http://purl.obolibrary.org/obo/CL_0000988,hematopoietic cell,http://purl.obolibrary.org/obo/CL_0000084,T cell
sc_transcriptomics,pan-human-azimuth,T cell,http://purl.obolibrary.org/obo/CL_0000084,true,http://purl.obolibrary.org/obo/CL_0000988,hematopoietic cell,http://purl.obolibrary.org/obo/CL_0000084,T cell
sc_transcriptomics,popv,T cell,http://purl.obolibrary.org/obo/CL_0000084,true,http://purl.obolibrary.org/obo/CL_0000988,hematopoietic cell,http://purl.obolibrary.org/obo/CL_0000084,T cell
sc_proteomics,vccf,T cell,http://purl.obolibrary.org/obo/CL_0000084,true,http://purl.obolibrary.org/obo/CL_0000988,hematopoietic cell,http://purl.obolibrary.org/obo/CL_0000084,T cell
sc_transcriptomics,celltypist,T cell,http://purl.obolibrary.org/obo/CL_0000084,true,http://purl.obolibrary.org/obo/CL_0000988,hematopoietic cell,http://purl.obolibrary.org/obo/CL_0000084,T cell
sc_transcriptomics,deepcelltypes-hubmap,T cell,http://purl.obolibrary.org/obo/CL_0000084,true,http://purl.obolibrary.org/obo/CL_0000988,hematopoietic cell,http://purl.obolibrary.org/obo/CL_0000084,T cell
sc_transcriptomics,deepcelltypes,T cell,http://purl.obolibrary.org/obo/CL_0000084,true,http://purl.obolibrary.org/obo/CL_0000988,hematopoietic cell,http://purl.obolibrary.org/obo/CL_0000084,T cell
sc_transcriptomics,frmatch,T cell,http://purl.obolibrary.org/obo/CL_0000084,true,http://purl.obolibrary.org/obo/CL_0000988,hematopoietic cell,http://purl.obolibrary.org/obo/CL_0000084,T cell
sc_transcriptomics,pan-human-azimuth,osteoclast,http://purl.obolibrary.org/obo/CL_0000092,true,http://purl.obolibrary.org/obo/CL_0001035,bone cell,,
sc_transcriptomics,azimuth,granulocyte,http://purl.obolibrary.org/obo/CL_0000094,true,http://purl.obolibrary.org/obo/CL_0000988,hematopoietic cell,http://purl.obolibrary.org/obo/CL_0000081,blood cell
sc_transcriptomics,deepcelltypes-hubmap,granulocyte,http://purl.obolibrary.org/obo/CL_0000094,true,http://purl.obolibrary.org/obo/CL_0000988,hematopoietic cell,http://purl.obolibrary.org/obo/CL_0000081,blood cell
sc_transcriptomics,pan-human-azimuth,granulocyte,http://purl.obolibrary.org/obo/CL_0000094,true,http://purl.obolibrary.org/obo/CL_0000988,hematopoietic cell,http://purl.obolibrary.org/obo/CL_0000081,blood cell
sc_transcriptomics,ribca,granulocyte,http://purl.obolibrary.org/obo/CL_0000094,true,http://purl.obolibrary.org/obo/CL_0000988,hematopoietic cell,http://purl.obolibrary.org/obo/CL_0000081,blood cell
sc_transcriptomics,popv,granulocyte,http://purl.obolibrary.org/obo/CL_0000094,true,http://purl.obolibrary.org/obo/CL_0000988,hematopoietic cell,http://purl.obolibrary.org/obo/CL_0000081,blood cell
sc_transcriptomics,azimuth,mast cell,http://purl.obolibrary.org/obo/CL_0000097,true,http://purl.obolibrary.org/obo/CL_0000988,hematopoietic cell,,
sc_transcriptomics,popv,mast cell,http://purl.obolibrary.org/obo/CL_0000097,true,http://purl.obolibrary.org/obo/CL_0000988,hematopoietic cell,,
sc_transcriptomics,celltypist,mast cell,http://purl.obolibrary.org/obo/CL_0000097,true,http://purl.obolibrary.org/obo/CL_0000988,hematopoietic cell,,
sc_transcriptomics,deepcelltypes-hubmap,mast cell,http://purl.obolibrary.org/obo/CL_0000097,true,http://purl.obolibrary.org/obo/CL_0000988,hematopoietic cell,,
sc_proteomics,vccf,mast cell,http://purl.obolibrary.org/obo/CL_0000097,true,http://purl.obolibrary.org/obo/CL_0000988,hematopoietic cell,,
sc_transcriptomics,deepcelltypes,mast cell,http://purl.obolibrary.org/obo/CL_0000097,true,http://purl.obolibrary.org/obo/CL_0000988,hematopoietic cell,,
sc_transcriptomics,frmatch,mast cell,http://purl.obolibrary.org/obo/CL_0000097,true,http://purl.obolibrary.org/obo/CL_0000988,hematopoietic cell,,
sc_transcriptomics,pan-human-azimuth,mast cell,http://purl.obolibrary.org/obo/CL_0000097,true,http://purl.obolibrary.org/obo/CL_0000988,hematopoietic cell,,
sc_transcriptomics,popv,sensory neuron,http://purl.obolibrary.org/obo/CL_0000101,true,http://purl.obolibrary.org/obo/CL_0002319,neural cell,http://purl.obolibrary.org/obo/CL_0000540,neuron
sc_transcriptomics,popv,bipolar neuron,http://purl.obolibrary.org/obo/CL_0000103,true,http://purl.obolibrary.org/obo/CL_0002319,neural cell,http://purl.obolibrary.org/obo/CL_0000540,neuron
sc_transcriptomics,azimuth,endothelial cell,http://purl.obolibrary.org/obo/CL_0000115,true,http://purl.obolibrary.org/obo/CL_0000115,endothelial cell,,
sc_transcriptomics,popv,endothelial cell,http://purl.obolibrary.org/obo/CL_0000115,true,http://purl.obolibrary.org/obo/CL_0000115,endothelial cell,,
sc_transcriptomics,celltypist,endothelial cell,http://purl.obolibrary.org/obo/CL_0000115,true,http://purl.obolibrary.org/obo/CL_0000115,endothelial cell,,
sc_transcriptomics,deepcelltypes-hubmap,endothelial cell,http://purl.obolibrary.org/obo/CL_0000115,true,http://purl.obolibrary.org/obo/CL_0000115,endothelial cell,,
sc_transcriptomics,pan-human-azimuth,endothelial cell,http://purl.obolibrary.org/obo/CL_0000115,true,http://purl.obolibrary.org/obo/CL_0000115,endothelial cell,,
sc_transcriptomics,ribca,endothelial cell,http://purl.obolibrary.org/obo/CL_0000115,true,http://purl.obolibrary.org/obo/CL_0000115,endothelial cell,,
sc_transcriptomics,stellar,endothelial cell,http://purl.obolibrary.org/obo/CL_0000115,true,http://purl.obolibrary.org/obo/CL_0000115,endothelial cell,,
sc_proteomics,vccf,endothelial cell,http://purl.obolibrary.org/obo/CL_0000115,true,http://purl.obolibrary.org/obo/CL_0000115,endothelial cell,,
sc_transcriptomics,deepcelltypes,endothelial cell,http://purl.obolibrary.org/obo/CL_0000115,true,http://purl.obolibrary.org/obo/CL_0000115,endothelial cell,,
sc_transcriptomics,celltypist,glial cell,http://purl.obolibrary.org/obo/CL_0000125,true,http://purl.obolibrary.org/obo/CL_0002319,neural cell,http://purl.obolibrary.org/obo/CL_0000125,glial cell
sc_proteomics,vccf,glial cell,http://purl.obolibrary.org/obo/CL_0000125,true,http://purl.obolibrary.org/obo/CL_0002319,neural cell,http://purl.obolibrary.org/obo/CL_0000125,glial cell
sc_transcriptomics,pan-human-azimuth,glial cell,http://purl.obolibrary.org/obo/CL_0000125,true,http://purl.obolibrary.org/obo/CL_0002319,neural cell,http://purl.obolibrary.org/obo/CL_0000125,glial cell
sc_transcriptomics,deepcelltypes,glial cell,http://purl.obolibrary.org/obo/CL_0000125,true,http://purl.obolibrary.org/obo/CL_0002319,neural cell,http://purl.obolibrary.org/obo/CL_0000125,glial cell
sc_transcriptomics,deepcelltypes-hubmap,astrocyte,http://purl.obolibrary.org/obo/CL_0000127,true,http://purl.obolibrary.org/obo/CL_0002319,neural cell,http://purl.obolibrary.org/obo/CL_0000125,glial cell
sc_transcriptomics,pan-human-azimuth,astrocyte,http://purl.obolibrary.org/obo/CL_0000127,true,http://purl.obolibrary.org/obo/CL_0002319,neural cell,http://purl.obolibrary.org/obo/CL_0000125,glial cell
sc_transcriptomics,azimuth,astrocyte,http://purl.obolibrary.org/obo/CL_0000127,true,http://purl.obolibrary.org/obo/CL_0002319,neural cell,http://purl.obolibrary.org/obo/CL_0000125,glial cell
sc_transcriptomics,celltypist,oligodendrocyte,http://purl.obolibrary.org/obo/CL_0000128,true,http://purl.obolibrary.org/obo/CL_0002319,neural cell,http://purl.obolibrary.org/obo/CL_0000125,glial cell
sc_transcriptomics,pan-human-azimuth,oligodendrocyte,http://purl.obolibrary.org/obo/CL_0000128,true,http://purl.obolibrary.org/obo/CL_0002319,neural cell,http://purl.obolibrary.org/obo/CL_0000125,glial cell
sc_transcriptomics,azimuth,oligodendrocyte,http://purl.obolibrary.org/obo/CL_0000128,true,http://purl.obolibrary.org/obo/CL_0002319,neural cell,http://purl.obolibrary.org/obo/CL_0000125,glial cell
sc_transcriptomics,pan-human-azimuth,microglial cell,http://purl.obolibrary.org/obo/CL_0000129,true,http://purl.obolibrary.org/obo/CL_0002319,neural cell,http://purl.obolibrary.org/obo/CL_0000125,glial cell
sc_transcriptomics,popv,microglial cell,http://purl.obolibrary.org/obo/CL_0000129,true,http://purl.obolibrary.org/obo/CL_0002319,neural cell,http://purl.obolibrary.org/obo/CL_0000125,glial cell
sc_transcriptomics,celltypist,microglial cell,http://purl.obolibrary.org/obo/CL_0000129,true,http://purl.obolibrary.org/obo/CL_0002319,neural cell,http://purl.obolibrary.org/obo/CL_0000125,glial cell
sc_transcriptomics,popv,gut endothelial cell,http://purl.obolibrary.org/obo/CL_0000131,true,http://purl.obolibrary.org/obo/CL_0000115,endothelial cell,,
sc_transcriptomics,popv,mesenchymal stem cell,http://purl.obolibrary.org/obo/CL_0000134,true,http://purl.obolibrary.org/obo/CL_0000034,stem cell,,
sc_transcriptomics,celltypist,mesenchymal stem cell,http://purl.obolibrary.org/obo/CL_0000134,true,http://purl.obolibrary.org/obo/CL_0000034,stem cell,,
sc_proteomics,vccf,mesenchymal stem cell,http://purl.obolibrary.org/obo/CL_0000134,true,http://purl.obolibrary.org/obo/CL_0000034,stem cell,,
sc_transcriptomics,azimuth,adipocyte,http://purl.obolibrary.org/obo/CL_0000136,true,http://purl.obolibrary.org/obo/CL_0002320,connective tissue cell,http://purl.obolibrary.org/obo/CL_0000136,adipocyte
sc_transcriptomics,celltypist,adipocyte,http://purl.obolibrary.org/obo/CL_0000136,true,http://purl.obolibrary.org/obo/CL_0002320,connective tissue cell,http://purl.obolibrary.org/obo/CL_0000136,adipocyte
sc_transcriptomics,pan-human-azimuth,adipocyte,http://purl.obolibrary.org/obo/CL_0000136,true,http://purl.obolibrary.org/obo/CL_0002320,connective tissue cell,http://purl.obolibrary.org/obo/CL_0000136,adipocyte
sc_transcriptomics,popv,adipocyte,http://purl.obolibrary.org/obo/CL_0000136,true,http://purl.obolibrary.org/obo/CL_0002320,connective tissue cell,http://purl.obolibrary.org/obo/CL_0000136,adipocyte
sc_proteomics,vccf,adipocyte,http://purl.obolibrary.org/obo/CL_0000136,true,http://purl.obolibrary.org/obo/CL_0002320,connective tissue cell,http://purl.obolibrary.org/obo/CL_0000136,adipocyte
sc_transcriptomics,popv,melanocyte,http://purl.obolibrary.org/obo/CL_0000148,true,http://purl.obolibrary.org/obo/CL_0000148,melanocyte,,
sc_transcriptomics,pan-human-azimuth,melanocyte,http://purl.obolibrary.org/obo/CL_0000148,true,http://purl.obolibrary.org/obo/CL_0000148,melanocyte,,
sc_proteomics,vccf,glandular secretory epithelial cell,http://purl.obolibrary.org/obo/CL_0000150,true,http://purl.obolibrary.org/obo/CL_0000066,epithelial cell,,
sc_transcriptomics,pan-human-azimuth,peptic cell,http://purl.obolibrary.org/obo/CL_0000155,true,http://purl.obolibrary.org/obo/CL_0000152,exocrine cell,,
sc_transcriptomics,popv,club cell,http://purl.obolibrary.org/obo/CL_0000158,true,http://purl.obolibrary.org/obo/CL_0000066,epithelial cell,,
sc_transcriptomics,azimuth,club cell,http://purl.obolibrary.org/obo/CL_0000158,true,http://purl.obolibrary.org/obo/CL_0000066,epithelial cell,,
sc_transcriptomics,pan-human-azimuth,club cell,http://purl.obolibrary.org/obo/CL_0000158,true,http://purl.obolibrary.org/obo/CL_0000066,epithelial cell,,
sc_transcriptomics,celltypist,club cell,http://purl.obolibrary.org/obo/CL_0000158,true,http://purl.obolibrary.org/obo/CL_0000066,epithelial cell,,
sc_transcriptomics,frmatch,club cell,http://purl.obolibrary.org/obo/CL_0000158,true,http://purl.obolibrary.org/obo/CL_0000066,epithelial cell,,
sc_transcriptomics,azimuth,goblet cell,http://purl.obolibrary.org/obo/CL_0000160,true,http://purl.obolibrary.org/obo/CL_0000066,epithelial cell,,
sc_transcriptomics,celltypist,goblet cell,http://purl.obolibrary.org/obo/CL_0000160,true,http://purl.obolibrary.org/obo/CL_0000066,epithelial cell,,
sc_transcriptomics,deepcelltypes-hubmap,goblet cell,http://purl.obolibrary.org/obo/CL_0000160,true,http://purl.obolibrary.org/obo/CL_0000066,epithelial cell,,
sc_transcriptomics,stellar,goblet cell,http://purl.obolibrary.org/obo/CL_0000160,true,http://purl.obolibrary.org/obo/CL_0000066,epithelial cell,,
sc_proteomics,vccf,goblet cell,http://purl.obolibrary.org/obo/CL_0000160,true,http://purl.obolibrary.org/obo/CL_0000066,epithelial cell,,
sc_transcriptomics,deepcelltypes,goblet cell,http://purl.obolibrary.org/obo/CL_0000160,true,http://purl.obolibrary.org/obo/CL_0000066,epithelial cell,,
sc_transcriptomics,celltypist,enteroendocrine cell,http://purl.obolibrary.org/obo/CL_0000164,true,http://purl.obolibrary.org/obo/CL_0000066,epithelial cell,,
sc_transcriptomics,pan-human-azimuth,enteroendocrine cell,http://purl.obolibrary.org/obo/CL_0000164,true,http://purl.obolibrary.org/obo/CL_0000066,epithelial cell,,
sc_proteomics,vccf,enteroendocrine cell,http://purl.obolibrary.org/obo/CL_0000164,true,http://purl.obolibrary.org/obo/CL_0000066,epithelial cell,,
sc_transcriptomics,deepcelltypes-hubmap,neuroendocrine cell,http://purl.obolibrary.org/obo/CL_0000165,true,http://purl.obolibrary.org/obo/CL_0002319,neural cell,http://purl.obolibrary.org/obo/CL_0000540,neuron
sc_transcriptomics,stellar,neuroendocrine cell,http://purl.obolibrary.org/obo/CL_0000165,true,http://purl.obolibrary.org/obo/CL_0002319,neural cell,http://purl.obolibrary.org/obo/CL_0000540,neuron
sc_proteomics,vccf,neuroendocrine cell,http://purl.obolibrary.org/obo/CL_0000165,true,http://purl.obolibrary.org/obo/CL_0002319,neural cell,http://purl.obolibrary.org/obo/CL_0000540,neuron
sc_transcriptomics,celltypist,neuroendocrine cell,http://purl.obolibrary.org/obo/CL_0000165,true,http://purl.obolibrary.org/obo/CL_0002319,neural cell,http://purl.obolibrary.org/obo/CL_0000540,neuron
sc_transcriptomics,popv,type B pancreatic cell,http://purl.obolibrary.org/obo/CL_0000169,true,http://purl.obolibrary.org/obo/CL_0000066,epithelial cell,,
sc_transcriptomics,azimuth,type B pancreatic cell,http://purl.obolibrary.org/obo/CL_0000169,true,http://purl.obolibrary.org/obo/CL_0000066,epithelial cell,,
sc_transcriptomics,pan-human-azimuth,type B pancreatic cell,http://purl.obolibrary.org/obo/CL_0000169,true,http://purl.obolibrary.org/obo/CL_0000066,epithelial cell,,
sc_transcriptomics,celltypist,type B pancreatic cell,http://purl.obolibrary.org/obo/CL_0000169,true,http://purl.obolibrary.org/obo/CL_0000066,epithelial cell,,
sc_proteomics,vccf,type B pancreatic cell,http://purl.obolibrary.org/obo/CL_0000169,true,http://purl.obolibrary.org/obo/CL_0000066,epithelial cell,,
sc_transcriptomics,popv,pancreatic A cell,http://purl.obolibrary.org/obo/CL_0000171,true,http://purl.obolibrary.org/obo/CL_0000066,epithelial cell,,
sc_transcriptomics,azimuth,pancreatic A cell,http://purl.obolibrary.org/obo/CL_0000171,true,http://purl.obolibrary.org/obo/CL_0000066,epithelial cell,,
sc_transcriptomics,pan-human-azimuth,pancreatic A cell,http://purl.obolibrary.org/obo/CL_0000171,true,http://purl.obolibrary.org/obo/CL_0000066,epithelial cell,,
sc_transcriptomics,celltypist,pancreatic A cell,http://purl.obolibrary.org/obo/CL_0000171,true,http://purl.obolibrary.org/obo/CL_0000066,epithelial cell,,
sc_transcriptomics,azimuth,pancreatic D cell,http://purl.obolibrary.org/obo/CL_0000173,true,http://purl.obolibrary.org/obo/CL_0002319,neural cell,http://purl.obolibrary.org/obo/CL_0000540,neuron
sc_transcriptomics,celltypist,pancreatic D cell,http://purl.obolibrary.org/obo/CL_0000173,true,http://purl.obolibrary.org/obo/CL_0002319,neural cell,http://purl.obolibrary.org/obo/CL_0000540,neuron
sc_transcriptomics,azimuth,hepatocyte,http://purl.obolibrary.org/obo/CL_0000182,true,http://purl.obolibrary.org/obo/CL_0000066,epithelial cell,,
sc_transcriptomics,pan-human-azimuth,hepatocyte,http://purl.obolibrary.org/obo/CL_0000182,true,http://purl.obolibrary.org/obo/CL_0000066,epithelial cell,,
sc_transcriptomics,popv,hepatocyte,http://purl.obolibrary.org/obo/CL_0000182,true,http://purl.obolibrary.org/obo/CL_0000066,epithelial cell,,
sc_transcriptomics,celltypist,hepatocyte,http://purl.obolibrary.org/obo/CL_0000182,true,http://purl.obolibrary.org/obo/CL_0000066,epithelial cell,,
sc_transcriptomics,deepcelltypes-hubmap,myoepithelial cell,http://purl.obolibrary.org/obo/CL_0000185,true,http://purl.obolibrary.org/obo/CL_0000066,epithelial cell,,
sc_proteomics,vccf,myoepithelial cell,http://purl.obolibrary.org/obo/CL_0000185,true,http://purl.obolibrary.org/obo/CL_0000066,epithelial cell,,
sc_transcriptomics,azimuth,myofibroblast cell,http://purl.obolibrary.org/obo/CL_0000186,true,http://purl.obolibrary.org/obo/CL_0002320,connective tissue cell,,
sc_transcriptomics,celltypist,myofibroblast cell,http://purl.obolibrary.org/obo/CL_0000186,true,http://purl.obolibrary.org/obo/CL_0002320,connective tissue cell,,
sc_transcriptomics,deepcelltypes-hubmap,myofibroblast cell,http://purl.obolibrary.org/obo/CL_0000186,true,http://purl.obolibrary.org/obo/CL_0002320,connective tissue cell,,
sc_transcriptomics,popv,myofibroblast cell,http://purl.obolibrary.org/obo/CL_0000186,true,http://purl.obolibrary.org/obo/CL_0002320,connective tissue cell,,
sc_transcriptomics,pan-human-azimuth,myofibroblast cell,http://purl.obolibrary.org/obo/CL_0000186,true,http://purl.obolibrary.org/obo/CL_0002320,connective tissue cell,,
sc_proteomics,vccf,myofibroblast cell,http://purl.obolibrary.org/obo/CL_0000186,true,http://purl.obolibrary.org/obo/CL_0002320,connective tissue cell,,
sc_transcriptomics,deepcelltypes,myofibroblast cell,http://purl.obolibrary.org/obo/CL_0000186,true,http://purl.obolibrary.org/obo/CL_0002320,connective tissue cell,,
sc_transcriptomics,frmatch,myofibroblast cell,http://purl.obolibrary.org/obo/CL_0000186,true,http://purl.obolibrary.org/obo/CL_0002320,connective tissue cell,,
sc_proteomics,vccf,muscle cell,http://purl.obolibrary.org/obo/CL_0000187,true,http://purl.obolibrary.org/obo/CL_0000187,muscle cell,,
sc_transcriptomics,pan-human-azimuth,muscle cell,http://purl.obolibrary.org/obo/CL_0000187,true,http://purl.obolibrary.org/obo/CL_0000187,muscle cell,,
sc_transcriptomics,popv,muscle cell,http://purl.obolibrary.org/obo/CL_0000187,true,http://purl.obolibrary.org/obo/CL_0000187,muscle cell,,
sc_transcriptomics,pan-human-azimuth,slow muscle cell,http://purl.obolibrary.org/obo/CL_0000189,true,http://purl.obolibrary.org/obo/CL_0000187,muscle cell,,
sc_transcriptomics,celltypist,slow muscle cell,http://purl.obolibrary.org/obo/CL_0000189,true,http://purl.obolibrary.org/obo/CL_0000187,muscle cell,,
sc_transcriptomics,pan-human-azimuth,fast muscle cell,http://purl.obolibrary.org/obo/CL_0000190,true,http://purl.obolibrary.org/obo/CL_0000187,muscle cell,,
sc_transcriptomics,celltypist,fast muscle cell,http://purl.obolibrary.org/obo/CL_0000190,true,http://purl.obolibrary.org/obo/CL_0000187,muscle cell,,
sc_transcriptomics,azimuth,smooth muscle cell,http://purl.obolibrary.org/obo/CL_0000192,true,http://purl.obolibrary.org/obo/CL_0000187,muscle cell,,
sc_transcriptomics,popv,smooth muscle cell,http://purl.obolibrary.org/obo/CL_0000192,true,http://purl.obolibrary.org/obo/CL_0000187,muscle cell,,
sc_proteomics,vccf,smooth muscle cell,http://purl.obolibrary.org/obo/CL_0000192,true,http://purl.obolibrary.org/obo/CL_0000187,muscle cell,,
sc_transcriptomics,celltypist,smooth muscle cell,http://purl.obolibrary.org/obo/CL_0000192,true,http://purl.obolibrary.org/obo/CL_0000187,muscle cell,,
sc_transcriptomics,deepcelltypes-hubmap,smooth muscle cell,http://purl.obolibrary.org/obo/CL_0000192,true,http://purl.obolibrary.org/obo/CL_0000187,muscle cell,,
sc_transcriptomics,ribca,smooth muscle cell,http://purl.obolibrary.org/obo/CL_0000192,true,http://purl.obolibrary.org/obo/CL_0000187,muscle cell,,
sc_transcriptomics,stellar,smooth muscle cell,http://purl.obolibrary.org/obo/CL_0000192,true,http://purl.obolibrary.org/obo/CL_0000187,muscle cell,,
sc_transcriptomics,deepcelltypes,smooth muscle cell,http://purl.obolibrary.org/obo/CL_0000192,true,http://purl.obolibrary.org/obo/CL_0000187,muscle cell,,
sc_transcriptomics,frmatch,smooth muscle cell,http://purl.obolibrary.org/obo/CL_0000192,true,http://purl.obolibrary.org/obo/CL_0000187,muscle cell,,
sc_transcriptomics,pan-human-azimuth,Sertoli cell,http://purl.obolibrary.org/obo/CL_0000216,true,http://purl.obolibrary.org/obo/CL_0000066,epithelial cell,,
sc_transcriptomics,azimuth,erythrocyte,http://purl.obolibrary.org/obo/CL_0000232,true,http://purl.obolibrary.org/obo/CL_0000988,hematopoietic cell,http://purl.obolibrary.org/obo/CL_0000081,blood cell
sc_transcriptomics,popv,erythrocyte,http://purl.obolibrary.org/obo/CL_0000232,true,http://purl.obolibrary.org/obo/CL_0000988,hematopoietic cell,http://purl.obolibrary.org/obo/CL_0000081,blood cell
sc_transcriptomics,celltypist,erythrocyte,http://purl.obolibrary.org/obo/CL_0000232,true,http://purl.obolibrary.org/obo/CL_0000988,hematopoietic cell,http://purl.obolibrary.org/obo/CL_0000081,blood cell
sc_transcriptomics,pan-human-azimuth,erythrocyte,http://purl.obolibrary.org/obo/CL_0000232,true,http://purl.obolibrary.org/obo/CL_0000988,hematopoietic cell,http://purl.obolibrary.org/obo/CL_0000081,blood cell
sc_transcriptomics,azimuth,platelet,http://purl.obolibrary.org/obo/CL_0000233,true,http://purl.obolibrary.org/obo/CL_0000988,hematopoietic cell,http://purl.obolibrary.org/obo/CL_0000081,blood cell
sc_transcriptomics,pan-human-azimuth,platelet,http://purl.obolibrary.org/obo/CL_0000233,true,http://purl.obolibrary.org/obo/CL_0000988,hematopoietic cell,http://purl.obolibrary.org/obo/CL_0000081,blood cell
sc_transcriptomics,popv,platelet,http://purl.obolibrary.org/obo/CL_0000233,true,http://purl.obolibrary.org/obo/CL_0000988,hematopoietic cell,http://purl.obolibrary.org/obo/CL_0000081,blood cell
sc_transcriptomics,azimuth,macrophage,http://purl.obolibrary.org/obo/CL_0000235,true,http://purl.obolibrary.org/obo/CL_0000988,hematopoietic cell,http://purl.obolibrary.org/obo/CL_0000235,macrophage
sc_transcriptomics,pan-human-azimuth,macrophage,http://purl.obolibrary.org/obo/CL_0000235,true,http://purl.obolibrary.org/obo/CL_0000988,hematopoietic cell,http://purl.obolibrary.org/obo/CL_0000235,macrophage
sc_transcriptomics,popv,macrophage,http://purl.obolibrary.org/obo/CL_0000235,true,http://purl.obolibrary.org/obo/CL_0000988,hematopoietic cell,http://purl.obolibrary.org/obo/CL_0000235,macrophage
sc_transcriptomics,celltypist,macrophage,http://purl.obolibrary.org/obo/CL_0000235,true,http://purl.obolibrary.org/obo/CL_0000988,hematopoietic cell,http://purl.obolibrary.org/obo/CL_0000235,macrophage
sc_transcriptomics,deepcelltypes-hubmap,macrophage,http://purl.obolibrary.org/obo/CL_0000235,true,http://purl.obolibrary.org/obo/CL_0000988,hematopoietic cell,http://purl.obolibrary.org/obo/CL_0000235,macrophage
sc_proteomics,vccf,macrophage,http://purl.obolibrary.org/obo/CL_0000235,true,http://purl.obolibrary.org/obo/CL_0000988,hematopoietic cell,http://purl.obolibrary.org/obo/CL_0000235,macrophage
sc_transcriptomics,deepcelltypes,macrophage,http://purl.obolibrary.org/obo/CL_0000235,true,http://purl.obolibrary.org/obo/CL_0000988,hematopoietic cell,http://purl.obolibrary.org/obo/CL_0000235,macrophage
sc_transcriptomics,azimuth,B cell,http://purl.obolibrary.org/obo/CL_0000236,true,http://purl.obolibrary.org/obo/CL_0000988,hematopoietic cell,http://purl.obolibrary.org/obo/CL_0000236,B cell
sc_transcriptomics,popv,B cell,http://purl.obolibrary.org/obo/CL_0000236,true,http://purl.obolibrary.org/obo/CL_0000988,hematopoietic cell,http://purl.obolibrary.org/obo/CL_0000236,B cell
sc_proteomics,vccf,B cell,http://purl.obolibrary.org/obo/CL_0000236,true,http://purl.obolibrary.org/obo/CL_0000988,hematopoietic cell,http://purl.obolibrary.org/obo/CL_0000236,B cell
sc_transcriptomics,celltypist,B cell,http://purl.obolibrary.org/obo/CL_0000236,true,http://purl.obolibrary.org/obo/CL_0000988,hematopoietic cell,http://purl.obolibrary.org/obo/CL_0000236,B cell
sc_transcriptomics,deepcelltypes-hubmap,B cell,http://purl.obolibrary.org/obo/CL_0000236,true,http://purl.obolibrary.org/obo/CL_0000988,hematopoietic cell,http://purl.obolibrary.org/obo/CL_0000236,B cell
sc_transcriptomics,deepcelltypes,B cell,http://purl.obolibrary.org/obo/CL_0000236,true,http://purl.obolibrary.org/obo/CL_0000988,hematopoietic cell,http://purl.obolibrary.org/obo/CL_0000236,B cell
sc_transcriptomics,pan-human-azimuth,B cell,http://purl.obolibrary.org/obo/CL_0000236,true,http://purl.obolibrary.org/obo/CL_0000988,hematopoietic cell,http://purl.obolibrary.org/obo/CL_0000236,B cell
sc_transcriptomics,stellar,B cell,http://purl.obolibrary.org/obo/CL_0000236,true,http://purl.obolibrary.org/obo/CL_0000988,hematopoietic cell,http://purl.obolibrary.org/obo/CL_0000236,B cell
sc_transcriptomics,ribca,B cell,http://purl.obolibrary.org/obo/CL_0000236,true,http://purl.obolibrary.org/obo/CL_0000988,hematopoietic cell,http://purl.obolibrary.org/obo/CL_0000236,B cell
sc_transcriptomics,frmatch,B cell,http://purl.obolibrary.org/obo/CL_0000236,true,http://purl.obolibrary.org/obo/CL_0000988,hematopoietic cell,http://purl.obolibrary.org/obo/CL_0000236,B cell
sc_transcriptomics,pan-human-azimuth,Merkel cell,http://purl.obolibrary.org/obo/CL_0000242,true,http://purl.obolibrary.org/obo/CL_0000066,epithelial cell,,
sc_transcriptomics,popv,eye photoreceptor cell,http://purl.obolibrary.org/obo/CL_0000287,true,http://purl.obolibrary.org/obo/CL_0002319,neural cell,http://purl.obolibrary.org/obo/CL_0000540,neuron
sc_transcriptomics,pan-human-azimuth,keratinocyte,http://purl.obolibrary.org/obo/CL_0000312,true,http://purl.obolibrary.org/obo/CL_0000066,epithelial cell,,
sc_transcriptomics,popv,keratinocyte,http://purl.obolibrary.org/obo/CL_0000312,true,http://purl.obolibrary.org/obo/CL_0000066,epithelial cell,,
sc_proteomics,vccf,keratinocyte,http://purl.obolibrary.org/obo/CL_0000312,true,http://purl.obolibrary.org/obo/CL_0000066,epithelial cell,,
sc_transcriptomics,azimuth,pulmonary alveolar epithelial cell,http://purl.obolibrary.org/obo/CL_0000322,true,http://purl.obolibrary.org/obo/CL_0000066,epithelial cell,,
sc_transcriptomics,pan-human-azimuth,pulmonary alveolar epithelial cell,http://purl.obolibrary.org/obo/CL_0000322,true,http://purl.obolibrary.org/obo/CL_0000066,epithelial cell,,
sc_transcriptomics,popv,pulmonary alveolar epithelial cell,http://purl.obolibrary.org/obo/CL_0000322,true,http://purl.obolibrary.org/obo/CL_0000066,epithelial cell,,
sc_transcriptomics,celltypist,pulmonary alveolar epithelial cell,http://purl.obolibrary.org/obo/CL_0000322,true,http://purl.obolibrary.org/obo/CL_0000066,epithelial cell,,
sc_transcriptomics,pan-human-azimuth,trophoblast cell,http://purl.obolibrary.org/obo/CL_0000351,true,http://purl.obolibrary.org/obo/CL_0000349,extraembryonic cell,,
sc_proteomics,vccf,trophoblast cell,http://purl.obolibrary.org/obo/CL_0000351,true,http://purl.obolibrary.org/obo/CL_0000349,extraembryonic cell,,
sc_transcriptomics,azimuth,vascular associated smooth muscle cell,http://purl.obolibrary.org/obo/CL_0000359,true,http://purl.obolibrary.org/obo/CL_0000187,muscle cell,,
sc_transcriptomics,popv,vascular associated smooth muscle cell,http://purl.obolibrary.org/obo/CL_0000359,true,http://purl.obolibrary.org/obo/CL_0000187,muscle cell,,
sc_transcriptomics,celltypist,vascular associated smooth muscle cell,http://purl.obolibrary.org/obo/CL_0000359,true,http://purl.obolibrary.org/obo/CL_0000187,muscle cell,,
sc_transcriptomics,pan-human-azimuth,vascular associated smooth muscle cell,http://purl.obolibrary.org/obo/CL_0000359,true,http://purl.obolibrary.org/obo/CL_0000187,muscle cell,,
sc_transcriptomics,celltypist,tendon cell,http://purl.obolibrary.org/obo/CL_0000388,true,http://purl.obolibrary.org/obo/CL_0002320,connective tissue cell,http://purl.obolibrary.org/obo/CL_0000499,stromal cell
sc_transcriptomics,azimuth,follicular dendritic cell,http://purl.obolibrary.org/obo/CL_0000442,true,http://purl.obolibrary.org/obo/CL_0000988,hematopoietic cell,http://purl.obolibrary.org/obo/CL_0000451,dendritic cell
sc_transcriptomics,celltypist,follicular dendritic cell,http://purl.obolibrary.org/obo/CL_0000442,true,http://purl.obolibrary.org/obo/CL_0000988,hematopoietic cell,http://purl.obolibrary.org/obo/CL_0000451,dendritic cell
sc_proteomics,vccf,follicular dendritic cell,http://purl.obolibrary.org/obo/CL_0000442,true,http://purl.obolibrary.org/obo/CL_0000988,hematopoietic cell,http://purl.obolibrary.org/obo/CL_0000451,dendritic cell
sc_transcriptomics,azimuth,white adipocyte,http://purl.obolibrary.org/obo/CL_0000448,true,http://purl.obolibrary.org/obo/CL_0002320,connective tissue cell,http://purl.obolibrary.org/obo/CL_0000136,adipocyte
sc_transcriptomics,azimuth,dendritic cell,http://purl.obolibrary.org/obo/CL_0000451,true,http://purl.obolibrary.org/obo/CL_0000988,hematopoietic cell,http://purl.obolibrary.org/obo/CL_0000451,dendritic cell
sc_transcriptomics,popv,dendritic cell,http://purl.obolibrary.org/obo/CL_0000451,true,http://purl.obolibrary.org/obo/CL_0000988,hematopoietic cell,http://purl.obolibrary.org/obo/CL_0000451,dendritic cell
sc_transcriptomics,deepcelltypes-hubmap,dendritic cell,http://purl.obolibrary.org/obo/CL_0000451,true,http://purl.obolibrary.org/obo/CL_0000988,hematopoietic cell,http://purl.obolibrary.org/obo/CL_0000451,dendritic cell
sc_transcriptomics,pan-human-azimuth,dendritic cell,http://purl.obolibrary.org/obo/CL_0000451,true,http://purl.obolibrary.org/obo/CL_0000988,hematopoietic cell,http://purl.obolibrary.org/obo/CL_0000451,dendritic cell
sc_transcriptomics,stellar,dendritic cell,http://purl.obolibrary.org/obo/CL_0000451,true,http://purl.obolibrary.org/obo/CL_0000988,hematopoietic cell,http://purl.obolibrary.org/obo/CL_0000451,dendritic cell
sc_proteomics,vccf,dendritic cell,http://purl.obolibrary.org/obo/CL_0000451,true,http://purl.obolibrary.org/obo/CL_0000988,hematopoietic cell,http://purl.obolibrary.org/obo/CL_0000451,dendritic cell
sc_transcriptomics,ribca,dendritic cell,http://purl.obolibrary.org/obo/CL_0000451,true,http://purl.obolibrary.org/obo/CL_0000988,hematopoietic cell,http://purl.obolibrary.org/obo/CL_0000451,dendritic cell
sc_transcriptomics,celltypist,dendritic cell,http://purl.obolibrary.org/obo/CL_0000451,true,http://purl.obolibrary.org/obo/CL_0000988,hematopoietic cell,http://purl.obolibrary.org/obo/CL_0000451,dendritic cell
sc_transcriptomics,deepcelltypes,dendritic cell,http://purl.obolibrary.org/obo/CL_0000451,true,http://purl.obolibrary.org/obo/CL_0000988,hematopoietic cell,http://purl.obolibrary.org/obo/CL_0000451,dendritic cell
sc_transcriptomics,popv,Langerhans cell,http://purl.obolibrary.org/obo/CL_0000453,true,http://purl.obolibrary.org/obo/CL_0000988,hematopoietic cell,http://purl.obolibrary.org/obo/CL_0000451,dendritic cell
sc_proteomics,vccf,Langerhans cell,http://purl.obolibrary.org/obo/CL_0000453,true,http://purl.obolibrary.org/obo/CL_0000988,hematopoietic cell,http://purl.obolibrary.org/obo/CL_0000451,dendritic cell
sc_transcriptomics,popv,CD4-positive helper T cell,http://purl.obolibrary.org/obo/CL_0000492,true,http://purl.obolibrary.org/obo/CL_0000988,hematopoietic cell,http://purl.obolibrary.org/obo/CL_0000084,T cell
sc_transcriptomics,celltypist,CD4-positive helper T cell,http://purl.obolibrary.org/obo/CL_0000492,true,http://purl.obolibrary.org/obo/CL_0000988,hematopoietic cell,http://purl.obolibrary.org/obo/CL_0000084,T cell
sc_transcriptomics,azimuth,stromal cell,http://purl.obolibrary.org/obo/CL_0000499,true,http://purl.obolibrary.org/obo/CL_0002320,connective tissue cell,http://purl.obolibrary.org/obo/CL_0000499,stromal cell
sc_transcriptomics,popv,stromal cell,http://purl.obolibrary.org/obo/CL_0000499,true,http://purl.obolibrary.org/obo/CL_0002320,connective tissue cell,http://purl.obolibrary.org/obo/CL_0000499,stromal cell
sc_proteomics,vccf,stromal cell,http://purl.obolibrary.org/obo/CL_0000499,true,http://purl.obolibrary.org/obo/CL_0002320,connective tissue cell,http://purl.obolibrary.org/obo/CL_0000499,stromal cell
sc_transcriptomics,celltypist,stromal cell,http://purl.obolibrary.org/obo/CL_0000499,true,http://purl.obolibrary.org/obo/CL_0002320,connective tissue cell,http://purl.obolibrary.org/obo/CL_0000499,stromal cell
sc_transcriptomics,deepcelltypes-hubmap,stromal cell,http://purl.obolibrary.org/obo/CL_0000499,true,http://purl.obolibrary.org/obo/CL_0002320,connective tissue cell,http://purl.obolibrary.org/obo/CL_0000499,stromal cell
sc_transcriptomics,ribca,stromal cell,http://purl.obolibrary.org/obo/CL_0000499,true,http://purl.obolibrary.org/obo/CL_0002320,connective tissue cell,http://purl.obolibrary.org/obo/CL_0000499,stromal cell
sc_transcriptomics,stellar,stromal cell,http://purl.obolibrary.org/obo/CL_0000499,true,http://purl.obolibrary.org/obo/CL_0002320,connective tissue cell,http://purl.obolibrary.org/obo/CL_0000499,stromal cell
sc_transcriptomics,celltypist,paneth cell,http://purl.obolibrary.org/obo/CL_0000510,true,http://purl.obolibrary.org/obo/CL_0000066,epithelial cell,,
sc_transcriptomics,deepcelltypes-hubmap,paneth cell,http://purl.obolibrary.org/obo/CL_0000510,true,http://purl.obolibrary.org/obo/CL_0000066,epithelial cell,,
sc_transcriptomics,stellar,paneth cell,http://purl.obolibrary.org/obo/CL_0000510,true,http://purl.obolibrary.org/obo/CL_0000066,epithelial cell,,
sc_transcriptomics,pan-human-azimuth,paneth cell,http://purl.obolibrary.org/obo/CL_0000510,true,http://purl.obolibrary.org/obo/CL_0000066,epithelial cell,,
sc_proteomics,vccf,paneth cell,http://purl.obolibrary.org/obo/CL_0000510,true,http://purl.obolibrary.org/obo/CL_0000066,epithelial cell,,
sc_transcriptomics,deepcelltypes,paneth cell,http://purl.obolibrary.org/obo/CL_0000510,true,http://purl.obolibrary.org/obo/CL_0000066,epithelial cell,,
sc_transcriptomics,pan-human-azimuth,syncytiotrophoblast cell,http://purl.obolibrary.org/obo/CL_0000525,true,http://purl.obolibrary.org/obo/CL_0000349,extraembryonic cell,,
sc_transcriptomics,azimuth,neuron,http://purl.obolibrary.org/obo/CL_0000540,true,http://purl.obolibrary.org/obo/CL_0002319,neural cell,http://purl.obolibrary.org/obo/CL_0000540,neuron
sc_proteomics,vccf,neuron,http://purl.obolibrary.org/obo/CL_0000540,true,http://purl.obolibrary.org/obo/CL_0002319,neural cell,http://purl.obolibrary.org/obo/CL_0000540,neuron
sc_transcriptomics,deepcelltypes-hubmap,neuron,http://purl.obolibrary.org/obo/CL_0000540,true,http://purl.obolibrary.org/obo/CL_0002319,neural cell,http://purl.obolibrary.org/obo/CL_0000540,neuron
sc_transcriptomics,pan-human-azimuth,neuron,http://purl.obolibrary.org/obo/CL_0000540,true,http://purl.obolibrary.org/obo/CL_0002319,neural cell,http://purl.obolibrary.org/obo/CL_0000540,neuron
sc_transcriptomics,stellar,neuron,http://purl.obolibrary.org/obo/CL_0000540,true,http://purl.obolibrary.org/obo/CL_0002319,neural cell,http://purl.obolibrary.org/obo/CL_0000540,neuron
sc_transcriptomics,deepcelltypes,neuron,http://purl.obolibrary.org/obo/CL_0000540,true,http://purl.obolibrary.org/obo/CL_0002319,neural cell,http://purl.obolibrary.org/obo/CL_0000540,neuron
sc_transcriptomics,azimuth,lymphocyte,http://purl.obolibrary.org/obo/CL_0000542,true,http://purl.obolibrary.org/obo/CL_0000988,hematopoietic cell,,
sc_proteomics,vccf,lymphocyte,http://purl.obolibrary.org/obo/CL_0000542,true,http://purl.obolibrary.org/obo/CL_0000988,hematopoietic cell,,
sc_transcriptomics,celltypist,lymphocyte,http://purl.obolibrary.org/obo/CL_0000542,true,http://purl.obolibrary.org/obo/CL_0000988,hematopoietic cell,,
sc_transcriptomics,deepcelltypes-hubmap,lymphocyte,http://purl.obolibrary.org/obo/CL_0000542,true,http://purl.obolibrary.org/obo/CL_0000988,hematopoietic cell,,
sc_transcriptomics,pan-human-azimuth,lymphocyte,http://purl.obolibrary.org/obo/CL_0000542,true,http://purl.obolibrary.org/obo/CL_0000988,hematopoietic cell,,
sc_transcriptomics,celltypist,T-helper 1 cell,http://purl.obolibrary.org/obo/CL_0000545,true,http://purl.obolibrary.org/obo/CL_0000988,hematopoietic cell,http://purl.obolibrary.org/obo/CL_0000084,T cell
sc_transcriptomics,celltypist,T-helper 2 cell,http://purl.obolibrary.org/obo/CL_0000546,true,http://purl.obolibrary.org/obo/CL_0000988,hematopoietic cell,http://purl.obolibrary.org/obo/CL_0000084,T cell
sc_proteomics,vccf,basophilic erythroblast,http://purl.obolibrary.org/obo/CL_0000549,true,http://purl.obolibrary.org/obo/CL_0000988,hematopoietic cell,,
sc_transcriptomics,azimuth,megakaryocyte progenitor cell,http://purl.obolibrary.org/obo/CL_0000553,true,http://purl.obolibrary.org/obo/CL_0000988,hematopoietic cell,,
sc_transcriptomics,pan-human-azimuth,megakaryocyte progenitor cell,http://purl.obolibrary.org/obo/CL_0000553,true,http://purl.obolibrary.org/obo/CL_0000988,hematopoietic cell,,
sc_transcriptomics,celltypist,megakaryocyte progenitor cell,http://purl.obolibrary.org/obo/CL_0000553,true,http://purl.obolibrary.org/obo/CL_0000988,hematopoietic cell,,
sc_transcriptomics,celltypist,megakaryocyte,http://purl.obolibrary.org/obo/CL_0000556,true,http://purl.obolibrary.org/obo/CL_0000988,hematopoietic cell,,
sc_transcriptomics,pan-human-azimuth,megakaryocyte,http://purl.obolibrary.org/obo/CL_0000556,true,http://purl.obolibrary.org/obo/CL_0000988,hematopoietic cell,,
sc_proteomics,vccf,megakaryocyte,http://purl.obolibrary.org/obo/CL_0000556,true,http://purl.obolibrary.org/obo/CL_0000988,hematopoietic cell,,
sc_transcriptomics,azimuth,granulocyte monocyte progenitor cell,http://purl.obolibrary.org/obo/CL_0000557,true,http://purl.obolibrary.org/obo/CL_0000988,hematopoietic cell,,
sc_transcriptomics,pan-human-azimuth,granulocyte monocyte progenitor cell,http://purl.obolibrary.org/obo/CL_0000557,true,http://purl.obolibrary.org/obo/CL_0000988,hematopoietic cell,,
sc_transcriptomics,celltypist,granulocyte monocyte progenitor cell,http://purl.obolibrary.org/obo/CL_0000557,true,http://purl.obolibrary.org/obo/CL_0000988,hematopoietic cell,,
sc_proteomics,vccf,granulocyte monocyte progenitor cell,http://purl.obolibrary.org/obo/CL_0000557,true,http://purl.obolibrary.org/obo/CL_0000988,hematopoietic cell,,
sc_transcriptomics,pan-human-azimuth,amacrine cell,http://purl.obolibrary.org/obo/CL_0000561,true,http://purl.obolibrary.org/obo/CL_0002319,neural cell,http://purl.obolibrary.org/obo/CL_0000540,neuron
sc_transcriptomics,pan-human-azimuth,retinal cone cell,http://purl.obolibrary.org/obo/CL_0000573,true,http://purl.obolibrary.org/obo/CL_0002319,neural cell,http://purl.obolibrary.org/obo/CL_0000540,neuron
sc_transcriptomics,popv,corneal epithelial cell,http://purl.obolibrary.org/obo/CL_0000575,true,http://purl.obolibrary.org/obo/CL_0000066,epithelial cell,,
sc_transcriptomics,pan-human-azimuth,corneal epithelial cell,http://purl.obolibrary.org/obo/CL_0000575,true,http://purl.obolibrary.org/obo/CL_0000066,epithelial cell,,
sc_transcriptomics,pan-human-azimuth,monocyte,http://purl.obolibrary.org/obo/CL_0000576,true,http://purl.obolibrary.org/obo/CL_0000988,hematopoietic cell,http://purl.obolibrary.org/obo/CL_0000576,monocyte
sc_transcriptomics,azimuth,monocyte,http://purl.obolibrary.org/obo/CL_0000576,true,http://purl.obolibrary.org/obo/CL_0000988,hematopoietic cell,http://purl.obolibrary.org/obo/CL_0000576,monocyte
sc_transcriptomics,popv,monocyte,http://purl.obolibrary.org/obo/CL_0000576,true,http://purl.obolibrary.org/obo/CL_0000988,hematopoietic cell,http://purl.obolibrary.org/obo/CL_0000576,monocyte
sc_transcriptomics,celltypist,monocyte,http://purl.obolibrary.org/obo/CL_0000576,true,http://purl.obolibrary.org/obo/CL_0000988,hematopoietic cell,http://purl.obolibrary.org/obo/CL_0000576,monocyte
sc_transcriptomics,deepcelltypes-hubmap,monocyte,http://purl.obolibrary.org/obo/CL_0000576,true,http://purl.obolibrary.org/obo/CL_0000988,hematopoietic cell,http://purl.obolibrary.org/obo/CL_0000576,monocyte
sc_proteomics,vccf,monocyte,http://purl.obolibrary.org/obo/CL_0000576,true,http://purl.obolibrary.org/obo/CL_0000988,hematopoietic cell,http://purl.obolibrary.org/obo/CL_0000576,monocyte
sc_transcriptomics,deepcelltypes,monocyte,http://purl.obolibrary.org/obo/CL_0000576,true,http://purl.obolibrary.org/obo/CL_0000988,hematopoietic cell,http://purl.obolibrary.org/obo/CL_0000576,monocyte
sc_transcriptomics,celltypist,type EC enteroendocrine cell,http://purl.obolibrary.org/obo/CL_0000577,true,http://purl.obolibrary.org/obo/CL_0002319,neural cell,http://purl.obolibrary.org/obo/CL_0000540,neuron
sc_transcriptomics,pan-human-azimuth,type EC enteroendocrine cell,http://purl.obolibrary.org/obo/CL_0000577,true,http://purl.obolibrary.org/obo/CL_0002319,neural cell,http://purl.obolibrary.org/obo/CL_0000540,neuron
sc_transcriptomics,pan-human-azimuth,alveolar macrophage,http://purl.obolibrary.org/obo/CL_0000583,true,http://purl.obolibrary.org/obo/CL_0000988,hematopoietic cell,http://purl.obolibrary.org/obo/CL_0000235,macrophage
sc_transcriptomics,azimuth,alveolar macrophage,http://purl.obolibrary.org/obo/CL_0000583,true,http://purl.obolibrary.org/obo/CL_0000988,hematopoietic cell,http://purl.obolibrary.org/obo/CL_0000235,macrophage
sc_transcriptomics,celltypist,alveolar macrophage,http://purl.obolibrary.org/obo/CL_0000583,true,http://purl.obolibrary.org/obo/CL_0000988,hematopoietic cell,http://purl.obolibrary.org/obo/CL_0000235,macrophage
sc_proteomics,vccf,alveolar macrophage,http://purl.obolibrary.org/obo/CL_0000583,true,http://purl.obolibrary.org/obo/CL_0000988,hematopoietic cell,http://purl.obolibrary.org/obo/CL_0000235,macrophage
sc_transcriptomics,frmatch,alveolar macrophage,http://purl.obolibrary.org/obo/CL_0000583,true,http://purl.obolibrary.org/obo/CL_0000988,hematopoietic cell,http://purl.obolibrary.org/obo/CL_0000235,macrophage
sc_transcriptomics,celltypist,enterocyte,http://purl.obolibrary.org/obo/CL_0000584,true,http://purl.obolibrary.org/obo/CL_0000066,epithelial cell,,
sc_transcriptomics,deepcelltypes-hubmap,enterocyte,http://purl.obolibrary.org/obo/CL_0000584,true,http://purl.obolibrary.org/obo/CL_0000066,epithelial cell,,
sc_transcriptomics,stellar,enterocyte,http://purl.obolibrary.org/obo/CL_0000584,true,http://purl.obolibrary.org/obo/CL_0000066,epithelial cell,,
sc_transcriptomics,pan-human-azimuth,enterocyte,http://purl.obolibrary.org/obo/CL_0000584,true,http://purl.obolibrary.org/obo/CL_0000066,epithelial cell,,
sc_proteomics,vccf,enterocyte,http://purl.obolibrary.org/obo/CL_0000584,true,http://purl.obolibrary.org/obo/CL_0000066,epithelial cell,,
sc_transcriptomics,deepcelltypes,enterocyte,http://purl.obolibrary.org/obo/CL_0000584,true,http://purl.obolibrary.org/obo/CL_0000066,epithelial cell,,
sc_transcriptomics,celltypist,germ cell,http://purl.obolibrary.org/obo/CL_0000586,true,http://purl.obolibrary.org/obo/CL_0000039,germ line cell,,
sc_transcriptomics,pan-human-azimuth,germ cell,http://purl.obolibrary.org/obo/CL_0000586,true,http://purl.obolibrary.org/obo/CL_0000039,germ line cell,,
sc_transcriptomics,pan-human-azimuth,pyramidal neuron,http://purl.obolibrary.org/obo/CL_0000598,true,http://purl.obolibrary.org/obo/CL_0002319,neural cell,http://purl.obolibrary.org/obo/CL_0000540,neuron
sc_transcriptomics,pan-human-azimuth,retinal rod cell,http://purl.obolibrary.org/obo/CL_0000604,true,http://purl.obolibrary.org/obo/CL_0002319,neural cell,http://purl.obolibrary.org/obo/CL_0000540,neuron
sc_transcriptomics,celltypist,GABAergic neuron,http://purl.obolibrary.org/obo/CL_0000617,true,http://purl.obolibrary.org/obo/CL_0002319,neural cell,http://purl.obolibrary.org/obo/CL_0000540,neuron
sc_transcriptomics,deepcelltypes-hubmap,acinar cell,http://purl.obolibrary.org/obo/CL_0000622,true,http://purl.obolibrary.org/obo/CL_0000066,epithelial cell,,
sc_transcriptomics,azimuth,natural killer cell,http://purl.obolibrary.org/obo/CL_0000623,true,http://purl.obolibrary.org/obo/CL_0000988,hematopoietic cell,,
sc_transcriptomics,celltypist,natural killer cell,http://purl.obolibrary.org/obo/CL_0000623,true,http://purl.obolibrary.org/obo/CL_0000988,hematopoietic cell,,
sc_transcriptomics,deepcelltypes-hubmap,natural killer cell,http://purl.obolibrary.org/obo/CL_0000623,true,http://purl.obolibrary.org/obo/CL_0000988,hematopoietic cell,,
sc_transcriptomics,deepcelltypes,natural killer cell,http://purl.obolibrary.org/obo/CL_0000623,true,http://purl.obolibrary.org/obo/CL_0000988,hematopoietic cell,,
sc_transcriptomics,pan-human-azimuth,natural killer cell,http://purl.obolibrary.org/obo/CL_0000623,true,http://purl.obolibrary.org/obo/CL_0000988,hematopoietic cell,,
sc_transcriptomics,stellar,natural killer cell,http://purl.obolibrary.org/obo/CL_0000623,true,http://purl.obolibrary.org/obo/CL_0000988,hematopoietic cell,,
sc_transcriptomics,ribca,natural killer cell,http://purl.obolibrary.org/obo/CL_0000623,true,http://purl.obolibrary.org/obo/CL_0000988,hematopoietic cell,,
sc_proteomics,vccf,natural killer cell,http://purl.obolibrary.org/obo/CL_0000623,true,http://purl.obolibrary.org/obo/CL_0000988,hematopoietic cell,,
sc_transcriptomics,frmatch,natural killer cell,http://purl.obolibrary.org/obo/CL_0000623,true,http://purl.obolibrary.org/obo/CL_0000988,hematopoietic cell,,
sc_transcriptomics,azimuth,"CD4-positive, alpha-beta T cell",http://purl.obolibrary.org/obo/CL_0000624,true,http://purl.obolibrary.org/obo/CL_0000988,hematopoietic cell,http://purl.obolibrary.org/obo/CL_0000084,T cell
sc_transcriptomics,popv,"CD4-positive, alpha-beta T cell",http://purl.obolibrary.org/obo/CL_0000624,true,http://purl.obolibrary.org/obo/CL_0000988,hematopoietic cell,http://purl.obolibrary.org/obo/CL_0000084,T cell
sc_transcriptomics,celltypist,"CD4-positive, alpha-beta T cell",http://purl.obolibrary.org/obo/CL_0000624,true,http://purl.obolibrary.org/obo/CL_0000988,hematopoietic cell,http://purl.obolibrary.org/obo/CL_0000084,T cell
sc_transcriptomics,deepcelltypes-hubmap,"CD4-positive, alpha-beta T cell",http://purl.obolibrary.org/obo/CL_0000624,true,http://purl.obolibrary.org/obo/CL_0000988,hematopoietic cell,http://purl.obolibrary.org/obo/CL_0000084,T cell
sc_transcriptomics,deepcelltypes,"CD4-positive, alpha-beta T cell",http://purl.obolibrary.org/obo/CL_0000624,true,http://purl.obolibrary.org/obo/CL_0000988,hematopoietic cell,http://purl.obolibrary.org/obo/CL_0000084,T cell
sc_transcriptomics,stellar,"CD4-positive, alpha-beta T cell",http://purl.obolibrary.org/obo/CL_0000624,true,http://purl.obolibrary.org/obo/CL_0000988,hematopoietic cell,http://purl.obolibrary.org/obo/CL_0000084,T cell
sc_proteomics,vccf,"CD4-positive, alpha-beta T cell",http://purl.obolibrary.org/obo/CL_0000624,true,http://purl.obolibrary.org/obo/CL_0000988,hematopoietic cell,http://purl.obolibrary.org/obo/CL_0000084,T cell
sc_transcriptomics,ribca,"CD4-positive, alpha-beta T cell",http://purl.obolibrary.org/obo/CL_0000624,true,http://purl.obolibrary.org/obo/CL_0000988,hematopoietic cell,http://purl.obolibrary.org/obo/CL_0000084,T cell
sc_transcriptomics,frmatch,"CD4-positive, alpha-beta T cell",http://purl.obolibrary.org/obo/CL_0000624,true,http://purl.obolibrary.org/obo/CL_0000988,hematopoietic cell,http://purl.obolibrary.org/obo/CL_0000084,T cell
sc_transcriptomics,pan-human-azimuth,"CD4-positive, alpha-beta T cell",http://purl.obolibrary.org/obo/CL_0000624,true,http://purl.obolibrary.org/obo/CL_0000988,hematopoietic cell,http://purl.obolibrary.org/obo/CL_0000084,T cell
sc_transcriptomics,azimuth,"CD8-positive, alpha-beta T cell",http://purl.obolibrary.org/obo/CL_0000625,true,http://purl.obolibrary.org/obo/CL_0000988,hematopoietic cell,http://purl.obolibrary.org/obo/CL_0000084,T cell
sc_transcriptomics,popv,"CD8-positive, alpha-beta T cell",http://purl.obolibrary.org/obo/CL_0000625,true,http://purl.obolibrary.org/obo/CL_0000988,hematopoietic cell,http://purl.obolibrary.org/obo/CL_0000084,T cell
sc_transcriptomics,celltypist,"CD8-positive, alpha-beta T cell",http://purl.obolibrary.org/obo/CL_0000625,true,http://purl.obolibrary.org/obo/CL_0000988,hematopoietic cell,http://purl.obolibrary.org/obo/CL_0000084,T cell
sc_transcriptomics,deepcelltypes-hubmap,"CD8-positive, alpha-beta T cell",http://purl.obolibrary.org/obo/CL_0000625,true,http://purl.obolibrary.org/obo/CL_0000988,hematopoietic cell,http://purl.obolibrary.org/obo/CL_0000084,T cell
sc_transcriptomics,deepcelltypes,"CD8-positive, alpha-beta T cell",http://purl.obolibrary.org/obo/CL_0000625,true,http://purl.obolibrary.org/obo/CL_0000988,hematopoietic cell,http://purl.obolibrary.org/obo/CL_0000084,T cell
sc_transcriptomics,ribca,"CD8-positive, alpha-beta T cell",http://purl.obolibrary.org/obo/CL_0000625,true,http://purl.obolibrary.org/obo/CL_0000988,hematopoietic cell,http://purl.obolibrary.org/obo/CL_0000084,T cell
sc_transcriptomics,stellar,"CD8-positive, alpha-beta T cell",http://purl.obolibrary.org/obo/CL_0000625,true,http://purl.obolibrary.org/obo/CL_0000988,hematopoietic cell,http://purl.obolibrary.org/obo/CL_0000084,T cell
sc_proteomics,vccf,"CD8-positive, alpha-beta T cell",http://purl.obolibrary.org/obo/CL_0000625,true,http://purl.obolibrary.org/obo/CL_0000988,hematopoietic cell,http://purl.obolibrary.org/obo/CL_0000084,T cell
sc_transcriptomics,frmatch,"CD8-positive, alpha-beta T cell",http://purl.obolibrary.org/obo/CL_0000625,true,http://purl.obolibrary.org/obo/CL_0000988,hematopoietic cell,http://purl.obolibrary.org/obo/CL_0000084,T cell
sc_transcriptomics,azimuth,hepatic stellate cell,http://purl.obolibrary.org/obo/CL_0000632,true,http://purl.obolibrary.org/obo/CL_0002320,connective tissue cell,http://purl.obolibrary.org/obo/CL_0000499,stromal cell
sc_transcriptomics,celltypist,hepatic stellate cell,http://purl.obolibrary.org/obo/CL_0000632,true,http://purl.obolibrary.org/obo/CL_0002320,connective tissue cell,http://purl.obolibrary.org/obo/CL_0000499,stromal cell
sc_transcriptomics,popv,Mueller cell,http://purl.obolibrary.org/obo/CL_0000636,true,http://purl.obolibrary.org/obo/CL_0002319,neural cell,http://purl.obolibrary.org/obo/CL_0000125,glial cell
sc_transcriptomics,pan-human-azimuth,Mueller cell,http://purl.obolibrary.org/obo/CL_0000636,true,http://purl.obolibrary.org/obo/CL_0002319,neural cell,http://purl.obolibrary.org/obo/CL_0000125,glial cell
sc_transcriptomics,azimuth,basal cell,http://purl.obolibrary.org/obo/CL_0000646,true,http://purl.obolibrary.org/obo/CL_0000034,stem cell,,
sc_transcriptomics,popv,basal cell,http://purl.obolibrary.org/obo/CL_0000646,true,http://purl.obolibrary.org/obo/CL_0000034,stem cell,,
sc_transcriptomics,pan-human-azimuth,basal cell,http://purl.obolibrary.org/obo/CL_0000646,true,http://purl.obolibrary.org/obo/CL_0000034,stem cell,,
sc_transcriptomics,celltypist,basal cell,http://purl.obolibrary.org/obo/CL_0000646,true,http://purl.obolibrary.org/obo/CL_0000034,stem cell,,
sc_transcriptomics,azimuth,kidney granular cell,http://purl.obolibrary.org/obo/CL_0000648,true,http://purl.obolibrary.org/obo/CL_0000187,muscle cell,,
sc_transcriptomics,pan-human-azimuth,prickle cell,http://purl.obolibrary.org/obo/CL_0000649,true,http://purl.obolibrary.org/obo/CL_0000066,epithelial cell,,
sc_transcriptomics,azimuth,mesangial cell,http://purl.obolibrary.org/obo/CL_0000650,true,http://purl.obolibrary.org/obo/CL_0002320,connective tissue cell,,
sc_transcriptomics,azimuth,podocyte,http://purl.obolibrary.org/obo/CL_0000653,true,http://purl.obolibrary.org/obo/CL_0000066,epithelial cell,,
sc_transcriptomics,celltypist,podocyte,http://purl.obolibrary.org/obo/CL_0000653,true,http://purl.obolibrary.org/obo/CL_0000066,epithelial cell,,
sc_transcriptomics,pan-human-azimuth,podocyte,http://purl.obolibrary.org/obo/CL_0000653,true,http://purl.obolibrary.org/obo/CL_0000066,epithelial cell,,
sc_transcriptomics,pan-human-azimuth,primary spermatocyte,http://purl.obolibrary.org/obo/CL_0000656,true,http://purl.obolibrary.org/obo/CL_0000039,germ line cell,,
sc_transcriptomics,pan-human-azimuth,secondary spermatocyte,http://purl.obolibrary.org/obo/CL_0000657,true,http://purl.obolibrary.org/obo/CL_0000039,germ line cell,,
sc_transcriptomics,azimuth,pericyte,http://purl.obolibrary.org/obo/CL_0000669,true,http://purl.obolibrary.org/obo/CL_0002320,connective tissue cell,,
sc_transcriptomics,popv,pericyte,http://purl.obolibrary.org/obo/CL_0000669,true,http://purl.obolibrary.org/obo/CL_0002320,connective tissue cell,,
sc_transcriptomics,celltypist,pericyte,http://purl.obolibrary.org/obo/CL_0000669,true,http://purl.obolibrary.org/obo/CL_0002320,connective tissue cell,,
sc_transcriptomics,pan-human-azimuth,pericyte,http://purl.obolibrary.org/obo/CL_0000669,true,http://purl.obolibrary.org/obo/CL_0002320,connective tissue cell,,
sc_proteomics,vccf,pericyte,http://purl.obolibrary.org/obo/CL_0000669,true,http://purl.obolibrary.org/obo/CL_0002320,connective tissue cell,,
sc_transcriptomics,pan-human-azimuth,primordial germ cell,http://purl.obolibrary.org/obo/CL_0000670,true,http://purl.obolibrary.org/obo/CL_0000039,germ line cell,,
sc_transcriptomics,popv,radial glial cell,http://purl.obolibrary.org/obo/CL_0000681,true,http://purl.obolibrary.org/obo/CL_0002319,neural cell,http://purl.obolibrary.org/obo/CL_0000125,glial cell
sc_transcriptomics,celltypist,M cell of gut,http://purl.obolibrary.org/obo/CL_0000682,true,http://purl.obolibrary.org/obo/CL_0000066,epithelial cell,,
sc_transcriptomics,pan-human-azimuth,M cell of gut,http://purl.obolibrary.org/obo/CL_0000682,true,http://purl.obolibrary.org/obo/CL_0000066,epithelial cell,,
sc_transcriptomics,celltypist,Cajal-Retzius cell,http://purl.obolibrary.org/obo/CL_0000695,true,http://purl.obolibrary.org/obo/CL_0002319,neural cell,http://purl.obolibrary.org/obo/CL_0000540,neuron
sc_transcriptomics,celltypist,PP cell,http://purl.obolibrary.org/obo/CL_0000696,true,http://purl.obolibrary.org/obo/CL_0000066,epithelial cell,,
sc_transcriptomics,pan-human-azimuth,endothelial tip cell,http://purl.obolibrary.org/obo/CL_0000704,true,http://purl.obolibrary.org/obo/CL_0000115,endothelial cell,,
sc_transcriptomics,celltypist,choroid plexus epithelial cell,http://purl.obolibrary.org/obo/CL_0000706,true,http://purl.obolibrary.org/obo/CL_0002319,neural cell,http://purl.obolibrary.org/obo/CL_0000125,glial cell
sc_proteomics,vccf,neurecto-epithelial cell,http://purl.obolibrary.org/obo/CL_0000710,true,http://purl.obolibrary.org/obo/CL_0000066,epithelial cell,,
sc_transcriptomics,azimuth,leukocyte,http://purl.obolibrary.org/obo/CL_0000738,true,http://purl.obolibrary.org/obo/CL_0000988,hematopoietic cell,,
sc_proteomics,vccf,leukocyte,http://purl.obolibrary.org/obo/CL_0000738,true,http://purl.obolibrary.org/obo/CL_0000988,hematopoietic cell,,
sc_transcriptomics,popv,leukocyte,http://purl.obolibrary.org/obo/CL_0000738,true,http://purl.obolibrary.org/obo/CL_0000988,hematopoietic cell,,
sc_transcriptomics,celltypist,leukocyte,http://purl.obolibrary.org/obo/CL_0000738,true,http://purl.obolibrary.org/obo/CL_0000988,hematopoietic cell,,
sc_transcriptomics,pan-human-azimuth,leukocyte,http://purl.obolibrary.org/obo/CL_0000738,true,http://purl.obolibrary.org/obo/CL_0000988,hematopoietic cell,,
sc_transcriptomics,pan-human-azimuth,retinal ganglion cell,http://purl.obolibrary.org/obo/CL_0000740,true,http://purl.obolibrary.org/obo/CL_0002319,neural cell,http://purl.obolibrary.org/obo/CL_0000540,neuron
sc_transcriptomics,pan-human-azimuth,retina horizontal cell,http://purl.obolibrary.org/obo/CL_0000745,true,http://purl.obolibrary.org/obo/CL_0002319,neural cell,http://purl.obolibrary.org/obo/CL_0000540,neuron
sc_transcriptomics,azimuth,cardiac muscle cell,http://purl.obolibrary.org/obo/CL_0000746,true,http://purl.obolibrary.org/obo/CL_0000187,muscle cell,,
sc_transcriptomics,celltypist,cardiac muscle cell,http://purl.obolibrary.org/obo/CL_0000746,true,http://purl.obolibrary.org/obo/CL_0000187,muscle cell,,
sc_transcriptomics,popv,cardiac muscle cell,http://purl.obolibrary.org/obo/CL_0000746,true,http://purl.obolibrary.org/obo/CL_0000187,muscle cell,,
sc_transcriptomics,pan-human-azimuth,cardiac muscle cell,http://purl.obolibrary.org/obo/CL_0000746,true,http://purl.obolibrary.org/obo/CL_0000187,muscle cell,,
sc_transcriptomics,pan-human-azimuth,retinal bipolar neuron,http://purl.obolibrary.org/obo/CL_0000748,true,http://purl.obolibrary.org/obo/CL_0002319,neural cell,http://purl.obolibrary.org/obo/CL_0000540,neuron
sc_transcriptomics,popv,retinal bipolar neuron,http://purl.obolibrary.org/obo/CL_0000748,true,http://purl.obolibrary.org/obo/CL_0002319,neural cell,http://purl.obolibrary.org/obo/CL_0000540,neuron
sc_transcriptomics,pan-human-azimuth,ON-bipolar cell,http://purl.obolibrary.org/obo/CL_0000749,true,http://purl.obolibrary.org/obo/CL_0002319,neural cell,http://purl.obolibrary.org/obo/CL_0000540,neuron
sc_transcriptomics,pan-human-azimuth,OFF-bipolar cell,http://purl.obolibrary.org/obo/CL_0000750,true,http://purl.obolibrary.org/obo/CL_0002319,neural cell,http://purl.obolibrary.org/obo/CL_0000540,neuron
sc_transcriptomics,pan-human-azimuth,rod bipolar cell,http://purl.obolibrary.org/obo/CL_0000751,true,http://purl.obolibrary.org/obo/CL_0002319,neural cell,http://purl.obolibrary.org/obo/CL_0000540,neuron
sc_transcriptomics,azimuth,myeloid cell,http://purl.obolibrary.org/obo/CL_0000763,true,http://purl.obolibrary.org/obo/CL_0000988,hematopoietic cell,,
sc_proteomics,vccf,myeloid cell,http://purl.obolibrary.org/obo/CL_0000763,true,http://purl.obolibrary.org/obo/CL_0000988,hematopoietic cell,,
sc_transcriptomics,celltypist,myeloid cell,http://purl.obolibrary.org/obo/CL_0000763,true,http://purl.obolibrary.org/obo/CL_0000988,hematopoietic cell,,
sc_transcriptomics,popv,myeloid cell,http://purl.obolibrary.org/obo/CL_0000763,true,http://purl.obolibrary.org/obo/CL_0000988,hematopoietic cell,,
sc_transcriptomics,pan-human-azimuth,myeloid cell,http://purl.obolibrary.org/obo/CL_0000763,true,http://purl.obolibrary.org/obo/CL_0000988,hematopoietic cell,,
sc_transcriptomics,azimuth,erythroid lineage cell,http://purl.obolibrary.org/obo/CL_0000764,true,http://purl.obolibrary.org/obo/CL_0000988,hematopoietic cell,,
sc_transcriptomics,popv,erythroid lineage cell,http://purl.obolibrary.org/obo/CL_0000764,true,http://purl.obolibrary.org/obo/CL_0000988,hematopoietic cell,,
sc_transcriptomics,celltypist,erythroid lineage cell,http://purl.obolibrary.org/obo/CL_0000764,true,http://purl.obolibrary.org/obo/CL_0000988,hematopoietic cell,,
sc_proteomics,vccf,erythroid lineage cell,http://purl.obolibrary.org/obo/CL_0000764,true,http://purl.obolibrary.org/obo/CL_0000988,hematopoietic cell,,
sc_transcriptomics,pan-human-azimuth,erythroblast,http://purl.obolibrary.org/obo/CL_0000765,true,http://purl.obolibrary.org/obo/CL_0000988,hematopoietic cell,,
sc_proteomics,vccf,erythroblast,http://purl.obolibrary.org/obo/CL_0000765,true,http://purl.obolibrary.org/obo/CL_0000988,hematopoietic cell,,
sc_transcriptomics,azimuth,myeloid leukocyte,http://purl.obolibrary.org/obo/CL_0000766,true,http://purl.obolibrary.org/obo/CL_0000988,hematopoietic cell,,
sc_proteomics,vccf,myeloid leukocyte,http://purl.obolibrary.org/obo/CL_0000766,true,http://purl.obolibrary.org/obo/CL_0000988,hematopoietic cell,,
sc_transcriptomics,popv,basophil,http://purl.obolibrary.org/obo/CL_0000767,true,http://purl.obolibrary.org/obo/CL_0000988,hematopoietic cell,http://purl.obolibrary.org/obo/CL_0000081,blood cell
sc_transcriptomics,celltypist,basophil,http://purl.obolibrary.org/obo/CL_0000767,true,http://purl.obolibrary.org/obo/CL_0000988,hematopoietic cell,http://purl.obolibrary.org/obo/CL_0000081,blood cell
sc_proteomics,vccf,neutrophil,http://purl.obolibrary.org/obo/CL_0000775,true,http://purl.obolibrary.org/obo/CL_0000988,hematopoietic cell,http://purl.obolibrary.org/obo/CL_0000081,blood cell
sc_transcriptomics,azimuth,neutrophil,http://purl.obolibrary.org/obo/CL_0000775,true,http://purl.obolibrary.org/obo/CL_0000988,hematopoietic cell,http://purl.obolibrary.org/obo/CL_0000081,blood cell
sc_transcriptomics,celltypist,neutrophil,http://purl.obolibrary.org/obo/CL_0000775,true,http://purl.obolibrary.org/obo/CL_0000988,hematopoietic cell,http://purl.obolibrary.org/obo/CL_0000081,blood cell
sc_transcriptomics,deepcelltypes,neutrophil,http://purl.obolibrary.org/obo/CL_0000775,true,http://purl.obolibrary.org/obo/CL_0000988,hematopoietic cell,http://purl.obolibrary.org/obo/CL_0000081,blood cell
sc_transcriptomics,pan-human-azimuth,neutrophil,http://purl.obolibrary.org/obo/CL_0000775,true,http://purl.obolibrary.org/obo/CL_0000988,hematopoietic cell,http://purl.obolibrary.org/obo/CL_0000081,blood cell
sc_transcriptomics,popv,neutrophil,http://purl.obolibrary.org/obo/CL_0000775,true,http://purl.obolibrary.org/obo/CL_0000988,hematopoietic cell,http://purl.obolibrary.org/obo/CL_0000081,blood cell
sc_transcriptomics,deepcelltypes-hubmap,neutrophil,http://purl.obolibrary.org/obo/CL_0000775,true,http://purl.obolibrary.org/obo/CL_0000988,hematopoietic cell,http://purl.obolibrary.org/obo/CL_0000081,blood cell
sc_transcriptomics,stellar,neutrophil,http://purl.obolibrary.org/obo/CL_0000775,true,http://purl.obolibrary.org/obo/CL_0000988,hematopoietic cell,http://purl.obolibrary.org/obo/CL_0000081,blood cell
sc_transcriptomics,azimuth,myeloid dendritic cell,http://purl.obolibrary.org/obo/CL_0000782,true,http://purl.obolibrary.org/obo/CL_0000988,hematopoietic cell,http://purl.obolibrary.org/obo/CL_0000451,dendritic cell
sc_transcriptomics,azimuth,plasmacytoid dendritic cell,http://purl.obolibrary.org/obo/CL_0000784,true,http://purl.obolibrary.org/obo/CL_0000988,hematopoietic cell,http://purl.obolibrary.org/obo/CL_0000451,dendritic cell
sc_transcriptomics,popv,plasmacytoid dendritic cell,http://purl.obolibrary.org/obo/CL_0000784,true,http://purl.obolibrary.org/obo/CL_0000988,hematopoietic cell,http://purl.obolibrary.org/obo/CL_0000451,dendritic cell
sc_transcriptomics,celltypist,plasmacytoid dendritic cell,http://purl.obolibrary.org/obo/CL_0000784,true,http://purl.obolibrary.org/obo/CL_0000988,hematopoietic cell,http://purl.obolibrary.org/obo/CL_0000451,dendritic cell
sc_proteomics,vccf,plasmacytoid dendritic cell,http://purl.obolibrary.org/obo/CL_0000784,true,http://purl.obolibrary.org/obo/CL_0000988,hematopoietic cell,http://purl.obolibrary.org/obo/CL_0000451,dendritic cell
sc_transcriptomics,frmatch,plasmacytoid dendritic cell,http://purl.obolibrary.org/obo/CL_0000784,true,http://purl.obolibrary.org/obo/CL_0000988,hematopoietic cell,http://purl.obolibrary.org/obo/CL_0000451,dendritic cell
sc_transcriptomics,pan-human-azimuth,plasmacytoid dendritic cell,http://purl.obolibrary.org/obo/CL_0000784,true,http://purl.obolibrary.org/obo/CL_0000988,hematopoietic cell,http://purl.obolibrary.org/obo/CL_0000451,dendritic cell
sc_transcriptomics,azimuth,mature B cell,http://purl.obolibrary.org/obo/CL_0000785,true,http://purl.obolibrary.org/obo/CL_0000988,hematopoietic cell,http://purl.obolibrary.org/obo/CL_0000236,B cell
sc_transcriptomics,azimuth,plasma cell,http://purl.obolibrary.org/obo/CL_0000786,true,http://purl.obolibrary.org/obo/CL_0000988,hematopoietic cell,,
sc_transcriptomics,popv,plasma cell,http://purl.obolibrary.org/obo/CL_0000786,true,http://purl.obolibrary.org/obo/CL_0000988,hematopoietic cell,,
sc_proteomics,vccf,plasma cell,http://purl.obolibrary.org/obo/CL_0000786,true,http://purl.obolibrary.org/obo/CL_0000988,hematopoietic cell,,
sc_transcriptomics,celltypist,plasma cell,http://purl.obolibrary.org/obo/CL_0000786,true,http://purl.obolibrary.org/obo/CL_0000988,hematopoietic cell,,
sc_transcriptomics,deepcelltypes-hubmap,plasma cell,http://purl.obolibrary.org/obo/CL_0000786,true,http://purl.obolibrary.org/obo/CL_0000988,hematopoietic cell,,
sc_transcriptomics,deepcelltypes,plasma cell,http://purl.obolibrary.org/obo/CL_0000786,true,http://purl.obolibrary.org/obo/CL_0000988,hematopoietic cell,,
sc_transcriptomics,pan-human-azimuth,plasma cell,http://purl.obolibrary.org/obo/CL_0000786,true,http://purl.obolibrary.org/obo/CL_0000988,hematopoietic cell,,
sc_transcriptomics,ribca,plasma cell,http://purl.obolibrary.org/obo/CL_0000786,true,http://purl.obolibrary.org/obo/CL_0000988,hematopoietic cell,,
sc_transcriptomics,stellar,plasma cell,http://purl.obolibrary.org/obo/CL_0000786,true,http://purl.obolibrary.org/obo/CL_0000988,hematopoietic cell,,
sc_transcriptomics,frmatch,plasma cell,http://purl.obolibrary.org/obo/CL_0000786,true,http://purl.obolibrary.org/obo/CL_0000988,hematopoietic cell,,
sc_transcriptomics,azimuth,memory B cell,http://purl.obolibrary.org/obo/CL_0000787,true,http://purl.obolibrary.org/obo/CL_0000988,hematopoietic cell,http://purl.obolibrary.org/obo/CL_0000236,B cell
sc_transcriptomics,celltypist,memory B cell,http://purl.obolibrary.org/obo/CL_0000787,true,http://purl.obolibrary.org/obo/CL_0000988,hematopoietic cell,http://purl.obolibrary.org/obo/CL_0000236,B cell
sc_transcriptomics,pan-human-azimuth,memory B cell,http://purl.obolibrary.org/obo/CL_0000787,true,http://purl.obolibrary.org/obo/CL_0000988,hematopoietic cell,http://purl.obolibrary.org/obo/CL_0000236,B cell
sc_transcriptomics,popv,memory B cell,http://purl.obolibrary.org/obo/CL_0000787,true,http://purl.obolibrary.org/obo/CL_0000988,hematopoietic cell,http://purl.obolibrary.org/obo/CL_0000236,B cell
sc_proteomics,vccf,memory B cell,http://purl.obolibrary.org/obo/CL_0000787,true,http://purl.obolibrary.org/obo/CL_0000988,hematopoietic cell,http://purl.obolibrary.org/obo/CL_0000236,B cell
sc_transcriptomics,azimuth,naive B cell,http://purl.obolibrary.org/obo/CL_0000788,true,http://purl.obolibrary.org/obo/CL_0000988,hematopoietic cell,http://purl.obolibrary.org/obo/CL_0000236,B cell
sc_transcriptomics,celltypist,naive B cell,http://purl.obolibrary.org/obo/CL_0000788,true,http://purl.obolibrary.org/obo/CL_0000988,hematopoietic cell,http://purl.obolibrary.org/obo/CL_0000236,B cell
sc_transcriptomics,pan-human-azimuth,naive B cell,http://purl.obolibrary.org/obo/CL_0000788,true,http://purl.obolibrary.org/obo/CL_0000988,hematopoietic cell,http://purl.obolibrary.org/obo/CL_0000236,B cell
sc_transcriptomics,popv,naive B cell,http://purl.obolibrary.org/obo/CL_0000788,true,http://purl.obolibrary.org/obo/CL_0000988,hematopoietic cell,http://purl.obolibrary.org/obo/CL_0000236,B cell
sc_proteomics,vccf,naive B cell,http://purl.obolibrary.org/obo/CL_0000788,true,http://purl.obolibrary.org/obo/CL_0000988,hematopoietic cell,http://purl.obolibrary.org/obo/CL_0000236,B cell
sc_transcriptomics,pan-human-azimuth,alpha-beta T cell,http://purl.obolibrary.org/obo/CL_0000789,true,http://purl.obolibrary.org/obo/CL_0000988,hematopoietic cell,http://purl.obolibrary.org/obo/CL_0000084,T cell
sc_transcriptomics,celltypist,mature alpha-beta T cell,http://purl.obolibrary.org/obo/CL_0000791,true,http://purl.obolibrary.org/obo/CL_0000988,hematopoietic cell,http://purl.obolibrary.org/obo/CL_0000084,T cell
sc_transcriptomics,azimuth,"CD4-positive, CD25-positive, alpha-beta regulatory T cell",http://purl.obolibrary.org/obo/CL_0000792,true,http://purl.obolibrary.org/obo/CL_0000988,hematopoietic cell,http://purl.obolibrary.org/obo/CL_0000084,T cell
sc_transcriptomics,pan-human-azimuth,"CD4-positive, CD25-positive, alpha-beta regulatory T cell",http://purl.obolibrary.org/obo/CL_0000792,true,http://purl.obolibrary.org/obo/CL_0000988,hematopoietic cell,http://purl.obolibrary.org/obo/CL_0000084,T cell
sc_transcriptomics,popv,"CD4-positive, CD25-positive, alpha-beta regulatory T cell",http://purl.obolibrary.org/obo/CL_0000792,true,http://purl.obolibrary.org/obo/CL_0000988,hematopoietic cell,http://purl.obolibrary.org/obo/CL_0000084,T cell
sc_transcriptomics,celltypist,"CD4-positive, CD25-positive, alpha-beta regulatory T cell",http://purl.obolibrary.org/obo/CL_0000792,true,http://purl.obolibrary.org/obo/CL_0000988,hematopoietic cell,http://purl.obolibrary.org/obo/CL_0000084,T cell
sc_transcriptomics,popv,"CD8-positive, alpha-beta cytotoxic T cell",http://purl.obolibrary.org/obo/CL_0000794,true,http://purl.obolibrary.org/obo/CL_0000988,hematopoietic cell,http://purl.obolibrary.org/obo/CL_0000084,T cell
sc_transcriptomics,celltypist,"CD8-positive, alpha-beta cytotoxic T cell",http://purl.obolibrary.org/obo/CL_0000794,true,http://purl.obolibrary.org/obo/CL_0000988,hematopoietic cell,http://purl.obolibrary.org/obo/CL_0000084,T cell
sc_proteomics,vccf,"CD8-positive, alpha-beta regulatory T cell",http://purl.obolibrary.org/obo/CL_0000795,true,http://purl.obolibrary.org/obo/CL_0000988,hematopoietic cell,http://purl.obolibrary.org/obo/CL_0000084,T cell
sc_transcriptomics,azimuth,gamma-delta T cell,http://purl.obolibrary.org/obo/CL_0000798,true,http://purl.obolibrary.org/obo/CL_0000988,hematopoietic cell,http://purl.obolibrary.org/obo/CL_0000084,T cell
sc_transcriptomics,celltypist,gamma-delta T cell,http://purl.obolibrary.org/obo/CL_0000798,true,http://purl.obolibrary.org/obo/CL_0000988,hematopoietic cell,http://purl.obolibrary.org/obo/CL_0000084,T cell
sc_transcriptomics,pan-human-azimuth,gamma-delta T cell,http://purl.obolibrary.org/obo/CL_0000798,true,http://purl.obolibrary.org/obo/CL_0000988,hematopoietic cell,http://purl.obolibrary.org/obo/CL_0000084,T cell
sc_transcriptomics,popv,DN3 thymocyte,http://purl.obolibrary.org/obo/CL_0000807,true,http://purl.obolibrary.org/obo/CL_0000988,hematopoietic cell,http://purl.obolibrary.org/obo/CL_0000084,T cell
sc_transcriptomics,popv,DN4 thymocyte,http://purl.obolibrary.org/obo/CL_0000808,true,http://purl.obolibrary.org/obo/CL_0000988,hematopoietic cell,http://purl.obolibrary.org/obo/CL_0000084,T cell
sc_proteomics,vccf,"double-positive, alpha-beta thymocyte",http://purl.obolibrary.org/obo/CL_0000809,true,http://purl.obolibrary.org/obo/CL_0000988,hematopoietic cell,http://purl.obolibrary.org/obo/CL_0000084,T cell
sc_transcriptomics,pan-human-azimuth,"double-positive, alpha-beta thymocyte",http://purl.obolibrary.org/obo/CL_0000809,true,http://purl.obolibrary.org/obo/CL_0000988,hematopoietic cell,http://purl.obolibrary.org/obo/CL_0000084,T cell
sc_transcriptomics,azimuth,"CD8-positive, alpha-beta thymocyte",http://purl.obolibrary.org/obo/CL_0000811,true,http://purl.obolibrary.org/obo/CL_0000988,hematopoietic cell,http://purl.obolibrary.org/obo/CL_0000084,T cell
sc_transcriptomics,pan-human-azimuth,memory T cell,http://purl.obolibrary.org/obo/CL_0000813,true,http://purl.obolibrary.org/obo/CL_0000988,hematopoietic cell,http://purl.obolibrary.org/obo/CL_0000084,T cell
sc_transcriptomics,azimuth,memory T cell,http://purl.obolibrary.org/obo/CL_0000813,true,http://purl.obolibrary.org/obo/CL_0000988,hematopoietic cell,http://purl.obolibrary.org/obo/CL_0000084,T cell
sc_proteomics,vccf,memory T cell,http://purl.obolibrary.org/obo/CL_0000813,true,http://purl.obolibrary.org/obo/CL_0000988,hematopoietic cell,http://purl.obolibrary.org/obo/CL_0000084,T cell
sc_transcriptomics,azimuth,mature NK T cell,http://purl.obolibrary.org/obo/CL_0000814,true,http://purl.obolibrary.org/obo/CL_0000988,hematopoietic cell,http://purl.obolibrary.org/obo/CL_0000084,T cell
sc_transcriptomics,popv,mature NK T cell,http://purl.obolibrary.org/obo/CL_0000814,true,http://purl.obolibrary.org/obo/CL_0000988,hematopoietic cell,http://purl.obolibrary.org/obo/CL_0000084,T cell
sc_transcriptomics,celltypist,mature NK T cell,http://purl.obolibrary.org/obo/CL_0000814,true,http://purl.obolibrary.org/obo/CL_0000988,hematopoietic cell,http://purl.obolibrary.org/obo/CL_0000084,T cell
sc_transcriptomics,deepcelltypes-hubmap,mature NK T cell,http://purl.obolibrary.org/obo/CL_0000814,true,http://purl.obolibrary.org/obo/CL_0000988,hematopoietic cell,http://purl.obolibrary.org/obo/CL_0000084,T cell
sc_transcriptomics,deepcelltypes,mature NK T cell,http://purl.obolibrary.org/obo/CL_0000814,true,http://purl.obolibrary.org/obo/CL_0000988,hematopoietic cell,http://purl.obolibrary.org/obo/CL_0000084,T cell
sc_proteomics,vccf,mature NK T cell,http://purl.obolibrary.org/obo/CL_0000814,true,http://purl.obolibrary.org/obo/CL_0000988,hematopoietic cell,http://purl.obolibrary.org/obo/CL_0000084,T cell
sc_transcriptomics,azimuth,regulatory T cell,http://purl.obolibrary.org/obo/CL_0000815,true,http://purl.obolibrary.org/obo/CL_0000988,hematopoietic cell,http://purl.obolibrary.org/obo/CL_0000084,T cell
sc_transcriptomics,popv,regulatory T cell,http://purl.obolibrary.org/obo/CL_0000815,true,http://purl.obolibrary.org/obo/CL_0000988,hematopoietic cell,http://purl.obolibrary.org/obo/CL_0000084,T cell
sc_transcriptomics,celltypist,regulatory T cell,http://purl.obolibrary.org/obo/CL_0000815,true,http://purl.obolibrary.org/obo/CL_0000988,hematopoietic cell,http://purl.obolibrary.org/obo/CL_0000084,T cell
sc_transcriptomics,deepcelltypes-hubmap,regulatory T cell,http://purl.obolibrary.org/obo/CL_0000815,true,http://purl.obolibrary.org/obo/CL_0000988,hematopoietic cell,http://purl.obolibrary.org/obo/CL_0000084,T cell
sc_transcriptomics,deepcelltypes,regulatory T cell,http://purl.obolibrary.org/obo/CL_0000815,true,http://purl.obolibrary.org/obo/CL_0000988,hematopoietic cell,http://purl.obolibrary.org/obo/CL_0000084,T cell
sc_transcriptomics,ribca,regulatory T cell,http://purl.obolibrary.org/obo/CL_0000815,true,http://purl.obolibrary.org/obo/CL_0000988,hematopoietic cell,http://purl.obolibrary.org/obo/CL_0000084,T cell
sc_proteomics,vccf,regulatory T cell,http://purl.obolibrary.org/obo/CL_0000815,true,http://purl.obolibrary.org/obo/CL_0000988,hematopoietic cell,http://purl.obolibrary.org/obo/CL_0000084,T cell
sc_transcriptomics,celltypist,immature B cell,http://purl.obolibrary.org/obo/CL_0000816,true,http://purl.obolibrary.org/obo/CL_0000988,hematopoietic cell,http://purl.obolibrary.org/obo/CL_0000236,B cell
sc_proteomics,vccf,immature B cell,http://purl.obolibrary.org/obo/CL_0000816,true,http://purl.obolibrary.org/obo/CL_0000988,hematopoietic cell,http://purl.obolibrary.org/obo/CL_0000236,B cell
sc_transcriptomics,azimuth,precursor B cell,http://purl.obolibrary.org/obo/CL_0000817,true,http://purl.obolibrary.org/obo/CL_0000988,hematopoietic cell,http://purl.obolibrary.org/obo/CL_0000236,B cell
sc_transcriptomics,celltypist,precursor B cell,http://purl.obolibrary.org/obo/CL_0000817,true,http://purl.obolibrary.org/obo/CL_0000988,hematopoietic cell,http://purl.obolibrary.org/obo/CL_0000236,B cell
sc_transcriptomics,pan-human-azimuth,precursor B cell,http://purl.obolibrary.org/obo/CL_0000817,true,http://purl.obolibrary.org/obo/CL_0000988,hematopoietic cell,http://purl.obolibrary.org/obo/CL_0000236,B cell
sc_transcriptomics,azimuth,transitional stage B cell,http://purl.obolibrary.org/obo/CL_0000818,true,http://purl.obolibrary.org/obo/CL_0000988,hematopoietic cell,http://purl.obolibrary.org/obo/CL_0000236,B cell
sc_transcriptomics,azimuth,pro-B cell,http://purl.obolibrary.org/obo/CL_0000826,true,http://purl.obolibrary.org/obo/CL_0000988,hematopoietic cell,,
sc_transcriptomics,celltypist,pro-B cell,http://purl.obolibrary.org/obo/CL_0000826,true,http://purl.obolibrary.org/obo/CL_0000988,hematopoietic cell,,
sc_transcriptomics,pan-human-azimuth,pro-B cell,http://purl.obolibrary.org/obo/CL_0000826,true,http://purl.obolibrary.org/obo/CL_0000988,hematopoietic cell,,
sc_transcriptomics,pan-human-azimuth,neutrophil progenitor cell,http://purl.obolibrary.org/obo/CL_0000834,true,http://purl.obolibrary.org/obo/CL_0000988,hematopoietic cell,,
sc_transcriptomics,celltypist,neutrophil progenitor cell,http://purl.obolibrary.org/obo/CL_0000834,true,http://purl.obolibrary.org/obo/CL_0000988,hematopoietic cell,,
sc_transcriptomics,celltypist,promyelocyte,http://purl.obolibrary.org/obo/CL_0000836,true,http://purl.obolibrary.org/obo/CL_0000988,hematopoietic cell,,
sc_transcriptomics,celltypist,hematopoietic multipotent progenitor cell,http://purl.obolibrary.org/obo/CL_0000837,true,http://purl.obolibrary.org/obo/CL_0000988,hematopoietic cell,,
sc_transcriptomics,pan-human-azimuth,hematopoietic multipotent progenitor cell,http://purl.obolibrary.org/obo/CL_0000837,true,http://purl.obolibrary.org/obo/CL_0000988,hematopoietic cell,,
sc_proteomics,vccf,hematopoietic multipotent progenitor cell,http://purl.obolibrary.org/obo/CL_0000837,true,http://purl.obolibrary.org/obo/CL_0000988,hematopoietic cell,,
sc_transcriptomics,celltypist,myeloid lineage restricted progenitor cell,http://purl.obolibrary.org/obo/CL_0000839,true,http://purl.obolibrary.org/obo/CL_0000988,hematopoietic cell,,
sc_proteomics,vccf,myeloid lineage restricted progenitor cell,http://purl.obolibrary.org/obo/CL_0000839,true,http://purl.obolibrary.org/obo/CL_0000988,hematopoietic cell,,
sc_transcriptomics,popv,mature conventional dendritic cell,http://purl.obolibrary.org/obo/CL_0000841,true,http://purl.obolibrary.org/obo/CL_0000988,hematopoietic cell,http://purl.obolibrary.org/obo/CL_0000451,dendritic cell
sc_transcriptomics,celltypist,follicular B cell,http://purl.obolibrary.org/obo/CL_0000843,true,http://purl.obolibrary.org/obo/CL_0000988,hematopoietic cell,http://purl.obolibrary.org/obo/CL_0000236,B cell
sc_proteomics,vccf,follicular B cell,http://purl.obolibrary.org/obo/CL_0000843,true,http://purl.obolibrary.org/obo/CL_0000988,hematopoietic cell,http://purl.obolibrary.org/obo/CL_0000236,B cell
sc_transcriptomics,azimuth,germinal center B cell,http://purl.obolibrary.org/obo/CL_0000844,true,http://purl.obolibrary.org/obo/CL_0000988,hematopoietic cell,http://purl.obolibrary.org/obo/CL_0000236,B cell
sc_transcriptomics,celltypist,germinal center B cell,http://purl.obolibrary.org/obo/CL_0000844,true,http://purl.obolibrary.org/obo/CL_0000988,hematopoietic cell,http://purl.obolibrary.org/obo/CL_0000236,B cell
sc_transcriptomics,pan-human-azimuth,germinal center B cell,http://purl.obolibrary.org/obo/CL_0000844,true,http://purl.obolibrary.org/obo/CL_0000988,hematopoietic cell,http://purl.obolibrary.org/obo/CL_0000236,B cell
sc_proteomics,vccf,germinal center B cell,http://purl.obolibrary.org/obo/CL_0000844,true,http://purl.obolibrary.org/obo/CL_0000988,hematopoietic cell,http://purl.obolibrary.org/obo/CL_0000236,B cell
sc_transcriptomics,popv,classical monocyte,http://purl.obolibrary.org/obo/CL_0000860,true,http://purl.obolibrary.org/obo/CL_0000988,hematopoietic cell,http://purl.obolibrary.org/obo/CL_0000576,monocyte
sc_transcriptomics,azimuth,classical monocyte,http://purl.obolibrary.org/obo/CL_0000860,true,http://purl.obolibrary.org/obo/CL_0000988,hematopoietic cell,http://purl.obolibrary.org/obo/CL_0000576,monocyte
sc_transcriptomics,celltypist,classical monocyte,http://purl.obolibrary.org/obo/CL_0000860,true,http://purl.obolibrary.org/obo/CL_0000988,hematopoietic cell,http://purl.obolibrary.org/obo/CL_0000576,monocyte
sc_transcriptomics,frmatch,classical monocyte,http://purl.obolibrary.org/obo/CL_0000860,true,http://purl.obolibrary.org/obo/CL_0000988,hematopoietic cell,http://purl.obolibrary.org/obo/CL_0000576,monocyte
sc_transcriptomics,frmatch,elicited macrophage,http://purl.obolibrary.org/obo/CL_0000861,true,http://purl.obolibrary.org/obo/CL_0000988,hematopoietic cell,http://purl.obolibrary.org/obo/CL_0000235,macrophage
sc_transcriptomics,azimuth,inflammatory macrophage,http://purl.obolibrary.org/obo/CL_0000863,true,http://purl.obolibrary.org/obo/CL_0000988,hematopoietic cell,http://purl.obolibrary.org/obo/CL_0000235,macrophage
sc_transcriptomics,celltypist,inflammatory macrophage,http://purl.obolibrary.org/obo/CL_0000863,true,http://purl.obolibrary.org/obo/CL_0000988,hematopoietic cell,http://purl.obolibrary.org/obo/CL_0000235,macrophage
sc_transcriptomics,deepcelltypes-hubmap,inflammatory macrophage,http://purl.obolibrary.org/obo/CL_0000863,true,http://purl.obolibrary.org/obo/CL_0000988,hematopoietic cell,http://purl.obolibrary.org/obo/CL_0000235,macrophage
sc_transcriptomics,stellar,inflammatory macrophage,http://purl.obolibrary.org/obo/CL_0000863,true,http://purl.obolibrary.org/obo/CL_0000988,hematopoietic cell,http://purl.obolibrary.org/obo/CL_0000235,macrophage
sc_transcriptomics,ribca,inflammatory macrophage,http://purl.obolibrary.org/obo/CL_0000863,true,http://purl.obolibrary.org/obo/CL_0000988,hematopoietic cell,http://purl.obolibrary.org/obo/CL_0000235,macrophage
sc_proteomics,vccf,inflammatory macrophage,http://purl.obolibrary.org/obo/CL_0000863,true,http://purl.obolibrary.org/obo/CL_0000988,hematopoietic cell,http://purl.obolibrary.org/obo/CL_0000235,macrophage
sc_transcriptomics,pan-human-azimuth,inflammatory macrophage,http://purl.obolibrary.org/obo/CL_0000863,true,http://purl.obolibrary.org/obo/CL_0000988,hematopoietic cell,http://purl.obolibrary.org/obo/CL_0000235,macrophage
sc_transcriptomics,stellar,tissue-resident macrophage,http://purl.obolibrary.org/obo/CL_0000864,true,http://purl.obolibrary.org/obo/CL_0000988,hematopoietic cell,http://purl.obolibrary.org/obo/CL_0000235,macrophage
sc_transcriptomics,pan-human-azimuth,tissue-resident macrophage,http://purl.obolibrary.org/obo/CL_0000864,true,http://purl.obolibrary.org/obo/CL_0000988,hematopoietic cell,http://purl.obolibrary.org/obo/CL_0000235,macrophage
sc_transcriptomics,celltypist,gastrointestinal tract (lamina propria) macrophage,http://purl.obolibrary.org/obo/CL_0000865,true,http://purl.obolibrary.org/obo/CL_0000988,hematopoietic cell,http://purl.obolibrary.org/obo/CL_0000235,macrophage
sc_transcriptomics,azimuth,non-classical monocyte,http://purl.obolibrary.org/obo/CL_0000875,true,http://purl.obolibrary.org/obo/CL_0000988,hematopoietic cell,http://purl.obolibrary.org/obo/CL_0000576,monocyte
sc_transcriptomics,popv,non-classical monocyte,http://purl.obolibrary.org/obo/CL_0000875,true,http://purl.obolibrary.org/obo/CL_0000988,hematopoietic cell,http://purl.obolibrary.org/obo/CL_0000576,monocyte
sc_transcriptomics,celltypist,non-classical monocyte,http://purl.obolibrary.org/obo/CL_0000875,true,http://purl.obolibrary.org/obo/CL_0000988,hematopoietic cell,http://purl.obolibrary.org/obo/CL_0000576,monocyte
sc_proteomics,vccf,non-classical monocyte,http://purl.obolibrary.org/obo/CL_0000875,true,http://purl.obolibrary.org/obo/CL_0000988,hematopoietic cell,http://purl.obolibrary.org/obo/CL_0000576,monocyte
sc_transcriptomics,frmatch,non-classical monocyte,http://purl.obolibrary.org/obo/CL_0000875,true,http://purl.obolibrary.org/obo/CL_0000988,hematopoietic cell,http://purl.obolibrary.org/obo/CL_0000576,monocyte
sc_transcriptomics,azimuth,central nervous system macrophage,http://purl.obolibrary.org/obo/CL_0000878,true,http://purl.obolibrary.org/obo/CL_0000988,hematopoietic cell,http://purl.obolibrary.org/obo/CL_0000235,macrophage
sc_transcriptomics,azimuth,alternatively activated macrophage,http://purl.obolibrary.org/obo/CL_0000890,true,http://purl.obolibrary.org/obo/CL_0000988,hematopoietic cell,http://purl.obolibrary.org/obo/CL_0000235,macrophage
sc_transcriptomics,deepcelltypes-hubmap,alternatively activated macrophage,http://purl.obolibrary.org/obo/CL_0000890,true,http://purl.obolibrary.org/obo/CL_0000988,hematopoietic cell,http://purl.obolibrary.org/obo/CL_0000235,macrophage
sc_transcriptomics,ribca,alternatively activated macrophage,http://purl.obolibrary.org/obo/CL_0000890,true,http://purl.obolibrary.org/obo/CL_0000988,hematopoietic cell,http://purl.obolibrary.org/obo/CL_0000235,macrophage
sc_transcriptomics,celltypist,alternatively activated macrophage,http://purl.obolibrary.org/obo/CL_0000890,true,http://purl.obolibrary.org/obo/CL_0000988,hematopoietic cell,http://purl.obolibrary.org/obo/CL_0000235,macrophage
sc_transcriptomics,celltypist,thymocyte,http://purl.obolibrary.org/obo/CL_0000893,true,http://purl.obolibrary.org/obo/CL_0000988,hematopoietic cell,http://purl.obolibrary.org/obo/CL_0000084,T cell
sc_transcriptomics,popv,DN1 thymic pro-T cell,http://purl.obolibrary.org/obo/CL_0000894,true,http://purl.obolibrary.org/obo/CL_0000988,hematopoietic cell,,
sc_transcriptomics,azimuth,"naive thymus-derived CD4-positive, alpha-beta T cell",http://purl.obolibrary.org/obo/CL_0000895,true,http://purl.obolibrary.org/obo/CL_0000988,hematopoietic cell,http://purl.obolibrary.org/obo/CL_0000084,T cell
sc_transcriptomics,pan-human-azimuth,"naive thymus-derived CD4-positive, alpha-beta T cell",http://purl.obolibrary.org/obo/CL_0000895,true,http://purl.obolibrary.org/obo/CL_0000988,hematopoietic cell,http://purl.obolibrary.org/obo/CL_0000084,T cell
sc_transcriptomics,popv,"naive thymus-derived CD4-positive, alpha-beta T cell",http://purl.obolibrary.org/obo/CL_0000895,true,http://purl.obolibrary.org/obo/CL_0000988,hematopoietic cell,http://purl.obolibrary.org/obo/CL_0000084,T cell
sc_proteomics,vccf,"naive thymus-derived CD4-positive, alpha-beta T cell",http://purl.obolibrary.org/obo/CL_0000895,true,http://purl.obolibrary.org/obo/CL_0000988,hematopoietic cell,http://purl.obolibrary.org/obo/CL_0000084,T cell
sc_transcriptomics,celltypist,"naive thymus-derived CD4-positive, alpha-beta T cell",http://purl.obolibrary.org/obo/CL_0000895,true,http://purl.obolibrary.org/obo/CL_0000988,hematopoietic cell,http://purl.obolibrary.org/obo/CL_0000084,T cell
sc_transcriptomics,celltypist,"activated CD4-positive, alpha-beta T cell",http://purl.obolibrary.org/obo/CL_0000896,true,http://purl.obolibrary.org/obo/CL_0000988,hematopoietic cell,http://purl.obolibrary.org/obo/CL_0000084,T cell
sc_transcriptomics,azimuth,"CD4-positive, alpha-beta memory T cell",http://purl.obolibrary.org/obo/CL_0000897,true,http://purl.obolibrary.org/obo/CL_0000988,hematopoietic cell,http://purl.obolibrary.org/obo/CL_0000084,T cell
sc_transcriptomics,popv,"CD4-positive, alpha-beta memory T cell",http://purl.obolibrary.org/obo/CL_0000897,true,http://purl.obolibrary.org/obo/CL_0000988,hematopoietic cell,http://purl.obolibrary.org/obo/CL_0000084,T cell
sc_transcriptomics,pan-human-azimuth,"CD4-positive, alpha-beta memory T cell",http://purl.obolibrary.org/obo/CL_0000897,true,http://purl.obolibrary.org/obo/CL_0000988,hematopoietic cell,http://purl.obolibrary.org/obo/CL_0000084,T cell
sc_proteomics,vccf,"CD4-positive, alpha-beta memory T cell",http://purl.obolibrary.org/obo/CL_0000897,true,http://purl.obolibrary.org/obo/CL_0000988,hematopoietic cell,http://purl.obolibrary.org/obo/CL_0000084,T cell
sc_transcriptomics,pan-human-azimuth,naive T cell,http://purl.obolibrary.org/obo/CL_0000898,true,http://purl.obolibrary.org/obo/CL_0000988,hematopoietic cell,http://purl.obolibrary.org/obo/CL_0000084,T cell
sc_transcriptomics,azimuth,naive T cell,http://purl.obolibrary.org/obo/CL_0000898,true,http://purl.obolibrary.org/obo/CL_0000988,hematopoietic cell,http://purl.obolibrary.org/obo/CL_0000084,T cell
sc_proteomics,vccf,naive T cell,http://purl.obolibrary.org/obo/CL_0000898,true,http://purl.obolibrary.org/obo/CL_0000988,hematopoietic cell,http://purl.obolibrary.org/obo/CL_0000084,T cell
sc_transcriptomics,celltypist,T-helper 17 cell,http://purl.obolibrary.org/obo/CL_0000899,true,http://purl.obolibrary.org/obo/CL_0000988,hematopoietic cell,http://purl.obolibrary.org/obo/CL_0000084,T cell
sc_transcriptomics,azimuth,"naive thymus-derived CD8-positive, alpha-beta T cell",http://purl.obolibrary.org/obo/CL_0000900,true,http://purl.obolibrary.org/obo/CL_0000988,hematopoietic cell,http://purl.obolibrary.org/obo/CL_0000084,T cell
sc_transcriptomics,pan-human-azimuth,"naive thymus-derived CD8-positive, alpha-beta T cell",http://purl.obolibrary.org/obo/CL_0000900,true,http://purl.obolibrary.org/obo/CL_0000988,hematopoietic cell,http://purl.obolibrary.org/obo/CL_0000084,T cell
sc_transcriptomics,popv,"naive thymus-derived CD8-positive, alpha-beta T cell",http://purl.obolibrary.org/obo/CL_0000900,true,http://purl.obolibrary.org/obo/CL_0000988,hematopoietic cell,http://purl.obolibrary.org/obo/CL_0000084,T cell
sc_transcriptomics,azimuth,"central memory CD4-positive, alpha-beta T cell",http://purl.obolibrary.org/obo/CL_0000904,true,http://purl.obolibrary.org/obo/CL_0000988,hematopoietic cell,http://purl.obolibrary.org/obo/CL_0000084,T cell
sc_transcriptomics,celltypist,"central memory CD4-positive, alpha-beta T cell",http://purl.obolibrary.org/obo/CL_0000904,true,http://purl.obolibrary.org/obo/CL_0000988,hematopoietic cell,http://purl.obolibrary.org/obo/CL_0000084,T cell
sc_transcriptomics,azimuth,"effector memory CD4-positive, alpha-beta T cell",http://purl.obolibrary.org/obo/CL_0000905,true,http://purl.obolibrary.org/obo/CL_0000988,hematopoietic cell,http://purl.obolibrary.org/obo/CL_0000084,T cell
sc_transcriptomics,celltypist,"effector memory CD4-positive, alpha-beta T cell",http://purl.obolibrary.org/obo/CL_0000905,true,http://purl.obolibrary.org/obo/CL_0000988,hematopoietic cell,http://purl.obolibrary.org/obo/CL_0000084,T cell
sc_transcriptomics,celltypist,"activated CD8-positive, alpha-beta T cell",http://purl.obolibrary.org/obo/CL_0000906,true,http://purl.obolibrary.org/obo/CL_0000988,hematopoietic cell,http://purl.obolibrary.org/obo/CL_0000084,T cell
sc_transcriptomics,azimuth,"central memory CD8-positive, alpha-beta T cell",http://purl.obolibrary.org/obo/CL_0000907,true,http://purl.obolibrary.org/obo/CL_0000988,hematopoietic cell,http://purl.obolibrary.org/obo/CL_0000084,T cell
sc_transcriptomics,celltypist,"central memory CD8-positive, alpha-beta T cell",http://purl.obolibrary.org/obo/CL_0000907,true,http://purl.obolibrary.org/obo/CL_0000988,hematopoietic cell,http://purl.obolibrary.org/obo/CL_0000084,T cell
sc_transcriptomics,popv,"CD8-positive, alpha-beta cytokine secreting effector T cell",http://purl.obolibrary.org/obo/CL_0000908,true,http://purl.obolibrary.org/obo/CL_0000988,hematopoietic cell,http://purl.obolibrary.org/obo/CL_0000084,T cell
sc_transcriptomics,azimuth,"CD8-positive, alpha-beta memory T cell",http://purl.obolibrary.org/obo/CL_0000909,true,http://purl.obolibrary.org/obo/CL_0000988,hematopoietic cell,http://purl.obolibrary.org/obo/CL_0000084,T cell
sc_transcriptomics,celltypist,"CD8-positive, alpha-beta memory T cell",http://purl.obolibrary.org/obo/CL_0000909,true,http://purl.obolibrary.org/obo/CL_0000988,hematopoietic cell,http://purl.obolibrary.org/obo/CL_0000084,T cell
sc_transcriptomics,popv,"CD8-positive, alpha-beta memory T cell",http://purl.obolibrary.org/obo/CL_0000909,true,http://purl.obolibrary.org/obo/CL_0000988,hematopoietic cell,http://purl.obolibrary.org/obo/CL_0000084,T cell
sc_transcriptomics,pan-human-azimuth,"CD8-positive, alpha-beta memory T cell",http://purl.obolibrary.org/obo/CL_0000909,true,http://purl.obolibrary.org/obo/CL_0000988,hematopoietic cell,http://purl.obolibrary.org/obo/CL_0000084,T cell
sc_proteomics,vccf,"CD8-positive, alpha-beta memory T cell",http://purl.obolibrary.org/obo/CL_0000909,true,http://purl.obolibrary.org/obo/CL_0000988,hematopoietic cell,http://purl.obolibrary.org/obo/CL_0000084,T cell
sc_transcriptomics,celltypist,cytotoxic T cell,http://purl.obolibrary.org/obo/CL_0000910,true,http://purl.obolibrary.org/obo/CL_0000988,hematopoietic cell,http://purl.obolibrary.org/obo/CL_0000084,T cell
sc_transcriptomics,azimuth,helper T cell,http://purl.obolibrary.org/obo/CL_0000912,true,http://purl.obolibrary.org/obo/CL_0000988,hematopoietic cell,http://purl.obolibrary.org/obo/CL_0000084,T cell
sc_transcriptomics,celltypist,helper T cell,http://purl.obolibrary.org/obo/CL_0000912,true,http://purl.obolibrary.org/obo/CL_0000988,hematopoietic cell,http://purl.obolibrary.org/obo/CL_0000084,T cell
sc_transcriptomics,azimuth,"effector memory CD8-positive, alpha-beta T cell",http://purl.obolibrary.org/obo/CL_0000913,true,http://purl.obolibrary.org/obo/CL_0000988,hematopoietic cell,http://purl.obolibrary.org/obo/CL_0000084,T cell
sc_transcriptomics,celltypist,"effector memory CD8-positive, alpha-beta T cell",http://purl.obolibrary.org/obo/CL_0000913,true,http://purl.obolibrary.org/obo/CL_0000988,hematopoietic cell,http://purl.obolibrary.org/obo/CL_0000084,T cell
sc_proteomics,vccf,"effector memory CD8-positive, alpha-beta T cell",http://purl.obolibrary.org/obo/CL_0000913,true,http://purl.obolibrary.org/obo/CL_0000988,hematopoietic cell,http://purl.obolibrary.org/obo/CL_0000084,T cell
sc_transcriptomics,popv,type I NK T cell,http://purl.obolibrary.org/obo/CL_0000921,true,http://purl.obolibrary.org/obo/CL_0000988,hematopoietic cell,http://purl.obolibrary.org/obo/CL_0000084,T cell
sc_transcriptomics,azimuth,"CD4-positive, alpha-beta cytotoxic T cell",http://purl.obolibrary.org/obo/CL_0000934,true,http://purl.obolibrary.org/obo/CL_0000988,hematopoietic cell,http://purl.obolibrary.org/obo/CL_0000084,T cell
sc_transcriptomics,pan-human-azimuth,"CD4-positive, alpha-beta cytotoxic T cell",http://purl.obolibrary.org/obo/CL_0000934,true,http://purl.obolibrary.org/obo/CL_0000988,hematopoietic cell,http://purl.obolibrary.org/obo/CL_0000084,T cell
sc_transcriptomics,azimuth,"CD4-negative, CD8-negative, alpha-beta intraepithelial T cell",http://purl.obolibrary.org/obo/CL_0000935,true,http://purl.obolibrary.org/obo/CL_0000988,hematopoietic cell,http://purl.obolibrary.org/obo/CL_0000084,T cell
sc_transcriptomics,azimuth,early lymphoid progenitor,http://purl.obolibrary.org/obo/CL_0000936,true,http://purl.obolibrary.org/obo/CL_0000988,hematopoietic cell,,
sc_transcriptomics,pan-human-azimuth,early lymphoid progenitor,http://purl.obolibrary.org/obo/CL_0000936,true,http://purl.obolibrary.org/obo/CL_0000988,hematopoietic cell,,
sc_transcriptomics,celltypist,early lymphoid progenitor,http://purl.obolibrary.org/obo/CL_0000936,true,http://purl.obolibrary.org/obo/CL_0000988,hematopoietic cell,,
sc_transcriptomics,azimuth,"CD16-negative, CD56-bright natural killer cell, human",http://purl.obolibrary.org/obo/CL_0000938,true,http://purl.obolibrary.org/obo/CL_0000988,hematopoietic cell,,
sc_transcriptomics,celltypist,"CD16-negative, CD56-bright natural killer cell, human",http://purl.obolibrary.org/obo/CL_0000938,true,http://purl.obolibrary.org/obo/CL_0000988,hematopoietic cell,,
sc_transcriptomics,pan-human-azimuth,"CD16-negative, CD56-bright natural killer cell, human",http://purl.obolibrary.org/obo/CL_0000938,true,http://purl.obolibrary.org/obo/CL_0000988,hematopoietic cell,,
sc_transcriptomics,azimuth,"CD16-positive, CD56-dim natural killer cell, human",http://purl.obolibrary.org/obo/CL_0000939,true,http://purl.obolibrary.org/obo/CL_0000988,hematopoietic cell,,
sc_transcriptomics,celltypist,"CD16-positive, CD56-dim natural killer cell, human",http://purl.obolibrary.org/obo/CL_0000939,true,http://purl.obolibrary.org/obo/CL_0000988,hematopoietic cell,,
sc_transcriptomics,pan-human-azimuth,"CD16-positive, CD56-dim natural killer cell, human",http://purl.obolibrary.org/obo/CL_0000939,true,http://purl.obolibrary.org/obo/CL_0000988,hematopoietic cell,,
sc_transcriptomics,azimuth,mucosal invariant T cell,http://purl.obolibrary.org/obo/CL_0000940,true,http://purl.obolibrary.org/obo/CL_0000988,hematopoietic cell,http://purl.obolibrary.org/obo/CL_0000084,T cell
sc_transcriptomics,pan-human-azimuth,mucosal invariant T cell,http://purl.obolibrary.org/obo/CL_0000940,true,http://purl.obolibrary.org/obo/CL_0000988,hematopoietic cell,http://purl.obolibrary.org/obo/CL_0000084,T cell
sc_transcriptomics,celltypist,mucosal invariant T cell,http://purl.obolibrary.org/obo/CL_0000940,true,http://purl.obolibrary.org/obo/CL_0000988,hematopoietic cell,http://purl.obolibrary.org/obo/CL_0000084,T cell
sc_transcriptomics,azimuth,lymphocyte of B lineage,http://purl.obolibrary.org/obo/CL_0000945,true,http://purl.obolibrary.org/obo/CL_0000988,hematopoietic cell,,
sc_transcriptomics,azimuth,antibody secreting cell,http://purl.obolibrary.org/obo/CL_0000946,true,http://purl.obolibrary.org/obo/CL_0000988,hematopoietic cell,,
sc_transcriptomics,celltypist,small pre-B-II cell,http://purl.obolibrary.org/obo/CL_0000954,true,http://purl.obolibrary.org/obo/CL_0000988,hematopoietic cell,http://purl.obolibrary.org/obo/CL_0000236,B cell
sc_transcriptomics,azimuth,unswitched memory B cell,http://purl.obolibrary.org/obo/CL_0000970,true,http://purl.obolibrary.org/obo/CL_0000988,hematopoietic cell,http://purl.obolibrary.org/obo/CL_0000236,B cell
sc_transcriptomics,celltypist,unswitched memory B cell,http://purl.obolibrary.org/obo/CL_0000970,true,http://purl.obolibrary.org/obo/CL_0000988,hematopoietic cell,http://purl.obolibrary.org/obo/CL_0000236,B cell
sc_transcriptomics,azimuth,class switched memory B cell,http://purl.obolibrary.org/obo/CL_0000972,true,http://purl.obolibrary.org/obo/CL_0000988,hematopoietic cell,http://purl.obolibrary.org/obo/CL_0000236,B cell
sc_transcriptomics,celltypist,class switched memory B cell,http://purl.obolibrary.org/obo/CL_0000972,true,http://purl.obolibrary.org/obo/CL_0000988,hematopoietic cell,http://purl.obolibrary.org/obo/CL_0000236,B cell
sc_transcriptomics,azimuth,IgM short lived plasma cell,http://purl.obolibrary.org/obo/CL_0000978,true,http://purl.obolibrary.org/obo/CL_0000988,hematopoietic cell,,
sc_transcriptomics,azimuth,plasmablast,http://purl.obolibrary.org/obo/CL_0000980,true,http://purl.obolibrary.org/obo/CL_0000988,hematopoietic cell,http://purl.obolibrary.org/obo/CL_0000236,B cell
sc_transcriptomics,celltypist,plasmablast,http://purl.obolibrary.org/obo/CL_0000980,true,http://purl.obolibrary.org/obo/CL_0000988,hematopoietic cell,http://purl.obolibrary.org/obo/CL_0000236,B cell
sc_transcriptomics,pan-human-azimuth,plasmablast,http://purl.obolibrary.org/obo/CL_0000980,true,http://purl.obolibrary.org/obo/CL_0000988,hematopoietic cell,http://purl.obolibrary.org/obo/CL_0000236,B cell
sc_transcriptomics,azimuth,IgG plasma cell,http://purl.obolibrary.org/obo/CL_0000985,true,http://purl.obolibrary.org/obo/CL_0000988,hematopoietic cell,,
sc_transcriptomics,celltypist,IgG plasma cell,http://purl.obolibrary.org/obo/CL_0000985,true,http://purl.obolibrary.org/obo/CL_0000988,hematopoietic cell,,
sc_transcriptomics,azimuth,IgM plasma cell,http://purl.obolibrary.org/obo/CL_0000986,true,http://purl.obolibrary.org/obo/CL_0000988,hematopoietic cell,,
sc_transcriptomics,celltypist,IgM plasma cell,http://purl.obolibrary.org/obo/CL_0000986,true,http://purl.obolibrary.org/obo/CL_0000988,hematopoietic cell,,
sc_transcriptomics,azimuth,IgA plasma cell,http://purl.obolibrary.org/obo/CL_0000987,true,http://purl.obolibrary.org/obo/CL_0000988,hematopoietic cell,,
sc_transcriptomics,celltypist,IgA plasma cell,http://purl.obolibrary.org/obo/CL_0000987,true,http://purl.obolibrary.org/obo/CL_0000988,hematopoietic cell,,
sc_transcriptomics,azimuth,conventional dendritic cell,http://purl.obolibrary.org/obo/CL_0000990,true,http://purl.obolibrary.org/obo/CL_0000988,hematopoietic cell,http://purl.obolibrary.org/obo/CL_0000451,dendritic cell
sc_transcriptomics,pan-human-azimuth,conventional dendritic cell,http://purl.obolibrary.org/obo/CL_0000990,true,http://purl.obolibrary.org/obo/CL_0000988,hematopoietic cell,http://purl.obolibrary.org/obo/CL_0000451,dendritic cell
sc_transcriptomics,popv,conventional dendritic cell,http://purl.obolibrary.org/obo/CL_0000990,true,http://purl.obolibrary.org/obo/CL_0000988,hematopoietic cell,http://purl.obolibrary.org/obo/CL_0000451,dendritic cell
sc_transcriptomics,frmatch,conventional dendritic cell,http://purl.obolibrary.org/obo/CL_0000990,true,http://purl.obolibrary.org/obo/CL_0000988,hematopoietic cell,http://purl.obolibrary.org/obo/CL_0000451,dendritic cell
sc_transcriptomics,stellar,CD7-positive lymphoid progenitor cell,http://purl.obolibrary.org/obo/CL_0001028,true,http://purl.obolibrary.org/obo/CL_0000988,hematopoietic cell,,
sc_proteomics,vccf,CD7-positive lymphoid progenitor cell,http://purl.obolibrary.org/obo/CL_0001028,true,http://purl.obolibrary.org/obo/CL_0000988,hematopoietic cell,,
sc_transcriptomics,celltypist,common dendritic progenitor,http://purl.obolibrary.org/obo/CL_0001029,true,http://purl.obolibrary.org/obo/CL_0000988,hematopoietic cell,,
sc_transcriptomics,celltypist,hippocampal granule cell,http://purl.obolibrary.org/obo/CL_0001033,true,http://purl.obolibrary.org/obo/CL_0002319,neural cell,http://purl.obolibrary.org/obo/CL_0000540,neuron
sc_proteomics,vccf,bone cell,http://purl.obolibrary.org/obo/CL_0001035,true,http://purl.obolibrary.org/obo/CL_0001035,bone cell,,
sc_transcriptomics,celltypist,"activated CD4-positive, alpha-beta T cell, human",http://purl.obolibrary.org/obo/CL_0001043,true,http://purl.obolibrary.org/obo/CL_0000988,hematopoietic cell,http://purl.obolibrary.org/obo/CL_0000084,T cell
sc_transcriptomics,azimuth,"effector CD4-positive, alpha-beta T cell",http://purl.obolibrary.org/obo/CL_0001044,true,http://purl.obolibrary.org/obo/CL_0000988,hematopoietic cell,http://purl.obolibrary.org/obo/CL_0000084,T cell
sc_transcriptomics,popv,"effector CD4-positive, alpha-beta T cell",http://purl.obolibrary.org/obo/CL_0001044,true,http://purl.obolibrary.org/obo/CL_0000988,hematopoietic cell,http://purl.obolibrary.org/obo/CL_0000084,T cell
sc_proteomics,vccf,"effector CD4-positive, alpha-beta T cell",http://purl.obolibrary.org/obo/CL_0001044,true,http://purl.obolibrary.org/obo/CL_0000988,hematopoietic cell,http://purl.obolibrary.org/obo/CL_0000084,T cell
sc_transcriptomics,azimuth,"effector CD8-positive, alpha-beta T cell",http://purl.obolibrary.org/obo/CL_0001050,true,http://purl.obolibrary.org/obo/CL_0000988,hematopoietic cell,http://purl.obolibrary.org/obo/CL_0000084,T cell
sc_transcriptomics,popv,"effector CD8-positive, alpha-beta T cell",http://purl.obolibrary.org/obo/CL_0001050,true,http://purl.obolibrary.org/obo/CL_0000988,hematopoietic cell,http://purl.obolibrary.org/obo/CL_0000084,T cell
sc_transcriptomics,celltypist,"effector CD8-positive, alpha-beta T cell",http://purl.obolibrary.org/obo/CL_0001050,true,http://purl.obolibrary.org/obo/CL_0000988,hematopoietic cell,http://purl.obolibrary.org/obo/CL_0000084,T cell
sc_transcriptomics,azimuth,CD14-positive monocyte,http://purl.obolibrary.org/obo/CL_0001054,true,http://purl.obolibrary.org/obo/CL_0000988,hematopoietic cell,http://purl.obolibrary.org/obo/CL_0000576,monocyte
sc_transcriptomics,pan-human-azimuth,CD14-positive monocyte,http://purl.obolibrary.org/obo/CL_0001054,true,http://purl.obolibrary.org/obo/CL_0000988,hematopoietic cell,http://purl.obolibrary.org/obo/CL_0000576,monocyte
sc_transcriptomics,azimuth,"dendritic cell, human",http://purl.obolibrary.org/obo/CL_0001056,true,http://purl.obolibrary.org/obo/CL_0000988,hematopoietic cell,http://purl.obolibrary.org/obo/CL_0000451,dendritic cell
sc_transcriptomics,celltypist,"dendritic cell, human",http://purl.obolibrary.org/obo/CL_0001056,true,http://purl.obolibrary.org/obo/CL_0000988,hematopoietic cell,http://purl.obolibrary.org/obo/CL_0000451,dendritic cell
sc_transcriptomics,azimuth,"plasmacytoid dendritic cell, human",http://purl.obolibrary.org/obo/CL_0001058,true,http://purl.obolibrary.org/obo/CL_0000988,hematopoietic cell,http://purl.obolibrary.org/obo/CL_0000451,dendritic cell
sc_transcriptomics,celltypist,"plasmacytoid dendritic cell, human",http://purl.obolibrary.org/obo/CL_0001058,true,http://purl.obolibrary.org/obo/CL_0000988,hematopoietic cell,http://purl.obolibrary.org/obo/CL_0000451,dendritic cell
sc_transcriptomics,celltypist,"effector memory CD8-positive, alpha-beta T cell, terminally differentiated",http://purl.obolibrary.org/obo/CL_0001062,true,http://purl.obolibrary.org/obo/CL_0000988,hematopoietic cell,http://purl.obolibrary.org/obo/CL_0000084,T cell
sc_transcriptomics,celltypist,innate lymphoid cell,http://purl.obolibrary.org/obo/CL_0001065,true,http://purl.obolibrary.org/obo/CL_0000988,hematopoietic cell,,
sc_transcriptomics,popv,innate lymphoid cell,http://purl.obolibrary.org/obo/CL_0001065,true,http://purl.obolibrary.org/obo/CL_0000988,hematopoietic cell,,
sc_transcriptomics,azimuth,innate lymphoid cell,http://purl.obolibrary.org/obo/CL_0001065,true,http://purl.obolibrary.org/obo/CL_0000988,hematopoietic cell,,
sc_transcriptomics,pan-human-azimuth,innate lymphoid cell,http://purl.obolibrary.org/obo/CL_0001065,true,http://purl.obolibrary.org/obo/CL_0000988,hematopoietic cell,,
sc_proteomics,vccf,innate lymphoid cell,http://purl.obolibrary.org/obo/CL_0001065,true,http://purl.obolibrary.org/obo/CL_0000988,hematopoietic cell,,
sc_transcriptomics,celltypist,group 2 innate lymphoid cell,http://purl.obolibrary.org/obo/CL_0001069,true,http://purl.obolibrary.org/obo/CL_0000988,hematopoietic cell,,
sc_transcriptomics,celltypist,group 3 innate lymphoid cell,http://purl.obolibrary.org/obo/CL_0001071,true,http://purl.obolibrary.org/obo/CL_0000988,hematopoietic cell,,
sc_transcriptomics,celltypist,"group 3 innate lymphoid cell, human",http://purl.obolibrary.org/obo/CL_0001078,true,http://purl.obolibrary.org/obo/CL_0000988,hematopoietic cell,,
sc_transcriptomics,celltypist,"group 2 innate lymphoid cell, human",http://purl.obolibrary.org/obo/CL_0001081,true,http://purl.obolibrary.org/obo/CL_0000988,hematopoietic cell,,
sc_transcriptomics,celltypist,"effector memory CD4-positive, alpha-beta T cell, terminally differentiated",http://purl.obolibrary.org/obo/CL_0001087,true,http://purl.obolibrary.org/obo/CL_0000988,hematopoietic cell,http://purl.obolibrary.org/obo/CL_0000084,T cell
sc_transcriptomics,popv,"B cell, CD19-positive",http://purl.obolibrary.org/obo/CL_0001201,true,http://purl.obolibrary.org/obo/CL_0000988,hematopoietic cell,http://purl.obolibrary.org/obo/CL_0000236,B cell
sc_transcriptomics,pan-human-azimuth,pre-conventional dendritic cell,http://purl.obolibrary.org/obo/CL_0002010,true,http://purl.obolibrary.org/obo/CL_0000988,hematopoietic cell,,
sc_transcriptomics,pan-human-azimuth,hematopoietic lineage restricted progenitor cell,http://purl.obolibrary.org/obo/CL_0002031,true,http://purl.obolibrary.org/obo/CL_0000988,hematopoietic cell,,
sc_transcriptomics,celltypist,T follicular helper cell,http://purl.obolibrary.org/obo/CL_0002038,true,http://purl.obolibrary.org/obo/CL_0000988,hematopoietic cell,http://purl.obolibrary.org/obo/CL_0000084,T cell
sc_transcriptomics,azimuth,T follicular helper cell,http://purl.obolibrary.org/obo/CL_0002038,true,http://purl.obolibrary.org/obo/CL_0000988,hematopoietic cell,http://purl.obolibrary.org/obo/CL_0000084,T cell
sc_transcriptomics,pan-human-azimuth,T follicular helper cell,http://purl.obolibrary.org/obo/CL_0002038,true,http://purl.obolibrary.org/obo/CL_0000988,hematopoietic cell,http://purl.obolibrary.org/obo/CL_0000084,T cell
sc_transcriptomics,popv,T follicular helper cell,http://purl.obolibrary.org/obo/CL_0002038,true,http://purl.obolibrary.org/obo/CL_0000988,hematopoietic cell,http://purl.obolibrary.org/obo/CL_0000084,T cell
sc_proteomics,vccf,T follicular helper cell,http://purl.obolibrary.org/obo/CL_0002038,true,http://purl.obolibrary.org/obo/CL_0000988,hematopoietic cell,http://purl.obolibrary.org/obo/CL_0000084,T cell
sc_transcriptomics,pan-human-azimuth,fraction A pre-pro B cell,http://purl.obolibrary.org/obo/CL_0002045,true,http://purl.obolibrary.org/obo/CL_0000988,hematopoietic cell,,
sc_transcriptomics,celltypist,"CD14-positive, CD16-negative classical monocyte",http://purl.obolibrary.org/obo/CL_0002057,true,http://purl.obolibrary.org/obo/CL_0000988,hematopoietic cell,http://purl.obolibrary.org/obo/CL_0000576,monocyte
sc_transcriptomics,popv,pulmonary alveolar type 1 cell,http://purl.obolibrary.org/obo/CL_0002062,true,http://purl.obolibrary.org/obo/CL_0000066,epithelial cell,,
sc_transcriptomics,azimuth,pulmonary alveolar type 1 cell,http://purl.obolibrary.org/obo/CL_0002062,true,http://purl.obolibrary.org/obo/CL_0000066,epithelial cell,,
sc_transcriptomics,pan-human-azimuth,pulmonary alveolar type 1 cell,http://purl.obolibrary.org/obo/CL_0002062,true,http://purl.obolibrary.org/obo/CL_0000066,epithelial cell,,
sc_transcriptomics,celltypist,pulmonary alveolar type 1 cell,http://purl.obolibrary.org/obo/CL_0002062,true,http://purl.obolibrary.org/obo/CL_0000066,epithelial cell,,
sc_proteomics,vccf,pulmonary alveolar type 1 cell,http://purl.obolibrary.org/obo/CL_0002062,true,http://purl.obolibrary.org/obo/CL_0000066,epithelial cell,,
sc_transcriptomics,frmatch,pulmonary alveolar type 1 cell,http://purl.obolibrary.org/obo/CL_0002062,true,http://purl.obolibrary.org/obo/CL_0000066,epithelial cell,,
sc_transcriptomics,popv,pulmonary alveolar type 2 cell,http://purl.obolibrary.org/obo/CL_0002063,true,http://purl.obolibrary.org/obo/CL_0000066,epithelial cell,,
sc_transcriptomics,azimuth,pulmonary alveolar type 2 cell,http://purl.obolibrary.org/obo/CL_0002063,true,http://purl.obolibrary.org/obo/CL_0000066,epithelial cell,,
sc_transcriptomics,pan-human-azimuth,pulmonary alveolar type 2 cell,http://purl.obolibrary.org/obo/CL_0002063,true,http://purl.obolibrary.org/obo/CL_0000066,epithelial cell,,
sc_transcriptomics,celltypist,pulmonary alveolar type 2 cell,http://purl.obolibrary.org/obo/CL_0002063,true,http://purl.obolibrary.org/obo/CL_0000066,epithelial cell,,
sc_proteomics,vccf,pulmonary alveolar type 2 cell,http://purl.obolibrary.org/obo/CL_0002063,true,http://purl.obolibrary.org/obo/CL_0000066,epithelial cell,,
sc_transcriptomics,frmatch,pulmonary alveolar type 2 cell,http://purl.obolibrary.org/obo/CL_0002063,true,http://purl.obolibrary.org/obo/CL_0000066,epithelial cell,,
sc_transcriptomics,popv,pancreatic acinar cell,http://purl.obolibrary.org/obo/CL_0002064,true,http://purl.obolibrary.org/obo/CL_0000152,exocrine cell,,
sc_transcriptomics,azimuth,pancreatic acinar cell,http://purl.obolibrary.org/obo/CL_0002064,true,http://purl.obolibrary.org/obo/CL_0000152,exocrine cell,,
sc_transcriptomics,pan-human-azimuth,pancreatic acinar cell,http://purl.obolibrary.org/obo/CL_0002064,true,http://purl.obolibrary.org/obo/CL_0000152,exocrine cell,,
sc_transcriptomics,celltypist,pancreatic acinar cell,http://purl.obolibrary.org/obo/CL_0002064,true,http://purl.obolibrary.org/obo/CL_0000152,exocrine cell,,
sc_transcriptomics,celltypist,Purkinje myocyte,http://purl.obolibrary.org/obo/CL_0002068,true,http://purl.obolibrary.org/obo/CL_0000187,muscle cell,,
sc_transcriptomics,popv,enterocyte of epithelium of large intestine,http://purl.obolibrary.org/obo/CL_0002071,true,http://purl.obolibrary.org/obo/CL_0000066,epithelial cell,,
sc_transcriptomics,celltypist,enterocyte of epithelium of large intestine,http://purl.obolibrary.org/obo/CL_0002071,true,http://purl.obolibrary.org/obo/CL_0000066,epithelial cell,,
sc_transcriptomics,celltypist,nodal myocyte,http://purl.obolibrary.org/obo/CL_0002072,true,http://purl.obolibrary.org/obo/CL_0000187,muscle cell,,
sc_transcriptomics,azimuth,brush cell of tracheobronchial tree,http://purl.obolibrary.org/obo/CL_0002075,true,http://purl.obolibrary.org/obo/CL_0000066,epithelial cell,,
sc_transcriptomics,celltypist,brush cell of tracheobronchial tree,http://purl.obolibrary.org/obo/CL_0002075,true,http://purl.obolibrary.org/obo/CL_0000066,epithelial cell,,
sc_transcriptomics,frmatch,brush cell of tracheobronchial tree,http://purl.obolibrary.org/obo/CL_0002075,true,http://purl.obolibrary.org/obo/CL_0000066,epithelial cell,,
sc_transcriptomics,popv,pancreatic ductal cell,http://purl.obolibrary.org/obo/CL_0002079,true,http://purl.obolibrary.org/obo/CL_0000066,epithelial cell,,
sc_transcriptomics,azimuth,pancreatic ductal cell,http://purl.obolibrary.org/obo/CL_0002079,true,http://purl.obolibrary.org/obo/CL_0000066,epithelial cell,,
sc_transcriptomics,pan-human-azimuth,pancreatic ductal cell,http://purl.obolibrary.org/obo/CL_0002079,true,http://purl.obolibrary.org/obo/CL_0000066,epithelial cell,,
sc_transcriptomics,celltypist,pancreatic ductal cell,http://purl.obolibrary.org/obo/CL_0002079,true,http://purl.obolibrary.org/obo/CL_0000066,epithelial cell,,
sc_transcriptomics,celltypist,interstitial cell of Cajal,http://purl.obolibrary.org/obo/CL_0002088,true,http://purl.obolibrary.org/obo/CL_0000066,epithelial cell,,
sc_transcriptomics,deepcelltypes-hubmap,interstitial cell of Cajal,http://purl.obolibrary.org/obo/CL_0002088,true,http://purl.obolibrary.org/obo/CL_0000066,epithelial cell,,
sc_transcriptomics,stellar,interstitial cell of Cajal,http://purl.obolibrary.org/obo/CL_0002088,true,http://purl.obolibrary.org/obo/CL_0000066,epithelial cell,,
sc_proteomics,vccf,interstitial cell of Cajal,http://purl.obolibrary.org/obo/CL_0002088,true,http://purl.obolibrary.org/obo/CL_0000066,epithelial cell,,
sc_transcriptomics,azimuth,regular atrial cardiac myocyte,http://purl.obolibrary.org/obo/CL_0002129,true,http://purl.obolibrary.org/obo/CL_0000187,muscle cell,,
sc_transcriptomics,celltypist,regular atrial cardiac myocyte,http://purl.obolibrary.org/obo/CL_0002129,true,http://purl.obolibrary.org/obo/CL_0000187,muscle cell,,
sc_transcriptomics,pan-human-azimuth,regular atrial cardiac myocyte,http://purl.obolibrary.org/obo/CL_0002129,true,http://purl.obolibrary.org/obo/CL_0000187,muscle cell,,
sc_transcriptomics,azimuth,regular ventricular cardiac myocyte,http://purl.obolibrary.org/obo/CL_0002131,true,http://purl.obolibrary.org/obo/CL_0000187,muscle cell,,
sc_transcriptomics,celltypist,regular ventricular cardiac myocyte,http://purl.obolibrary.org/obo/CL_0002131,true,http://purl.obolibrary.org/obo/CL_0000187,muscle cell,,
sc_transcriptomics,azimuth,endothelial cell of lymphatic vessel,http://purl.obolibrary.org/obo/CL_0002138,true,http://purl.obolibrary.org/obo/CL_0000115,endothelial cell,,
sc_transcriptomics,popv,endothelial cell of lymphatic vessel,http://purl.obolibrary.org/obo/CL_0002138,true,http://purl.obolibrary.org/obo/CL_0000115,endothelial cell,,
sc_proteomics,vccf,endothelial cell of lymphatic vessel,http://purl.obolibrary.org/obo/CL_0002138,true,http://purl.obolibrary.org/obo/CL_0000115,endothelial cell,,
sc_transcriptomics,celltypist,endothelial cell of lymphatic vessel,http://purl.obolibrary.org/obo/CL_0002138,true,http://purl.obolibrary.org/obo/CL_0000115,endothelial cell,,
sc_transcriptomics,deepcelltypes-hubmap,endothelial cell of lymphatic vessel,http://purl.obolibrary.org/obo/CL_0002138,true,http://purl.obolibrary.org/obo/CL_0000115,endothelial cell,,
sc_transcriptomics,pan-human-azimuth,endothelial cell of lymphatic vessel,http://purl.obolibrary.org/obo/CL_0002138,true,http://purl.obolibrary.org/obo/CL_0000115,endothelial cell,,
sc_transcriptomics,stellar,endothelial cell of lymphatic vessel,http://purl.obolibrary.org/obo/CL_0002138,true,http://purl.obolibrary.org/obo/CL_0000115,endothelial cell,,
sc_transcriptomics,deepcelltypes,endothelial cell of lymphatic vessel,http://purl.obolibrary.org/obo/CL_0002138,true,http://purl.obolibrary.org/obo/CL_0000115,endothelial cell,,
sc_transcriptomics,frmatch,endothelial cell of lymphatic vessel,http://purl.obolibrary.org/obo/CL_0002138,true,http://purl.obolibrary.org/obo/CL_0000115,endothelial cell,,
sc_proteomics,vccf,endothelial cell of vascular tree,http://purl.obolibrary.org/obo/CL_0002139,true,http://purl.obolibrary.org/obo/CL_0000115,endothelial cell,,
sc_transcriptomics,azimuth,capillary endothelial cell,http://purl.obolibrary.org/obo/CL_0002144,true,http://purl.obolibrary.org/obo/CL_0000115,endothelial cell,,
sc_transcriptomics,popv,capillary endothelial cell,http://purl.obolibrary.org/obo/CL_0002144,true,http://purl.obolibrary.org/obo/CL_0000115,endothelial cell,,
sc_transcriptomics,celltypist,capillary endothelial cell,http://purl.obolibrary.org/obo/CL_0002144,true,http://purl.obolibrary.org/obo/CL_0000115,endothelial cell,,
sc_transcriptomics,pan-human-azimuth,capillary endothelial cell,http://purl.obolibrary.org/obo/CL_0002144,true,http://purl.obolibrary.org/obo/CL_0000115,endothelial cell,,
sc_proteomics,vccf,capillary endothelial cell,http://purl.obolibrary.org/obo/CL_0002144,true,http://purl.obolibrary.org/obo/CL_0000115,endothelial cell,,
sc_transcriptomics,frmatch,capillary endothelial cell,http://purl.obolibrary.org/obo/CL_0002144,true,http://purl.obolibrary.org/obo/CL_0000115,endothelial cell,,
sc_transcriptomics,azimuth,multiciliated columnar cell of tracheobronchial tree,http://purl.obolibrary.org/obo/CL_0002145,true,http://purl.obolibrary.org/obo/CL_0000066,epithelial cell,,
sc_transcriptomics,frmatch,multiciliated columnar cell of tracheobronchial tree,http://purl.obolibrary.org/obo/CL_0002145,true,http://purl.obolibrary.org/obo/CL_0000066,epithelial cell,,
sc_transcriptomics,popv,epithelial cell of uterus,http://purl.obolibrary.org/obo/CL_0002149,true,http://purl.obolibrary.org/obo/CL_0000066,epithelial cell,,
sc_proteomics,vccf,endosteal cell,http://purl.obolibrary.org/obo/CL_0002157,true,http://purl.obolibrary.org/obo/CL_0001035,bone cell,,
sc_transcriptomics,pan-human-azimuth,epithelial cell of stomach,http://purl.obolibrary.org/obo/CL_0002178,true,http://purl.obolibrary.org/obo/CL_0000066,epithelial cell,,
sc_transcriptomics,pan-human-azimuth,mucous cell of stomach,http://purl.obolibrary.org/obo/CL_0002180,true,http://purl.obolibrary.org/obo/CL_0000066,epithelial cell,,
sc_transcriptomics,pan-human-azimuth,basal cell of epidermis,http://purl.obolibrary.org/obo/CL_0002187,true,http://purl.obolibrary.org/obo/CL_0000066,epithelial cell,,
sc_transcriptomics,celltypist,basal cell of epidermis,http://purl.obolibrary.org/obo/CL_0002187,true,http://purl.obolibrary.org/obo/CL_0000066,epithelial cell,,
sc_transcriptomics,pan-human-azimuth,granular cell of epidermis,http://purl.obolibrary.org/obo/CL_0002189,true,http://purl.obolibrary.org/obo/CL_0000066,epithelial cell,,
sc_transcriptomics,pan-human-azimuth,granulocytopoietic cell,http://purl.obolibrary.org/obo/CL_0002191,true,http://purl.obolibrary.org/obo/CL_0000988,hematopoietic cell,,
sc_transcriptomics,azimuth,renal beta-intercalated cell,http://purl.obolibrary.org/obo/CL_0002201,true,http://purl.obolibrary.org/obo/CL_0000066,epithelial cell,,
sc_transcriptomics,pan-human-azimuth,renal beta-intercalated cell,http://purl.obolibrary.org/obo/CL_0002201,true,http://purl.obolibrary.org/obo/CL_0000066,epithelial cell,,
sc_transcriptomics,celltypist,tuft cell,http://purl.obolibrary.org/obo/CL_0002204,true,http://purl.obolibrary.org/obo/CL_0000066,epithelial cell,,
sc_proteomics,vccf,tuft cell,http://purl.obolibrary.org/obo/CL_0002204,true,http://purl.obolibrary.org/obo/CL_0000066,epithelial cell,,
sc_transcriptomics,celltypist,pulmonary interstitial fibroblast,http://purl.obolibrary.org/obo/CL_0002241,true,http://purl.obolibrary.org/obo/CL_0002320,connective tissue cell,http://purl.obolibrary.org/obo/CL_0000499,stromal cell
sc_transcriptomics,popv,epithelial cell of large intestine,http://purl.obolibrary.org/obo/CL_0002253,true,http://purl.obolibrary.org/obo/CL_0000066,epithelial cell,,
sc_transcriptomics,popv,epithelial cell of small intestine,http://purl.obolibrary.org/obo/CL_0002254,true,http://purl.obolibrary.org/obo/CL_0000066,epithelial cell,,
sc_proteomics,vccf,endothelial cell of sinusoid,http://purl.obolibrary.org/obo/CL_0002262,true,http://purl.obolibrary.org/obo/CL_0000115,endothelial cell,,
sc_transcriptomics,celltypist,type D cell of colon,http://purl.obolibrary.org/obo/CL_0002265,true,http://purl.obolibrary.org/obo/CL_0002319,neural cell,http://purl.obolibrary.org/obo/CL_0000540,neuron
sc_transcriptomics,celltypist,type D cell of small intestine,http://purl.obolibrary.org/obo/CL_0002266,true,http://purl.obolibrary.org/obo/CL_0002319,neural cell,http://purl.obolibrary.org/obo/CL_0000540,neuron
sc_transcriptomics,pan-human-azimuth,type D cell of stomach,http://purl.obolibrary.org/obo/CL_0002267,true,http://purl.obolibrary.org/obo/CL_0002319,neural cell,http://purl.obolibrary.org/obo/CL_0000540,neuron
sc_transcriptomics,popv,pancreatic PP cell,http://purl.obolibrary.org/obo/CL_0002275,true,http://purl.obolibrary.org/obo/CL_0000066,epithelial cell,,
sc_transcriptomics,azimuth,pancreatic PP cell,http://purl.obolibrary.org/obo/CL_0002275,true,http://purl.obolibrary.org/obo/CL_0000066,epithelial cell,,
sc_transcriptomics,pan-human-azimuth,pancreatic PP cell,http://purl.obolibrary.org/obo/CL_0002275,true,http://purl.obolibrary.org/obo/CL_0000066,epithelial cell,,
sc_transcriptomics,celltypist,pancreatic PP cell,http://purl.obolibrary.org/obo/CL_0002275,true,http://purl.obolibrary.org/obo/CL_0000066,epithelial cell,,
sc_transcriptomics,celltypist,type I enteroendocrine cell,http://purl.obolibrary.org/obo/CL_0002277,true,http://purl.obolibrary.org/obo/CL_0000066,epithelial cell,,
sc_transcriptomics,celltypist,type L enteroendocrine cell,http://purl.obolibrary.org/obo/CL_0002279,true,http://purl.obolibrary.org/obo/CL_0000066,epithelial cell,,
sc_transcriptomics,celltypist,type N enteroendocrine cell,http://purl.obolibrary.org/obo/CL_0002280,true,http://purl.obolibrary.org/obo/CL_0000066,epithelial cell,,
sc_transcriptomics,pan-human-azimuth,epithelial cell of thymus,http://purl.obolibrary.org/obo/CL_0002293,true,http://purl.obolibrary.org/obo/CL_0000066,epithelial cell,,
sc_transcriptomics,popv,pigmented ciliary epithelial cell,http://purl.obolibrary.org/obo/CL_0002303,true,http://purl.obolibrary.org/obo/CL_0000066,epithelial cell,,
sc_transcriptomics,pan-human-azimuth,epithelial cell of distal tubule,http://purl.obolibrary.org/obo/CL_0002305,true,http://purl.obolibrary.org/obo/CL_0000066,epithelial cell,,
sc_transcriptomics,azimuth,epithelial cell of proximal tubule,http://purl.obolibrary.org/obo/CL_0002306,true,http://purl.obolibrary.org/obo/CL_0000066,epithelial cell,,
sc_transcriptomics,celltypist,epithelial cell of proximal tubule,http://purl.obolibrary.org/obo/CL_0002306,true,http://purl.obolibrary.org/obo/CL_0000066,epithelial cell,,
sc_transcriptomics,pan-human-azimuth,epithelial cell of proximal tubule,http://purl.obolibrary.org/obo/CL_0002306,true,http://purl.obolibrary.org/obo/CL_0000066,epithelial cell,,
sc_proteomics,vccf,neural cell,http://purl.obolibrary.org/obo/CL_0002319,true,http://purl.obolibrary.org/obo/CL_0002319,neural cell,,
sc_transcriptomics,azimuth,connective tissue cell,http://purl.obolibrary.org/obo/CL_0002320,true,http://purl.obolibrary.org/obo/CL_0002320,connective tissue cell,,
sc_transcriptomics,pan-human-azimuth,basal-myoepithelial cell of mammary gland,http://purl.obolibrary.org/obo/CL_0002324,true,http://purl.obolibrary.org/obo/CL_0000066,epithelial cell,,
sc_transcriptomics,pan-human-azimuth,lactocyte,http://purl.obolibrary.org/obo/CL_0002325,true,http://purl.obolibrary.org/obo/CL_0000066,epithelial cell,,
sc_transcriptomics,popv,luminal epithelial cell of mammary gland,http://purl.obolibrary.org/obo/CL_0002326,true,http://purl.obolibrary.org/obo/CL_0000066,epithelial cell,,
sc_transcriptomics,pan-human-azimuth,mammary gland epithelial cell,http://purl.obolibrary.org/obo/CL_0002327,true,http://purl.obolibrary.org/obo/CL_0000066,epithelial cell,,
sc_transcriptomics,popv,bronchial epithelial cell,http://purl.obolibrary.org/obo/CL_0002328,true,http://purl.obolibrary.org/obo/CL_0000066,epithelial cell,,
sc_proteomics,vccf,basal epithelial cell of tracheobronchial tree,http://purl.obolibrary.org/obo/CL_0002329,true,http://purl.obolibrary.org/obo/CL_0000066,epithelial cell,,
sc_transcriptomics,popv,luminal cell of prostate epithelium,http://purl.obolibrary.org/obo/CL_0002340,true,http://purl.obolibrary.org/obo/CL_0000066,epithelial cell,,
sc_transcriptomics,popv,basal cell of prostate epithelium,http://purl.obolibrary.org/obo/CL_0002341,true,http://purl.obolibrary.org/obo/CL_0000066,epithelial cell,,
sc_transcriptomics,azimuth,endocardial cell,http://purl.obolibrary.org/obo/CL_0002350,true,http://purl.obolibrary.org/obo/CL_0000115,endothelial cell,,
sc_transcriptomics,pan-human-azimuth,endocardial cell,http://purl.obolibrary.org/obo/CL_0002350,true,http://purl.obolibrary.org/obo/CL_0000115,endothelial cell,,
sc_transcriptomics,celltypist,endocardial cell,http://purl.obolibrary.org/obo/CL_0002350,true,http://purl.obolibrary.org/obo/CL_0000115,endothelial cell,,
sc_transcriptomics,popv,keratocyte,http://purl.obolibrary.org/obo/CL_0002363,true,http://purl.obolibrary.org/obo/CL_0002320,connective tissue cell,http://purl.obolibrary.org/obo/CL_0000499,stromal cell
sc_transcriptomics,pan-human-azimuth,cortical thymic epithelial cell,http://purl.obolibrary.org/obo/CL_0002364,true,http://purl.obolibrary.org/obo/CL_0000066,epithelial cell,,
sc_transcriptomics,pan-human-azimuth,medullary thymic epithelial cell,http://purl.obolibrary.org/obo/CL_0002365,true,http://purl.obolibrary.org/obo/CL_0000066,epithelial cell,,
sc_transcriptomics,popv,medullary thymic epithelial cell,http://purl.obolibrary.org/obo/CL_0002365,true,http://purl.obolibrary.org/obo/CL_0000066,epithelial cell,,
sc_transcriptomics,popv,myometrial cell,http://purl.obolibrary.org/obo/CL_0002366,true,http://purl.obolibrary.org/obo/CL_0000187,muscle cell,,
sc_transcriptomics,azimuth,respiratory tract epithelial cell,http://purl.obolibrary.org/obo/CL_0002368,true,http://purl.obolibrary.org/obo/CL_0000066,epithelial cell,,
sc_transcriptomics,pan-human-azimuth,respiratory tract epithelial cell,http://purl.obolibrary.org/obo/CL_0002368,true,http://purl.obolibrary.org/obo/CL_0000066,epithelial cell,,
sc_transcriptomics,popv,respiratory tract goblet cell,http://purl.obolibrary.org/obo/CL_0002370,true,http://purl.obolibrary.org/obo/CL_0000066,epithelial cell,,
sc_transcriptomics,popv,intermediate monocyte,http://purl.obolibrary.org/obo/CL_0002393,true,http://purl.obolibrary.org/obo/CL_0000988,hematopoietic cell,http://purl.obolibrary.org/obo/CL_0000576,monocyte
sc_transcriptomics,azimuth,CD141-positive myeloid dendritic cell,http://purl.obolibrary.org/obo/CL_0002394,true,http://purl.obolibrary.org/obo/CL_0000988,hematopoietic cell,http://purl.obolibrary.org/obo/CL_0000451,dendritic cell
sc_transcriptomics,pan-human-azimuth,CD141-positive myeloid dendritic cell,http://purl.obolibrary.org/obo/CL_0002394,true,http://purl.obolibrary.org/obo/CL_0000988,hematopoietic cell,http://purl.obolibrary.org/obo/CL_0000451,dendritic cell
sc_transcriptomics,popv,CD141-positive myeloid dendritic cell,http://purl.obolibrary.org/obo/CL_0002394,true,http://purl.obolibrary.org/obo/CL_0000988,hematopoietic cell,http://purl.obolibrary.org/obo/CL_0000451,dendritic cell
sc_transcriptomics,celltypist,CD141-positive myeloid dendritic cell,http://purl.obolibrary.org/obo/CL_0002394,true,http://purl.obolibrary.org/obo/CL_0000988,hematopoietic cell,http://purl.obolibrary.org/obo/CL_0000451,dendritic cell
sc_proteomics,vccf,CD141-positive myeloid dendritic cell,http://purl.obolibrary.org/obo/CL_0002394,true,http://purl.obolibrary.org/obo/CL_0000988,hematopoietic cell,http://purl.obolibrary.org/obo/CL_0000451,dendritic cell
sc_transcriptomics,azimuth,"CD14-low, CD16-positive monocyte",http://purl.obolibrary.org/obo/CL_0002396,true,http://purl.obolibrary.org/obo/CL_0000988,hematopoietic cell,http://purl.obolibrary.org/obo/CL_0000576,monocyte
sc_transcriptomics,celltypist,"CD14-low, CD16-positive monocyte",http://purl.obolibrary.org/obo/CL_0002396,true,http://purl.obolibrary.org/obo/CL_0000988,hematopoietic cell,http://purl.obolibrary.org/obo/CL_0000576,monocyte
sc_transcriptomics,celltypist,CD1c-positive myeloid dendritic cell,http://purl.obolibrary.org/obo/CL_0002399,true,http://purl.obolibrary.org/obo/CL_0000988,hematopoietic cell,http://purl.obolibrary.org/obo/CL_0000451,dendritic cell
sc_transcriptomics,popv,CD1c-positive myeloid dendritic cell,http://purl.obolibrary.org/obo/CL_0002399,true,http://purl.obolibrary.org/obo/CL_0000988,hematopoietic cell,http://purl.obolibrary.org/obo/CL_0000451,dendritic cell
sc_transcriptomics,azimuth,CD1c-positive myeloid dendritic cell,http://purl.obolibrary.org/obo/CL_0002399,true,http://purl.obolibrary.org/obo/CL_0000988,hematopoietic cell,http://purl.obolibrary.org/obo/CL_0000451,dendritic cell
sc_proteomics,vccf,CD1c-positive myeloid dendritic cell,http://purl.obolibrary.org/obo/CL_0002399,true,http://purl.obolibrary.org/obo/CL_0000988,hematopoietic cell,http://purl.obolibrary.org/obo/CL_0000451,dendritic cell
sc_transcriptomics,frmatch,CD1c-positive myeloid dendritic cell,http://purl.obolibrary.org/obo/CL_0002399,true,http://purl.obolibrary.org/obo/CL_0000988,hematopoietic cell,http://purl.obolibrary.org/obo/CL_0000451,dendritic cell
sc_transcriptomics,pan-human-azimuth,CD1c-positive myeloid dendritic cell,http://purl.obolibrary.org/obo/CL_0002399,true,http://purl.obolibrary.org/obo/CL_0000988,hematopoietic cell,http://purl.obolibrary.org/obo/CL_0000451,dendritic cell
sc_transcriptomics,popv,pancreatic stellate cell,http://purl.obolibrary.org/obo/CL_0002410,true,http://purl.obolibrary.org/obo/CL_0002320,connective tissue cell,http://purl.obolibrary.org/obo/CL_0000499,stromal cell
sc_transcriptomics,azimuth,pancreatic stellate cell,http://purl.obolibrary.org/obo/CL_0002410,true,http://purl.obolibrary.org/obo/CL_0002320,connective tissue cell,http://purl.obolibrary.org/obo/CL_0000499,stromal cell
sc_transcriptomics,celltypist,pancreatic stellate cell,http://purl.obolibrary.org/obo/CL_0002410,true,http://purl.obolibrary.org/obo/CL_0002320,connective tissue cell,http://purl.obolibrary.org/obo/CL_0000499,stromal cell
sc_transcriptomics,azimuth,early T lineage precursor,http://purl.obolibrary.org/obo/CL_0002425,true,http://purl.obolibrary.org/obo/CL_0000988,hematopoietic cell,,
sc_proteomics,vccf,"CD4-intermediate, CD8-positive double-positive thymocyte",http://purl.obolibrary.org/obo/CL_0002430,true,http://purl.obolibrary.org/obo/CL_0000988,hematopoietic cell,http://purl.obolibrary.org/obo/CL_0000084,T cell
sc_transcriptomics,celltypist,oligodendrocyte precursor cell,http://purl.obolibrary.org/obo/CL_0002453,true,http://purl.obolibrary.org/obo/CL_0002319,neural cell,,
sc_transcriptomics,pan-human-azimuth,oligodendrocyte precursor cell,http://purl.obolibrary.org/obo/CL_0002453,true,http://purl.obolibrary.org/obo/CL_0002319,neural cell,,
sc_transcriptomics,azimuth,oligodendrocyte precursor cell,http://purl.obolibrary.org/obo/CL_0002453,true,http://purl.obolibrary.org/obo/CL_0002319,neural cell,,
sc_transcriptomics,celltypist,epidermal Langerhans cell,http://purl.obolibrary.org/obo/CL_0002457,true,http://purl.obolibrary.org/obo/CL_0000988,hematopoietic cell,http://purl.obolibrary.org/obo/CL_0000451,dendritic cell
sc_proteomics,vccf,CD11b-positive dendritic cell,http://purl.obolibrary.org/obo/CL_0002465,true,http://purl.obolibrary.org/obo/CL_0000988,hematopoietic cell,http://purl.obolibrary.org/obo/CL_0000451,dendritic cell
sc_transcriptomics,azimuth,nasal mucosa goblet cell,http://purl.obolibrary.org/obo/CL_0002480,true,http://purl.obolibrary.org/obo/CL_0000066,epithelial cell,,
sc_transcriptomics,celltypist,nasal mucosa goblet cell,http://purl.obolibrary.org/obo/CL_0002480,true,http://purl.obolibrary.org/obo/CL_0000066,epithelial cell,,
sc_transcriptomics,frmatch,nasal mucosa goblet cell,http://purl.obolibrary.org/obo/CL_0002480,true,http://purl.obolibrary.org/obo/CL_0000066,epithelial cell,,
sc_transcriptomics,pan-human-azimuth,peritubular myoid cell,http://purl.obolibrary.org/obo/CL_0002481,true,http://purl.obolibrary.org/obo/CL_0000066,epithelial cell,,
sc_transcriptomics,azimuth,double negative thymocyte,http://purl.obolibrary.org/obo/CL_0002489,true,http://purl.obolibrary.org/obo/CL_0000988,hematopoietic cell,http://purl.obolibrary.org/obo/CL_0000084,T cell
sc_transcriptomics,pan-human-azimuth,double negative thymocyte,http://purl.obolibrary.org/obo/CL_0002489,true,http://purl.obolibrary.org/obo/CL_0000988,hematopoietic cell,http://purl.obolibrary.org/obo/CL_0000084,T cell
sc_proteomics,vccf,double negative thymocyte,http://purl.obolibrary.org/obo/CL_0002489,true,http://purl.obolibrary.org/obo/CL_0000988,hematopoietic cell,http://purl.obolibrary.org/obo/CL_0000084,T cell
sc_transcriptomics,popv,adventitial cell,http://purl.obolibrary.org/obo/CL_0002503,true,http://purl.obolibrary.org/obo/CL_0002320,connective tissue cell,,
sc_transcriptomics,pan-human-azimuth,kidney epithelial cell,http://purl.obolibrary.org/obo/CL_0002518,true,http://purl.obolibrary.org/obo/CL_0000066,epithelial cell,,
sc_transcriptomics,azimuth,subcutaneous adipocyte,http://purl.obolibrary.org/obo/CL_0002521,true,http://purl.obolibrary.org/obo/CL_0002320,connective tissue cell,http://purl.obolibrary.org/obo/CL_0000136,adipocyte
sc_transcriptomics,popv,intrahepatic cholangiocyte,http://purl.obolibrary.org/obo/CL_0002538,true,http://purl.obolibrary.org/obo/CL_0000066,epithelial cell,,
sc_transcriptomics,azimuth,vein endothelial cell,http://purl.obolibrary.org/obo/CL_0002543,true,http://purl.obolibrary.org/obo/CL_0000115,endothelial cell,,
sc_transcriptomics,popv,vein endothelial cell,http://purl.obolibrary.org/obo/CL_0002543,true,http://purl.obolibrary.org/obo/CL_0000115,endothelial cell,,
sc_transcriptomics,celltypist,vein endothelial cell,http://purl.obolibrary.org/obo/CL_0002543,true,http://purl.obolibrary.org/obo/CL_0000115,endothelial cell,,
sc_transcriptomics,pan-human-azimuth,vein endothelial cell,http://purl.obolibrary.org/obo/CL_0002543,true,http://purl.obolibrary.org/obo/CL_0000115,endothelial cell,,
sc_transcriptomics,frmatch,vein endothelial cell,http://purl.obolibrary.org/obo/CL_0002543,true,http://purl.obolibrary.org/obo/CL_0000115,endothelial cell,,
sc_transcriptomics,popv,fibroblast of cardiac tissue,http://purl.obolibrary.org/obo/CL_0002548,true,http://purl.obolibrary.org/obo/CL_0002320,connective tissue cell,http://purl.obolibrary.org/obo/CL_0000499,stromal cell
sc_transcriptomics,azimuth,fibroblast of lung,http://purl.obolibrary.org/obo/CL_0002553,true,http://purl.obolibrary.org/obo/CL_0002320,connective tissue cell,http://purl.obolibrary.org/obo/CL_0000499,stromal cell
sc_transcriptomics,frmatch,fibroblast of lung,http://purl.obolibrary.org/obo/CL_0002553,true,http://purl.obolibrary.org/obo/CL_0002320,connective tissue cell,http://purl.obolibrary.org/obo/CL_0000499,stromal cell
sc_transcriptomics,pan-human-azimuth,intestinal epithelial cell,http://purl.obolibrary.org/obo/CL_0002563,true,http://purl.obolibrary.org/obo/CL_0000066,epithelial cell,,
sc_transcriptomics,azimuth,mesenchymal stem cell of adipose tissue,http://purl.obolibrary.org/obo/CL_0002570,true,http://purl.obolibrary.org/obo/CL_0000034,stem cell,,
sc_proteomics,vccf,mesenchymal stem cell of adipose tissue,http://purl.obolibrary.org/obo/CL_0002570,true,http://purl.obolibrary.org/obo/CL_0000034,stem cell,,
sc_transcriptomics,azimuth,Schwann cell,http://purl.obolibrary.org/obo/CL_0002573,true,http://purl.obolibrary.org/obo/CL_0002319,neural cell,http://purl.obolibrary.org/obo/CL_0000125,glial cell
sc_transcriptomics,celltypist,Schwann cell,http://purl.obolibrary.org/obo/CL_0002573,true,http://purl.obolibrary.org/obo/CL_0002319,neural cell,http://purl.obolibrary.org/obo/CL_0000125,glial cell
sc_proteomics,vccf,Schwann cell,http://purl.obolibrary.org/obo/CL_0002573,true,http://purl.obolibrary.org/obo/CL_0002319,neural cell,http://purl.obolibrary.org/obo/CL_0000125,glial cell
sc_transcriptomics,popv,retinal blood vessel endothelial cell,http://purl.obolibrary.org/obo/CL_0002585,true,http://purl.obolibrary.org/obo/CL_0000115,endothelial cell,,
sc_transcriptomics,popv,retinal pigment epithelial cell,http://purl.obolibrary.org/obo/CL_0002586,true,http://purl.obolibrary.org/obo/CL_0000066,epithelial cell,,
sc_transcriptomics,pan-human-azimuth,retinal pigment epithelial cell,http://purl.obolibrary.org/obo/CL_0002586,true,http://purl.obolibrary.org/obo/CL_0000066,epithelial cell,,
sc_transcriptomics,celltypist,smooth muscle cell of the brain vasculature,http://purl.obolibrary.org/obo/CL_0002590,true,http://purl.obolibrary.org/obo/CL_0002319,neural cell,,
sc_transcriptomics,celltypist,smooth muscle cell of the pulmonary artery,http://purl.obolibrary.org/obo/CL_0002591,true,http://purl.obolibrary.org/obo/CL_0000187,muscle cell,,
sc_transcriptomics,popv,bronchial smooth muscle cell,http://purl.obolibrary.org/obo/CL_0002598,true,http://purl.obolibrary.org/obo/CL_0000187,muscle cell,,
sc_proteomics,vccf,smooth muscle cell of the esophagus,http://purl.obolibrary.org/obo/CL_0002599,true,http://purl.obolibrary.org/obo/CL_0000187,muscle cell,,
sc_transcriptomics,celltypist,hippocampal astrocyte,http://purl.obolibrary.org/obo/CL_0002604,true,http://purl.obolibrary.org/obo/CL_0002319,neural cell,http://purl.obolibrary.org/obo/CL_0000125,glial cell
sc_transcriptomics,celltypist,migratory enteric neural crest cell,http://purl.obolibrary.org/obo/CL_0002607,true,http://purl.obolibrary.org/obo/CL_0000034,stem cell,,
sc_transcriptomics,pan-human-azimuth,gingival epithelial cell,http://purl.obolibrary.org/obo/CL_0002621,true,http://purl.obolibrary.org/obo/CL_0000066,epithelial cell,,
sc_proteomics,vccf,acinar cell of salivary gland,http://purl.obolibrary.org/obo/CL_0002623,true,http://purl.obolibrary.org/obo/CL_0000066,epithelial cell,,
sc_transcriptomics,celltypist,mature microglial cell,http://purl.obolibrary.org/obo/CL_0002629,true,http://purl.obolibrary.org/obo/CL_0002319,neural cell,http://purl.obolibrary.org/obo/CL_0000125,glial cell
sc_transcriptomics,frmatch,epithelial cell of lower respiratory tract,http://purl.obolibrary.org/obo/CL_0002632,true,http://purl.obolibrary.org/obo/CL_0000066,epithelial cell,,
sc_transcriptomics,azimuth,respiratory basal cell,http://purl.obolibrary.org/obo/CL_0002633,true,http://purl.obolibrary.org/obo/CL_0000034,stem cell,,
sc_transcriptomics,celltypist,respiratory basal cell,http://purl.obolibrary.org/obo/CL_0002633,true,http://purl.obolibrary.org/obo/CL_0000034,stem cell,,
sc_transcriptomics,frmatch,respiratory basal cell,http://purl.obolibrary.org/obo/CL_0002633,true,http://purl.obolibrary.org/obo/CL_0000034,stem cell,,
sc_proteomics,vccf,glandular cell of esophagus,http://purl.obolibrary.org/obo/CL_0002657,true,http://purl.obolibrary.org/obo/CL_0000066,epithelial cell,,
sc_transcriptomics,popv,tongue muscle cell,http://purl.obolibrary.org/obo/CL_0002673,true,http://purl.obolibrary.org/obo/CL_0000187,muscle cell,,
sc_transcriptomics,azimuth,naive regulatory T cell,http://purl.obolibrary.org/obo/CL_0002677,true,http://purl.obolibrary.org/obo/CL_0000988,hematopoietic cell,http://purl.obolibrary.org/obo/CL_0000084,T cell
sc_transcriptomics,popv,naive regulatory T cell,http://purl.obolibrary.org/obo/CL_0002677,true,http://purl.obolibrary.org/obo/CL_0000988,hematopoietic cell,http://purl.obolibrary.org/obo/CL_0000084,T cell
sc_transcriptomics,azimuth,memory regulatory T cell,http://purl.obolibrary.org/obo/CL_0002678,true,http://purl.obolibrary.org/obo/CL_0000988,hematopoietic cell,http://purl.obolibrary.org/obo/CL_0000084,T cell
sc_transcriptomics,azimuth,ionocyte,http://purl.obolibrary.org/obo/CL_0005006,true,http://purl.obolibrary.org/obo/CL_0000066,epithelial cell,,
sc_transcriptomics,popv,ionocyte,http://purl.obolibrary.org/obo/CL_0005006,true,http://purl.obolibrary.org/obo/CL_0000066,epithelial cell,,
sc_transcriptomics,celltypist,ionocyte,http://purl.obolibrary.org/obo/CL_0005006,true,http://purl.obolibrary.org/obo/CL_0000066,epithelial cell,,
sc_transcriptomics,frmatch,ionocyte,http://purl.obolibrary.org/obo/CL_0005006,true,http://purl.obolibrary.org/obo/CL_0000066,epithelial cell,,
sc_transcriptomics,azimuth,renal principal cell,http://purl.obolibrary.org/obo/CL_0005009,true,http://purl.obolibrary.org/obo/CL_0000066,epithelial cell,,
sc_transcriptomics,celltypist,renal principal cell,http://purl.obolibrary.org/obo/CL_0005009,true,http://purl.obolibrary.org/obo/CL_0000066,epithelial cell,,
sc_transcriptomics,azimuth,renal intercalated cell,http://purl.obolibrary.org/obo/CL_0005010,true,http://purl.obolibrary.org/obo/CL_0000066,epithelial cell,,
sc_transcriptomics,pan-human-azimuth,renal intercalated cell,http://purl.obolibrary.org/obo/CL_0005010,true,http://purl.obolibrary.org/obo/CL_0000066,epithelial cell,,
sc_transcriptomics,azimuth,renal alpha-intercalated cell,http://purl.obolibrary.org/obo/CL_0005011,true,http://purl.obolibrary.org/obo/CL_0000066,epithelial cell,,
sc_transcriptomics,pan-human-azimuth,renal alpha-intercalated cell,http://purl.obolibrary.org/obo/CL_0005011,true,http://purl.obolibrary.org/obo/CL_0000066,epithelial cell,,
sc_transcriptomics,azimuth,multiciliated epithelial cell,http://purl.obolibrary.org/obo/CL_0005012,true,http://purl.obolibrary.org/obo/CL_0000066,epithelial cell,,
sc_transcriptomics,celltypist,multiciliated epithelial cell,http://purl.obolibrary.org/obo/CL_0005012,true,http://purl.obolibrary.org/obo/CL_0000066,epithelial cell,,
sc_transcriptomics,azimuth,pancreatic epsilon cell,http://purl.obolibrary.org/obo/CL_0005019,true,http://purl.obolibrary.org/obo/CL_0000066,epithelial cell,,
sc_transcriptomics,pan-human-azimuth,pancreatic epsilon cell,http://purl.obolibrary.org/obo/CL_0005019,true,http://purl.obolibrary.org/obo/CL_0000066,epithelial cell,,
sc_transcriptomics,azimuth,hematopoietic precursor cell,http://purl.obolibrary.org/obo/CL_0008001,true,http://purl.obolibrary.org/obo/CL_0000988,hematopoietic cell,,
sc_transcriptomics,pan-human-azimuth,hematopoietic precursor cell,http://purl.obolibrary.org/obo/CL_0008001,true,http://purl.obolibrary.org/obo/CL_0000988,hematopoietic cell,,
sc_proteomics,vccf,hematopoietic precursor cell,http://purl.obolibrary.org/obo/CL_0008001,true,http://purl.obolibrary.org/obo/CL_0000988,hematopoietic cell,,
sc_transcriptomics,celltypist,skeletal muscle satellite stem cell,http://purl.obolibrary.org/obo/CL_0008011,true,http://purl.obolibrary.org/obo/CL_0000034,stem cell,,
sc_transcriptomics,azimuth,pancreatic endocrine cell,http://purl.obolibrary.org/obo/CL_0008024,true,http://purl.obolibrary.org/obo/CL_0000066,epithelial cell,,
sc_transcriptomics,deepcelltypes-hubmap,extravillous trophoblast,http://purl.obolibrary.org/obo/CL_0008036,true,http://purl.obolibrary.org/obo/CL_0000349,extraembryonic cell,,
sc_transcriptomics,pan-human-azimuth,extravillous trophoblast,http://purl.obolibrary.org/obo/CL_0008036,true,http://purl.obolibrary.org/obo/CL_0000349,extraembryonic cell,,
sc_proteomics,vccf,extravillous trophoblast,http://purl.obolibrary.org/obo/CL_0008036,true,http://purl.obolibrary.org/obo/CL_0000349,extraembryonic cell,,
sc_transcriptomics,pan-human-azimuth,retinal cell,http://purl.obolibrary.org/obo/CL_0009004,true,http://purl.obolibrary.org/obo/CL_0002319,neural cell,,
sc_transcriptomics,popv,enteroendocrine cell of small intestine,http://purl.obolibrary.org/obo/CL_0009006,true,http://purl.obolibrary.org/obo/CL_0000066,epithelial cell,,
sc_transcriptomics,popv,paneth cell of colon,http://purl.obolibrary.org/obo/CL_0009009,true,http://purl.obolibrary.org/obo/CL_0000066,epithelial cell,,
sc_transcriptomics,popv,transit amplifying cell of colon,http://purl.obolibrary.org/obo/CL_0009011,true,http://purl.obolibrary.org/obo/CL_0000066,epithelial cell,,
sc_transcriptomics,popv,transit amplifying cell of small intestine,http://purl.obolibrary.org/obo/CL_0009012,true,http://purl.obolibrary.org/obo/CL_0000066,epithelial cell,,
sc_transcriptomics,popv,intestinal crypt stem cell of large intestine,http://purl.obolibrary.org/obo/CL_0009016,true,http://purl.obolibrary.org/obo/CL_0000034,stem cell,,
sc_transcriptomics,popv,intestinal crypt stem cell of small intestine,http://purl.obolibrary.org/obo/CL_0009017,true,http://purl.obolibrary.org/obo/CL_0000034,stem cell,,
sc_transcriptomics,azimuth,germinal center T cell,http://purl.obolibrary.org/obo/CL_0009062,true,http://purl.obolibrary.org/obo/CL_0000988,hematopoietic cell,http://purl.obolibrary.org/obo/CL_0000084,T cell
sc_transcriptomics,pan-human-azimuth,medullary thymic epithelial cell type 3,http://purl.obolibrary.org/obo/CL_0009073,true,http://purl.obolibrary.org/obo/CL_0000066,epithelial cell,,
sc_transcriptomics,popv,tuft cell of small intestine,http://purl.obolibrary.org/obo/CL_0009080,true,http://purl.obolibrary.org/obo/CL_0000066,epithelial cell,,
sc_transcriptomics,azimuth,glandular epithelial cell of endometrium,http://purl.obolibrary.org/obo/CL_0009084,true,http://purl.obolibrary.org/obo/CL_0000066,epithelial cell,,
sc_transcriptomics,azimuth,endothelial cell of respiratory system lymphatic vessel,http://purl.obolibrary.org/obo/CL_0009086,true,http://purl.obolibrary.org/obo/CL_0000115,endothelial cell,,
sc_transcriptomics,azimuth,lung pericyte,http://purl.obolibrary.org/obo/CL_0009089,true,http://purl.obolibrary.org/obo/CL_0002320,connective tissue cell,,
sc_transcriptomics,frmatch,lung pericyte,http://purl.obolibrary.org/obo/CL_0009089,true,http://purl.obolibrary.org/obo/CL_0002320,connective tissue cell,,
sc_transcriptomics,pan-human-azimuth,Leydig stem cell,http://purl.obolibrary.org/obo/CL_0009091,true,http://purl.obolibrary.org/obo/CL_0000034,stem cell,,
sc_transcriptomics,azimuth,endothelial cell of hepatic portal vein,http://purl.obolibrary.org/obo/CL_0009094,true,http://purl.obolibrary.org/obo/CL_0000115,endothelial cell,,
sc_transcriptomics,celltypist,endothelial cell of hepatic portal vein,http://purl.obolibrary.org/obo/CL_0009094,true,http://purl.obolibrary.org/obo/CL_0000115,endothelial cell,,
sc_transcriptomics,azimuth,hepatic portal fibroblast,http://purl.obolibrary.org/obo/CL_0009100,true,http://purl.obolibrary.org/obo/CL_0002320,connective tissue cell,http://purl.obolibrary.org/obo/CL_0000499,stromal cell
sc_transcriptomics,azimuth,fibroblastic reticular cell,http://purl.obolibrary.org/obo/CL_0009101,true,http://purl.obolibrary.org/obo/CL_0002320,connective tissue cell,http://purl.obolibrary.org/obo/CL_0000499,stromal cell
sc_transcriptomics,celltypist,T cell zone reticular cell,http://purl.obolibrary.org/obo/CL_0009105,true,http://purl.obolibrary.org/obo/CL_0002320,connective tissue cell,http://purl.obolibrary.org/obo/CL_0000499,stromal cell
sc_transcriptomics,azimuth,centrocyte,http://purl.obolibrary.org/obo/CL_0009111,true,http://purl.obolibrary.org/obo/CL_0000988,hematopoietic cell,http://purl.obolibrary.org/obo/CL_0000236,B cell
sc_transcriptomics,azimuth,T follicular regulatory cell,http://purl.obolibrary.org/obo/CL_0009113,true,http://purl.obolibrary.org/obo/CL_0000988,hematopoietic cell,http://purl.obolibrary.org/obo/CL_0000084,T cell
sc_transcriptomics,celltypist,cardiac endothelial cell,http://purl.obolibrary.org/obo/CL_0010008,true,http://purl.obolibrary.org/obo/CL_0000115,endothelial cell,,
sc_transcriptomics,popv,cardiac endothelial cell,http://purl.obolibrary.org/obo/CL_0010008,true,http://purl.obolibrary.org/obo/CL_0000115,endothelial cell,,
sc_transcriptomics,azimuth,cerebral cortex GABAergic interneuron,http://purl.obolibrary.org/obo/CL_0010011,true,http://purl.obolibrary.org/obo/CL_0002319,neural cell,http://purl.obolibrary.org/obo/CL_0000540,neuron
sc_transcriptomics,celltypist,cardiac glial cell,http://purl.obolibrary.org/obo/CL_0010020,true,http://purl.obolibrary.org/obo/CL_0002319,neural cell,http://purl.obolibrary.org/obo/CL_0000125,glial cell
sc_transcriptomics,azimuth,monocyte-derived dendritic cell,http://purl.obolibrary.org/obo/CL_0011031,true,http://purl.obolibrary.org/obo/CL_0000988,hematopoietic cell,http://purl.obolibrary.org/obo/CL_0000451,dendritic cell
sc_transcriptomics,pan-human-azimuth,monocyte-derived dendritic cell,http://purl.obolibrary.org/obo/CL_0011031,true,http://purl.obolibrary.org/obo/CL_0000988,hematopoietic cell,http://purl.obolibrary.org/obo/CL_0000451,dendritic cell
sc_transcriptomics,celltypist,monocyte-derived dendritic cell,http://purl.obolibrary.org/obo/CL_0011031,true,http://purl.obolibrary.org/obo/CL_0000988,hematopoietic cell,http://purl.obolibrary.org/obo/CL_0000451,dendritic cell
sc_transcriptomics,popv,colon epithelial cell,http://purl.obolibrary.org/obo/CL_0011108,true,http://purl.obolibrary.org/obo/CL_0000066,epithelial cell,,
sc_transcriptomics,azimuth,pulmonary ionocyte,http://purl.obolibrary.org/obo/CL_0017000,true,http://purl.obolibrary.org/obo/CL_0000066,epithelial cell,,
sc_transcriptomics,popv,pulmonary ionocyte,http://purl.obolibrary.org/obo/CL_0017000,true,http://purl.obolibrary.org/obo/CL_0000066,epithelial cell,,
sc_transcriptomics,pan-human-azimuth,pulmonary ionocyte,http://purl.obolibrary.org/obo/CL_0017000,true,http://purl.obolibrary.org/obo/CL_0000066,epithelial cell,,
sc_transcriptomics,azimuth,"Axl+ dendritic cell, human",http://purl.obolibrary.org/obo/CL_0017009,true,http://purl.obolibrary.org/obo/CL_0000988,hematopoietic cell,http://purl.obolibrary.org/obo/CL_0000451,dendritic cell
sc_transcriptomics,pan-human-azimuth,"Axl+ dendritic cell, human",http://purl.obolibrary.org/obo/CL_0017009,true,http://purl.obolibrary.org/obo/CL_0000988,hematopoietic cell,http://purl.obolibrary.org/obo/CL_0000451,dendritic cell
sc_transcriptomics,celltypist,tracheobronchial goblet cell,http://purl.obolibrary.org/obo/CL_0019003,true,http://purl.obolibrary.org/obo/CL_0000066,epithelial cell,,
sc_transcriptomics,frmatch,tracheobronchial goblet cell,http://purl.obolibrary.org/obo/CL_0019003,true,http://purl.obolibrary.org/obo/CL_0000066,epithelial cell,,
sc_transcriptomics,celltypist,endothelial cell of periportal hepatic sinusoid,http://purl.obolibrary.org/obo/CL_0019021,true,http://purl.obolibrary.org/obo/CL_0000115,endothelial cell,,
sc_transcriptomics,celltypist,endothelial cell of pericentral hepatic sinusoid,http://purl.obolibrary.org/obo/CL_0019022,true,http://purl.obolibrary.org/obo/CL_0000115,endothelial cell,,
sc_transcriptomics,celltypist,periportal region hepatocyte,http://purl.obolibrary.org/obo/CL_0019026,true,http://purl.obolibrary.org/obo/CL_0000066,epithelial cell,,
sc_transcriptomics,celltypist,midzonal region hepatocyte,http://purl.obolibrary.org/obo/CL_0019028,true,http://purl.obolibrary.org/obo/CL_0000066,epithelial cell,,
sc_transcriptomics,celltypist,centrilobular region hepatocyte,http://purl.obolibrary.org/obo/CL_0019029,true,http://purl.obolibrary.org/obo/CL_0000066,epithelial cell,,
sc_transcriptomics,pan-human-azimuth,intestine goblet cell,http://purl.obolibrary.org/obo/CL_0019031,true,http://purl.obolibrary.org/obo/CL_0000066,epithelial cell,,
sc_transcriptomics,celltypist,intestinal tuft cell,http://purl.obolibrary.org/obo/CL_0019032,true,http://purl.obolibrary.org/obo/CL_0000066,epithelial cell,,
sc_transcriptomics,popv,intestinal tuft cell,http://purl.obolibrary.org/obo/CL_0019032,true,http://purl.obolibrary.org/obo/CL_0000066,epithelial cell,,
sc_transcriptomics,pan-human-azimuth,intestinal tuft cell,http://purl.obolibrary.org/obo/CL_0019032,true,http://purl.obolibrary.org/obo/CL_0000066,epithelial cell,,
sc_proteomics,vccf,intestinal tuft cell,http://purl.obolibrary.org/obo/CL_0019032,true,http://purl.obolibrary.org/obo/CL_0000066,epithelial cell,,
sc_transcriptomics,azimuth,pulmonary neuroendocrine cell,http://purl.obolibrary.org/obo/CL_1000223,true,http://purl.obolibrary.org/obo/CL_0002319,neural cell,http://purl.obolibrary.org/obo/CL_0000540,neuron
sc_transcriptomics,pan-human-azimuth,pulmonary neuroendocrine cell,http://purl.obolibrary.org/obo/CL_1000223,true,http://purl.obolibrary.org/obo/CL_0002319,neural cell,http://purl.obolibrary.org/obo/CL_0000540,neuron
sc_transcriptomics,frmatch,pulmonary neuroendocrine cell,http://purl.obolibrary.org/obo/CL_1000223,true,http://purl.obolibrary.org/obo/CL_0002319,neural cell,http://purl.obolibrary.org/obo/CL_0000540,neuron
sc_transcriptomics,popv,lung multiciliated epithelial cell,http://purl.obolibrary.org/obo/CL_1000271,true,http://purl.obolibrary.org/obo/CL_0000066,epithelial cell,,
sc_transcriptomics,pan-human-azimuth,lung multiciliated epithelial cell,http://purl.obolibrary.org/obo/CL_1000271,true,http://purl.obolibrary.org/obo/CL_0000066,epithelial cell,,
sc_transcriptomics,celltypist,lung multiciliated epithelial cell,http://purl.obolibrary.org/obo/CL_1000271,true,http://purl.obolibrary.org/obo/CL_0000066,epithelial cell,,
sc_transcriptomics,azimuth,bronchial goblet cell,http://purl.obolibrary.org/obo/CL_1000312,true,http://purl.obolibrary.org/obo/CL_0000066,epithelial cell,,
sc_transcriptomics,celltypist,bronchial goblet cell,http://purl.obolibrary.org/obo/CL_1000312,true,http://purl.obolibrary.org/obo/CL_0000066,epithelial cell,,
sc_transcriptomics,frmatch,bronchial goblet cell,http://purl.obolibrary.org/obo/CL_1000312,true,http://purl.obolibrary.org/obo/CL_0000066,epithelial cell,,
sc_transcriptomics,popv,large intestine goblet cell,http://purl.obolibrary.org/obo/CL_1000320,true,http://purl.obolibrary.org/obo/CL_0000066,epithelial cell,,
sc_transcriptomics,popv,tracheal goblet cell,http://purl.obolibrary.org/obo/CL_1000329,true,http://purl.obolibrary.org/obo/CL_0000066,epithelial cell,,
sc_transcriptomics,celltypist,enterocyte of epithelium of small intestine,http://purl.obolibrary.org/obo/CL_1000334,true,http://purl.obolibrary.org/obo/CL_0000066,epithelial cell,,
sc_transcriptomics,popv,enterocyte of epithelium of small intestine,http://purl.obolibrary.org/obo/CL_1000334,true,http://purl.obolibrary.org/obo/CL_0000066,epithelial cell,,
sc_transcriptomics,popv,paneth cell of epithelium of small intestine,http://purl.obolibrary.org/obo/CL_1000343,true,http://purl.obolibrary.org/obo/CL_0000066,epithelial cell,,
sc_transcriptomics,celltypist,colonocyte,http://purl.obolibrary.org/obo/CL_1000347,true,http://purl.obolibrary.org/obo/CL_0000066,epithelial cell,,
sc_transcriptomics,pan-human-azimuth,colonocyte,http://purl.obolibrary.org/obo/CL_1000347,true,http://purl.obolibrary.org/obo/CL_0000066,epithelial cell,,
sc_transcriptomics,azimuth,endothelial cell of hepatic sinusoid,http://purl.obolibrary.org/obo/CL_1000398,true,http://purl.obolibrary.org/obo/CL_0000115,endothelial cell,,
sc_transcriptomics,popv,endothelial cell of hepatic sinusoid,http://purl.obolibrary.org/obo/CL_1000398,true,http://purl.obolibrary.org/obo/CL_0000115,endothelial cell,,
sc_transcriptomics,azimuth,endothelial cell of arteriole,http://purl.obolibrary.org/obo/CL_1000412,true,http://purl.obolibrary.org/obo/CL_0000115,endothelial cell,,
sc_transcriptomics,celltypist,endothelial cell of arteriole,http://purl.obolibrary.org/obo/CL_1000412,true,http://purl.obolibrary.org/obo/CL_0000115,endothelial cell,,
sc_transcriptomics,azimuth,endothelial cell of artery,http://purl.obolibrary.org/obo/CL_1000413,true,http://purl.obolibrary.org/obo/CL_0000115,endothelial cell,,
sc_transcriptomics,popv,endothelial cell of artery,http://purl.obolibrary.org/obo/CL_1000413,true,http://purl.obolibrary.org/obo/CL_0000115,endothelial cell,,
sc_transcriptomics,celltypist,endothelial cell of artery,http://purl.obolibrary.org/obo/CL_1000413,true,http://purl.obolibrary.org/obo/CL_0000115,endothelial cell,,
sc_transcriptomics,pan-human-azimuth,endothelial cell of artery,http://purl.obolibrary.org/obo/CL_1000413,true,http://purl.obolibrary.org/obo/CL_0000115,endothelial cell,,
sc_proteomics,vccf,endothelial cell of artery,http://purl.obolibrary.org/obo/CL_1000413,true,http://purl.obolibrary.org/obo/CL_0000115,endothelial cell,,
sc_transcriptomics,frmatch,endothelial cell of artery,http://purl.obolibrary.org/obo/CL_1000413,true,http://purl.obolibrary.org/obo/CL_0000115,endothelial cell,,
sc_transcriptomics,celltypist,endothelial cell of venule,http://purl.obolibrary.org/obo/CL_1000414,true,http://purl.obolibrary.org/obo/CL_0000115,endothelial cell,,
sc_transcriptomics,pan-human-azimuth,chromaffin cell of adrenal gland,http://purl.obolibrary.org/obo/CL_1000426,true,http://purl.obolibrary.org/obo/CL_0002319,neural cell,http://purl.obolibrary.org/obo/CL_0000540,neuron
sc_transcriptomics,popv,conjunctival epithelial cell,http://purl.obolibrary.org/obo/CL_1000432,true,http://purl.obolibrary.org/obo/CL_0000066,epithelial cell,,
sc_transcriptomics,pan-human-azimuth,conjunctival epithelial cell,http://purl.obolibrary.org/obo/CL_1000432,true,http://purl.obolibrary.org/obo/CL_0000066,epithelial cell,,
sc_transcriptomics,popv,epithelial cell of lacrimal sac,http://purl.obolibrary.org/obo/CL_1000436,true,http://purl.obolibrary.org/obo/CL_0000066,epithelial cell,,
sc_transcriptomics,azimuth,parietal epithelial cell,http://purl.obolibrary.org/obo/CL_1000452,true,http://purl.obolibrary.org/obo/CL_0000066,epithelial cell,,
sc_transcriptomics,celltypist,parietal epithelial cell,http://purl.obolibrary.org/obo/CL_1000452,true,http://purl.obolibrary.org/obo/CL_0000066,epithelial cell,,
sc_transcriptomics,celltypist,melanocyte of skin,http://purl.obolibrary.org/obo/CL_1000458,true,http://purl.obolibrary.org/obo/CL_0000148,melanocyte,,
sc_transcriptomics,celltypist,cardiac pacemaker cell of sinoatrial node,http://purl.obolibrary.org/obo/CL_1000477,true,http://purl.obolibrary.org/obo/CL_0000187,muscle cell,,
sc_transcriptomics,azimuth,cholangiocyte,http://purl.obolibrary.org/obo/CL_1000488,true,http://purl.obolibrary.org/obo/CL_0000066,epithelial cell,,
sc_transcriptomics,celltypist,cholangiocyte,http://purl.obolibrary.org/obo/CL_1000488,true,http://purl.obolibrary.org/obo/CL_0000066,epithelial cell,,
sc_transcriptomics,pan-human-azimuth,cholangiocyte,http://purl.obolibrary.org/obo/CL_1000488,true,http://purl.obolibrary.org/obo/CL_0000066,epithelial cell,,
sc_transcriptomics,celltypist,mesothelial cell of pleura,http://purl.obolibrary.org/obo/CL_1000491,true,http://purl.obolibrary.org/obo/CL_0000066,epithelial cell,,
sc_transcriptomics,azimuth,mesothelial cell of visceral pleura,http://purl.obolibrary.org/obo/CL_1000493,true,http://purl.obolibrary.org/obo/CL_0000066,epithelial cell,,
sc_transcriptomics,popv,small intestine goblet cell,http://purl.obolibrary.org/obo/CL_1000495,true,http://purl.obolibrary.org/obo/CL_0000066,epithelial cell,,
sc_transcriptomics,azimuth,kidney inner medulla collecting duct epithelial cell,http://purl.obolibrary.org/obo/CL_1000547,true,http://purl.obolibrary.org/obo/CL_0000066,epithelial cell,,
sc_transcriptomics,celltypist,kidney inner medulla collecting duct epithelial cell,http://purl.obolibrary.org/obo/CL_1000547,true,http://purl.obolibrary.org/obo/CL_0000066,epithelial cell,,
sc_transcriptomics,celltypist,kidney interstitial fibroblast,http://purl.obolibrary.org/obo/CL_1000692,true,http://purl.obolibrary.org/obo/CL_0002320,connective tissue cell,http://purl.obolibrary.org/obo/CL_0000499,stromal cell
sc_transcriptomics,azimuth,kidney interstitial fibroblast,http://purl.obolibrary.org/obo/CL_1000692,true,http://purl.obolibrary.org/obo/CL_0002320,connective tissue cell,http://purl.obolibrary.org/obo/CL_0000499,stromal cell
sc_transcriptomics,azimuth,kidney cortex collecting duct principal cell,http://purl.obolibrary.org/obo/CL_1000714,true,http://purl.obolibrary.org/obo/CL_0000066,epithelial cell,,
sc_transcriptomics,azimuth,kidney cortex collecting duct intercalated cell,http://purl.obolibrary.org/obo/CL_1000715,true,http://purl.obolibrary.org/obo/CL_0000066,epithelial cell,,
sc_transcriptomics,azimuth,kidney outer medulla collecting duct principal cell,http://purl.obolibrary.org/obo/CL_1000716,true,http://purl.obolibrary.org/obo/CL_0000066,epithelial cell,,
sc_transcriptomics,azimuth,kidney outer medulla collecting duct intercalated cell,http://purl.obolibrary.org/obo/CL_1000717,true,http://purl.obolibrary.org/obo/CL_0000066,epithelial cell,,
sc_transcriptomics,azimuth,kidney connecting tubule epithelial cell,http://purl.obolibrary.org/obo/CL_1000768,true,http://purl.obolibrary.org/obo/CL_0000066,epithelial cell,,
sc_transcriptomics,celltypist,kidney connecting tubule epithelial cell,http://purl.obolibrary.org/obo/CL_1000768,true,http://purl.obolibrary.org/obo/CL_0000066,epithelial cell,,
sc_transcriptomics,azimuth,kidney distal convoluted tubule epithelial cell,http://purl.obolibrary.org/obo/CL_1000849,true,http://purl.obolibrary.org/obo/CL_0000066,epithelial cell,,
sc_transcriptomics,celltypist,kidney distal convoluted tubule epithelial cell,http://purl.obolibrary.org/obo/CL_1000849,true,http://purl.obolibrary.org/obo/CL_0000066,epithelial cell,,
sc_transcriptomics,azimuth,macula densa epithelial cell,http://purl.obolibrary.org/obo/CL_1000850,true,http://purl.obolibrary.org/obo/CL_0000066,epithelial cell,,
sc_transcriptomics,pan-human-azimuth,kidney loop of Henle epithelial cell,http://purl.obolibrary.org/obo/CL_1000909,true,http://purl.obolibrary.org/obo/CL_0000066,epithelial cell,,
sc_transcriptomics,azimuth,glomerular capillary endothelial cell,http://purl.obolibrary.org/obo/CL_1001005,true,http://purl.obolibrary.org/obo/CL_0000115,endothelial cell,,
sc_transcriptomics,celltypist,glomerular capillary endothelial cell,http://purl.obolibrary.org/obo/CL_1001005,true,http://purl.obolibrary.org/obo/CL_0000115,endothelial cell,,
sc_transcriptomics,azimuth,peritubular capillary endothelial cell,http://purl.obolibrary.org/obo/CL_1001033,true,http://purl.obolibrary.org/obo/CL_0000115,endothelial cell,,
sc_transcriptomics,celltypist,peritubular capillary endothelial cell,http://purl.obolibrary.org/obo/CL_1001033,true,http://purl.obolibrary.org/obo/CL_0000115,endothelial cell,,
sc_transcriptomics,azimuth,kidney loop of Henle thick ascending limb epithelial cell,http://purl.obolibrary.org/obo/CL_1001106,true,http://purl.obolibrary.org/obo/CL_0000066,epithelial cell,,
sc_transcriptomics,celltypist,kidney loop of Henle thick ascending limb epithelial cell,http://purl.obolibrary.org/obo/CL_1001106,true,http://purl.obolibrary.org/obo/CL_0000066,epithelial cell,,
sc_transcriptomics,azimuth,kidney loop of Henle thin ascending limb epithelial cell,http://purl.obolibrary.org/obo/CL_1001107,true,http://purl.obolibrary.org/obo/CL_0000066,epithelial cell,,
sc_transcriptomics,celltypist,kidney loop of Henle thin ascending limb epithelial cell,http://purl.obolibrary.org/obo/CL_1001107,true,http://purl.obolibrary.org/obo/CL_0000066,epithelial cell,,
sc_transcriptomics,azimuth,kidney loop of Henle medullary thick ascending limb epithelial cell,http://purl.obolibrary.org/obo/CL_1001108,true,http://purl.obolibrary.org/obo/CL_0000066,epithelial cell,,
sc_transcriptomics,celltypist,kidney loop of Henle medullary thick ascending limb epithelial cell,http://purl.obolibrary.org/obo/CL_1001108,true,http://purl.obolibrary.org/obo/CL_0000066,epithelial cell,,
sc_transcriptomics,azimuth,kidney loop of Henle cortical thick ascending limb epithelial cell,http://purl.obolibrary.org/obo/CL_1001109,true,http://purl.obolibrary.org/obo/CL_0000066,epithelial cell,,
sc_transcriptomics,celltypist,kidney loop of Henle cortical thick ascending limb epithelial cell,http://purl.obolibrary.org/obo/CL_1001109,true,http://purl.obolibrary.org/obo/CL_0000066,epithelial cell,,
sc_transcriptomics,azimuth,kidney loop of Henle thin descending limb epithelial cell,http://purl.obolibrary.org/obo/CL_1001111,true,http://purl.obolibrary.org/obo/CL_0000066,epithelial cell,,
sc_transcriptomics,celltypist,kidney loop of Henle thin descending limb epithelial cell,http://purl.obolibrary.org/obo/CL_1001111,true,http://purl.obolibrary.org/obo/CL_0000066,epithelial cell,,
sc_transcriptomics,azimuth,vasa recta ascending limb cell,http://purl.obolibrary.org/obo/CL_1001131,true,http://purl.obolibrary.org/obo/CL_0000115,endothelial cell,,
sc_transcriptomics,celltypist,vasa recta ascending limb cell,http://purl.obolibrary.org/obo/CL_1001131,true,http://purl.obolibrary.org/obo/CL_0000115,endothelial cell,,
sc_transcriptomics,azimuth,vasa recta descending limb cell,http://purl.obolibrary.org/obo/CL_1001285,true,http://purl.obolibrary.org/obo/CL_0000115,endothelial cell,,
sc_transcriptomics,celltypist,vasa recta descending limb cell,http://purl.obolibrary.org/obo/CL_1001285,true,http://purl.obolibrary.org/obo/CL_0000115,endothelial cell,,
sc_transcriptomics,popv,bladder urothelial cell,http://purl.obolibrary.org/obo/CL_1001428,true,http://purl.obolibrary.org/obo/CL_0000066,epithelial cell,,
sc_transcriptomics,celltypist,kidney collecting duct intercalated cell,http://purl.obolibrary.org/obo/CL_1001432,true,http://purl.obolibrary.org/obo/CL_0000066,epithelial cell,,
sc_transcriptomics,pan-human-azimuth,medium spiny neuron,http://purl.obolibrary.org/obo/CL_1001474,true,http://purl.obolibrary.org/obo/CL_0002319,neural cell,http://purl.obolibrary.org/obo/CL_0000540,neuron
sc_transcriptomics,popv,intestinal enteroendocrine cell,http://purl.obolibrary.org/obo/CL_1001516,true,http://purl.obolibrary.org/obo/CL_0000066,epithelial cell,,
sc_transcriptomics,azimuth,pulmonary artery endothelial cell,http://purl.obolibrary.org/obo/CL_1001568,true,http://purl.obolibrary.org/obo/CL_0000115,endothelial cell,,
sc_transcriptomics,celltypist,hippocampal interneuron,http://purl.obolibrary.org/obo/CL_1001569,true,http://purl.obolibrary.org/obo/CL_0002319,neural cell,http://purl.obolibrary.org/obo/CL_0000540,neuron
sc_transcriptomics,celltypist,hippocampal pyramidal neuron,http://purl.obolibrary.org/obo/CL_1001571,true,http://purl.obolibrary.org/obo/CL_0002319,neural cell,http://purl.obolibrary.org/obo/CL_0000540,neuron
sc_transcriptomics,pan-human-azimuth,adrenal gland glandular cell,http://purl.obolibrary.org/obo/CL_1001601,true,http://purl.obolibrary.org/obo/CL_0000066,epithelial cell,,
sc_transcriptomics,azimuth,lung macrophage,http://purl.obolibrary.org/obo/CL_1001603,true,http://purl.obolibrary.org/obo/CL_0000988,hematopoietic cell,http://purl.obolibrary.org/obo/CL_0000235,macrophage
sc_transcriptomics,celltypist,lung macrophage,http://purl.obolibrary.org/obo/CL_1001603,true,http://purl.obolibrary.org/obo/CL_0000988,hematopoietic cell,http://purl.obolibrary.org/obo/CL_0000235,macrophage
sc_proteomics,vccf,lung macrophage,http://purl.obolibrary.org/obo/CL_1001603,true,http://purl.obolibrary.org/obo/CL_0000988,hematopoietic cell,http://purl.obolibrary.org/obo/CL_0000235,macrophage
sc_transcriptomics,frmatch,lung macrophage,http://purl.obolibrary.org/obo/CL_1001603,true,http://purl.obolibrary.org/obo/CL_0000988,hematopoietic cell,http://purl.obolibrary.org/obo/CL_0000235,macrophage
sc_proteomics,vccf,secretory epithelial cell,http://purl.obolibrary.org/obo/CL_1100001,true,http://purl.obolibrary.org/obo/CL_0000066,epithelial cell,,
sc_transcriptomics,azimuth,tonsil germinal center B cell,http://purl.obolibrary.org/obo/CL_2000006,true,http://purl.obolibrary.org/obo/CL_0000988,hematopoietic cell,http://purl.obolibrary.org/obo/CL_0000236,B cell
sc_transcriptomics,popv,microvascular endothelial cell,http://purl.obolibrary.org/obo/CL_2000008,true,http://purl.obolibrary.org/obo/CL_0000115,endothelial cell,,
sc_transcriptomics,popv,lung microvascular endothelial cell,http://purl.obolibrary.org/obo/CL_2000016,true,http://purl.obolibrary.org/obo/CL_0000115,endothelial cell,,
sc_transcriptomics,pan-human-azimuth,ventricular cardiac muscle cell,http://purl.obolibrary.org/obo/CL_2000046,true,http://purl.obolibrary.org/obo/CL_0000187,muscle cell,,
sc_transcriptomics,popv,liver dendritic cell,http://purl.obolibrary.org/obo/CL_2000055,true,http://purl.obolibrary.org/obo/CL_0000988,hematopoietic cell,http://purl.obolibrary.org/obo/CL_0000451,dendritic cell
sc_transcriptomics,pan-human-azimuth,placental villous trophoblast,http://purl.obolibrary.org/obo/CL_2000060,true,http://purl.obolibrary.org/obo/CL_0000349,extraembryonic cell,,
sc_transcriptomics,azimuth,mesenchymal stem cell of abdominal adipose tissue,http://purl.obolibrary.org/obo/CL_2000080,true,http://purl.obolibrary.org/obo/CL_0000034,stem cell,,
sc_transcriptomics,celltypist,dentate gyrus granule cell,http://purl.obolibrary.org/obo/CL_2000089,true,http://purl.obolibrary.org/obo/CL_0002319,neural cell,http://purl.obolibrary.org/obo/CL_0000540,neuron
sc_transcriptomics,frmatch,bronchus fibroblast of lung,http://purl.obolibrary.org/obo/CL_2000093,true,http://purl.obolibrary.org/obo/CL_0002320,connective tissue cell,http://purl.obolibrary.org/obo/CL_0000499,stromal cell
sc_transcriptomics,pan-human-azimuth,Hofbauer cell,http://purl.obolibrary.org/obo/CL_3000001,true,http://purl.obolibrary.org/obo/CL_0000988,hematopoietic cell,http://purl.obolibrary.org/obo/CL_0000235,macrophage
sc_proteomics,vccf,Hofbauer cell,http://purl.obolibrary.org/obo/CL_3000001,true,http://purl.obolibrary.org/obo/CL_0000988,hematopoietic cell,http://purl.obolibrary.org/obo/CL_0000235,macrophage
sc_transcriptomics,popv,fibroblast of breast,http://purl.obolibrary.org/obo/CL_4006000,true,http://purl.obolibrary.org/obo/CL_0002320,connective tissue cell,http://purl.obolibrary.org/obo/CL_0000499,stromal cell
sc_transcriptomics,azimuth,lamp5 GABAergic cortical interneuron,http://purl.obolibrary.org/obo/CL_4023011,true,http://purl.obolibrary.org/obo/CL_0002319,neural cell,http://purl.obolibrary.org/obo/CL_0000540,neuron
sc_transcriptomics,pan-human-azimuth,VIP GABAergic cortical interneuron,http://purl.obolibrary.org/obo/CL_4023016,true,http://purl.obolibrary.org/obo/CL_0002319,neural cell,http://purl.obolibrary.org/obo/CL_0000540,neuron
sc_transcriptomics,azimuth,VIP GABAergic cortical interneuron,http://purl.obolibrary.org/obo/CL_4023016,true,http://purl.obolibrary.org/obo/CL_0002319,neural cell,http://purl.obolibrary.org/obo/CL_0000540,neuron
sc_transcriptomics,pan-human-azimuth,sst GABAergic cortical interneuron,http://purl.obolibrary.org/obo/CL_4023017,true,http://purl.obolibrary.org/obo/CL_0002319,neural cell,http://purl.obolibrary.org/obo/CL_0000540,neuron
sc_transcriptomics,azimuth,sst GABAergic cortical interneuron,http://purl.obolibrary.org/obo/CL_4023017,true,http://purl.obolibrary.org/obo/CL_0002319,neural cell,http://purl.obolibrary.org/obo/CL_0000540,neuron
sc_transcriptomics,azimuth,pvalb GABAergic cortical interneuron,http://purl.obolibrary.org/obo/CL_4023018,true,http://purl.obolibrary.org/obo/CL_0002319,neural cell,http://purl.obolibrary.org/obo/CL_0000540,neuron
sc_transcriptomics,pan-human-azimuth,direct pathway medium spiny neuron,http://purl.obolibrary.org/obo/CL_4023026,true,http://purl.obolibrary.org/obo/CL_0002319,neural cell,http://purl.obolibrary.org/obo/CL_0000540,neuron
sc_transcriptomics,pan-human-azimuth,indirect pathway medium spiny neuron,http://purl.obolibrary.org/obo/CL_4023029,true,http://purl.obolibrary.org/obo/CL_0002319,neural cell,http://purl.obolibrary.org/obo/CL_0000540,neuron
sc_transcriptomics,pan-human-azimuth,amygdala excitatory neuron,http://purl.obolibrary.org/obo/CL_4023039,true,http://purl.obolibrary.org/obo/CL_0002319,neural cell,http://purl.obolibrary.org/obo/CL_0000540,neuron
sc_transcriptomics,azimuth,L6 corticothalamic-projecting glutamatergic cortical neuron,http://purl.obolibrary.org/obo/CL_4023042,true,http://purl.obolibrary.org/obo/CL_0002319,neural cell,http://purl.obolibrary.org/obo/CL_0000540,neuron
sc_transcriptomics,azimuth,L5/6 near-projecting glutamatergic neuron of the primary motor cortex,http://purl.obolibrary.org/obo/CL_4023043,true,http://purl.obolibrary.org/obo/CL_0002319,neural cell,http://purl.obolibrary.org/obo/CL_0000540,neuron
sc_transcriptomics,azimuth,L6b glutamatergic neuron of the primary motor cortex,http://purl.obolibrary.org/obo/CL_4023046,true,http://purl.obolibrary.org/obo/CL_0002319,neural cell,http://purl.obolibrary.org/obo/CL_0000540,neuron
sc_transcriptomics,azimuth,L2/3 intratelencephalic projecting glutamatergic neuron of the primary motor cortex,http://purl.obolibrary.org/obo/CL_4023047,true,http://purl.obolibrary.org/obo/CL_0002319,neural cell,http://purl.obolibrary.org/obo/CL_0000540,neuron
sc_transcriptomics,azimuth,L5 intratelencephalic projecting glutamatergic neuron of the primary motor cortex,http://purl.obolibrary.org/obo/CL_4023049,true,http://purl.obolibrary.org/obo/CL_0002319,neural cell,http://purl.obolibrary.org/obo/CL_0000540,neuron
sc_transcriptomics,azimuth,L6 intratelencephalic projecting glutamatergic neuron of the primary motor cortex,http://purl.obolibrary.org/obo/CL_4023050,true,http://purl.obolibrary.org/obo/CL_0002319,neural cell,http://purl.obolibrary.org/obo/CL_0000540,neuron
sc_transcriptomics,celltypist,vascular leptomeningeal cell,http://purl.obolibrary.org/obo/CL_4023051,true,http://purl.obolibrary.org/obo/CL_0002320,connective tissue cell,http://purl.obolibrary.org/obo/CL_0000499,stromal cell
sc_transcriptomics,azimuth,vascular leptomeningeal cell,http://purl.obolibrary.org/obo/CL_4023051,true,http://purl.obolibrary.org/obo/CL_0002320,connective tissue cell,http://purl.obolibrary.org/obo/CL_0000499,stromal cell
sc_transcriptomics,celltypist,mesothelial fibroblast,http://purl.obolibrary.org/obo/CL_4023054,true,http://purl.obolibrary.org/obo/CL_0002320,connective tissue cell,http://purl.obolibrary.org/obo/CL_0000499,stromal cell
sc_transcriptomics,pan-human-azimuth,caudal ganglionic eminence derived cortical interneuron,http://purl.obolibrary.org/obo/CL_4023064,true,http://purl.obolibrary.org/obo/CL_0002319,neural cell,http://purl.obolibrary.org/obo/CL_0000540,neuron
sc_transcriptomics,pan-human-azimuth,thalamic excitatory neuron,http://purl.obolibrary.org/obo/CL_4023068,true,http://purl.obolibrary.org/obo/CL_0002319,neural cell,http://purl.obolibrary.org/obo/CL_0000540,neuron
sc_transcriptomics,pan-human-azimuth,medial ganglionic eminence derived GABAergic cortical interneuron,http://purl.obolibrary.org/obo/CL_4023069,true,http://purl.obolibrary.org/obo/CL_0002319,neural cell,http://purl.obolibrary.org/obo/CL_0000540,neuron
sc_transcriptomics,pan-human-azimuth,mammillary body neuron,http://purl.obolibrary.org/obo/CL_4023074,true,http://purl.obolibrary.org/obo/CL_0002319,neural cell,http://purl.obolibrary.org/obo/CL_0000540,neuron
sc_transcriptomics,pan-human-azimuth,midbrain-derived inhibitory neuron,http://purl.obolibrary.org/obo/CL_4023079,true,http://purl.obolibrary.org/obo/CL_0002319,neural cell,http://purl.obolibrary.org/obo/CL_0000540,neuron
sc_transcriptomics,azimuth,sst chodl GABAergic cortical interneuron,http://purl.obolibrary.org/obo/CL_4023121,true,http://purl.obolibrary.org/obo/CL_0002319,neural cell,http://purl.obolibrary.org/obo/CL_0000540,neuron
sc_transcriptomics,frmatch,pulmonary capillary endothelial cell,http://purl.obolibrary.org/obo/CL_4028001,true,http://purl.obolibrary.org/obo/CL_0000115,endothelial cell,,
sc_transcriptomics,azimuth,alveolar capillary type 1 endothelial cell,http://purl.obolibrary.org/obo/CL_4028002,true,http://purl.obolibrary.org/obo/CL_0000115,endothelial cell,,
sc_transcriptomics,azimuth,alveolar capillary type 2 endothelial cell,http://purl.obolibrary.org/obo/CL_4028003,true,http://purl.obolibrary.org/obo/CL_0000115,endothelial cell,,
sc_transcriptomics,pan-human-azimuth,alveolar capillary type 2 endothelial cell,http://purl.obolibrary.org/obo/CL_4028003,true,http://purl.obolibrary.org/obo/CL_0000115,endothelial cell,,
sc_transcriptomics,celltypist,alveolar capillary type 2 endothelial cell,http://purl.obolibrary.org/obo/CL_4028003,true,http://purl.obolibrary.org/obo/CL_0000115,endothelial cell,,
sc_transcriptomics,azimuth,alveolar type 1 fibroblast cell,http://purl.obolibrary.org/obo/CL_4028004,true,http://purl.obolibrary.org/obo/CL_0002320,connective tissue cell,http://purl.obolibrary.org/obo/CL_0000499,stromal cell
sc_transcriptomics,celltypist,alveolar type 1 fibroblast cell,http://purl.obolibrary.org/obo/CL_4028004,true,http://purl.obolibrary.org/obo/CL_0002320,connective tissue cell,http://purl.obolibrary.org/obo/CL_0000499,stromal cell
sc_transcriptomics,popv,alveolar adventitial fibroblast,http://purl.obolibrary.org/obo/CL_4028006,true,http://purl.obolibrary.org/obo/CL_0002320,connective tissue cell,http://purl.obolibrary.org/obo/CL_0000499,stromal cell
sc_transcriptomics,celltypist,alveolar adventitial fibroblast,http://purl.obolibrary.org/obo/CL_4028006,true,http://purl.obolibrary.org/obo/CL_0002320,connective tissue cell,http://purl.obolibrary.org/obo/CL_0000499,stromal cell
sc_transcriptomics,celltypist,kidney collecting duct beta-intercalated cell,http://purl.obolibrary.org/obo/CL_4030005,true,http://purl.obolibrary.org/obo/CL_0000066,epithelial cell,,
sc_transcriptomics,azimuth,epithelial cell of proximal tubule segment 1,http://purl.obolibrary.org/obo/CL_4030009,true,http://purl.obolibrary.org/obo/CL_0000066,epithelial cell,,
sc_transcriptomics,azimuth,epithelial cell of proximal tubule segment 2,http://purl.obolibrary.org/obo/CL_4030010,true,http://purl.obolibrary.org/obo/CL_0000066,epithelial cell,,
sc_transcriptomics,azimuth,epithelial cell of proximal tubule segment 3,http://purl.obolibrary.org/obo/CL_4030011,true,http://purl.obolibrary.org/obo/CL_0000066,epithelial cell,,
sc_transcriptomics,celltypist,epithelial cell of proximal tubule segment 3,http://purl.obolibrary.org/obo/CL_4030011,true,http://purl.obolibrary.org/obo/CL_0000066,epithelial cell,,
sc_transcriptomics,azimuth,kidney loop of Henle short descending thin limb epithelial cell,http://purl.obolibrary.org/obo/CL_4030012,true,http://purl.obolibrary.org/obo/CL_0000066,epithelial cell,,
sc_transcriptomics,azimuth,kidney loop of Henle long descending thin limb outer medulla epithelial cell,http://purl.obolibrary.org/obo/CL_4030013,true,http://purl.obolibrary.org/obo/CL_0000066,epithelial cell,,
sc_transcriptomics,azimuth,kidney loop of Henle long descending thin limb inner medulla epithelial cell,http://purl.obolibrary.org/obo/CL_4030014,true,http://purl.obolibrary.org/obo/CL_0000066,epithelial cell,,
sc_transcriptomics,celltypist,kidney collecting duct alpha-intercalated cell,http://purl.obolibrary.org/obo/CL_4030015,true,http://purl.obolibrary.org/obo/CL_0000066,epithelial cell,,
sc_transcriptomics,azimuth,epithelial cell of early distal convoluted tubule,http://purl.obolibrary.org/obo/CL_4030016,true,http://purl.obolibrary.org/obo/CL_0000066,epithelial cell,,
sc_transcriptomics,azimuth,epithelial cell of late distal convoluted tubule,http://purl.obolibrary.org/obo/CL_4030017,true,http://purl.obolibrary.org/obo/CL_0000066,epithelial cell,,
sc_transcriptomics,azimuth,kidney connecting tubule principal cell,http://purl.obolibrary.org/obo/CL_4030018,true,http://purl.obolibrary.org/obo/CL_0000066,epithelial cell,,
sc_transcriptomics,azimuth,kidney connecting tubule alpha-intercalated cell,http://purl.obolibrary.org/obo/CL_4030020,true,http://purl.obolibrary.org/obo/CL_0000066,epithelial cell,,
sc_transcriptomics,azimuth,renal medullary fibroblast,http://purl.obolibrary.org/obo/CL_4030022,true,http://purl.obolibrary.org/obo/CL_0002320,connective tissue cell,http://purl.obolibrary.org/obo/CL_0000499,stromal cell
sc_transcriptomics,celltypist,renal medullary fibroblast,http://purl.obolibrary.org/obo/CL_4030022,true,http://purl.obolibrary.org/obo/CL_0002320,connective tissue cell,http://purl.obolibrary.org/obo/CL_0000499,stromal cell
sc_transcriptomics,frmatch,respiratory tract hillock cell,http://purl.obolibrary.org/obo/CL_4030023,true,http://purl.obolibrary.org/obo/CL_0000066,epithelial cell,,
sc_transcriptomics,celltypist,BEST4+ enterocyte,http://purl.obolibrary.org/obo/CL_4030026,true,http://purl.obolibrary.org/obo/CL_0000066,epithelial cell,,
sc_transcriptomics,pan-human-azimuth,BEST4+ enterocyte,http://purl.obolibrary.org/obo/CL_4030026,true,http://purl.obolibrary.org/obo/CL_0000066,epithelial cell,,
sc_proteomics,vccf,BEST4+ enterocyte,http://purl.obolibrary.org/obo/CL_4030026,true,http://purl.obolibrary.org/obo/CL_0000066,epithelial cell,,
sc_transcriptomics,frmatch,respiratory tract multiciliated cell,http://purl.obolibrary.org/obo/CL_4030034,true,http://purl.obolibrary.org/obo/CL_0000066,epithelial cell,,
sc_transcriptomics,pan-human-azimuth,eccentric medium spiny neuron,http://purl.obolibrary.org/obo/CL_4030057,true,http://purl.obolibrary.org/obo/CL_0002319,neural cell,http://purl.obolibrary.org/obo/CL_0000540,neuron
sc_transcriptomics,azimuth,L6 intratelencephalic projecting Car3 glutamatergic neuron,http://purl.obolibrary.org/obo/CL_4030068,true,http://purl.obolibrary.org/obo/CL_0002319,neural cell,http://purl.obolibrary.org/obo/CL_0000540,neuron
sc_transcriptomics,azimuth,serous secreting cell of bronchus submucosal gland,http://purl.obolibrary.org/obo/CL_4033005,true,http://purl.obolibrary.org/obo/CL_0000152,exocrine cell,,
sc_transcriptomics,celltypist,serous secreting cell of bronchus submucosal gland,http://purl.obolibrary.org/obo/CL_4033005,true,http://purl.obolibrary.org/obo/CL_0000152,exocrine cell,,
sc_transcriptomics,azimuth,vein endothelial cell of respiratory system,http://purl.obolibrary.org/obo/CL_4033008,true,http://purl.obolibrary.org/obo/CL_0000115,endothelial cell,,
sc_transcriptomics,frmatch,vein endothelial cell of respiratory system,http://purl.obolibrary.org/obo/CL_4033008,true,http://purl.obolibrary.org/obo/CL_0000115,endothelial cell,,
sc_transcriptomics,azimuth,mucus secreting cell of bronchus submucosal gland,http://purl.obolibrary.org/obo/CL_4033022,true,http://purl.obolibrary.org/obo/CL_0000152,exocrine cell,,
sc_transcriptomics,celltypist,mucus secreting cell of bronchus submucosal gland,http://purl.obolibrary.org/obo/CL_4033022,true,http://purl.obolibrary.org/obo/CL_0000152,exocrine cell,,
sc_transcriptomics,frmatch,mucus secreting cell of bronchus submucosal gland,http://purl.obolibrary.org/obo/CL_4033022,true,http://purl.obolibrary.org/obo/CL_0000152,exocrine cell,,
sc_transcriptomics,celltypist,airway submucosal gland collecting duct epithelial cell,http://purl.obolibrary.org/obo/CL_4033023,true,http://purl.obolibrary.org/obo/CL_0000066,epithelial cell,,
sc_transcriptomics,azimuth,airway submucosal gland duct basal cell,http://purl.obolibrary.org/obo/CL_4033024,true,http://purl.obolibrary.org/obo/CL_0000034,stem cell,,
sc_proteomics,vccf,"lung resident memory CD4-positive, alpha-beta T cell",http://purl.obolibrary.org/obo/CL_4033038,true,http://purl.obolibrary.org/obo/CL_0000988,hematopoietic cell,http://purl.obolibrary.org/obo/CL_0000084,T cell
sc_proteomics,vccf,"lung resident memory CD8-positive, alpha-beta T cell",http://purl.obolibrary.org/obo/CL_4033039,true,http://purl.obolibrary.org/obo/CL_0000988,hematopoietic cell,http://purl.obolibrary.org/obo/CL_0000084,T cell
sc_transcriptomics,azimuth,CCL3-positive alveolar macrophage,http://purl.obolibrary.org/obo/CL_4033041,true,http://purl.obolibrary.org/obo/CL_0000988,hematopoietic cell,http://purl.obolibrary.org/obo/CL_0000235,macrophage
sc_transcriptomics,celltypist,CCL3-positive alveolar macrophage,http://purl.obolibrary.org/obo/CL_4033041,true,http://purl.obolibrary.org/obo/CL_0000988,hematopoietic cell,http://purl.obolibrary.org/obo/CL_0000235,macrophage
sc_transcriptomics,frmatch,CCL3-positive alveolar macrophage,http://purl.obolibrary.org/obo/CL_4033041,true,http://purl.obolibrary.org/obo/CL_0000988,hematopoietic cell,http://purl.obolibrary.org/obo/CL_0000235,macrophage
sc_transcriptomics,azimuth,metallothionein-positive alveolar macrophage,http://purl.obolibrary.org/obo/CL_4033042,true,http://purl.obolibrary.org/obo/CL_0000988,hematopoietic cell,http://purl.obolibrary.org/obo/CL_0000235,macrophage
sc_transcriptomics,celltypist,metallothionein-positive alveolar macrophage,http://purl.obolibrary.org/obo/CL_4033042,true,http://purl.obolibrary.org/obo/CL_0000988,hematopoietic cell,http://purl.obolibrary.org/obo/CL_0000235,macrophage
sc_transcriptomics,frmatch,metallothionein-positive alveolar macrophage,http://purl.obolibrary.org/obo/CL_4033042,true,http://purl.obolibrary.org/obo/CL_0000988,hematopoietic cell,http://purl.obolibrary.org/obo/CL_0000235,macrophage
sc_transcriptomics,azimuth,lung interstitial macrophage,http://purl.obolibrary.org/obo/CL_4033043,true,http://purl.obolibrary.org/obo/CL_0000988,hematopoietic cell,http://purl.obolibrary.org/obo/CL_0000235,macrophage
sc_transcriptomics,celltypist,lung interstitial macrophage,http://purl.obolibrary.org/obo/CL_4033043,true,http://purl.obolibrary.org/obo/CL_0000988,hematopoietic cell,http://purl.obolibrary.org/obo/CL_0000235,macrophage
sc_proteomics,vccf,lung interstitial macrophage,http://purl.obolibrary.org/obo/CL_4033043,true,http://purl.obolibrary.org/obo/CL_0000988,hematopoietic cell,http://purl.obolibrary.org/obo/CL_0000235,macrophage
sc_transcriptomics,azimuth,deuterosomal cell,http://purl.obolibrary.org/obo/CL_4033044,true,http://purl.obolibrary.org/obo/CL_0000066,epithelial cell,,
sc_transcriptomics,celltypist,deuterosomal cell,http://purl.obolibrary.org/obo/CL_4033044,true,http://purl.obolibrary.org/obo/CL_0000066,epithelial cell,,
sc_transcriptomics,frmatch,deuterosomal cell,http://purl.obolibrary.org/obo/CL_4033044,true,http://purl.obolibrary.org/obo/CL_0000066,epithelial cell,,
sc_transcriptomics,azimuth,lung migratory dendritic cell,http://purl.obolibrary.org/obo/CL_4033045,true,http://purl.obolibrary.org/obo/CL_0000988,hematopoietic cell,http://purl.obolibrary.org/obo/CL_0000451,dendritic cell
sc_transcriptomics,frmatch,lung migratory dendritic cell,http://purl.obolibrary.org/obo/CL_4033045,true,http://purl.obolibrary.org/obo/CL_0000988,hematopoietic cell,http://purl.obolibrary.org/obo/CL_0000451,dendritic cell
sc_transcriptomics,azimuth,respiratory tract suprabasal cell,http://purl.obolibrary.org/obo/CL_4033048,true,http://purl.obolibrary.org/obo/CL_0000066,epithelial cell,,
sc_transcriptomics,celltypist,respiratory tract suprabasal cell,http://purl.obolibrary.org/obo/CL_4033048,true,http://purl.obolibrary.org/obo/CL_0000066,epithelial cell,,
sc_transcriptomics,frmatch,respiratory tract suprabasal cell,http://purl.obolibrary.org/obo/CL_4033048,true,http://purl.obolibrary.org/obo/CL_0000066,epithelial cell,,
sc_transcriptomics,pan-human-azimuth,luminal adaptive secretory precursor cell of mammary gland,http://purl.obolibrary.org/obo/CL_4033057,true,http://purl.obolibrary.org/obo/CL_0000066,epithelial cell,,
sc_transcriptomics,pan-human-azimuth,luminal hormone-sensing cell of mammary gland,http://purl.obolibrary.org/obo/CL_4033058,true,http://purl.obolibrary.org/obo/CL_0000066,epithelial cell,,
sc_transcriptomics,azimuth,endothelial cell of central vein of liver,http://purl.obolibrary.org/obo/CL_4033061,true,http://purl.obolibrary.org/obo/CL_0000115,endothelial cell,,
sc_transcriptomics,azimuth,preplasmablast,http://purl.obolibrary.org/obo/CL_4033065,true,http://purl.obolibrary.org/obo/CL_0000988,hematopoietic cell,http://purl.obolibrary.org/obo/CL_0000236,B cell
sc_transcriptomics,celltypist,cycling B cell,http://purl.obolibrary.org/obo/CL_4033068,true,http://purl.obolibrary.org/obo/CL_0000988,hematopoietic cell,http://purl.obolibrary.org/obo/CL_0000236,B cell
sc_transcriptomics,pan-human-azimuth,cycling B cell,http://purl.obolibrary.org/obo/CL_4033068,true,http://purl.obolibrary.org/obo/CL_0000988,hematopoietic cell,http://purl.obolibrary.org/obo/CL_0000236,B cell
sc_proteomics,vccf,cycling B cell,http://purl.obolibrary.org/obo/CL_4033068,true,http://purl.obolibrary.org/obo/CL_0000988,hematopoietic cell,http://purl.obolibrary.org/obo/CL_0000236,B cell
sc_transcriptomics,azimuth,cycling T cell,http://purl.obolibrary.org/obo/CL_4033069,true,http://purl.obolibrary.org/obo/CL_0000988,hematopoietic cell,http://purl.obolibrary.org/obo/CL_0000084,T cell
sc_transcriptomics,celltypist,cycling T cell,http://purl.obolibrary.org/obo/CL_4033069,true,http://purl.obolibrary.org/obo/CL_0000988,hematopoietic cell,http://purl.obolibrary.org/obo/CL_0000084,T cell
sc_transcriptomics,pan-human-azimuth,cycling T cell,http://purl.obolibrary.org/obo/CL_4033069,true,http://purl.obolibrary.org/obo/CL_0000988,hematopoietic cell,http://purl.obolibrary.org/obo/CL_0000084,T cell
sc_transcriptomics,azimuth,cycling natural killer cell,http://purl.obolibrary.org/obo/CL_4033071,true,http://purl.obolibrary.org/obo/CL_0000988,hematopoietic cell,,
sc_transcriptomics,celltypist,cycling natural killer cell,http://purl.obolibrary.org/obo/CL_4033071,true,http://purl.obolibrary.org/obo/CL_0000988,hematopoietic cell,,
sc_transcriptomics,azimuth,"cycling CD8-positive, alpha-beta T cell",http://purl.obolibrary.org/obo/CL_4033074,true,http://purl.obolibrary.org/obo/CL_0000988,hematopoietic cell,http://purl.obolibrary.org/obo/CL_0000084,T cell
sc_transcriptomics,azimuth,"cycling CD4-positive, alpha-beta T cell",http://purl.obolibrary.org/obo/CL_4033075,true,http://purl.obolibrary.org/obo/CL_0000988,hematopoietic cell,http://purl.obolibrary.org/obo/CL_0000084,T cell
sc_transcriptomics,azimuth,cycling macrophage,http://purl.obolibrary.org/obo/CL_4033076,true,http://purl.obolibrary.org/obo/CL_0000988,hematopoietic cell,http://purl.obolibrary.org/obo/CL_0000235,macrophage
sc_transcriptomics,celltypist,cycling macrophage,http://purl.obolibrary.org/obo/CL_4033076,true,http://purl.obolibrary.org/obo/CL_0000988,hematopoietic cell,http://purl.obolibrary.org/obo/CL_0000235,macrophage
sc_transcriptomics,pan-human-azimuth,cycling macrophage,http://purl.obolibrary.org/obo/CL_4033076,true,http://purl.obolibrary.org/obo/CL_0000988,hematopoietic cell,http://purl.obolibrary.org/obo/CL_0000235,macrophage
sc_transcriptomics,azimuth,cycling alveolar macrophage,http://purl.obolibrary.org/obo/CL_4033077,true,http://purl.obolibrary.org/obo/CL_0000988,hematopoietic cell,http://purl.obolibrary.org/obo/CL_0000235,macrophage
sc_transcriptomics,celltypist,cycling alveolar macrophage,http://purl.obolibrary.org/obo/CL_4033077,true,http://purl.obolibrary.org/obo/CL_0000988,hematopoietic cell,http://purl.obolibrary.org/obo/CL_0000235,macrophage
sc_transcriptomics,azimuth,cycling mononuclear phagocyte,http://purl.obolibrary.org/obo/CL_4033078,true,http://purl.obolibrary.org/obo/CL_0000988,hematopoietic cell,,
sc_transcriptomics,azimuth,cycling endothelial cell of lymphatic vessel,http://purl.obolibrary.org/obo/CL_4033079,true,http://purl.obolibrary.org/obo/CL_0000115,endothelial cell,,
sc_transcriptomics,celltypist,cycling endothelial cell of lymphatic vessel,http://purl.obolibrary.org/obo/CL_4033079,true,http://purl.obolibrary.org/obo/CL_0000115,endothelial cell,,
sc_transcriptomics,azimuth,cycling pulmonary alveolar type 2 cell,http://purl.obolibrary.org/obo/CL_4033080,true,http://purl.obolibrary.org/obo/CL_0000066,epithelial cell,,
sc_transcriptomics,celltypist,cycling pulmonary alveolar type 2 cell,http://purl.obolibrary.org/obo/CL_4033080,true,http://purl.obolibrary.org/obo/CL_0000066,epithelial cell,,
sc_transcriptomics,pan-human-azimuth,cycling pulmonary alveolar type 2 cell,http://purl.obolibrary.org/obo/CL_4033080,true,http://purl.obolibrary.org/obo/CL_0000066,epithelial cell,,
sc_transcriptomics,azimuth,cycling myeloid cell,http://purl.obolibrary.org/obo/CL_4033081,true,http://purl.obolibrary.org/obo/CL_0000988,hematopoietic cell,,
sc_transcriptomics,pan-human-azimuth,cycling myeloid cell,http://purl.obolibrary.org/obo/CL_4033081,true,http://purl.obolibrary.org/obo/CL_0000988,hematopoietic cell,,
sc_proteomics,vccf,CD57-positive enterocyte,http://purl.obolibrary.org/obo/CL_4033092,true,http://purl.obolibrary.org/obo/CL_0000066,epithelial cell,,
sc_transcriptomics,celltypist,enteroglial cell,http://purl.obolibrary.org/obo/CL_4040002,true,http://purl.obolibrary.org/obo/CL_0002319,neural cell,http://purl.obolibrary.org/obo/CL_0000125,glial cell
sc_transcriptomics,pan-human-azimuth,protoplasmic astrocyte,http://purl.obolibrary.org/obo/CL_4042007,true,http://purl.obolibrary.org/obo/CL_0002319,neural cell,http://purl.obolibrary.org/obo/CL_0000540,neuron
sc_transcriptomics,pan-human-azimuth,fibrous astrocyte,http://purl.obolibrary.org/obo/CL_4042008,true,http://purl.obolibrary.org/obo/CL_0002319,neural cell,http://purl.obolibrary.org/obo/CL_0000540,neuron
sc_transcriptomics,azimuth,nasal serous secreting cell,http://purl.obolibrary.org/obo/CL_4042016,true,http://purl.obolibrary.org/obo/CL_0000152,exocrine cell,,
sc_transcriptomics,celltypist,cycling stromal cell,http://purl.obolibrary.org/obo/CL_4047001,true,http://purl.obolibrary.org/obo/CL_0002320,connective tissue cell,http://purl.obolibrary.org/obo/CL_0000499,stromal cell
sc_transcriptomics,celltypist,cycling glial cell,http://purl.obolibrary.org/obo/CL_4047002,true,http://purl.obolibrary.org/obo/CL_0002319,neural cell,http://purl.obolibrary.org/obo/CL_0000125,glial cell
sc_transcriptomics,pan-human-azimuth,cycling glial cell,http://purl.obolibrary.org/obo/CL_4047002,true,http://purl.obolibrary.org/obo/CL_0002319,neural cell,http://purl.obolibrary.org/obo/CL_0000125,glial cell
sc_transcriptomics,celltypist,cycling plasma cell,http://purl.obolibrary.org/obo/CL_4047003,true,http://purl.obolibrary.org/obo/CL_0000988,hematopoietic cell,,
sc_transcriptomics,celltypist,cycling type EC enteroendocrine cell,http://purl.obolibrary.org/obo/CL_4047004,true,http://purl.obolibrary.org/obo/CL_0002319,neural cell,http://purl.obolibrary.org/obo/CL_0000540,neuron
sc_transcriptomics,celltypist,fetal artery endothelial cell,http://purl.obolibrary.org/obo/CL_4047006,true,http://purl.obolibrary.org/obo/CL_0000115,endothelial cell,,
sc_transcriptomics,pan-human-azimuth,fetal artery endothelial cell,http://purl.obolibrary.org/obo/CL_4047006,true,http://purl.obolibrary.org/obo/CL_0000115,endothelial cell,,
sc_transcriptomics,celltypist,immature pericyte,http://purl.obolibrary.org/obo/CL_4047007,true,http://purl.obolibrary.org/obo/CL_0002320,connective tissue cell,,
sc_transcriptomics,celltypist,fetal vein endothelial cell,http://purl.obolibrary.org/obo/CL_4047011,true,http://purl.obolibrary.org/obo/CL_0000115,endothelial cell,,
sc_transcriptomics,pan-human-azimuth,fetal vein endothelial cell,http://purl.obolibrary.org/obo/CL_4047011,true,http://purl.obolibrary.org/obo/CL_0000115,endothelial cell,,
sc_transcriptomics,celltypist,angiogenic pericyte,http://purl.obolibrary.org/obo/CL_4047012,true,http://purl.obolibrary.org/obo/CL_0002320,connective tissue cell,,
sc_transcriptomics,pan-human-azimuth,transit amplifying cell of gut,http://purl.obolibrary.org/obo/CL_4047017,true,http://purl.obolibrary.org/obo/CL_0000066,epithelial cell,,
sc_transcriptomics,celltypist,post-arteriole capillary cell,http://purl.obolibrary.org/obo/CL_4047029,true,http://purl.obolibrary.org/obo/CL_0000115,endothelial cell,,
sc_transcriptomics,celltypist,pre-venule capillary cell,http://purl.obolibrary.org/obo/CL_4047030,true,http://purl.obolibrary.org/obo/CL_0000115,endothelial cell,,
sc_proteomics,vccf,migratory dendtritic cell,http://purl.obolibrary.org/obo/CL_4047054,true,http://purl.obolibrary.org/obo/CL_0000988,hematopoietic cell,http://purl.obolibrary.org/obo/CL_0000451,dendritic cell
sc_transcriptomics,azimuth,liver-resident natural killer cell,http://purl.obolibrary.org/obo/CL_4047101,true,http://purl.obolibrary.org/obo/CL_0000988,hematopoietic cell,,
sc_proteomics,vccf,crypt-top fibroblast,http://purl.obolibrary.org/obo/CL_4052009,true,http://purl.obolibrary.org/obo/CL_0002320,connective tissue cell,http://purl.obolibrary.org/obo/CL_0000499,stromal cell
sc_transcriptomics,pan-human-azimuth,granzyme K-associated CD8 T cell,http://purl.obolibrary.org/obo/CL_4052021,true,http://purl.obolibrary.org/obo/CL_0000988,hematopoietic cell,http://purl.obolibrary.org/obo/CL_0000084,T cell
sc_transcriptomics,azimuth,subpleural fibroblast,http://purl.obolibrary.org/obo/CL_4052029,true,http://purl.obolibrary.org/obo/CL_0002320,connective tissue cell,http://purl.obolibrary.org/obo/CL_0000499,stromal cell
sc_transcriptomics,azimuth,adventitial fibroblast,http://purl.obolibrary.org/obo/CL_4052030,true,http://purl.obolibrary.org/obo/CL_0002320,connective tissue cell,http://purl.obolibrary.org/obo/CL_0000499,stromal cell
sc_transcriptomics,azimuth,respiratory airway secretory cell,http://purl.obolibrary.org/obo/CL_4052031,true,http://purl.obolibrary.org/obo/CL_0000066,epithelial cell,,
sc_transcriptomics,azimuth,cell,http://purl.obolibrary.org/obo/CL_0000000,false,,,,
sc_proteomics,vccf,cell,http://purl.obolibrary.org/obo/CL_0000000,false,,,,
sc_transcriptomics,celltypist,cell,http://purl.obolibrary.org/obo/CL_0000000,false,,,,
sc_transcriptomics,deepcelltypes,cell,http://purl.obolibrary.org/obo/CL_0000000,false,,,,
sc_transcriptomics,pan-human-azimuth,cell,http://purl.obolibrary.org/obo/CL_0000000,false,,,,
sc_transcriptomics,celltypist,neuroblast (sensu Vertebrata),http://purl.obolibrary.org/obo/CL_0000031,false,,,,
sc_transcriptomics,popv,ciliated cell,http://purl.obolibrary.org/obo/CL_0000064,false,,,,
sc_transcriptomics,popv,surface ectodermal cell,http://purl.obolibrary.org/obo/CL_0000114,false,,,,
sc_transcriptomics,popv,secretory cell,http://purl.obolibrary.org/obo/CL_0000151,false,,,,
sc_transcriptomics,azimuth,seromucus secreting cell,http://purl.obolibrary.org/obo/CL_0000159,false,,,,
sc_transcriptomics,deepcelltypes-hubmap,endocrine cell,http://purl.obolibrary.org/obo/CL_0000163,false,,,,
sc_transcriptomics,pan-human-azimuth,endocrine cell,http://purl.obolibrary.org/obo/CL_0000163,false,,,,
sc_proteomics,vccf,endocrine cell,http://purl.obolibrary.org/obo/CL_0000163,false,,,,
sc_transcriptomics,deepcelltypes,endocrine cell,http://purl.obolibrary.org/obo/CL_0000163,false,,,,
sc_transcriptomics,pan-human-azimuth,Leydig cell,http://purl.obolibrary.org/obo/CL_0000178,false,,,,
sc_transcriptomics,pan-human-azimuth,cell of skeletal muscle,http://purl.obolibrary.org/obo/CL_0000188,false,,,,
sc_transcriptomics,celltypist,cell of skeletal muscle,http://purl.obolibrary.org/obo/CL_0000188,false,,,,
sc_proteomics,vccf,cell of skeletal muscle,http://purl.obolibrary.org/obo/CL_0000188,false,,,,
sc_transcriptomics,celltypist,mesodermal cell,http://purl.obolibrary.org/obo/CL_0000222,false,,,,
sc_transcriptomics,pan-human-azimuth,mesodermal cell,http://purl.obolibrary.org/obo/CL_0000222,false,,,,
sc_transcriptomics,azimuth,serous secreting cell,http://purl.obolibrary.org/obo/CL_0000313,false,,,,
sc_transcriptomics,celltypist,serous secreting cell,http://purl.obolibrary.org/obo/CL_0000313,false,,,,
sc_transcriptomics,frmatch,serous secreting cell,http://purl.obolibrary.org/obo/CL_0000313,false,,,,
sc_transcriptomics,popv,mucus secreting cell,http://purl.obolibrary.org/obo/CL_0000319,false,,,,
sc_transcriptomics,pan-human-azimuth,granulosa cell,http://purl.obolibrary.org/obo/CL_0000501,false,,,,
sc_transcriptomics,pan-human-azimuth,skeletal muscle myoblast,http://purl.obolibrary.org/obo/CL_0000515,false,,,,
sc_proteomics,vccf,abnormal cell,http://purl.obolibrary.org/obo/CL_0001061,false,,,,
sc_transcriptomics,deepcelltypes-hubmap,neoplastic cell,http://purl.obolibrary.org/obo/CL_0001063,false,,,,
sc_transcriptomics,ribca,neoplastic cell,http://purl.obolibrary.org/obo/CL_0001063,false,,,,
sc_proteomics,vccf,neoplastic cell,http://purl.obolibrary.org/obo/CL_0001063,false,,,,
sc_transcriptomics,deepcelltypes,neoplastic cell,http://purl.obolibrary.org/obo/CL_0001063,false,,,,
sc_transcriptomics,celltypist,corneocyte,http://purl.obolibrary.org/obo/CL_0002153,false,,,,
sc_transcriptomics,pan-human-azimuth,embryonic cell (metazoa),http://purl.obolibrary.org/obo/CL_0002321,false,,,,
sc_proteomics,vccf,mesenchymal cell,http://purl.obolibrary.org/obo/CL_0008019,false,,,,
sc_transcriptomics,pan-human-azimuth,mesenchymal cell,http://purl.obolibrary.org/obo/CL_0008019,false,,,,
sc_transcriptomics,celltypist,mural cell,http://purl.obolibrary.org/obo/CL_0008034,false,,,,
sc_proteomics,vccf,mural cell,http://purl.obolibrary.org/obo/CL_0008034,false,,,,
sc_transcriptomics,celltypist,transit amplifying cell,http://purl.obolibrary.org/obo/CL_0009010,false,,,,
sc_transcriptomics,deepcelltypes-hubmap,transit amplifying cell,http://purl.obolibrary.org/obo/CL_0009010,false,,,,
sc_transcriptomics,stellar,transit amplifying cell,http://purl.obolibrary.org/obo/CL_0009010,false,,,,
sc_proteomics,vccf,transit amplifying cell,http://purl.obolibrary.org/obo/CL_0009010,false,,,,
sc_transcriptomics,deepcelltypes,transit amplifying cell,http://purl.obolibrary.org/obo/CL_0009010,false,,,,
sc_transcriptomics,frmatch,obsolete epithelial cell of alveolus of lung,http://purl.obolibrary.org/obo/CL_0010003,false,,,,
sc_transcriptomics,celltypist,atrioventricular bundle cell,http://purl.obolibrary.org/obo/CL_0010005,false,,,,
sc_transcriptomics,celltypist,neural progenitor cell,http://purl.obolibrary.org/obo/CL_0011020,false,,,,
sc_transcriptomics,azimuth,progenitor cell,http://purl.obolibrary.org/obo/CL_0011026,false,,,,
sc_transcriptomics,celltypist,progenitor cell,http://purl.obolibrary.org/obo/CL_0011026,false,,,,
sc_proteomics,vccf,progenitor cell,http://purl.obolibrary.org/obo/CL_0011026,false,,,,
sc_transcriptomics,azimuth,precursor cell,http://purl.obolibrary.org/obo/CL_0011115,false,,,,
sc_transcriptomics,celltypist,tracheobronchial serous cell,http://purl.obolibrary.org/obo/CL_0019001,false,,,,
sc_transcriptomics,frmatch,tracheobronchial serous cell,http://purl.obolibrary.org/obo/CL_0019001,false,,,,
sc_transcriptomics,popv,serous cell of epithelium of trachea,http://purl.obolibrary.org/obo/CL_1000330,false,,,,
sc_transcriptomics,popv,serous cell of epithelium of bronchus,http://purl.obolibrary.org/obo/CL_1000331,false,,,,
sc_transcriptomics,azimuth,papillary tips cell,http://purl.obolibrary.org/obo/CL_1000597,false,,,,
sc_transcriptomics,pan-human-azimuth,perivascular cell,http://purl.obolibrary.org/obo/CL_4033054,false,,,,
sc_proteomics,vccf,perivascular cell,http://purl.obolibrary.org/obo/CL_4033054,false,,,,
sc_transcriptomics,celltypist,cycling neuroblast (sensu Vertebrata),http://purl.obolibrary.org/obo/CL_4047005,false,,,,
